Date,Close
2013-11-07,8.398282051086426
2013-11-08,8.394923210144043
2013-11-11,8.482263565063477
2013-11-12,8.401638984680176
2013-11-13,8.468825340270996
2013-11-14,8.549453735351562
2013-11-15,8.499061584472656
2013-11-18,8.529294967651367
2013-11-19,8.633434295654297
2013-11-20,8.66702651977539
2013-11-21,8.626716613769531
2013-11-22,8.499061584472656
2013-11-25,8.46546745300293
2013-11-26,8.415078163146973
2013-11-27,8.398282051086426
2013-11-29,8.42851734161377
2013-12-02,8.54609203338623
2013-12-03,8.51249885559082
2013-12-04,8.51585578918457
2013-12-05,8.529294967651367
2013-12-06,8.468825340270996
2013-12-09,8.46546745300293
2013-12-10,8.42851734161377
2013-12-11,8.364686965942383
2013-12-12,8.398282051086426
2013-12-13,8.297502517700195
2013-12-16,8.34788990020752
2013-12-17,8.364686965942383
2013-12-18,8.404998779296875
2013-12-19,8.459360122680664
2013-12-20,8.323465347290039
2013-12-23,8.364232063293457
2013-12-24,8.459360122680664
2013-12-26,8.459360122680664
2013-12-27,8.442370414733887
2013-12-30,8.394807815551758
2013-12-31,8.343850135803223
2014-01-02,8.38801383972168
2014-01-03,8.408401489257812
2014-01-06,8.418591499328613
2014-01-07,8.42538070678711
2014-01-08,8.357441902160645
2014-01-09,8.374423027038574
2014-01-10,8.398205757141113
2014-01-13,8.374423027038574
2014-01-14,8.442370414733887
2014-01-15,8.442370414733887
2014-01-16,8.462756156921387
2014-01-17,8.476343154907227
2014-01-21,8.527303695678711
2014-01-22,8.554483413696289
2014-01-23,8.493332862854004
2014-01-24,8.459360122680664
2014-01-27,8.428778648376465
2014-01-28,8.493332862854004
2014-01-29,8.493332862854004
2014-01-30,8.540894508361816
2014-01-31,8.523907661437988
2014-02-03,8.469551086425781
2014-02-04,8.428778648376465
2014-02-05,8.442370414733887
2014-02-06,8.38801383972168
2014-02-07,8.523907661437988
2014-02-10,8.38801383972168
2014-02-11,8.472947120666504
2014-02-12,8.472947120666504
2014-02-13,8.489935874938965
2014-02-14,8.493332862854004
2014-02-18,8.455961227416992
2014-02-19,8.374423027038574
2014-02-20,8.374423027038574
2014-02-21,8.391409873962402
2014-02-24,8.323465347290039
2014-02-25,8.262312889099121
2014-02-26,8.357441902160645
2014-02-27,8.493332862854004
2014-02-28,8.489935874938965
2014-03-03,8.489935874938965
2014-03-04,8.455961227416992
2014-03-05,8.30987548828125
2014-03-06,8.472947120666504
2014-03-07,8.489935874938965
2014-03-10,8.340450286865234
2014-03-11,8.275901794433594
2014-03-12,8.30987548828125
2014-03-13,8.500628471374512
2014-03-14,8.507564544677734
2014-03-17,8.587331771850586
2014-03-18,8.670576095581055
2014-03-19,8.670576095581055
2014-03-20,8.639357566833496
2014-03-21,8.674039840698242
2014-03-24,8.705252647399902
2014-03-25,8.72606086730957
2014-03-26,8.677505493164062
2014-03-27,8.639357566833496
2014-03-28,8.639357566833496
2014-03-31,8.524906158447266
2014-04-01,8.594268798828125
2014-04-02,8.670576095581055
2014-04-03,8.739933967590332
2014-04-04,8.670576095581055
2014-04-07,8.618548393249512
2014-04-08,8.670576095581055
2014-04-09,8.507564544677734
2014-04-10,8.545717239379883
2014-04-11,8.698312759399414
2014-04-14,8.628950119018555
2014-04-15,8.576926231384277
2014-04-16,8.705252647399902
2014-04-17,8.705252647399902
2014-04-21,8.674039840698242
2014-04-22,8.771150588989258
2014-04-23,8.639357566833496
2014-04-24,8.667105674743652
2014-04-25,8.70178508758545
2014-04-28,8.670576095581055
2014-04-29,8.670576095581055
2014-04-30,8.670576095581055
2014-05-01,8.583868026733398
2014-05-02,8.739933967590332
2014-05-05,8.805830955505371
2014-05-06,8.705252647399902
2014-05-07,8.670576095581055
2014-05-08,8.635890007019043
2014-05-09,8.705252647399902
2014-05-12,8.722591400146484
2014-05-13,8.71912670135498
2014-05-14,8.667105674743652
2014-05-15,8.75381088256836
2014-05-16,8.774617195129395
2014-05-19,8.722591400146484
2014-05-20,8.705252647399902
2014-05-21,8.708719253540039
2014-05-22,8.736467361450195
2014-05-23,8.757277488708496
2014-05-27,8.764215469360352
2014-05-28,8.871729850769043
2014-05-29,8.84398365020752
2014-05-30,8.774617195129395
2014-06-02,8.927218437194824
2014-06-03,8.809300422668457
2014-06-04,9.069416999816895
2014-06-05,8.878664016723633
2014-06-06,9.052078247070312
2014-06-09,8.927218437194824
2014-06-10,9.086760520935059
2014-06-11,9.040793418884277
2014-06-12,9.033722877502441
2014-06-13,9.129189491271973
2014-06-16,9.093827247619629
2014-06-17,9.122114181518555
2014-06-18,9.19990062713623
2014-06-19,9.111507415771484
2014-06-20,9.033722877502441
2014-06-23,8.966547012329102
2014-06-24,8.931187629699707
2014-06-25,8.927652359008789
2014-06-26,9.026652336120605
2014-06-27,9.023115158081055
2014-06-30,8.973616600036621
2014-07-01,9.185759544372559
2014-07-02,9.369610786437988
2014-07-03,9.489827156066895
2014-07-07,9.245865821838379
2014-07-08,9.203439712524414
2014-07-09,9.168079376220703
2014-07-10,9.118578910827637
2014-07-11,8.9630126953125
2014-07-14,9.033722877502441
2014-07-15,9.012507438659668
2014-07-16,8.97714900970459
2014-07-17,8.959471702575684
2014-07-18,8.934722900390625
2014-07-21,9.090296745300293
2014-07-22,9.192827224731445
2014-07-23,9.012507438659668
2014-07-24,8.874616622924805
2014-07-25,8.906435012817383
2014-07-28,9.016044616699219
2014-07-29,9.03725814819336
2014-07-30,9.016044616699219
2014-07-31,8.839258193969727
2014-08-01,8.842795372009277
2014-08-04,8.81097412109375
2014-08-05,8.835725784301758
2014-08-06,8.807437896728516
2014-08-07,8.84986686706543
2014-08-08,9.062007904052734
2014-08-11,8.945329666137695
2014-08-12,8.835725784301758
2014-08-13,8.93825912475586
2014-08-14,8.8604736328125
2014-08-15,8.839258193969727
2014-08-18,8.835725784301758
2014-08-19,8.772078514099121
2014-08-20,8.765008926391602
2014-08-21,8.821579933166504
2014-08-22,8.803900718688965
2014-08-25,8.842795372009277
2014-08-26,8.85340404510498
2014-08-27,8.864008903503418
2014-08-28,8.8604736328125
2014-08-29,9.016044616699219
2014-09-02,8.934722900390625
2014-09-03,8.924118041992188
2014-09-04,8.902902603149414
2014-09-05,9.016044616699219
2014-09-08,8.934722900390625
2014-09-09,9.072617530822754
2014-09-10,9.288969993591309
2014-09-11,9.242090225219727
2014-09-12,9.368303298950195
2014-09-15,9.1303071975708
2014-09-16,9.231279373168945
2014-09-17,9.19521713256836
2014-09-18,9.072615623474121
2014-09-19,9.050978660583496
2014-09-22,9.004101753234863
2014-09-23,8.975255012512207
2014-09-24,9.213245391845703
2014-09-25,9.02934741973877
2014-09-26,9.022134780883789
2014-09-29,8.989679336547852
2014-09-30,9.069007873535156
2014-10-01,8.989679336547852
2014-10-02,8.993285179138184
2014-10-03,8.978860855102539
2014-10-06,8.978860855102539
2014-10-07,8.935589790344238
2014-10-08,8.780529975891113
2014-10-09,8.834620475769043
2014-10-10,8.88510513305664
2014-10-13,8.849048614501953
2014-10-14,8.794958114624023
2014-10-15,8.784133911132812
2014-10-16,8.762502670288086
2014-10-17,8.733650207519531
2014-10-20,8.715627670288086
2014-10-21,8.740867614746094
2014-10-22,8.564172744750977
2014-10-23,8.51729679107666
2014-10-24,8.574991226196289
2014-10-27,8.477630615234375
2014-10-28,8.477630615234375
2014-10-29,8.538932800292969
2014-10-30,8.40190315246582
2014-10-31,8.463208198547363
2014-11-03,8.466813087463379
2014-11-04,8.254058837890625
2014-11-05,8.293725967407227
2014-11-06,8.32978630065918
2014-11-07,8.365846633911133
2014-11-10,8.419936180114746
2014-11-11,8.419936180114746
2014-11-12,8.419936180114746
2014-11-13,8.383874893188477
2014-11-14,8.275694847106934
2014-11-17,8.254058837890625
2014-11-18,8.326178550720215
2014-11-19,8.239633560180664
2014-11-20,8.257664680480957
2014-11-21,8.293725967407227
2014-11-24,8.29732894897461
2014-11-25,8.29732894897461
2014-11-26,8.293725967407227
2014-11-28,8.203577995300293
2014-12-01,8.012459754943848
2014-12-02,7.7528300285339355
2014-12-03,7.731194496154785
2014-12-04,7.421082019805908
2014-12-05,7.4715657234191895
2014-12-08,7.147030353546143
2014-12-09,7.280450344085693
2014-12-10,7.128847122192383
2014-12-11,7.154734134674072
2014-12-12,7.147336959838867
2014-12-15,7.0253167152404785
2014-12-16,7.195405960083008
2014-12-17,7.273054599761963
2014-12-18,7.128847122192383
2014-12-19,7.032715797424316
2014-12-22,6.93287992477417
2014-12-23,7.162126064300537
2014-12-24,7.102967739105225
2014-12-26,7.062295436859131
2014-12-29,7.065991401672363
2014-12-30,7.032715797424316
2014-12-31,7.199102401733398
2015-01-02,7.191708564758301
2015-01-05,7.254569053649902
2015-01-06,7.191708564758301
2015-01-07,7.335912704467773
2015-01-08,7.450533866882324
2015-01-09,7.420956134796143
2015-01-12,7.472720623016357
2015-01-13,7.579952716827393
2015-01-14,7.724153995513916
2015-01-15,7.772221565246582
2015-01-16,7.794407844543457
2015-01-20,7.964494228363037
2015-01-21,7.953402996063232
2015-01-22,7.901634216308594
2015-01-23,8.112393379211426
2015-01-26,8.116092681884766
2015-01-27,8.060630798339844
2015-01-28,8.008861541748047
2015-01-29,7.831380844116211
2015-01-30,7.890542030334473
2015-02-02,7.957097053527832
2015-02-03,8.097600936889648
2015-02-04,7.875755310058594
2015-02-05,7.8572678565979
2015-02-06,8.064327239990234
2015-02-09,7.8572678565979
2015-02-10,8.008861541748047
2015-02-11,8.01995849609375
2015-02-12,7.901634216308594
2015-02-13,7.986680030822754
2015-02-17,7.964494228363037
2015-02-18,8.027353286743164
2015-02-19,8.034747123718262
2015-02-20,7.9201250076293945
2015-02-23,7.909029483795166
2015-02-24,7.894237995147705
2015-02-25,7.790709018707275
2015-02-26,7.875755310058594
2015-02-27,7.883147716522217
2015-03-02,7.798105716705322
2015-03-03,7.8535685539245605
2015-03-04,7.78331184387207
2015-03-05,7.764827251434326
2015-03-06,7.402467727661133
2015-03-09,7.095572471618652
2015-03-10,6.951369762420654
2015-03-11,7.0696892738342285
2015-03-12,7.169524192810059
2015-03-13,7.1177592277526855
2015-03-16,7.102967739105225
2015-03-17,7.029017448425293
2015-03-18,6.877119064331055
2015-03-19,6.937880039215088
2015-03-20,7.017624378204346
2015-03-23,7.123951435089111
2015-03-24,6.907499313354492
2015-03-25,6.85053825378418
2015-03-26,6.84294319152832
2015-03-27,6.785980701446533
2015-03-30,6.797375679016113
2015-03-31,6.8239545822143555
2015-04-01,6.778388023376465
2015-04-02,6.721426010131836
2015-04-06,6.732817649841309
2015-04-07,6.656870365142822
2015-04-08,6.645477771759033
2015-04-09,6.7024383544921875
2015-04-10,6.7631988525390625
2015-04-13,6.782181739807129
2015-04-14,6.816361904144287
2015-04-15,6.778388023376465
2015-04-16,6.751804351806641
2015-04-17,6.778388023376465
2015-04-20,6.793577194213867
2015-04-21,6.816361904144287
2015-04-22,6.691046237945557
2015-04-23,6.785980701446533
2015-04-24,6.759400367736816
2015-04-27,6.672061443328857
2015-04-28,6.645477771759033
2015-04-29,6.607503414154053
2015-04-30,6.740410804748535
2015-05-01,6.607503414154053
2015-05-04,6.451808452606201
2015-05-05,6.42522668838501
2015-05-06,6.455608367919922
2015-05-07,6.2011799812316895
2015-05-08,6.273331642150879
2015-05-11,6.372063159942627
2015-05-12,6.356873035430908
2015-05-13,6.364469051361084
2015-05-14,6.31510066986084
2015-05-15,6.242953300476074
2015-05-18,6.17080020904541
2015-05-19,6.117636203765869
2015-05-20,6.193585395812988
2015-05-21,6.375860691070557
2015-05-22,6.417632579803467
2015-05-26,6.485985279083252
2015-05-27,6.497378826141357
2015-05-28,6.584720134735107
2015-05-29,6.584720134735107
2015-06-01,6.615100383758545
2015-06-02,6.793577194213867
2015-06-03,6.785980701446533
2015-06-04,6.812562942504883
2015-06-05,6.9492716789245605
2015-06-08,6.8315510749816895
2015-06-09,6.880917072296143
2015-06-10,6.9302825927734375
2015-06-11,6.785980701446533
2015-06-12,6.782181739807129
2015-06-15,6.672061443328857
2015-06-16,6.607503414154053
2015-06-17,6.7855634689331055
2015-06-18,7.060390472412109
2015-06-19,7.04490852355957
2015-06-22,7.068133354187012
2015-06-23,6.812656402587891
2015-06-24,6.773950099945068
2015-06-25,6.773950099945068
2015-06-26,6.808788299560547
2015-06-29,6.6152448654174805
2015-06-30,6.696532249450684
2015-07-01,6.588150978088379
2015-07-02,6.580410003662109
2015-07-06,6.425574779510498
2015-07-07,6.530089378356934
2015-07-08,6.3520307540893555
2015-07-09,6.502991676330566
2015-07-10,6.545567512512207
2015-07-13,6.433318138122559
2015-07-14,6.379127502441406
2015-07-15,6.386866092681885
2015-07-16,6.429443836212158
2015-07-17,6.429443836212158
2015-07-20,6.3907389640808105
2015-07-21,6.41783332824707
2015-07-22,6.425574779510498
2015-07-23,6.479764938354492
2015-07-24,6.270742416381836
2015-07-27,6.270742416381836
2015-07-28,6.235903739929199
2015-07-29,6.216552257537842
2015-07-30,6.011396884918213
2015-07-31,6.023009777069092
2015-08-03,6.042362689971924
2015-08-04,6.077199459075928
2015-08-05,6.034620761871338
2015-08-06,6.069458961486816
2015-08-07,5.9610748291015625
2015-08-10,6.011396884918213
2015-08-11,6.0539751052856445
2015-08-12,6.038491725921631
2015-08-13,6.0578460693359375
2015-08-14,6.433318138122559
2015-08-17,6.464282989501953
2015-08-18,6.622987270355225
2015-08-19,6.603633403778076
2015-08-20,6.619117259979248
2015-08-21,6.5184736251831055
2015-08-24,6.56105375289917
2015-08-25,6.638471603393555
2015-08-26,6.622987270355225
2015-08-27,6.5842790603637695
2015-08-28,6.56492280960083
2015-08-31,6.56492280960083
2015-09-01,6.545567512512207
2015-09-02,6.681051254272461
2015-09-03,6.832012176513672
2015-09-04,6.812656402587891
2015-09-08,6.870717525482178
2015-09-09,6.870717525482178
2015-09-10,6.870717525482178
2015-09-11,6.866849422454834
2015-09-14,6.773950099945068
2015-09-15,6.886203765869141
2015-09-16,6.890073776245117
2015-09-17,6.819083213806152
2015-09-18,6.767810821533203
2015-09-21,6.554841041564941
2015-09-22,6.519343852996826
2015-09-23,6.527229309082031
2015-09-24,6.688930511474609
2015-09-25,6.5982208251953125
2015-09-28,6.424688816070557
2015-09-29,6.62583065032959
2015-09-30,6.633716106414795
2015-10-01,6.803308010101318
2015-10-02,6.574557304382324
2015-10-05,6.594279766082764
2015-10-06,6.621886253356934
2015-10-07,6.748092174530029
2015-10-08,6.708651542663574
2015-10-09,6.712597846984863
2015-10-12,6.637660980224609
2015-10-13,6.736260414123535
2015-10-14,6.771755695343018
2015-10-15,6.704710006713867
2015-10-16,6.811194896697998
2015-10-19,6.8151397705078125
2015-10-20,6.795420169830322
2015-10-21,6.941344261169434
2015-10-22,6.886128902435303
2015-10-23,7.05966329574585
2015-10-26,7.024168014526367
2015-10-27,6.972896575927734
2015-10-28,6.961063861846924
2015-10-29,6.988668918609619
2015-10-30,7.000503063201904
2015-11-02,6.957117557525635
2015-11-03,6.917681694030762
2015-11-04,7.035996913909912
2015-11-05,6.921624183654785
2015-11-06,6.909791469573975
2015-11-09,6.9689531326293945
2015-11-10,6.882185459136963
2015-11-11,6.909791469573975
2015-11-12,7.035996913909912
2015-11-13,6.945289611816406
2015-11-16,6.838801860809326
2015-11-17,6.830915927886963
2015-11-18,6.6139960289001465
2015-11-19,6.669209003448486
2015-11-20,6.736260414123535
2015-11-23,6.759925842285156
2015-11-24,6.775698184967041
2015-11-25,6.7007622718811035
2015-11-27,6.775698184967041
2015-11-30,6.677099227905273
2015-12-01,6.62583065032959
2015-12-02,6.669209003448486
2015-12-03,6.602164268493652
2015-12-04,7.012335300445557
2015-12-07,6.965008735656738
2015-12-08,6.633716106414795
2015-12-09,6.684988021850586
2015-12-10,6.617942810058594
2015-12-11,6.495676517486572
2015-12-14,6.515400409698486
2015-12-15,6.582446098327637
2015-12-16,6.6061110496521
2015-12-17,6.535118103027344
2015-12-18,6.615699291229248
2015-12-21,6.603612899780273
2015-12-22,6.651962757110596
2015-12-23,6.543177604675293
2015-12-24,6.527062892913818
2015-12-28,6.676136016845703
2015-12-29,6.6801652908325195
2015-12-30,6.627786636352539
2015-12-31,6.567352294921875
2016-01-04,6.482741355895996
2016-01-05,6.52303409576416
2016-01-06,6.494827747344971
2016-01-07,6.240999698638916
2016-01-08,6.249054431915283
2016-01-11,6.204736709594727
2016-01-12,6.164445400238037
2016-01-13,5.979108810424805
2016-01-14,5.962996006011963
2016-01-15,5.946878433227539
2016-01-19,5.902559757232666
2016-01-20,5.656785011291504
2016-01-21,5.680959701538086
2016-01-22,5.737366199493408
2016-01-25,5.821976184844971
2016-01-26,6.051632881164551
2016-01-27,5.999256610870361
2016-01-28,5.902559757232666
2016-01-29,5.942849636077881
2016-02-01,6.0677490234375
2016-02-02,6.216823577880859
2016-02-03,6.204736709594727
2016-02-04,6.212796211242676
2016-02-05,6.265171051025391
2016-02-08,6.236969947814941
2016-02-09,6.341723918914795
2016-02-10,6.390071868896484
2016-02-11,6.168475151062012
2016-02-12,6.204736709594727
2016-02-16,6.200707912445068
2016-02-17,6.208764553070068
2016-02-18,6.253085136413574
2016-02-19,6.136242389678955
2016-02-22,6.188620567321777
2016-02-23,6.325607776641846
2016-02-24,6.2812886238098145
2016-02-25,6.216823577880859
2016-02-26,6.228911399841309
2016-02-29,6.486772537231445
2016-03-01,6.442449569702148
2016-03-02,6.430365085601807
2016-03-03,6.494827747344971
2016-03-04,6.4907989501953125
2016-03-07,6.563321590423584
2016-03-08,6.696280479431152
2016-03-09,6.905789852142334
2016-03-10,6.921905994415283
2016-03-11,6.849384784698486
2016-03-14,7.091127872467041
2016-03-15,7.054866790771484
2016-03-16,7.091127872467041
2016-03-17,7.173344612121582
2016-03-18,7.193898677825928
2016-03-21,7.25555944442749
2016-03-22,7.235006332397461
2016-03-23,7.226785182952881
2016-03-24,7.243228912353516
2016-03-28,7.095240116119385
2016-03-29,7.214450836181641
2016-03-30,7.267893314361572
2016-03-31,7.115792274475098
2016-04-01,7.062352657318115
2016-04-04,7.05824089050293
2016-04-05,7.037688255310059
2016-04-06,7.161011219024658
2016-04-07,7.1569013595581055
2016-04-08,7.25555944442749
2016-04-11,7.222675323486328
2016-04-12,7.193898677825928
2016-04-13,7.202118873596191
2016-04-14,7.259668827056885
2016-04-15,7.2514495849609375
2016-04-18,7.1980085372924805
2016-04-19,7.1980085372924805
2016-04-20,7.259668827056885
2016-04-21,7.1980085372924805
2016-04-22,7.276113986968994
2016-04-25,7.124014377593994
2016-04-26,7.189788818359375
2016-04-27,7.115792274475098
2016-04-28,7.161011219024658
2016-04-29,7.1527910232543945
2016-05-02,7.173344612121582
2016-05-03,7.169232368469238
2016-05-04,7.082905292510986
2016-05-05,7.066464424133301
2016-05-06,7.29666805267334
2016-05-09,7.066464424133301
2016-05-10,7.0541300773620605
2016-05-11,6.9595794677734375
2016-05-12,6.811594486236572
2016-05-13,6.9595794677734375
2016-05-16,6.852702617645264
2016-05-17,6.836257457733154
2016-05-18,6.996579170227051
2016-05-19,6.823925971984863
2016-05-20,6.856812953948975
2016-05-23,6.848589897155762
2016-05-24,6.897920608520508
2016-05-25,6.939026832580566
2016-05-26,6.897920608520508
2016-05-27,6.823925971984863
2016-05-31,6.914364337921143
2016-06-01,7.115792274475098
2016-06-02,7.29255485534668
2016-06-03,7.29255485534668
2016-06-06,7.341887474060059
2016-06-07,7.3459978103637695
2016-06-08,7.378883361816406
2016-06-09,7.378883361816406
2016-06-10,7.382994174957275
2016-06-13,7.333664417266846
2016-06-14,7.333664417266846
2016-06-15,7.313113212585449
2016-06-16,7.468442440032959
2016-06-17,7.497828006744385
2016-06-20,7.577592372894287
2016-06-21,7.569192886352539
2016-06-22,7.577592372894287
2016-06-23,7.5314130783081055
2016-06-24,7.535611152648926
2016-06-27,7.409667491912842
2016-06-28,7.6657514572143555
2016-06-29,7.686744689941406
2016-06-30,7.699336051940918
2016-07-01,7.682545185089111
2016-07-05,7.661553859710693
2016-07-06,7.716128826141357
2016-07-07,7.800092697143555
2016-07-08,7.846273422241211
2016-07-11,7.837875843048096
2016-07-12,7.837875843048096
2016-07-13,7.846273422241211
2016-07-14,7.846273422241211
2016-07-15,7.850470066070557
2016-07-18,7.846273422241211
2016-07-19,7.875657081604004
2016-07-20,8.043581008911133
2016-07-21,8.022589683532715
2016-07-22,7.913443565368652
2016-07-25,7.89664888381958
2016-07-26,7.90924596786499
2016-07-27,7.89664888381958
2016-07-28,8.026789665222168
2016-07-29,7.812687397003174
2016-08-01,7.8840532302856445
2016-08-02,7.8840532302856445
2016-08-03,7.871457099914551
2016-08-04,8.001603126525879
2016-08-05,8.05617618560791
2016-08-08,7.892449855804443
2016-08-09,7.762307643890381
2016-08-10,7.867262363433838
2016-08-11,7.846273422241211
2016-08-12,7.89664888381958
2016-08-15,7.917637825012207
2016-08-16,7.95542049407959
2016-08-17,8.030986785888672
2016-08-18,7.997403144836426
2016-08-19,7.93442964553833
2016-08-22,7.926033973693848
2016-08-23,7.95542049407959
2016-08-24,7.905044078826904
2016-08-25,7.875657081604004
2016-08-26,7.917637825012207
2016-08-29,7.779101848602295
2016-08-30,7.741319179534912
2016-08-31,7.7581095695495605
2016-09-01,7.737122058868408
2016-09-02,7.762307643890381
2016-09-06,7.8084893226623535
2016-09-07,7.829479694366455
2016-09-08,7.774904727935791
2016-09-09,7.804291248321533
2016-09-12,7.707733631134033
2016-09-13,7.766507625579834
2016-09-14,7.737122058868408
2016-09-15,7.7539143562316895
2016-09-16,7.871457099914551
2016-09-19,7.8840532302856445
2016-09-20,7.846273422241211
2016-09-21,7.871457099914551
2016-09-22,7.90924596786499
2016-09-23,7.883550643920898
2016-09-26,7.887831687927246
2016-09-27,7.939218521118164
2016-09-28,7.964913845062256
2016-09-29,8.007733345031738
2016-09-30,7.99488639831543
2016-10-03,7.89211368560791
2016-10-04,7.879266738891602
2016-10-05,8.020578384399414
2016-10-06,7.934937477111816
2016-10-07,7.845009803771973
2016-10-10,7.982041358947754
2016-10-11,7.845009803771973
2016-10-12,7.879266738891602
2016-10-13,7.956345081329346
2016-10-14,7.973475933074951
2016-10-17,7.81503438949585
2016-10-18,7.750801086425781
2016-10-19,7.832163333892822
2016-10-20,7.785057067871094
2016-10-21,7.772212028503418
2016-10-24,7.969193935394287
2016-10-25,7.986326217651367
2016-10-26,7.986326217651367
2016-10-27,7.900678634643555
2016-10-28,7.80647087097168
2016-10-31,7.810750484466553
2016-11-01,7.900678634643555
2016-11-02,7.836447238922119
2016-11-03,7.712259769439697
2016-11-04,7.746519088745117
2016-11-07,7.665156364440918
2016-11-08,7.678004741668701
2016-11-09,7.648027420043945
2016-11-10,7.6052045822143555
2016-11-11,8.050555229187012
2016-11-14,7.793624401092529
2016-11-15,7.823601245880127
2016-11-16,7.729390621185303
2016-11-17,7.943500518798828
2016-11-18,7.755083084106445
2016-11-21,7.823601245880127
2016-11-22,7.789340019226074
2016-11-23,8.041991233825684
2016-11-25,8.037711143493652
2016-11-28,8.037711143493652
2016-11-29,8.046272277832031
2016-11-30,7.939218521118164
2016-12-01,7.879266738891602
2016-12-02,7.986326217651367
2016-12-05,8.093378067016602
2016-12-06,8.093378067016602
2016-12-07,7.969193935394287
2016-12-08,7.986326217651367
2016-12-09,8.050555229187012
2016-12-12,7.904961109161377
2016-12-13,7.99916934967041
2016-12-14,7.939218521118164
2016-12-15,7.960630893707275
2016-12-16,8.041991233825684
2016-12-19,8.089096069335938
2016-12-20,8.237600326538086
2016-12-21,8.250702857971191
2016-12-22,8.193922996520996
2016-12-23,8.276907920837402
2016-12-27,8.102198600769043
2016-12-28,8.0672607421875
2016-12-29,8.08472728729248
2016-12-30,8.163349151611328
2017-01-03,8.276907920837402
2017-01-04,8.307486534118652
2017-01-05,8.469090461730957
2017-01-06,8.320586204528809
2017-01-09,8.364265441894531
2017-01-10,8.434147834777832
2017-01-11,8.482195854187012
2017-01-12,8.495298385620117
2017-01-13,8.451621055603027
2017-01-17,8.469090461730957
2017-01-18,8.390471458435059
2017-01-19,8.386101722717285
2017-01-20,8.499666213989258
2017-01-23,8.438517570495605
2017-01-24,8.482195854187012
2017-01-25,8.538976669311523
2017-01-26,8.469090461730957
2017-01-27,8.464723587036133
2017-01-30,8.534607887268066
2017-01-31,8.62632942199707
2017-02-01,8.530241966247559
2017-02-02,8.687479972839355
2017-02-03,8.538976669311523
2017-02-06,8.687479972839355
2017-02-07,8.65253734588623
2017-02-08,8.495298385620117
2017-02-09,8.60448932647705
2017-02-10,8.538976669311523
2017-02-13,8.455988883972168
2017-02-14,8.552078247070312
2017-02-15,8.617596626281738
2017-02-16,8.552078247070312
2017-02-17,8.64380168914795
2017-02-21,8.530241966247559
2017-02-22,8.661273956298828
2017-02-23,8.648168563842773
2017-02-24,8.635066986083984
2017-02-27,8.62632942199707
2017-02-28,8.630697250366211
2017-03-01,8.696213722229004
2017-03-02,8.80978012084961
2017-03-03,8.726790428161621
2017-03-06,8.770468711853027
2017-03-07,8.752995491027832
2017-03-08,8.735523223876953
2017-03-09,8.65253734588623
2017-03-10,8.731154441833496
2017-03-13,8.687479972839355
2017-03-14,8.62632942199707
2017-03-15,8.578286170959473
2017-03-16,8.696213722229004
2017-03-17,8.722419738769531
2017-03-20,8.7313232421875
2017-03-21,8.544412612915039
2017-03-22,8.615616798400879
2017-03-23,8.526612281799316
2017-03-24,8.499911308288574
2017-03-27,8.740222930908203
2017-03-28,8.811424255371094
2017-03-29,8.90042781829834
2017-03-30,8.882630348205566
2017-03-31,8.97163200378418
2017-04-03,8.860377311706543
2017-04-04,8.740222930908203
2017-04-05,8.887078285217285
2017-04-06,8.90042781829834
2017-04-07,8.869279861450195
2017-04-10,8.758026123046875
2017-04-11,8.735774040222168
2017-04-12,8.891529083251953
2017-04-13,8.815875053405762
2017-04-17,8.895981788635254
2017-04-18,8.895981788635254
2017-04-19,8.90042781829834
2017-04-20,8.931578636169434
2017-04-21,8.936031341552734
2017-04-24,8.891529083251953
2017-04-25,8.891529083251953
2017-04-26,8.860377311706543
2017-04-27,8.936031341552734
2017-04-28,8.887078285217285
2017-05-01,8.887078285217285
2017-05-02,8.90042781829834
2017-05-03,8.904878616333008
2017-05-04,8.860377311706543
2017-05-05,8.962733268737793
2017-05-08,8.887078285217285
2017-05-09,8.847024917602539
2017-05-10,8.891529083251953
2017-05-11,8.860377311706543
2017-05-12,8.860377311706543
2017-05-15,8.936031341552734
2017-05-16,8.904878616333008
2017-05-17,8.882630348205566
2017-05-18,8.891529083251953
2017-05-19,8.90042781829834
2017-05-22,8.887078285217285
2017-05-23,8.887078285217285
2017-05-24,8.891529083251953
2017-05-25,8.90042781829834
2017-05-26,8.882630348205566
2017-05-30,8.820328712463379
2017-05-31,8.90042781829834
2017-06-01,8.895981788635254
2017-06-02,8.855928421020508
2017-06-05,8.895981788635254
2017-06-06,8.90042781829834
2017-06-07,8.90042781829834
2017-06-08,8.922684669494629
2017-06-09,8.887078285217285
2017-06-12,8.878178596496582
2017-06-13,8.90042781829834
2017-06-14,8.962733268737793
2017-06-15,8.993884086608887
2017-06-16,9.030147552490234
2017-06-19,9.030147552490234
2017-06-20,9.052815437316895
2017-06-21,9.07094669342041
2017-06-22,9.05734920501709
2017-06-23,9.04374885559082
2017-06-26,9.12081241607666
2017-06-27,9.07094669342041
2017-06-28,9.193345069885254
2017-06-29,9.157081604003906
2017-06-30,9.24774169921875
2017-07-03,9.166146278381348
2017-07-05,9.252276420593262
2017-07-06,9.066413879394531
2017-07-07,9.11628532409668
2017-07-10,9.17067813873291
2017-07-11,9.09361457824707
2017-07-12,9.111748695373535
2017-07-13,9.202410697937012
2017-07-14,9.211478233337402
2017-07-17,9.288542747497559
2017-07-18,9.29307746887207
2017-07-19,9.29307746887207
2017-07-20,9.29307746887207
2017-07-21,9.193345069885254
2017-07-24,9.274944305419922
2017-07-25,9.338409423828125
2017-07-26,9.315742492675781
2017-07-27,9.24774169921875
2017-07-28,9.333874702453613
2017-07-31,9.252276420593262
2017-08-01,9.311210632324219
2017-08-02,9.324809074401855
2017-08-03,9.184280395507812
2017-08-04,9.24774169921875
2017-08-07,9.32934284210205
2017-08-08,9.32934284210205
2017-08-09,9.306676864624023
2017-08-10,9.175212860107422
2017-08-11,9.202410697937012
2017-08-14,9.220545768737793
2017-08-15,9.225081443786621
2017-08-16,9.238677024841309
2017-08-17,9.225081443786621
2017-08-18,9.07094669342041
2017-08-21,9.08908462524414
2017-08-22,9.111748695373535
2017-08-23,9.17067813873291
2017-08-24,9.134411811828613
2017-08-25,9.157081604003906
2017-08-28,9.179746627807617
2017-08-29,9.197882652282715
2017-08-30,9.17067813873291
2017-08-31,9.157081604003906
2017-09-01,9.392807006835938
2017-09-05,9.161611557006836
2017-09-06,9.166146278381348
2017-09-07,9.12081241607666
2017-09-08,9.125345230102539
2017-09-11,9.188814163208008
2017-09-12,9.24774169921875
2017-09-13,9.27040958404541
2017-09-14,9.243212699890137
2017-09-15,9.274944305419922
2017-09-18,9.27040958404541
2017-09-19,9.379207611083984
2017-09-20,9.393060684204102
2017-09-21,9.397679328918457
2017-09-22,9.319173812866211
2017-09-25,9.333024978637695
2017-09-26,9.425387382507324
2017-09-27,9.457712173461914
2017-09-28,9.545456886291504
2017-09-29,9.531599998474121
2017-10-02,9.550077438354492
2017-10-03,9.559309959411621
2017-10-04,9.522366523742676
2017-10-05,9.536221504211426
2017-10-06,9.550077438354492
2017-10-09,9.559309959411621
2017-10-10,9.517748832702637
2017-10-11,9.517748832702637
2017-10-12,9.494658470153809
2017-10-13,9.494658470153809
2017-10-16,9.503894805908203
2017-10-17,9.522366523742676
2017-10-18,9.540837287902832
2017-10-19,9.466949462890625
2017-10-20,9.47156810760498
2017-10-23,9.466949462890625
2017-10-24,9.545456886291504
2017-10-25,9.480805397033691
2017-10-26,9.466949462890625
2017-10-27,9.494658470153809
2017-10-30,9.369972229003906
2017-10-31,9.34226131439209
2017-11-01,9.388442993164062
2017-11-02,9.305317878723145
2017-11-03,9.277610778808594
2017-11-06,9.309935569763184
2017-11-07,9.34226131439209
2017-11-08,9.29608154296875
2017-11-09,9.314558029174805
2017-11-10,9.402298927307129
2017-11-13,9.457712173461914
2017-11-14,9.466949462890625
2017-11-15,9.490041732788086
2017-11-16,9.397679328918457
2017-11-17,9.503894805908203
2017-11-20,9.434624671936035
2017-11-21,9.333024978637695
2017-11-22,9.466949462890625
2017-11-24,9.369972229003906
2017-11-27,9.397679328918457
2017-11-28,9.360736846923828
2017-11-29,9.57778263092041
2017-11-30,9.485421180725098
2017-12-01,9.582399368286133
2017-12-04,9.513130187988281
2017-12-05,9.508512496948242
2017-12-06,9.503894805908203
2017-12-07,9.503894805908203
2017-12-08,9.508512496948242
2017-12-11,9.499275207519531
2017-12-12,9.490041732788086
2017-12-13,9.476187705993652
2017-12-14,9.448476791381836
2017-12-15,9.430006980895996
2017-12-18,9.466949462890625
2017-12-19,9.462331771850586
2017-12-20,9.517748832702637
2017-12-21,9.498927116394043
2017-12-22,9.58831787109375
2017-12-26,9.489521026611328
2017-12-27,9.433061599731445
2017-12-28,9.456584930419922
2017-12-29,9.470697402954102
2018-01-02,9.743577003479004
2018-01-03,9.898834228515625
2018-01-04,9.870603561401367
2018-01-05,9.912948608398438
2018-01-08,9.95528793334961
2018-01-09,9.95528793334961
2018-01-10,10.110547065734863
2018-01-11,10.115255355834961
2018-01-12,10.284624099731445
2018-01-16,10.303442001342773
2018-01-17,10.214054107666016
2018-01-18,10.23287296295166
2018-01-19,10.195236206054688
2018-01-22,10.096436500549316
2018-01-23,9.992929458618164
2018-01-24,10.021157264709473
2018-01-25,9.997634887695312
2018-01-26,10.119956016540527
2018-01-29,10.105842590332031
2018-01-30,9.983518600463867
2018-01-31,9.992929458618164
2018-02-01,10.01645278930664
2018-02-02,9.936469078063965
2018-02-05,9.68712043762207
2018-02-06,9.738871574401855
2018-02-07,9.762395858764648
2018-02-08,9.738871574401855
2018-02-09,9.865900039672852
2018-02-12,10.124661445617676
2018-02-13,10.119956016540527
2018-02-14,10.124661445617676
2018-02-15,10.157597541809082
2018-02-16,10.157597541809082
2018-02-20,10.134075164794922
2018-02-21,10.138776779174805
2018-02-22,10.157597541809082
2018-02-23,10.124661445617676
2018-02-26,10.091730117797852
2018-02-27,10.044681549072266
2018-02-28,10.148185729980469
2018-03-01,10.058795928955078
2018-03-02,10.068206787109375
2018-03-05,10.110547065734863
2018-03-06,10.110547065734863
2018-03-07,10.110547065734863
2018-03-08,10.138776779174805
2018-03-09,10.129368782043457
2018-03-12,10.501046180725098
2018-03-13,10.557502746582031
2018-03-14,10.62807559967041
2018-03-15,10.651595115661621
2018-03-16,10.62807559967041
2018-03-19,10.642428398132324
2018-03-20,10.575434684753418
2018-03-21,10.527583122253418
2018-03-22,10.527583122253418
2018-03-23,10.494086265563965
2018-03-26,10.513226509094238
2018-03-27,10.412738800048828
2018-03-28,10.422307014465332
2018-03-29,10.407952308654785
2018-04-02,10.28831958770752
2018-04-03,10.2548246383667
2018-04-04,10.283533096313477
2018-04-05,10.364884376525879
2018-04-06,10.321813583374023
2018-04-09,10.307462692260742
2018-04-10,10.25003719329834
2018-04-11,10.17347240447998
2018-04-12,10.379241943359375
2018-04-13,10.326601028442383
2018-04-16,10.345743179321289
2018-04-17,10.297889709472656
2018-04-18,10.36009693145752
2018-04-19,10.364884376525879
2018-04-20,10.374455451965332
2018-04-23,10.269179344177246
2018-04-24,10.355315208435059
2018-04-25,10.364884376525879
2018-04-26,10.38402271270752
2018-04-27,10.465373039245605
2018-04-30,10.364884376525879
2018-05-01,10.431875228881836
2018-05-02,10.412738800048828
2018-05-03,10.364884376525879
2018-05-04,10.340957641601562
2018-05-07,10.297889709472656
2018-05-08,10.28831958770752
2018-05-09,10.28831958770752
2018-05-10,10.431875228881836
2018-05-11,10.417520523071289
2018-05-14,10.431875228881836
2018-05-15,10.455804824829102
2018-05-16,10.489297866821289
2018-05-17,10.3505277633667
2018-05-18,10.312246322631836
2018-05-21,10.518010139465332
2018-05-22,10.479728698730469
2018-05-23,10.508440017700195
2018-05-24,10.503657341003418
2018-05-25,10.460588455200195
2018-05-29,10.513226509094238
2018-05-30,10.527583122253418
2018-05-31,10.522793769836426
2018-06-01,10.608931541442871
2018-06-04,10.623289108276367
2018-06-05,10.585006713867188
2018-06-06,10.604148864746094
2018-06-07,10.623289108276367
2018-06-08,10.585006713867188
2018-06-11,10.551506996154785
2018-06-12,10.613718032836914
2018-06-13,10.575434684753418
2018-06-14,10.575434684753418
2018-06-15,11.077886581420898
2018-06-18,10.996539115905762
2018-06-19,11.053959846496582
2018-06-20,11.18045711517334
2018-06-21,11.190191268920898
2018-06-22,11.165863037109375
2018-06-25,11.136672973632812
2018-06-26,11.165863037109375
2018-06-27,11.136672973632812
2018-06-28,11.0734224319458
2018-06-29,11.136672973632812
2018-07-02,11.117210388183594
2018-07-03,11.136672973632812
2018-07-05,11.117210388183594
2018-07-06,11.083151817321777
2018-07-09,11.136672973632812
2018-07-10,11.160995483398438
2018-07-11,11.136672973632812
2018-07-12,11.092883110046387
2018-07-13,11.083151817321777
2018-07-16,11.053961753845215
2018-07-17,11.034501075744629
2018-07-18,11.112346649169922
2018-07-19,11.053961753845215
2018-07-20,11.112346649169922
2018-07-23,11.117210388183594
2018-07-24,11.083151817321777
2018-07-25,11.102614402770996
2018-07-26,11.117210388183594
2018-07-27,10.99557876586914
2018-07-30,10.985847473144531
2018-07-31,10.946924209594727
2018-08-01,11.005309104919434
2018-08-02,10.97125244140625
2018-08-03,11.034501075744629
2018-08-06,10.752313613891602
2018-08-07,10.752313613891602
2018-08-08,10.805830955505371
2018-08-09,10.65500545501709
2018-08-10,10.586893081665039
2018-08-13,10.679337501525879
2018-08-14,10.489587783813477
2018-08-15,10.567431449890137
2018-08-16,10.864212989807129
2018-08-17,10.757182121276855
2018-08-20,10.81556224822998
2018-08-21,10.796100616455078
2018-08-22,10.966385841369629
2018-08-23,10.922599792480469
2018-08-24,10.932328224182129
2018-08-27,11.053961753845215
2018-08-28,10.990715980529785
2018-08-29,10.99557876586914
2018-08-30,11.034501075744629
2018-08-31,11.063694953918457
2018-09-04,10.946924209594727
2018-09-05,10.946924209594727
2018-09-06,10.830157279968262
2018-09-07,10.800965309143066
2018-09-10,10.844755172729492
2018-09-11,10.800965309143066
2018-09-12,10.849620819091797
2018-09-13,10.844755172729492
2018-09-14,10.873945236206055
2018-09-17,10.898271560668945
2018-09-18,11.126945495605469
2018-09-19,10.946924209594727
2018-09-20,11.058828353881836
2018-09-21,11.157787322998047
2018-09-24,10.945024490356445
2018-09-25,11.118204116821289
2018-09-26,11.034088134765625
2018-09-27,11.063776969909668
2018-09-28,11.093465805053711
2018-10-01,11.088513374328613
2018-10-02,11.063776969909668
2018-10-03,11.048928260803223
2018-10-04,11.083562850952148
2018-10-05,10.88564682006836
2018-10-08,10.870800971984863
2018-10-09,10.860910415649414
2018-10-10,10.7124662399292
2018-10-11,10.69762134552002
2018-10-12,10.727309226989746
2018-10-15,10.836164474487305
2018-10-16,10.727309226989746
2018-10-17,10.707517623901367
2018-10-18,10.667933464050293
2018-10-19,10.638242721557617
2018-10-22,10.638242721557617
2018-10-23,10.519493103027344
2018-10-24,10.237457275390625
2018-10-25,9.896040916442871
2018-10-26,9.900988578796387
2018-10-29,9.871302604675293
2018-10-30,10.034585952758789
2018-10-31,9.846564292907715
2018-11-01,9.896040916442871
2018-11-02,9.856456756591797
2018-11-05,10.034585952758789
2018-11-06,9.995000839233398
2018-11-07,10.029640197753906
2018-11-08,10.019740104675293
2018-11-09,9.970264434814453
2018-11-12,10.291884422302246
2018-11-13,10.415582656860352
2018-11-14,10.43537425994873
2018-11-15,10.514545440673828
2018-11-16,10.484856605529785
2018-11-19,10.529389381408691
2018-11-20,10.36610221862793
2018-11-21,10.346312522888184
2018-11-23,10.291884422302246
2018-11-26,10.257248878479004
2018-11-27,10.346312522888184
2018-11-28,10.331467628479004
2018-11-29,10.390844345092773
2018-11-30,10.267143249511719
2018-12-03,10.20776653289795
2018-12-04,10.108806610107422
2018-12-06,10.03953742980957
2018-12-07,10.14344596862793
2018-12-10,10.653087615966797
2018-12-11,10.286935806274414
2018-12-12,10.395792007446289
2018-12-13,10.04448127746582
2018-12-14,9.995000839233398
2018-12-17,9.401241302490234
2018-12-18,9.539785385131836
2018-12-19,9.401241302490234
2018-12-20,9.14889144897461
2018-12-21,8.833236694335938
2018-12-24,8.736505508422852
2018-12-26,9.520550727844238
2018-12-27,9.36781120300293
2018-12-28,9.724197387695312
2018-12-31,9.826020240783691
2019-01-02,10.248588562011719
2019-01-03,10.070395469665527
2019-01-04,10.192585945129395
2019-01-07,9.983847618103027
2019-01-08,9.99912166595459
2019-01-09,9.836203575134277
2019-01-10,9.826020240783691
2019-01-11,9.953300476074219
2019-01-14,10.131495475769043
2019-01-15,9.897297859191895
2019-01-16,9.922755241394043
2019-01-17,9.902389526367188
2019-01-18,10.044941902160645
2019-01-22,10.106036186218262
2019-01-23,10.268956184387207
2019-01-24,10.080581665039062
2019-01-25,10.258772850036621
2019-01-28,10.233316421508789
2019-01-29,10.421690940856934
2019-01-30,10.615158081054688
2019-01-31,10.396236419677734
2019-02-01,10.543880462646484
2019-02-04,10.508240699768066
2019-02-05,10.564245223999023
2019-02-06,10.528608322143555
2019-02-07,10.630428314208984
2019-02-08,10.48787784576416
2019-02-11,10.615158081054688
2019-02-12,10.676250457763672
2019-02-13,10.818805694580078
2019-02-14,10.818805694580078
2019-02-15,10.818805694580078
2019-02-19,10.640613555908203
2019-02-20,10.727164268493652
2019-02-21,10.818805694580078
2019-02-22,10.879899024963379
2019-02-25,10.818805694580078
2019-02-26,11.073366165161133
2019-02-27,10.900262832641602
2019-02-28,10.996997833251953
2019-03-01,10.54897403717041
2019-03-04,10.589700698852539
2019-03-05,10.783164024353027
2019-03-06,10.615158081054688
2019-03-07,10.599883079528809
2019-03-08,10.543880462646484
2019-03-11,10.62024974822998
2019-03-12,10.615158081054688
2019-03-13,10.74243450164795
2019-03-14,10.78825855255127
2019-03-15,10.798439025878906
2019-03-18,10.964332580566406
2019-03-19,10.845098495483398
2019-03-20,10.907307624816895
2019-03-21,10.876201629638672
2019-03-22,11.347951889038086
2019-03-25,11.083563804626465
2019-03-26,11.233901977539062
2019-03-27,11.104301452636719
2019-03-28,11.099115371704102
2019-03-29,11.109484672546387
2019-04-01,11.068013191223145
2019-04-02,11.026538848876953
2019-04-03,11.052460670471191
2019-04-04,11.093932151794434
2019-04-05,11.130218505859375
2019-04-08,11.22353458404541
2019-04-09,11.399794578552246
2019-04-10,11.29092788696289
2019-04-11,11.14058780670166
2019-04-12,11.166509628295898
2019-04-15,11.332399368286133
2019-04-16,11.24427318572998
2019-04-17,11.33758544921875
2019-04-18,11.40497875213623
2019-04-22,11.40497875213623
2019-04-23,11.37387466430664
2019-04-24,11.187246322631836
2019-04-25,11.182059288024902
2019-04-26,11.1768798828125
2019-04-29,11.301295280456543
2019-04-30,11.379058837890625
2019-05-01,11.342769622802734
2019-05-02,11.35313606262207
2019-05-03,11.249455451965332
2019-05-06,11.187246322631836
2019-05-07,11.301295280456543
2019-05-08,11.394611358642578
2019-05-09,11.389426231384277
2019-05-10,11.342769622802734
2019-05-13,11.342769622802734
2019-05-14,11.358322143554688
2019-05-15,11.399794578552246
2019-05-16,11.22353458404541
2019-05-17,11.275376319885254
2019-05-20,11.280562400817871
2019-05-21,11.296112060546875
2019-05-22,11.399794578552246
2019-05-23,11.347951889038086
2019-05-24,11.322032928466797
2019-05-28,11.327217102050781
2019-05-29,11.399794578552246
2019-05-30,11.327217102050781
2019-05-31,11.285747528076172
2019-06-03,11.213168144226074
2019-06-04,11.197615623474121
2019-06-05,11.17169189453125
2019-06-06,11.17169189453125
2019-06-07,11.35313606262207
2019-06-10,11.182059288024902
2019-06-11,11.218351364135742
2019-06-12,11.1768798828125
2019-06-13,11.2598237991333
2019-06-14,11.40497875213623
2019-06-17,11.347951889038086
2019-06-18,11.456817626953125
2019-06-19,11.514839172363281
2019-06-20,11.351323127746582
2019-06-21,11.509567260742188
2019-06-24,11.499016761779785
2019-06-25,11.551763534545898
2019-06-26,11.414617538452148
2019-06-27,11.41989803314209
2019-06-28,11.504291534423828
2019-07-01,11.499016761779785
2019-07-02,11.440997123718262
2019-07-03,11.520113945007324
2019-07-05,11.41989803314209
2019-07-08,11.551763534545898
2019-07-09,11.762755393981934
2019-07-10,11.736381530761719
2019-07-11,11.683632850646973
2019-07-12,11.477914810180664
2019-07-15,11.725830078125
2019-07-16,11.504291534423828
2019-07-17,11.604515075683594
2019-07-18,11.604515075683594
2019-07-19,11.72055721282959
2019-07-22,11.39352035522461
2019-07-23,11.39352035522461
2019-07-24,11.39352035522461
2019-07-25,11.472644805908203
2019-07-26,11.604515075683594
2019-07-29,11.604515075683594
2019-07-30,11.56758975982666
2019-07-31,11.414617538452148
2019-08-01,11.430444717407227
2019-08-02,11.39352035522461
2019-08-05,11.340773582458496
2019-08-06,11.208904266357422
2019-08-07,11.240549087524414
2019-08-08,11.282751083374023
2019-08-09,11.604515075683594
2019-08-12,11.683632850646973
2019-08-13,11.704732894897461
2019-08-14,11.604515075683594
2019-08-15,11.551763534545898
2019-08-16,11.59924030303955
2019-08-19,11.467368125915527
2019-08-20,11.367146492004395
2019-08-21,11.367146492004395
2019-08-22,11.39352035522461
2019-08-23,11.261651039123535
2019-08-26,11.335498809814453
2019-08-27,11.3618745803833
2019-08-28,11.377694129943848
2019-08-29,11.440997123718262
2019-08-30,11.541215896606445
2019-09-03,11.340773582458496
2019-09-04,11.59924030303955
2019-09-05,11.472644805908203
2019-09-06,11.551763534545898
2019-09-09,11.525390625
2019-09-10,11.41989803314209
2019-09-11,11.404073715209961
2019-09-12,11.541215896606445
2019-09-13,11.541215896606445
2019-09-16,11.541215896606445
2019-09-17,11.541215896606445
2019-09-18,11.541215896606445
2019-09-19,11.662535667419434
2019-09-20,11.861115455627441
2019-09-23,11.222439765930176
2019-09-24,11.646431922912598
2019-09-25,11.59276294708252
2019-09-26,11.785978317260742
2019-09-27,11.882584571838379
2019-09-30,11.893314361572266
2019-10-01,11.82354736328125
2019-10-02,11.818178176879883
2019-10-03,11.845013618469238
2019-10-04,11.882584571838379
2019-10-07,11.855748176574707
2019-10-08,11.861115455627441
2019-10-09,11.871850967407227
2019-10-10,11.887948036193848
2019-10-11,11.866482734680176
2019-10-14,11.861115455627441
2019-10-15,11.914786338806152
2019-10-16,11.866482734680176
2019-10-17,11.82354736328125
2019-10-18,11.877214431762695
2019-10-21,11.866482734680176
2019-10-22,12.016757011413574
2019-10-23,11.914786338806152
2019-10-24,11.941618919372559
2019-10-25,11.83427906036377
2019-10-28,12.124099731445312
2019-10-29,12.18850326538086
2019-10-30,12.236807823181152
2019-10-31,12.167035102844238
2019-11-01,12.1455659866333
2019-11-04,12.107995986938477
2019-11-05,12.161667823791504
2019-11-06,12.177769660949707
2019-11-07,12.183136940002441
2019-11-08,12.263643264770508
2019-11-11,12.161667823791504
2019-11-12,12.220704078674316
2019-11-13,12.236807823181152
2019-11-14,12.279743194580078
2019-11-15,12.301209449768066
2019-11-18,12.290480613708496
2019-11-19,12.263643264770508
2019-11-20,12.204604148864746
2019-11-21,12.263643264770508
2019-11-22,12.247543334960938
2019-11-25,12.344147682189941
2019-11-26,12.478323936462402
2019-11-27,12.515890121459961
2019-11-29,12.419282913208008
2019-12-02,12.344147682189941
2019-12-03,12.322680473327637
2019-12-04,12.226072311401367
2019-12-05,12.209970474243164
2019-12-06,12.285110473632812
2019-12-09,12.483689308166504
2019-12-10,12.499791145324707
2019-12-11,12.558826446533203
2019-12-12,12.585664749145508
2019-12-13,12.548090934753418
2019-12-16,12.370978355407715
2019-12-17,12.317309379577637
2019-12-18,12.354883193969727
2019-12-19,12.403182029724121
2019-12-20,12.435927391052246
2019-12-23,12.201286315917969
2019-12-24,12.343160629272461
2019-12-26,12.113978385925293
2019-12-27,12.223113059997559
2019-12-30,12.092148780822754
2019-12-31,12.168545722961426
2020-01-02,12.250395774841309
2020-01-03,12.272225379943848
2020-01-06,12.250395774841309
2020-01-07,12.124887466430664
2020-01-08,12.097606658935547
2020-01-09,12.168545722961426
2020-01-10,12.190370559692383
2020-01-13,12.124887466430664
2020-01-14,12.288592338562012
2020-01-15,12.299506187438965
2020-01-16,12.375901222229004
2020-01-17,12.266766548156738
2020-01-21,12.152174949645996
2020-01-22,12.053953170776367
2020-01-23,12.043037414550781
2020-01-24,11.977560997009277
2020-01-27,11.999388694763184
2020-01-28,12.015752792358398
2020-01-29,11.955729484558105
2020-01-30,11.917532920837402
2020-01-31,11.988473892211914
2020-02-03,12.00484561920166
2020-02-04,11.933902740478516
2020-02-05,11.928447723388672
2020-02-06,11.961188316345215
2020-02-07,11.922994613647461
2020-02-10,11.868420600891113
2020-02-11,11.895705223083496
2020-02-12,11.895705223083496
2020-02-13,11.813851356506348
2020-02-14,11.884793281555176
2020-02-18,11.917532920837402
2020-02-19,11.895705223083496
2020-02-20,11.78111457824707
2020-02-21,11.852051734924316
2020-02-24,11.73200511932373
2020-02-25,11.650153160095215
2020-02-26,11.78111457824707
2020-02-27,11.617413520812988
2020-02-28,10.913490295410156
2020-03-02,11.442794799804688
2020-03-03,11.10993480682373
2020-03-04,11.420969009399414
2020-03-05,11.44825267791748
2020-03-06,11.191786766052246
2020-03-09,10.766160011291504
2020-03-10,10.85892391204834
2020-03-11,9.822142601013184
2020-03-12,9.178245544433594
2020-03-13,9.249184608459473
2020-03-16,8.414304733276367
2020-03-17,7.328946113586426
2020-03-18,5.656154632568359
2020-03-19,7.384892463684082
2020-03-20,6.763890743255615
2020-03-23,6.154078960418701
2020-03-24,7.849245071411133
2020-03-25,8.839492797851562
2020-03-26,9.029708862304688
2020-03-27,8.811521530151367
2020-03-30,8.845088005065918
2020-03-31,9.080061912536621
2020-04-01,8.319193840026855
2020-04-02,8.224084854125977
2020-04-03,7.748543739318848
2020-04-06,7.972326278686523
2020-04-07,8.324788093566895
2020-04-08,8.940194129943848
2020-04-09,9.387763977050781
2020-04-13,8.88984489440918
2020-04-14,9.080061912536621
2020-04-15,8.671655654907227
2020-04-16,8.604519844055176
2020-04-17,9.37098217010498
2020-04-20,9.063279151916504
2020-04-21,8.738790512084961
2020-04-22,9.012927055358887
2020-04-23,8.951385498046875
2020-04-24,8.50940990447998
2020-04-27,8.822710990905762
2020-04-28,9.024113655090332
2020-04-29,9.33741283416748
2020-04-30,9.343009948730469
2020-05-01,9.163981437683105
2020-05-04,9.37098217010498
2020-05-05,9.331819534301758
2020-05-06,8.984953880310059
2020-05-07,9.147197723388672
2020-05-08,9.040897369384766
2020-05-11,8.979355812072754
2020-05-12,8.956979751586914
2020-05-13,8.884249687194824
2020-05-14,8.817113876342773
2020-05-15,8.817113876342773
2020-05-18,9.505252838134766
2020-05-19,9.32063102722168
2020-05-20,9.78498363494873
2020-05-21,9.538818359375
2020-05-22,9.510846138000488
2020-05-26,9.773792266845703
2020-05-27,9.622740745544434
2020-05-28,9.37098217010498
2020-05-29,9.617147445678711
2020-06-01,9.522037506103516
2020-06-02,9.516441345214844
2020-06-03,9.930441856384277
2020-06-04,9.617147445678711
2020-06-05,9.9192533493042
2020-06-08,10.126256942749023
2020-06-09,9.913658142089844
2020-06-10,10.115068435668945
2020-06-11,10.019956588745117
2020-06-12,9.936037063598633
2020-06-15,9.762606620788574
2020-06-16,10.031147956848145
2020-06-17,9.991984367370605
2020-06-18,9.637578964233398
2020-06-19,9.471805572509766
2020-06-22,9.517538070678711
2020-06-23,9.346049308776855
2020-06-24,9.626144409179688
2020-06-25,9.323184967041016
2020-06-26,9.28888988494873
2020-06-29,8.637238502502441
2020-06-30,9.08881950378418
2020-07-01,9.723320960998535
2020-07-02,9.75761890411377
2020-07-06,9.660444259643555
2020-07-07,9.437511444091797
2020-07-08,9.574699401855469
2020-07-09,9.631861686706543
2020-07-10,9.666157722473145
2020-07-13,9.631861686706543
2020-07-14,9.546119689941406
2020-07-15,9.826214790344238
2020-07-16,9.620426177978516
2020-07-17,9.580416679382324
2020-07-20,9.603279113769531
2020-07-21,9.511817932128906
2020-07-22,9.500387191772461
2020-07-23,9.466090202331543
2020-07-24,9.323184967041016
2020-07-27,9.528966903686523
2020-07-28,9.471805572509766
2020-07-29,9.488956451416016
2020-07-30,9.546119689941406
2020-07-31,9.631861686706543
2020-08-03,9.437511444091797
2020-08-04,9.706171035766602
2020-08-05,9.603279113769531
2020-08-06,9.660444259643555
2020-08-07,10.094876289367676
2020-08-10,10.477864265441895
2020-08-11,10.860852241516113
2020-08-12,10.918013572692871
2020-08-13,11.312434196472168
2020-08-14,11.23812484741211
2020-08-17,11.375314712524414
2020-08-18,10.980894088745117
2020-08-19,10.860852241516113
2020-08-20,10.677931785583496
2020-08-21,10.88943099975586
2020-08-24,11.003758430480957
2020-08-25,11.015192031860352
2020-08-26,10.969462394714355
2020-08-27,11.078069686889648
2020-08-28,11.12951374053955
2020-08-31,11.346731185913086
2020-09-01,10.935161590576172
2020-09-02,11.015192031860352
2020-09-03,10.460716247558594
2020-09-04,10.803689002990723
2020-09-08,10.71222972869873
2020-09-09,10.860852241516113
2020-09-10,10.860852241516113
2020-09-11,10.763676643371582
2020-09-14,10.85513687133789
2020-09-15,10.980894088745117
2020-09-16,11.049488067626953
2020-09-17,11.203826904296875
2020-09-18,10.860852241516113
2020-09-21,10.580758094787598
2020-09-22,10.6322021484375
2020-09-23,10.7808256149292
2020-09-24,11.055009841918945
2020-09-25,10.809996604919434
2020-09-28,10.850831031799316
2020-09-29,11.136685371398926
2020-09-30,11.323366165161133
2020-10-01,11.084181785583496
2020-10-02,10.97917366027832
2020-10-05,11.025842666625977
2020-10-06,10.967503547668457
2020-10-07,10.868331909179688
2020-10-08,10.90916919708252
2020-10-09,10.839162826538086
2020-10-12,10.880000114440918
2020-10-13,11.014178276062012
2020-10-14,10.926668167114258
2020-10-15,10.798327445983887
2020-10-16,10.967503547668457
2020-10-19,10.950003623962402
2020-10-20,10.739986419677734
2020-10-21,10.681649208068848
2020-10-22,10.588312149047852
2020-10-23,10.588312149047852
2020-10-26,10.914999961853027
2020-10-27,11.230027198791504
2020-10-28,10.996674537658691
2020-10-29,10.897500038146973
2020-10-30,10.985008239746094
2020-11-02,11.025842666625977
2020-11-03,11.09584903717041
2020-11-04,11.072515487670898
2020-11-05,11.09584903717041
2020-11-06,11.165855407714844
2020-11-09,11.317533493041992
2020-11-10,11.20085620880127
2020-11-11,11.10751724243164
2020-11-12,11.119185447692871
2020-11-13,11.235860824584961
2020-11-16,11.21835994720459
2020-11-17,11.422539710998535
2020-11-18,11.317533493041992
2020-11-19,11.323366165161133
2020-11-20,11.364201545715332
2020-11-23,11.5042142868042
2020-11-24,11.545049667358398
2020-11-25,11.434208869934082
2020-11-27,11.591717720031738
2020-11-30,11.440043449401855
2020-12-01,11.521712303161621
2020-12-02,11.434208869934082
2020-12-03,11.364201545715332
2020-12-04,12.005919456481934
2020-12-07,12.110929489135742
2020-12-08,12.13426399230957
2020-12-09,11.906744956970215
2020-12-10,12.163432121276855
2020-12-11,12.250935554504395
2020-12-14,12.250935554504395
2020-12-15,12.344278335571289
2020-12-16,12.262603759765625
2020-12-17,12.250935554504395
2020-12-18,12.310495376586914
2020-12-21,12.209250450134277
2020-12-22,12.125866889953613
2020-12-23,11.911459922790527
2020-12-24,11.798300743103027
2020-12-28,11.744698524475098
2020-12-29,11.464780807495117
2020-12-30,11.405221939086914
2020-12-31,11.464780807495117
2021-01-04,11.44691276550293
2021-01-05,11.720877647399902
2021-01-06,11.875724792480469
2021-01-07,11.78043270111084
2021-01-08,11.982926368713379
2021-01-11,11.881681442260742
2021-01-12,11.78043270111084
2021-01-13,11.816165924072266
2021-01-14,11.869768142700195
2021-01-15,11.83998966217041
2021-01-19,11.810209274291992
2021-01-20,11.822124481201172
2021-01-21,11.881681442260742
2021-01-22,11.887636184692383
2021-01-25,11.613672256469727
2021-01-26,11.643453598022461
2021-01-27,11.655364036560059
2021-01-28,11.78043270111084
2021-01-29,11.83403491973877
2021-02-01,11.67323112487793
2021-02-02,11.750655174255371
2021-02-03,11.881681442260742
2021-02-04,11.911459922790527
2021-02-05,12.054396629333496
2021-02-08,12.179469108581543
2021-02-09,11.917417526245117
2021-02-10,12.143733978271484
2021-02-11,11.83998966217041
2021-02-12,11.816165924072266
2021-02-16,12.102043151855469
2021-02-17,12.096088409423828
2021-02-18,11.971016883850098
2021-02-19,12.149690628051758
2021-02-22,11.971016883850098
2021-02-23,11.994841575622559
2021-02-24,12.131821632385254
2021-02-25,12.143733978271484
2021-02-26,12.221159934997559
2021-03-01,12.328363418579102
2021-03-02,12.447478294372559
2021-03-03,12.50703239440918
2021-03-04,12.078218460083008
2021-03-05,12.149690628051758
2021-03-08,12.167555809020996
2021-03-09,12.161602020263672
2021-03-10,11.971016883850098
2021-03-11,12.066309928894043
2021-03-12,12.221159934997559
2021-03-15,12.01866340637207
2021-03-16,12.054396629333496
2021-03-17,12.13330364227295
2021-03-18,11.987631797790527
2021-03-19,12.078676223754883
2021-03-22,12.024048805236816
2021-03-23,12.066534042358398
2021-03-24,12.048327445983887
2021-03-25,11.981561660766602
2021-03-26,12.011910438537598
2021-03-29,11.99370002746582
2021-03-30,11.96942138671875
2021-03-31,12.011910438537598
2021-04-01,11.902656555175781
2021-04-05,11.99370002746582
2021-04-06,12.090813636779785
2021-04-07,12.078676223754883
2021-04-08,12.078676223754883
2021-04-09,12.07260513305664
2021-04-12,11.848027229309082
2021-04-13,12.066534042358398
2021-04-14,12.005837440490723
2021-04-15,11.999771118164062
2021-04-16,12.017980575561523
2021-04-19,12.109024047851562
2021-04-20,12.054397583007812
2021-04-21,12.078676223754883
2021-04-22,12.07260513305664
2021-04-23,12.066534042358398
2021-04-26,12.066534042358398
2021-04-27,12.03011703491211
2021-04-28,12.078676223754883
2021-04-29,12.115093231201172
2021-04-30,12.08474349975586
2021-05-03,12.157581329345703
2021-05-04,12.33967399597168
2021-05-05,12.673504829406738
2021-05-06,12.758480072021484
2021-05-07,12.661365509033203
2021-05-10,12.570318222045898
2021-05-11,12.570318222045898
2021-05-12,12.606738090515137
2021-05-13,12.89808464050293
2021-05-14,12.867735862731934
2021-05-17,12.62494945526123
2021-05-18,12.74634075164795
2021-05-19,12.910223960876465
2021-05-20,12.928431510925293
2021-05-21,13.00733757019043
2021-05-24,13.201566696166992
2021-05-25,13.140868186950684
2021-05-26,13.159079551696777
2021-05-27,13.292614936828613
2021-05-28,13.237985610961914
2021-06-01,13.171221733093262
2021-06-02,13.171221733093262
2021-06-03,13.262266159057617
2021-06-04,13.462566375732422
2021-06-07,13.395796775817871
2021-06-08,13.322965621948242
2021-06-09,13.322965621948242
2021-06-10,13.407936096191406
2021-06-11,13.37759017944336
2021-06-14,13.438285827636719
2021-06-15,13.414008140563965
2021-06-16,13.474703788757324
2021-06-17,13.474703788757324
2021-06-18,13.462352752685547
2021-06-21,13.431477546691895
2021-06-22,13.104180335998535
2021-06-23,12.96832275390625
2021-06-24,13.579687118530273
2021-06-25,13.499408721923828
2021-06-28,13.536458015441895
2021-06-29,13.697020530700684
2021-06-30,13.592041015625
2021-07-01,13.734071731567383
2021-07-02,13.554987907409668
2021-07-06,13.450003623962402
2021-07-07,13.40060043334961
2021-07-08,13.314144134521484
2021-07-09,13.517932891845703
2021-07-12,13.62291431427002
2021-07-13,13.585864067077637
2021-07-14,13.635263442993164
2021-07-15,13.709369659423828
2021-07-16,13.709369659423828
2021-07-19,13.326494216918945
2021-07-20,13.18446159362793
2021-07-21,13.40060043334961
2021-07-22,13.332671165466309
2021-07-23,13.307966232299805
2021-07-26,13.338847160339355
2021-07-27,13.295618057250977
2021-07-28,13.468527793884277
2021-07-29,13.579687118530273
2021-07-30,13.338847160339355
2021-08-02,13.24003791809082
2021-08-03,13.394426345825195
2021-08-04,13.388249397277832
2021-08-05,13.34502124786377
2021-08-06,13.419127464294434
2021-08-09,13.517932891845703
2021-08-10,13.585864067077637
2021-08-11,13.585864067077637
2021-08-12,13.536458015441895
2021-08-13,13.629088401794434
2021-08-16,13.647616386413574
2021-08-17,13.67849063873291
2021-08-18,13.536458015441895
2021-08-19,13.542634010314941
2021-08-20,13.715543746948242
2021-08-23,13.703193664550781
2021-08-24,13.709369659423828
2021-08-25,13.727893829345703
2021-08-26,13.635263442993164
2021-08-27,13.610564231872559
2021-08-30,13.524106979370117
2021-08-31,13.67849063873291
2021-09-01,13.604386329650879
2021-09-02,13.573512077331543
2021-09-03,13.536458015441895
2021-09-07,13.437653541564941
2021-09-08,13.511758804321289
2021-09-09,13.277091979980469
2021-09-10,13.153583526611328
2021-09-13,13.18446159362793
2021-09-14,13.382074356079102
2021-09-15,13.542634010314941
2021-09-16,13.542634010314941
2021-09-17,13.592041015625
2021-09-20,13.541763305664062
2021-09-21,13.497779846191406
2021-09-22,13.428656578063965
2021-09-23,13.447508811950684
2021-09-24,13.434940338134766
2021-09-27,13.535482406616211
2021-09-28,13.786837577819824
2021-09-29,13.742851257324219
2021-09-30,13.855957984924316
2021-10-01,13.962785720825195
2021-10-04,13.962785720825195
2021-10-05,13.893661499023438
2021-10-06,13.799405097961426
2021-10-07,13.931367874145508
2021-10-08,13.843392372131348
2021-10-11,13.97535228729248
2021-10-12,13.855957984924316
2021-10-13,13.849678039550781
2021-10-14,13.962785720825195
2021-10-15,14.06332778930664
2021-10-18,14.06332778930664
2021-10-19,13.981637001037598
2021-10-20,13.824544906616211
2021-10-21,14.013057708740234
2021-10-22,14.05704402923584
2021-10-25,14.22042465209961
2021-10-26,14.189007759094238
2021-10-27,14.232992172241211
2021-10-28,14.251843452453613
2021-10-29,14.22042465209961
2021-11-01,14.232992172241211
2021-11-02,14.201573371887207
2021-11-03,14.264410972595215
2021-11-04,14.15758991241455
2021-11-05,14.189007759094238
2021-11-08,14.03819465637207
2021-11-09,14.05704402923584
2021-11-10,13.824544906616211
2021-11-11,13.931367874145508
2021-11-12,13.937651634216309
2021-11-15,13.855957984924316
2021-11-16,13.818258285522461
2021-11-17,13.761703491210938
2021-11-18,13.617173194885254
2021-11-19,13.623457908630371
2021-11-22,13.680012702941895
2021-11-23,13.830825805664062
2021-11-24,13.818258285522461
2021-11-26,13.541763305664062
2021-11-29,13.497779846191406
2021-11-30,13.510346412658691
2021-12-01,13.321830749511719
2021-12-02,13.478928565979004
2021-12-03,13.510346412658691
2021-12-06,13.573187828063965
2021-12-07,13.994206428527832
2021-12-08,13.95021915435791
2021-12-09,13.981637001037598
2021-12-10,13.654876708984375
2021-12-13,13.692580223083496
2021-12-14,13.761703491210938
2021-12-15,13.824544906616211
2021-12-16,13.566901206970215
2021-12-17,13.573187828063965
2021-12-20,13.818258285522461
2021-12-21,13.874813079833984
2021-12-22,14.107317924499512
2021-12-23,14.232992172241211
2021-12-27,14.245558738708496
2021-12-28,14.194201469421387
2021-12-29,13.802594184875488
2021-12-30,13.873211860656738
2021-12-31,14.104325294494629
2022-01-03,13.898893356323242
2022-01-04,13.898893356323242
2022-01-05,13.892468452453613
2022-01-06,13.950248718261719
2022-01-07,13.821853637695312
2022-01-10,14.380377769470215
2022-01-11,14.142847061157227
2022-01-12,14.117162704467773
2022-01-13,14.123583793640137
2022-01-14,14.110743522644043
2022-01-18,14.014446258544922
2022-01-19,13.988770484924316
2022-01-20,14.020866394042969
2022-01-21,13.975932121276855
2022-01-24,13.744813919067383
2022-01-25,13.706296920776367
2022-01-26,13.802594184875488
2022-01-27,13.937409400939941
2022-01-28,14.059382438659668
2022-01-31,14.065805435180664
2022-02-01,14.110743522644043
2022-02-02,14.123583793640137
2022-02-03,14.008027076721191
2022-02-04,14.117162704467773
2022-02-07,14.065805435180664
2022-02-08,14.059382438659668
2022-02-09,14.123583793640137
2022-02-10,14.123583793640137
2022-02-11,13.815434455871582
2022-02-14,13.853951454162598
2022-02-15,13.969510078430176
2022-02-16,13.898893356323242
2022-02-17,14.123583793640137
2022-02-18,14.065805435180664
2022-02-22,14.264819145202637
2022-02-23,13.918152809143066
2022-02-24,13.642098426818848
2022-02-25,13.205552101135254
2022-02-28,13.455924987792969
2022-03-01,13.731975555419922
2022-03-02,13.706296920776367
2022-03-03,13.468765258789062
2022-03-04,13.802594184875488
2022-03-07,13.481602668762207
2022-03-08,13.802594184875488
2022-03-09,13.873211860656738
2022-03-10,13.552220344543457
2022-03-11,13.642098426818848
2022-03-14,13.815434455871582
2022-03-15,13.834692001342773
2022-03-16,13.92457103729248
2022-03-17,14.008027076721191
2022-03-18,14.047247886657715
2022-03-21,13.988419532775879
2022-03-22,14.086467742919922
2022-03-23,13.975345611572266
2022-03-24,14.184520721435547
2022-03-25,14.217198371887207
2022-03-28,14.197590827941895
2022-03-29,14.217198371887207
2022-03-30,14.138762474060059
2022-03-31,14.060317993164062
2022-04-01,13.929588317871094
2022-04-04,14.073395729064941
2022-04-05,14.164904594421387
2022-04-06,14.17798137664795
2022-04-07,14.184520721435547
2022-04-08,13.909976959228516
2022-04-11,14.008030891418457
2022-04-12,13.82500171661377
2022-04-13,13.864221572875977
2022-04-14,13.994953155517578
2022-04-18,14.021100044250488
2022-04-19,14.01456356048584
2022-04-20,13.909976959228516
2022-04-21,13.857691764831543
2022-04-22,13.609292984008789
2022-04-25,13.530856132507324
2022-04-26,13.40011978149414
2022-04-27,13.655050277709961
2022-04-28,13.334753036499023
2022-04-29,13.315143585205078
2022-05-02,12.8248929977417
2022-05-03,12.798748970031738
2022-05-04,12.583038330078125
2022-05-05,12.432698249816895
2022-05-06,12.386941909790039
2022-05-09,12.308501243591309
2022-05-10,12.504600524902344
2022-05-11,12.132011413574219
2022-05-12,11.83132553100586
2022-05-13,12.530745506286621
2022-05-16,12.615724563598633
2022-05-17,12.903336524963379
2022-05-18,12.49152660369873
2022-05-19,12.602649688720703
2022-05-20,12.700695991516113
2022-05-23,12.746456146240234
2022-05-24,12.62879467010498
2022-05-25,12.681090354919434
2022-05-26,12.622258186340332
2022-05-27,12.726846694946289
2022-05-31,12.785676956176758
2022-06-01,12.864114761352539
2022-06-02,12.988309860229492
2022-06-03,13.001386642456055
2022-06-06,12.929479598999023
2022-06-07,12.922945022583008
2022-06-08,12.896799087524414
2022-06-09,13.066749572753906
2022-06-10,12.942558288574219
2022-06-13,12.1385498046875
2022-06-14,12.256207466125488
2022-06-15,12.125473976135254
2022-06-16,11.929373741149902
2022-06-17,12.040496826171875
2022-06-21,12.260871887207031
2022-06-22,12.100603103637695
2022-06-23,12.127312660217285
2022-06-24,12.027144432067871
2022-06-27,12.107276916503906
2022-06-28,12.20077133178711
2022-06-29,12.561382293701172
2022-06-30,12.82182788848877
2022-07-01,12.694947242736816
2022-07-05,12.320975303649902
2022-07-06,12.3410062789917
2022-07-07,12.280906677246094
2022-07-08,12.234161376953125
2022-07-11,12.447855949401855
2022-07-12,12.100603103637695
2022-07-13,12.140669822692871
2022-07-14,12.08056640625
2022-07-15,12.093926429748535
2022-07-18,12.234161376953125
2022-07-19,12.20077133178711
2022-07-20,12.154023170471191
2022-07-21,12.154023170471191
2022-07-22,12.18741512298584
2022-07-25,12.147346496582031
2022-07-26,12.120635032653809
2022-07-27,12.120635032653809
2022-07-28,12.120635032653809
2022-07-29,12.107276916503906
2022-08-01,12.133993148803711
2022-08-02,12.120635032653809
2022-08-03,12.160703659057617
2022-08-04,12.140669822692871
2022-08-05,12.087244987487793
2022-08-08,12.174057960510254
2022-08-09,12.240839958190918
2022-08-10,12.474570274353027
2022-08-11,12.674911499023438
2022-08-12,12.721657752990723
2022-08-15,13.19579792022705
2022-08-16,13.202476501464844
2022-08-17,13.282614707946777
2022-08-18,13.329360961914062
2022-08-19,13.155729293823242
2022-08-22,13.022171020507812
2022-08-23,12.755050659179688
2022-08-24,12.82182788848877
2022-08-25,13.175764083862305
2022-08-26,13.18912124633789
2022-08-29,12.908645629882812
2022-08-30,13.2291898727417
2022-08-31,13.329360961914062
2022-09-01,12.908645629882812
2022-09-02,13.108983993530273
2022-09-06,12.748368263244629
2022-09-07,12.761724472045898
2022-09-08,12.534673690795898
2022-09-09,12.361045837402344
2022-09-12,12.441182136535645
2022-09-13,12.354368209838867
2022-09-14,12.154023170471191
2022-09-15,12.421147346496582
2022-09-16,12.474570274353027
2022-09-19,12.093926429748535
2022-09-20,12.260871887207031
2022-09-21,12.342748641967773
2022-09-22,12.281344413757324
2022-09-23,12.00842571258545
2022-09-26,11.339773178100586
2022-09-27,11.353418350219727
2022-09-28,11.46258544921875
2022-09-29,11.687745094299316
2022-09-30,11.77644157409668
2022-10-03,11.728682518005371
2022-10-04,12.158527374267578
2022-10-05,12.063006401062012
2022-10-06,11.796911239624023
2022-10-07,11.974308013916016
2022-10-10,11.503522872924805
2022-10-11,11.530817985534668
2022-10-12,11.373886108398438
2022-10-13,11.264720916748047
2022-10-14,11.326127052307129
2022-10-17,11.292012214660645
2022-10-18,11.251073837280273
2022-10-19,11.292012214660645
2022-10-20,11.312482833862305
2022-10-21,11.428472518920898
2022-10-24,11.34659481048584
2022-10-25,11.46258544921875
2022-10-26,11.701391220092773
2022-10-27,11.599045753479004
2022-10-28,11.701391220092773
2022-10-31,11.585400581359863
2022-11-01,11.667276382446289
2022-11-02,11.564931869506836
2022-11-03,11.701391220092773
2022-11-04,11.551285743713379
2022-11-07,11.592220306396484
2022-11-08,11.551285743713379
2022-11-09,11.503522872924805
2022-11-10,11.667276382446289
2022-11-11,11.735505104064941
2022-11-14,11.790090560913086
2022-11-15,11.769619941711426
2022-11-16,11.899258613586426
2022-11-17,11.865142822265625
2022-11-18,11.803732872009277
2022-11-21,11.81737995147705
2022-11-22,11.735505104064941
2022-11-23,11.769619941711426
2022-11-25,11.865142822265625
2022-11-28,11.837850570678711
2022-11-29,11.974308013916016
2022-11-30,11.960664749145508
2022-12-01,11.912901878356934
2022-12-02,12.00160026550293
2022-12-05,11.803732872009277
2022-12-06,11.735505104064941
2022-12-07,11.844674110412598
2022-12-08,11.90608024597168
2022-12-09,11.803732872009277
2022-12-12,11.762798309326172
2022-12-13,11.77644157409668
2022-12-14,11.810558319091797
2022-12-15,11.81737995147705
2022-12-16,11.83102798461914
2022-12-19,11.790090560913086
2022-12-20,11.93337345123291
2022-12-21,11.865142822265625
2022-12-22,12.0425386428833
2022-12-23,12.144882202148438
2022-12-27,12.342748641967773
2022-12-28,12.335736274719238
2022-12-29,12.076257705688477
2022-12-30,11.95002555847168
2023-01-03,12.272622108459473
2023-01-04,12.321707725524902
2023-01-05,12.490019798278809
2023-01-06,12.74950122833252
2023-01-09,13.044042587280273
2023-01-10,13.32456111907959
2023-01-11,13.310531616210938
2023-01-12,13.170273780822754
2023-01-13,13.107157707214355
2023-01-17,13.023004531860352
2023-01-18,13.107157707214355
2023-01-19,12.72144603729248
2023-01-20,12.882743835449219
2023-01-23,12.889755249023438
2023-01-24,12.903783798217773
2023-01-25,12.910799026489258
2023-01-26,12.938848495483398
2023-01-27,12.798589706420898
2023-01-30,12.826642990112305
2023-01-31,12.74950122833252
2023-02-01,12.812616348266602
2023-02-02,13.072091102600098
2023-02-03,13.107157707214355
2023-02-06,13.044042587280273
2023-02-07,12.97391414642334
2023-02-08,12.980928421020508
2023-02-09,12.826642990112305
2023-02-10,12.679369926452637
2023-02-13,13.156250953674316
2023-02-14,13.100146293640137
2023-02-15,13.373652458190918
2023-02-16,13.135210037231445
2023-02-17,13.135210037231445
2023-02-21,13.205339431762695
2023-02-22,12.833654403686523
2023-02-23,13.233388900756836
2023-02-24,13.177289962768555
2023-02-27,13.079107284545898
2023-02-28,13.415725708007812
2023-03-01,13.415725708007812
2023-03-02,13.303518295288086
2023-03-03,13.33858585357666
2023-03-06,13.191312789916992
2023-03-07,12.98793888092041
2023-03-08,13.100146293640137
2023-03-09,13.044042587280273
2023-03-10,12.714434623718262
2023-03-13,12.174440383911133
2023-03-14,12.370800018310547
2023-03-15,12.272622108459473
2023-03-16,12.104308128356934
2023-03-17,12.06223201751709
2023-03-20,12.139375686645508
2023-03-21,12.104308128356934
2023-03-22,12.581191062927246
2023-03-23,12.186907768249512
2023-03-24,11.9144926071167
2023-03-27,11.986181259155273
2023-03-28,11.864312171936035
2023-03-29,11.74244213104248
2023-03-30,12.108049392700195
2023-03-31,12.903785705566406
2023-04-03,12.796253204345703
2023-04-04,12.903785705566406
2023-04-05,13.06866455078125
2023-04-06,13.620660781860352
2023-04-10,13.212040901184082
2023-04-11,13.212040901184082
2023-04-12,12.989808082580566
2023-04-13,13.419933319091797
2023-04-14,13.326741218566895
2023-04-17,13.17619514465332
2023-04-18,12.910955429077148
2023-04-19,12.961135864257812
2023-04-20,13.262222290039062
2023-04-21,13.09734058380127
2023-04-24,13.03998851776123
2023-04-25,12.738903045654297
2023-04-26,12.552513122558594
2023-04-27,12.366125106811523
2023-04-28,12.401968955993652
2023-05-01,12.186907768249512
2023-05-02,12.15822982788086
2023-05-03,11.900157928466797
2023-05-04,10.373207092285156
2023-05-05,10.538090705871582
2023-05-08,10.681466102600098
2023-05-09,11.326651573181152
2023-05-10,11.1546049118042
2023-05-11,10.946709632873535
2023-05-12,11.061409950256348
2023-05-15,11.09725284576416
2023-05-16,11.183279037475586
2023-05-17,11.749612808227539
2023-05-18,11.828468322753906
2023-05-19,11.74244213104248
2023-05-22,11.634912490844727
2023-05-23,11.900157928466797
2023-05-24,11.864312171936035
2023-05-25,11.878649711608887
2023-05-26,11.663586616516113
2023-05-30,12.100882530212402
2023-05-31,11.957507133483887
2023-06-01,12.15106201171875
2023-06-02,12.545345306396484
2023-06-05,12.215583801269531
2023-06-06,12.466487884521484
2023-06-07,12.079374313354492
2023-06-08,11.900157928466797
2023-06-09,11.656416893005371
2023-06-12,12.079374313354492
2023-06-13,11.7711181640625
2023-06-14,12.043530464172363
2023-06-15,12.208414077758789
2023-06-16,12.509501457214355
2023-06-20,12.45083999633789
2023-06-21,12.084207534790039
2023-06-22,11.915556907653809
2023-06-23,11.834896087646484
2023-06-26,12.025546073913574
2023-06-27,12.362849235534668
2023-06-28,12.502167701721191
2023-06-29,12.282188415527344
2023-06-30,12.223527908325195
2023-07-03,12.465505599975586
2023-07-05,12.260190963745117
2023-07-06,11.9448881149292
2023-07-07,12.084207534790039
2023-07-10,11.92288875579834
2023-07-11,11.92288875579834
2023-07-12,12.245527267456055
2023-07-13,12.047544479370117
2023-07-14,12.076875686645508
2023-07-17,12.157535552978516
2023-07-18,12.384847640991211
2023-07-19,12.296854972839355
2023-07-20,12.208864212036133
2023-07-21,12.150201797485352
2023-07-24,12.27485466003418
2023-07-25,12.296854972839355
2023-07-26,12.14286994934082
2023-07-27,12.245527267456055
2023-07-28,12.172200202941895
2023-07-31,12.179533004760742
2023-08-01,12.186863899230957
2023-08-02,12.172200202941895
2023-08-03,12.31152057647705
2023-08-04,12.208864212036133
2023-08-07,12.208864212036133
2023-08-08,12.216195106506348
2023-08-09,12.208864212036133
2023-08-10,12.076875686645508
2023-08-11,12.172200202941895
2023-08-14,12.216195106506348
2023-08-15,12.172200202941895
2023-08-16,12.179533004760742
2023-08-17,12.238192558288574
2023-08-18,12.179533004760742
2023-08-21,12.216195106506348
2023-08-22,12.23086166381836
2023-08-23,12.208864212036133
2023-08-24,12.23086166381836
2023-08-25,12.355514526367188
2023-08-28,12.340849876403809
2023-08-29,12.282188415527344
2023-08-30,12.245527267456055
2023-08-31,12.27485466003418
2023-09-01,12.25285816192627
2023-09-05,12.282188415527344
2023-09-06,12.23086166381836
2023-09-07,12.208864212036133
2023-09-08,12.223527908325195
2023-09-11,12.179533004760742
2023-09-12,12.751479148864746
2023-09-13,13.184103012084961
2023-09-14,13.015453338623047
2023-09-15,13.14011001586914
2023-09-18,13.27943229675293
2023-09-19,13.440749168395996
2023-09-20,13.638731956481934
2023-09-21,13.52601432800293
2023-09-22,13.1953763961792
2023-09-25,12.924858093261719
2023-09-26,12.812138557434082
2023-09-27,12.894796371459961
2023-09-28,13.052603721618652
2023-09-29,13.142776489257812
2023-10-02,13.202890396118164
2023-10-03,12.902312278747559
2023-10-04,13.060117721557617
2023-10-05,12.9398832321167
2023-10-06,12.992486953735352
2023-10-09,12.962428092956543
2023-10-10,13.075143814086914
2023-10-11,12.9398832321167
2023-10-12,12.924858093261719
2023-10-13,12.962428092956543
2023-10-16,13.52601432800293
2023-10-17,13.563582420349121
2023-10-18,13.586128234863281
2023-10-19,13.347640037536621
2023-10-20,13.232243537902832
2023-10-23,13.10915470123291
2023-10-24,13.039915084838867
2023-10-25,12.986062049865723
2023-10-26,13.07837963104248
2023-10-27,12.962981224060059
2023-10-30,12.924514770507812
2023-10-31,12.878355979919434
2023-11-01,12.8706636428833
2023-11-02,12.97836971282959
2023-11-03,13.032221794128418
2023-11-06,12.962981224060059
2023-11-07,12.993751525878906
2023-11-08,12.947595596313477
2023-11-09,12.91682243347168
2023-11-10,12.924514770507812
2023-11-13,13.070684432983398
2023-11-14,13.139924049377441
2023-11-15,13.301482200622559
2023-11-16,13.12453556060791
2023-11-17,13.139924049377441
2023-11-20,13.416877746582031
2023-11-21,13.278400421142578
2023-11-22,13.293789863586426
2023-11-24,13.46303653717041
2023-11-27,13.216856956481934
2023-11-28,13.25532054901123
2023-11-29,13.07837963104248
2023-11-30,13.116846084594727
2023-12-01,13.178389549255371
2023-12-04,13.08607292175293
2023-12-05,13.15531063079834
2023-12-06,13.093766212463379
2023-12-07,13.163004875183105
2023-12-08,13.59382152557373
2023-12-11,13.547662734985352
2023-12-12,13.663061141967773
2023-12-13,13.655364036560059
2023-12-14,13.847696304321289
2023-12-15,13.824614524841309
2023-12-18,13.93232250213623
2023-12-19,13.847696304321289
2023-12-20,13.716912269592285
2023-12-21,13.90924072265625
2023-12-22,13.88615894317627
2023-12-26,14.378522872924805
2023-12-27,14.470840454101562
2023-12-28,14.42329216003418
2023-12-29,14.391592025756836
2024-01-02,14.29649543762207
2024-01-03,14.34404468536377
2024-01-04,14.613492012023926
2024-01-05,14.77198600769043
2024-01-08,14.716514587402344
2024-01-09,14.684813499450684
2024-01-10,14.708585739135742
2024-01-11,14.716514587402344
2024-01-12,14.684813499450684
2024-01-16,14.542165756225586
2024-01-17,14.407442092895508
2024-01-18,14.264795303344727
2024-01-19,14.31234359741211
2024-01-22,14.34404468536377
2024-01-23,14.272721290588379
2024-01-24,14.225173950195312
2024-01-25,14.177619934082031
2024-01-26,14.518390655517578
2024-01-29,14.787836074829102
2024-01-30,14.859162330627441
2024-01-31,14.843314170837402
2024-02-01,14.67689037322998
2024-02-02,14.708585739135742
2024-02-05,14.764060974121094
2024-02-06,14.621415138244629
2024-02-07,14.661040306091309
2024-02-08,14.668966293334961
2024-02-09,14.621415138244629
2024-02-12,14.645186424255371
2024-02-13,14.573864936828613
2024-02-14,14.518390655517578
2024-02-15,14.31234359741211
2024-02-16,14.359892845153809
2024-02-20,14.573864936828613
2024-02-21,14.573864936828613
2024-02-22,14.621415138244629
2024-02-23,14.478769302368164
2024-02-26,14.661040306091309
2024-02-27,14.645186424255371
2024-02-28,14.668966293334961
2024-02-29,14.867084503173828
2024-03-01,14.77198600769043
2024-03-04,14.859162330627441
2024-03-05,14.803689002990723
2024-03-06,14.819538116455078
2024-03-07,14.748210906982422
2024-03-08,14.795763969421387
2024-03-11,15.017660140991211
2024-03-12,14.906708717346191
2024-03-13,15.184082984924316
2024-03-14,15.215784072875977
2024-03-15,15.231627464294434
2024-03-18,15.144457817077637
2024-03-19,15.17615795135498
2024-03-20,15.362814903259277
2024-03-21,15.273545265197754
2024-03-22,15.127462387084961
2024-03-25,15.013843536376953
2024-03-26,15.111233711242676
2024-03-27,15.452086448669434
2024-03-28,15.419625282287598
2024-04-01,15.241083145141602
2024-04-02,15.314122200012207
2024-04-03,15.159927368164062
2024-04-04,15.127462387084961
2024-04-05,15.208619117736816
2024-04-08,15.070656776428223
2024-04-09,15.030075073242188
2024-04-10,15.021960258483887
2024-04-11,14.932687759399414
2024-04-12,15.135581970214844
2024-04-15,14.948921203613281
2024-04-16,14.859648704528809
2024-04-17,14.664874076843262
2024-04-18,14.721683502197266
2024-04-19,14.86776351928711
2024-04-22,15.046309471130371
2024-04-23,15.021960258483887
2024-04-24,14.957037925720215
2024-04-25,14.892112731933594
2024-04-26,14.948921203613281
2024-04-29,14.892112731933594
2024-04-30,14.892112731933594
2024-05-01,14.948921203613281
2024-05-02,14.932687759399414
2024-05-03,15.070656776428223
2024-05-06,14.900225639343262
2024-05-07,15.013843536376953
2024-05-08,14.83530330657959
2024-05-09,14.770379066467285
2024-05-10,14.778493881225586
2024-05-13,14.770379066467285
2024-05-14,14.705452919006348
2024-05-15,14.705452919006348
2024-05-16,14.729799270629883
2024-05-17,14.859648704528809
2024-05-20,14.94080638885498
2024-05-21,14.875880241394043
2024-05-22,14.924571990966797
2024-05-23,14.86776351928711
2024-05-24,14.859648704528809
2024-05-28,14.843419075012207
2024-05-29,14.624297142028809
2024-05-30,14.608063697814941
2024-05-31,14.648641586303711
2024-06-03,14.770379066467285
2024-06-04,14.786609649658203
2024-06-05,14.892112731933594
2024-06-06,14.892112731933594
2024-06-07,14.859648704528809
2024-06-10,14.932687759399414
2024-06-11,14.973268508911133
2024-06-12,15.013843536376953
2024-06-13,15.005730628967285
2024-06-14,14.94080638885498
2024-06-17,14.973268508911133
2024-06-18,15.111233711242676
2024-06-20,15.419625282287598
2024-06-21,15.289775848388672
2024-06-24,15.422800064086914
2024-06-25,15.381230354309082
2024-06-26,15.298088073730469
2024-06-27,15.339661598205566
2024-06-28,15.323034286499023
2024-07-01,15.339661598205566
2024-07-02,15.44774341583252
2024-07-03,15.59740161895752
2024-07-05,15.580771446228027
2024-07-08,15.51425838470459
2024-07-09,15.59740161895752
2024-07-10,15.589086532592773
2024-07-11,15.622343063354492
2024-07-12,15.913338661193848
2024-07-15,15.946596145629883
2024-07-16,15.880083084106445
2024-07-17,16.021421432495117
2024-07-18,15.954909324645996
2024-07-19,16.079622268676758
2024-07-22,16.12119483947754
2024-07-23,16.295791625976562
2024-07-24,16.279159545898438
2024-07-25,16.046361923217773
2024-07-26,15.971540451049805
2024-07-29,15.921650886535645
2024-07-30,16.196022033691406
2024-07-31,16.2874755859375
2024-08-01,16.046361923217773
2024-08-02,16.038053512573242
2024-08-05,15.796940803527832
2024-08-06,15.838512420654297
2024-08-07,15.921650886535645
2024-08-08,16.01310920715332
2024-08-09,16.046361923217773
2024-08-12,16.112876892089844
2024-08-13,16.16276741027832
2024-08-14,16.16276741027832
2024-08-15,16.079622268676758
2024-08-16,16.204334259033203
2024-08-19,16.470386505126953
2024-08-20,16.503644943237305
2024-08-21,16.503644943237305
2024-08-22,16.62836265563965
2024-08-23,16.802955627441406
2024-08-26,16.877782821655273
2024-08-27,16.877782821655273
2024-08-28,17.01081085205078
2024-08-29,17.044069290161133
2024-08-30,17.168781280517578
2024-09-03,16.96092414855957
2024-09-04,16.919357299804688
2024-09-05,16.861154556274414
2024-09-06,16.877782821655273
2024-09-09,16.93598175048828
2024-09-10,16.994184494018555
2024-09-11,17.027435302734375
2024-09-12,16.836210250854492
2024-09-13,16.811269760131836
2024-09-16,16.811269760131836
2024-09-17,17.01081085205078
2024-09-18,17.160465240478516
2024-09-19,17.584487915039062
2024-09-20,17.651002883911133
2024-09-23,17.742456436157227
2024-09-24,17.734148025512695
2024-09-25,17.792341232299805
2024-09-26,17.240312576293945
2024-09-27,17.58002471923828
2024-09-30,17.571531295776367
2024-10-01,17.38469123840332
2024-10-02,17.32524299621582
2024-10-03,17.3931827545166
2024-10-04,17.27428436279297
2024-10-07,17.38469123840332
2024-10-08,17.359210968017578
2024-10-09,17.32524299621582
2024-10-10,17.10443115234375
2024-10-11,16.892108917236328
2024-10-14,16.688282012939453
2024-10-15,17.41866111755371
2024-10-16,17.18935775756836
2024-10-17,17.486602783203125
2024-10-18,17.3931827545166
2024-10-21,17.053470611572266
2024-10-22,17.40167808532715
2024-10-23,17.11292266845703
2024-10-24,17.180864334106445
2024-10-25,17.1553897857666
2024-10-28,17.444143295288086
2024-10-29,17.588518142700195
2024-10-30,17.783849716186523
2024-10-31,17.537561416625977
2024-11-01,17.613994598388672
2024-11-04,17.84330177307129
2024-11-05,17.919734954833984
2024-11-06,17.350719451904297
2024-11-07,17.342227935791016
2024-11-08,17.809328079223633
2024-11-11,17.68193817138672
2024-11-12,17.597009658813477
2024-11-13,17.478113174438477
2024-11-14,17.197851181030273
2024-11-15,17.32524299621582
2024-11-18,17.223329544067383
2024-11-19,17.32524299621582
2024-11-20,17.63947296142578
2024-11-21,17.664953231811523
2024-11-22,17.698923110961914
2024-11-25,17.71590805053711
2024-11-26,17.613994598388672
2024-11-27,17.563039779663086
2024-11-29,17.58002471923828
2024-12-02,17.664953231811523
2024-12-03,17.673444747924805
2024-12-04,17.647966384887695
2024-12-05,17.783849716186523
2024-12-06,17.724403381347656
2024-12-09,17.758373260498047
2024-12-10,17.74138641357422
2024-12-11,17.630983352661133
2024-12-12,17.630983352661133
2024-12-13,17.63947296142578
2024-12-16,17.783849716186523
2024-12-17,17.613994598388672
2024-12-18,17.62249183654785
2024-12-19,17.630983352661133
2024-12-20,17.58002471923828
2024-12-23,17.775360107421875
2024-12-24,18.25944709777832
2024-12-26,18.417083740234375
2024-12-27,18.53968620300293
2024-12-30,18.250688552856445
2024-12-31,18.373294830322266
2025-01-02,18.557201385498047
2025-01-03,18.57471466064453
2025-01-06,18.408323287963867
2025-01-07,18.3382625579834
2025-01-08,18.303232192993164
2025-01-10,18.268205642700195
2025-01-13,17.996719360351562
2025-01-14,17.926660537719727
2025-01-15,17.926660537719727
2025-01-16,18.373294830322266
2025-01-17,18.548444747924805
2025-01-21,18.644779205322266
2025-01-22,18.6097469329834
2025-01-23,18.53968620300293
2025-01-24,18.63602066040039
2025-01-27,18.697322845458984
2025-01-28,18.6097469329834
2025-01-29,18.653532028198242
2025-01-30,18.513412475585938
2025-01-31,18.452112197875977
2025-02-03,18.347023010253906
2025-02-04,18.62726402282715
2025-02-05,18.478382110595703
2025-02-06,18.548444747924805
2025-02-07,18.434593200683594
2025-02-10,18.478382110595703
2025-02-11,18.390806198120117
2025-02-12,18.390806198120117
2025-02-13,18.390806198120117
2025-02-14,18.390806198120117
2025-02-18,18.557201385498047
2025-02-19,18.495901107788086
2025-02-20,18.478382110595703
2025-02-21,18.382049560546875
2025-02-24,18.259449005126953
2025-02-25,18.329504013061523
2025-02-26,18.268205642700195
2025-02-27,18.557201385498047
2025-02-28,18.653532028198242
2025-03-03,18.399568557739258
2025-03-04,18.478382110595703
2025-03-05,18.434593200683594
2025-03-06,18.583473205566406
2025-03-07,18.57471466064453
2025-03-10,18.592233657836914
2025-03-11,18.57471466064453
2025-03-12,18.592233657836914
2025-03-13,18.3382625579834
2025-03-14,18.460866928100586
2025-03-17,18.513412475585938
2025-03-18,18.62726402282715
2025-03-19,18.741107940673828
2025-03-20,18.579313278198242
2025-03-21,18.73212242126465
2025-03-24,18.73212242126465
2025-03-25,18.570329666137695
2025-03-26,18.85796356201172
2025-03-27,18.929868698120117
2025-03-28,19.010766983032227
2025-03-31,18.920879364013672
2025-04-01,18.929868698120117
2025-04-02,18.714143753051758
2025-04-03,18.444490432739258
2025-04-04,17.347883224487305
2025-04-07,16.55689239501953
2025-04-08,16.404090881347656
2025-04-09,17.114185333251953
2025-04-10,16.71868896484375
2025-04-11,17.033288955688477
2025-04-14,17.50967788696289
2025-04-15,17.896188735961914
2025-04-16,17.896188735961914
2025-04-17,18.192808151245117
2025-04-21,17.78832244873047
2025-04-22,18.38157081604004
2025-04-23,18.24673843383789
2025-04-24,18.08494758605957
2025-04-25,17.824277877807617
2025-04-28,18.08494758605957
2025-04-29,18.183818817138672
2025-04-30,18.111909866333008
2025-05-01,17.986072540283203
2025-05-02,18.210786819458008
2025-05-05,18.111909866333008
2025-05-06,18.022024154663086
2025-05-07,17.977083206176758
2025-05-08,18.192808151245117
2025-05-09,17.941125869750977
2025-05-12,18.183818817138672
2025-05-13,18.1298885345459
2025-05-14,18.228763580322266
2025-05-15,18.23775291442871
2025-05-16,18.20179557800293
2025-05-19,18.24673843383789
2025-05-20,18.26471710205078
2025-05-21,18.525388717651367
2025-05-22,18.426511764526367
2025-05-23,18.102924346923828
2025-05-27,18.022024154663086
2025-05-28,17.878210067749023
2025-05-29,18.013036727905273
2025-05-30,18.022024154663086
2025-06-02,18.022024154663086
2025-06-03,17.923152923583984
2025-06-04,17.860233306884766
2025-06-05,18.183818817138672
2025-06-06,18.183818817138672
2025-06-09,18.372577667236328
2025-06-10,18.29168128967285
2025-06-11,18.273704528808594
2025-06-12,18.309661865234375
2025-06-13,18.273704528808594
2025-06-16,18.579313278198242
2025-06-17,18.49842071533203
2025-06-18,18.750097274780273
2025-06-20,18.911893844604492
2025-06-23,19.178255081176758
2025-06-24,18.930265426635742
2025-06-25,18.902708053588867
2025-06-26,19.15070152282715
2025-06-27,19.15070152282715
2025-06-30,19.224180221557617
2025-07-01,19.2792911529541
2025-07-02,19.26091957092285
2025-07-03,19.224180221557617
2025-07-07,18.930265426635742
2025-07-08,19.178255081176758
2025-07-09,19.10477638244629
2025-07-10,19.508914947509766
2025-07-11,19.306846618652344
2025-07-14,19.095590591430664
2025-07-15,18.92107582092285
2025-07-16,19.141517639160156
2025-07-17,19.196626663208008
2025-07-18,19.022109985351562
2025-07-21,18.97618865966797
2025-07-22,18.994558334350586
2025-07-23,18.957815170288086
2025-07-24,18.92107582092285
2025-07-25,18.89352035522461
2025-07-28,18.91189193725586
2025-07-29,19.095590591430664
2025-07-30,19.05885124206543
2025-07-31,18.865964889526367
2025-08-01,18.829227447509766
2025-08-04,18.847599029541016
2025-08-05,18.829227447509766
2025-08-06,18.829227447509766
2025-08-07,18.89352035522461
2025-08-08,18.737375259399414
2025-08-11,18.89352035522461
2025-08-12,18.875150680541992
2025-08-13,18.930265426635742
2025-08-14,19.10477638244629
2025-08-15,18.930265426635742
2025-08-18,18.92107582092285
2025-08-19,19.27010726928711
2025-08-20,19.15070152282715
2025-08-21,19.2792911529541
2025-08-22,19.15070152282715
2025-08-25,19.031293869018555
2025-08-26,18.948631286621094
2025-08-27,18.97618865966797
2025-08-28,19.031293869018555
2025-08-29,18.875150680541992
2025-09-02,18.856782913208008
2025-09-03,19.2792911529541
2025-09-04,19.343584060668945
2025-09-05,19.389511108398438
2025-09-08,19.545658111572266
2025-09-09,19.591583251953125
2025-09-10,19.573209762573242
2025-09-11,19.545658111572266
2025-09-12,19.646692276000977
2025-09-15,20.14267921447754
2025-09-16,20.381488800048828
2025-09-17,20.33556365966797
2025-09-18,20.344749450683594
2025-09-19,20.987699508666992
2025-09-22,20.678504943847656
2025-09-23,20.38805389404297
2025-09-24,20.509855270385742
2025-09-25,20.313095092773438
2025-09-26,20.584810256958008
2025-09-29,20.62228775024414
2025-09-30,20.5379638671875
2025-10-01,20.6129207611084
2025-10-02,20.6129207611084
2025-10-03,20.584810256958008
2025-10-06,20.575439453125
2025-10-07,20.4630069732666
2025-10-08,20.331832885742188
2025-10-09,20.24751091003418
2025-10-10,20.22876739501953
2025-10-13,20.313095092773438
2025-10-14,20.275615692138672
2025-10-15,20.050748825073242
2025-10-16,20.01327133178711
2025-10-17,20.30372428894043
2025-10-20,20.17255401611328
2025-10-21,20.575439453125
2025-10-22,20.416162490844727
2025-10-23,20.434898376464844
2025-10-24,20.341203689575195
2025-10-27,20.275615692138672
2025-10-28,20.078855514526367
2025-10-29,19.882095336914062
2025-10-30,19.882095336914062
2025-10-31,19.82588005065918
2025-11-03,19.872726440429688
2025-11-04,20.0039005279541
2025-11-05,19.928945541381836
2025-11-06,19.71344757080078
2025-11-07,19.685338973999023
2025-11-10,19.78840446472168
2025-11-11,19.882095336914062
2025-11-12,19.750925064086914
2025-11-13,19.6947078704834
2025-11-14,19.71344757080078
2025-11-17,19.816511154174805
2025-11-18,20.378681182861328
2025-11-19,19.816511154174805
2025-11-20,19.891468048095703
2025-11-21,19.85399055480957
2025-11-24,20.14444351196289
2025-11-25,20.106964111328125
2025-11-26,20.359941482543945
2025-11-28,20.575439453125
2025-12-01,20.584810256958008
2025-12-02,20.678504943847656
2025-12-03,20.47811508178711
2025-12-04,20.57353973388672
2025-12-05,20.47811508178711
2025-12-08,20.47811508178711
2025-12-09,20.745302200317383
2025-12-10,21.470531463623047
2025-12-11,20.91706657409668
2025-12-12,21.18425750732422
2025-12-15,21.165172576904297
2025-12-16,21.19379997253418
2025-12-17,21.146087646484375
2025-12-18,21.260595321655273
2025-12-19,21.327394485473633
2025-12-22,21.298765182495117
2025-12-23,21.31785011291504
2025-12-24,21.365562438964844
2025-12-26,21.23896598815918
2025-12-29,21.161060333251953
2025-12-30,21.326610565185547
2025-12-31,21.24870491027832
2026-01-02,21.41425132751465
2026-01-05,21.443471908569336
2026-01-06,21.41425132751465
2026-01-07,21.316871643066406
2026-01-08,21.394775390625
2026-01-09,21.462947845458984
2026-01-12,21.521373748779297
2026-01-13,21.47268295288086
2026-01-14,20.45017433166504
2026-01-15,20.674150466918945
2026-01-16,20.78127098083496
2026-01-20,21.005250930786133
2026-01-21,21.0052490234375
2026-01-22,20.86731719970703
2026-01-23,20.58159637451172
2026-01-26,20.473222732543945
2026-01-27,20.887022018432617
2026-01-28,20.887022018432617
2026-01-29,20.87717056274414
2026-01-30,20.91657829284668
2026-02-02,21.182594299316406
2026-02-03,21.142906188964844
2026-02-04,20.815492630004883
2026-02-05,20.180511474609375
2026-02-06,20.607141494750977
2026-02-09,20.071372985839844
2026-02-10,19.892784118652344
2026-02-11,19.833255767822266
2026-02-12,19.88286590576172
2026-02-13,19.853099822998047
2026-02-17,19.912628173828125
2026-02-18,19.674510955810547
2026-02-19,19.644744873046875
2026-02-20,19.743961334228516
2026-02-23,19.714197158813477
2026-02-24,19.575294494628906
2026-02-25,19.684432983398438
2026-02-26,19.624902725219727
2026-02-27,19.575294494628906
2026-03-02,19.446313858032227
2026-03-03,19.02960777282715
2026-03-04,19.178430557250977
2026-03-05,19.13874626159668
2026-03-06,18.751802444458008
2026-03-09,18.7617244720459
2026-03-10,19.108980178833008
2026-03-11,19.327255249023438
2026-03-12,19.069293975830078
2026-03-13,18.96015739440918
2026-03-16,19.089136123657227
2026-03-17,19.13874626159668
2026-03-18,19.148666381835938
2026-03-19,19.20819664001465
2026-03-20,18.979999542236328
2026-03-23,19.09000015258789
2026-03-24,19.059999465942383
2026-03-25,19.149999618530273
2026-03-26,18.969999313354492
2026-03-27,18.68000030517578
2026-03-30,18.790000915527344
2026-03-31,19.059999465942383
2026-04-01,19.219999313354492
2026-04-02,19.3799991607666
2026-04-06,19.450000762939453
2026-04-07,19.349899291992188
