Date,Close
2003-08-27,6.353159427642822
2003-08-28,6.353159427642822
2003-08-29,6.353159427642822
2003-09-02,6.357394218444824
2003-09-03,6.357394218444824
2003-09-04,6.361629009246826
2003-09-05,6.357394218444824
2003-09-08,6.361629009246826
2003-09-09,6.357394218444824
2003-09-10,6.370102405548096
2003-09-11,6.353159427642822
2003-09-12,6.370102405548096
2003-09-15,6.353159427642822
2003-09-16,6.348926067352295
2003-09-17,6.268453598022461
2003-09-18,6.251507759094238
2003-09-19,6.2472734451293945
2003-09-22,6.264214992523193
2003-09-23,6.183742046356201
2003-09-24,6.183742046356201
2003-09-25,6.141387462615967
2003-09-26,6.179506301879883
2003-09-29,5.993147850036621
2003-09-30,5.92961311340332
2003-10-01,6.0693864822387695
2003-10-02,6.141387462615967
2003-10-03,6.141387462615967
2003-10-06,6.0566792488098145
2003-10-07,6.099030494689941
2003-10-08,6.077856540679932
2003-10-09,6.141387462615967
2003-10-10,6.162564277648926
2003-10-13,6.20491886138916
2003-10-14,6.120209217071533
2003-10-15,6.0143232345581055
2003-10-16,5.908438205718994
2003-10-17,5.908438205718994
2003-10-20,5.887260437011719
2003-10-21,5.92961311340332
2003-10-22,5.908438205718994
2003-10-23,5.866083145141602
2003-10-24,5.781373500823975
2003-10-27,5.751725673675537
2003-10-28,5.764430999755859
2003-10-29,5.8491411209106445
2003-10-30,5.92961311340332
2003-10-31,5.967732906341553
2003-11-03,5.971968173980713
2003-11-04,5.971968173980713
2003-11-05,6.0566792488098145
2003-11-06,6.031264781951904
2003-11-07,6.035502910614014
2003-11-10,5.980440616607666
2003-11-11,5.967732906341553
2003-11-12,5.971968173980713
2003-11-13,5.955026149749756
2003-11-14,5.971968173980713
2003-11-17,5.908438205718994
2003-11-18,5.908438205718994
2003-11-19,5.866083145141602
2003-11-20,5.823729038238525
2003-11-21,5.7940826416015625
2003-11-24,5.7940826416015625
2003-11-25,5.8830246925354
2003-11-26,6.0143232345581055
2003-11-28,6.065149307250977
2003-12-01,6.034160137176514
2003-12-02,6.012641429901123
2003-12-03,6.042768955230713
2003-12-04,6.059985160827637
2003-12-05,5.96959924697876
2003-12-08,5.973907947540283
2003-12-09,5.948081970214844
2003-12-10,5.892127513885498
2003-12-11,5.960992336273193
2003-12-12,5.982511520385742
2003-12-15,5.887826442718506
2003-12-16,5.978207588195801
2003-12-17,5.95668888092041
2003-12-18,5.991118431091309
2003-12-19,6.004034042358398
2003-12-22,6.021247386932373
2003-12-23,6.081505298614502
2003-12-24,6.0642876625061035
2003-12-26,6.098720550537109
2003-12-29,6.2063188552856445
2003-12-30,6.189101219177246
2003-12-31,6.2063188552856445
2004-01-02,6.240750312805176
2004-01-05,6.339742183685303
2004-01-06,6.348350524902344
2004-01-07,6.296699523925781
2004-01-08,6.301005840301514
2004-01-09,6.2923994064331055
2004-01-12,6.262271881103516
2004-01-13,6.2149271965026855
2004-01-14,6.227838516235352
2004-01-15,6.253663539886475
2004-01-16,6.266575336456299
2004-01-20,6.283789157867432
2004-01-21,6.3139214515686035
2004-01-22,6.305310249328613
2004-01-23,6.2923994064331055
2004-01-26,6.326830863952637
2004-01-27,6.266575336456299
2004-01-28,6.253663539886475
2004-01-29,6.266575336456299
2004-01-30,6.266575336456299
2004-02-02,6.275182247161865
2004-02-03,6.27948522567749
2004-02-04,6.240750312805176
2004-02-05,6.245053291320801
2004-02-06,6.305310249328613
2004-02-09,6.3182244300842285
2004-02-10,6.339742183685303
2004-02-11,6.369870185852051
2004-02-12,6.378479957580566
2004-02-13,6.344046592712402
2004-02-17,6.387084007263184
2004-02-18,6.356954097747803
2004-02-19,6.326830863952637
2004-02-20,6.3182244300842285
2004-02-23,6.240750312805176
2004-02-24,6.163280010223389
2004-02-25,6.236445903778076
2004-02-26,6.249359130859375
2004-02-27,6.2923994064331055
2004-03-01,6.3162078857421875
2004-03-02,6.294561386108398
2004-03-03,6.290234088897705
2004-03-04,6.3162078857421875
2004-03-05,6.320537090301514
2004-03-08,6.329197883605957
2004-03-09,6.303220272064209
2004-03-10,6.268588066101074
2004-03-11,6.194993495941162
2004-03-12,6.229628086090088
2004-03-15,6.177675724029541
2004-03-16,6.203652381896973
2004-03-17,6.233953952789307
2004-03-18,6.207979679107666
2004-03-19,6.190664291381836
2004-03-22,6.134385108947754
2004-03-23,6.130052089691162
2004-03-24,6.117070198059082
2004-03-25,6.177675724029541
2004-03-26,6.177675724029541
2004-03-29,6.194993495941162
2004-03-30,6.238284111022949
2004-03-31,6.24261474609375
2004-04-01,6.303220272064209
2004-04-02,6.320537090301514
2004-04-05,6.277245044708252
2004-04-06,6.24261474609375
2004-04-07,6.216638565063477
2004-04-08,6.229628086090088
2004-04-12,6.290234088897705
2004-04-13,6.207979679107666
2004-04-14,6.1040778160095215
2004-04-15,6.082435607910156
2004-04-16,6.117070198059082
2004-04-19,6.082435607910156
2004-04-20,6.0174970626831055
2004-04-21,6.013167858123779
2004-04-22,6.052131652832031
2004-04-23,5.991522312164307
2004-04-26,5.9828667640686035
2004-04-27,6.004509449005127
2004-04-28,5.97420597076416
2004-04-29,5.904940605163574
2004-04-30,5.90061092376709
2004-05-03,5.961217403411865
2004-05-04,5.961217403411865
2004-05-05,5.9828667640686035
2004-05-06,5.9482316970825195
2004-05-07,5.814027309417725
2004-05-10,5.671167373657227
2004-05-11,5.662509918212891
2004-05-12,5.645193576812744
2004-05-13,5.6668381690979
2004-05-14,5.688482761383057
2004-05-17,5.6668381690979
2004-05-18,5.662509918212891
2004-05-19,5.697144031524658
2004-05-20,5.757750511169434
2004-05-21,5.883294105529785
2004-05-24,5.80969762802124
2004-05-25,5.887624263763428
2004-05-26,5.883294105529785
2004-05-27,5.909268379211426
2004-05-28,5.9568891525268555
2004-06-01,5.9917521476745605
2004-06-02,6.026611804962158
2004-06-03,6.065830230712891
2004-06-04,6.096334457397461
2004-06-07,6.12683629989624
2004-06-08,6.096334457397461
2004-06-09,6.026611804962158
2004-06-10,6.052758693695068
2004-06-14,6.035329341888428
2004-06-15,6.074547290802002
2004-06-16,6.078901767730713
2004-06-17,6.070188522338867
2004-06-18,6.048402309417725
2004-06-21,6.035329341888428
2004-06-22,6.03096866607666
2004-06-23,6.078901767730713
2004-06-24,6.065830230712891
2004-06-25,6.065830230712891
2004-06-28,6.100693225860596
2004-06-29,6.118124485015869
2004-06-30,6.122480869293213
2004-07-01,6.078901767730713
2004-07-02,6.122480869293213
2004-07-06,6.109408378601074
2004-07-07,6.113764762878418
2004-07-08,6.096334457397461
2004-07-09,6.096334457397461
2004-07-12,6.096334457397461
2004-07-13,6.113764762878418
2004-07-14,6.109408378601074
2004-07-15,6.113764762878418
2004-07-16,6.131195068359375
2004-07-19,6.122480869293213
2004-07-20,6.14862585067749
2004-07-21,6.12683629989624
2004-07-22,6.100693225860596
2004-07-23,6.035329341888428
2004-07-26,6.03096866607666
2004-07-27,6.0396857261657715
2004-07-28,6.035329341888428
2004-07-29,6.100693225860596
2004-07-30,6.091975688934326
2004-08-02,6.113764762878418
2004-08-03,6.131195068359375
2004-08-04,6.1050496101379395
2004-08-05,6.070188522338867
2004-08-06,5.9917521476745605
2004-08-09,5.987395286560059
2004-08-10,6.03096866607666
2004-08-11,6.048402309417725
2004-08-12,6.026611804962158
2004-08-13,6.0571160316467285
2004-08-16,6.087621688842773
2004-08-17,6.109408378601074
2004-08-18,6.166056156158447
2004-08-19,6.113764762878418
2004-08-20,6.14862585067749
2004-08-23,6.109408378601074
2004-08-24,6.122480869293213
2004-08-25,6.21834659576416
2004-08-26,6.231421947479248
2004-08-27,6.231421947479248
2004-08-30,6.231421947479248
2004-08-31,6.240137100219727
2004-09-01,6.29847526550293
2004-09-02,6.381807327270508
2004-09-03,6.386193752288818
2004-09-07,6.386193752288818
2004-09-08,6.381807327270508
2004-09-09,6.377422332763672
2004-09-10,6.425671100616455
2004-09-13,6.359874248504639
2004-09-14,6.337944030761719
2004-09-15,6.285314559936523
2004-09-16,6.381807327270508
2004-09-17,6.425671100616455
2004-09-20,6.34671688079834
2004-09-21,6.320401668548584
2004-09-22,6.285314559936523
2004-09-23,6.258995056152344
2004-09-24,6.263383388519287
2004-09-27,6.232676982879639
2004-09-28,6.307245254516602
2004-09-29,6.311633586883545
2004-09-30,6.307245254516602
2004-10-01,6.386193752288818
2004-10-04,6.386193752288818
2004-10-05,6.394964694976807
2004-10-06,6.416896343231201
2004-10-07,6.368651390075684
2004-10-08,6.373037815093994
2004-10-11,6.412511348724365
2004-10-12,6.377422332763672
2004-10-13,6.351105213165283
2004-10-14,6.329173564910889
2004-10-15,6.381807327270508
2004-10-18,6.381807327270508
2004-10-19,6.333559513092041
2004-10-20,6.333559513092041
2004-10-21,6.333559513092041
2004-10-22,6.29847526550293
2004-10-25,6.294086456298828
2004-10-26,6.351105213165283
2004-10-27,6.425671100616455
2004-10-28,6.438830375671387
2004-10-29,6.465145111083984
2004-11-01,6.469531536102295
2004-11-02,6.469531536102295
2004-11-03,6.557251930236816
2004-11-04,6.596729755401611
2004-11-05,6.574798583984375
2004-11-08,6.623044490814209
2004-11-09,6.596729755401611
2004-11-10,6.57041072845459
2004-11-11,6.61865758895874
2004-11-12,6.710766792297363
2004-11-15,6.69760799407959
2004-11-16,6.666904449462891
2004-11-17,6.662519931793213
2004-11-18,6.658132553100586
2004-11-19,6.601113796234131
2004-11-22,6.61427116394043
2004-11-23,6.61865758895874
2004-11-24,6.658132553100586
2004-11-26,6.675678253173828
2004-11-29,6.70638370513916
2004-11-30,6.70199728012085
2004-12-01,6.789717197418213
2004-12-02,6.780948162078857
2004-12-03,6.759014129638672
2004-12-06,6.754629135131836
2004-12-07,6.772171974182129
2004-12-08,6.776559829711914
2004-12-09,6.763401031494141
2004-12-10,6.754629135131836
2004-12-13,6.750241756439209
2004-12-14,6.759014129638672
2004-12-15,6.776559829711914
2004-12-16,6.776559829711914
2004-12-17,6.780948162078857
2004-12-20,6.841949939727783
2004-12-21,6.888878345489502
2004-12-22,6.888878345489502
2004-12-23,6.917033672332764
2004-12-27,6.8982648849487305
2004-12-28,6.968650817871094
2004-12-29,7.0155792236328125
2004-12-30,7.057814598083496
2004-12-31,7.245517730712891
2005-01-03,7.090664863586426
2005-01-04,6.978038787841797
2005-01-05,6.856030464172363
2005-01-06,6.8513336181640625
2005-01-07,6.837256908416748
2005-01-10,6.827871799468994
2005-01-11,6.7950263023376465
2005-01-12,6.780944347381592
2005-01-13,6.762174129486084
2005-01-14,6.799716472625732
2005-01-18,6.8325676918029785
2005-01-19,6.7762532234191895
2005-01-20,6.7527923583984375
2005-01-21,6.7527923583984375
2005-01-24,6.748097896575928
2005-01-25,6.771559715270996
2005-01-26,6.766867637634277
2005-01-27,6.748097896575928
2005-01-28,6.719940662384033
2005-01-31,6.738715648651123
2005-02-01,6.809103488922119
2005-02-02,6.856030464172363
2005-02-03,6.846645355224609
2005-02-04,6.907647609710693
2005-02-07,6.917033672332764
2005-02-08,6.921728610992432
2005-02-09,6.888878345489502
2005-02-10,6.912343502044678
2005-02-11,6.945188522338867
2005-02-14,6.940494060516357
2005-02-15,6.931110858917236
2005-02-16,6.945188522338867
2005-02-17,6.926418304443359
2005-02-18,6.907647609710693
2005-02-22,6.8184895515441895
2005-02-23,6.823177337646484
2005-02-24,6.841949939727783
2005-02-25,6.907647609710693
2005-02-28,6.88418436050415
2005-03-01,6.93580436706543
2005-03-02,6.93580436706543
2005-03-03,6.963956832885742
2005-03-04,6.999384880065918
2005-03-07,7.032444000244141
2005-03-08,7.04188871383667
2005-03-09,6.994659423828125
2005-03-10,6.980489730834961
2005-03-11,6.9427080154418945
2005-03-14,6.952151298522949
2005-03-15,6.956872940063477
2005-03-16,6.876587867736816
2005-03-17,6.895475387573242
2005-03-18,6.909647464752197
2005-03-21,6.852969646453857
2005-03-22,6.772679805755615
2005-03-23,6.730175018310547
2005-03-24,6.716006278991699
2005-03-28,6.720728874206543
2005-03-29,6.682946681976318
2005-03-30,6.739621162414551
2005-03-31,6.767958641052246
2005-04-01,6.744343280792236
2005-04-04,6.758513450622559
2005-04-05,6.772679805755615
2005-04-06,6.777406215667725
2005-04-07,6.8293561935424805
2005-04-08,6.796297550201416
2005-04-11,6.767958641052246
2005-04-12,6.824634552001953
2005-04-13,6.777406215667725
2005-04-14,6.7490644454956055
2005-04-15,6.6687774658203125
2005-04-18,6.687665939331055
2005-04-19,6.720728874206543
2005-04-20,6.6309919357299805
2005-04-21,6.692393779754639
2005-04-22,6.659334182739258
2005-04-25,6.706562519073486
2005-04-26,6.720728874206543
2005-04-27,6.744343280792236
2005-04-28,6.69711446762085
2005-04-29,6.753790378570557
2005-05-02,6.777406215667725
2005-05-03,6.767958641052246
2005-05-04,6.857695579528809
2005-05-05,6.8482441902160645
2005-05-06,6.838805198669434
2005-05-09,6.881306171417236
2005-05-10,6.786848068237305
2005-05-11,6.80574369430542
2005-05-12,6.782129764556885
2005-05-13,6.725451946258545
2005-05-16,6.772679805755615
2005-05-17,6.810463905334473
2005-05-18,6.876587867736816
2005-05-19,6.890758991241455
2005-05-20,6.876587867736816
2005-05-23,6.890758991241455
2005-05-24,6.909647464752197
2005-05-25,6.881306171417236
2005-05-26,6.895475387573242
2005-05-27,6.919092178344727
2005-05-31,6.914369583129883
2005-06-01,6.947659015655518
2005-06-02,6.961923599243164
2005-06-03,6.952413082122803
2005-06-06,6.933391571044922
2005-06-07,6.957168102264404
2005-06-08,6.942901134490967
2005-06-09,6.957168102264404
2005-06-10,6.957168102264404
2005-06-13,6.952413082122803
2005-06-14,6.957168102264404
2005-06-15,6.966678142547607
2005-06-16,7.00472354888916
2005-06-17,7.038010120391846
2005-06-20,7.052276134490967
2005-06-21,7.028499126434326
2005-06-22,7.04752254486084
2005-06-23,6.990460395812988
2005-06-24,6.976192474365234
2005-06-27,6.942901134490967
2005-06-28,6.9809465408325195
2005-06-29,6.985701084136963
2005-06-30,6.985701084136963
2005-07-01,6.999967098236084
2005-07-05,7.061789035797119
2005-07-06,7.033254146575928
2005-07-07,7.057028770446777
2005-07-08,7.118851661682129
2005-07-11,7.152140140533447
2005-07-12,7.161650657653809
2005-07-13,7.156896114349365
2005-07-14,7.152140140533447
2005-07-15,7.14738130569458
2005-07-18,7.109339714050293
2005-07-19,7.137873649597168
2005-07-20,7.171163558959961
2005-07-21,7.156896114349365
2005-07-22,7.166406154632568
2005-07-25,7.137873649597168
2005-07-26,7.171163558959961
2005-07-27,7.190182685852051
2005-07-28,7.209205150604248
2005-07-29,7.199693202972412
2005-08-01,7.2044501304626465
2005-08-02,7.252000331878662
2005-08-03,7.247247219085693
2005-08-04,7.213963031768799
2005-08-05,7.142630577087402
2005-08-08,7.099832057952881
2005-08-09,7.128364086151123
2005-08-10,7.12360954284668
2005-08-11,7.137873649597168
2005-08-12,7.133118629455566
2005-08-15,7.156896114349365
2005-08-16,7.128364086151123
2005-08-17,7.0950727462768555
2005-08-18,7.066542148590088
2005-08-19,7.080807685852051
2005-08-22,7.090317249298096
2005-08-23,7.085564613342285
2005-08-24,7.057028770446777
2005-08-25,7.071301460266113
2005-08-26,7.033254146575928
2005-08-29,7.061789035797119
2005-08-30,7.028499126434326
2005-08-31,7.099832057952881
2005-09-01,7.129995822906494
2005-09-02,7.15872859954834
2005-09-06,7.220981597900391
2005-09-07,7.211403846740723
2005-09-08,7.187458515167236
2005-09-09,7.24970817565918
2005-09-12,7.220981597900391
2005-09-13,7.187458515167236
2005-09-14,7.187458515167236
2005-09-15,7.173091888427734
2005-09-16,7.206613540649414
2005-09-19,7.1826701164245605
2005-09-20,7.144360542297363
2005-09-21,7.096480369567871
2005-09-22,7.058170795440674
2005-09-23,7.048596382141113
2005-09-26,7.0533833503723145
2005-09-27,7.067748546600342
2005-09-28,7.058170795440674
2005-09-29,7.129995822906494
2005-09-30,7.129995822906494
2005-10-03,7.13957405090332
2005-10-04,7.110843181610107
2005-10-05,7.024654388427734
2005-10-06,6.962403297424316
2005-10-07,6.971978664398193
2005-10-10,6.914515972137451
2005-10-11,6.933673858642578
2005-10-12,6.837901592254639
2005-10-13,6.799596309661865
2005-10-14,6.857059478759766
2005-10-17,6.890575885772705
2005-10-18,6.861845970153809
2005-10-19,6.933673858642578
2005-10-20,6.85227108001709
2005-10-21,6.8857879638671875
2005-10-24,6.976767539978027
2005-10-25,6.952825546264648
2005-10-26,6.948038578033447
2005-10-27,6.92409610748291
2005-10-28,7.019862651824951
2005-10-31,7.062958717346191
2005-11-01,7.029442310333252
2005-11-02,7.086901664733887
2005-11-03,7.13957405090332
2005-11-04,7.125209808349609
2005-11-07,7.144360542297363
2005-11-08,7.13957405090332
2005-11-09,7.149150371551514
2005-11-10,7.187458515167236
2005-11-11,7.211403846740723
2005-11-14,7.220981597900391
2005-11-15,7.187458515167236
2005-11-16,7.177882671356201
2005-11-17,7.235342979431152
2005-11-18,7.278439521789551
2005-11-21,7.2975945472717285
2005-11-22,7.326323986053467
2005-11-23,7.34547758102417
2005-11-25,7.36942195892334
2005-11-28,7.326323986053467
2005-11-29,7.326323986053467
2005-11-30,7.2880167961120605
2005-12-01,7.36942195892334
2005-12-02,7.383786201477051
2005-12-05,7.37420654296875
2005-12-06,7.3598408699035645
2005-12-07,7.33111572265625
2005-12-08,7.33111572265625
2005-12-09,7.355052471160889
2005-12-12,7.436456680297852
2005-12-13,7.46519136428833
2005-12-14,7.484341621398926
2005-12-15,7.469979286193848
2005-12-16,7.498711585998535
2005-12-19,7.546346187591553
2005-12-20,7.530108451843262
2005-12-21,7.513867378234863
2005-12-22,7.557174205780029
2005-12-23,7.562588691711426
2005-12-27,7.584240913391113
2005-12-28,7.584240913391113
2005-12-29,7.540931224822998
2005-12-30,7.524692058563232
2006-01-03,7.578830718994141
2006-01-04,7.6383771896362305
2006-01-05,7.7303996086120605
2006-01-06,7.789953708648682
2006-01-09,7.7953643798828125
2006-01-10,7.789953708648682
2006-01-11,7.817017555236816
2006-01-12,7.762882232666016
2006-01-13,7.784536361694336
2006-01-17,7.806190490722656
2006-01-18,7.871151447296143
2006-01-19,7.871151447296143
2006-01-20,7.789953708648682
2006-01-23,7.833261966705322
2006-01-24,7.757471561431885
2006-01-25,7.741229057312012
2006-01-26,7.752056121826172
2006-01-27,7.806190490722656
2006-01-30,7.746644496917725
2006-01-31,7.789953708648682
2006-02-01,7.784536361694336
2006-02-02,7.719573974609375
2006-02-03,7.670856475830078
2006-02-06,7.692508697509766
2006-02-07,7.676267147064209
2006-02-08,7.708751201629639
2006-02-09,7.687097549438477
2006-02-10,7.746644496917725
2006-02-13,7.670856475830078
2006-02-14,7.741229057312012
2006-02-15,7.768299102783203
2006-02-16,7.811604976654053
2006-02-17,7.817017555236816
2006-02-21,7.849501132965088
2006-02-22,7.871151447296143
2006-02-23,7.881980895996094
2006-02-24,7.8765668869018555
2006-02-27,7.892804145812988
2006-02-28,7.871151447296143
2006-03-01,7.930054187774658
2006-03-02,7.9246039390563965
2006-03-03,7.9191508293151855
2006-03-06,7.842790126800537
2006-03-07,7.831883430480957
2006-03-08,7.8264312744140625
2006-03-09,7.810068130493164
2006-03-10,7.870063781738281
2006-03-13,7.8864264488220215
2006-03-14,7.984596252441406
2006-03-15,7.995502948760986
2006-03-16,8.05549430847168
2006-03-17,8.028225898742676
2006-03-20,8.04459285736084
2006-03-21,7.995502948760986
2006-03-22,8.033679962158203
2006-03-23,7.984596252441406
2006-03-24,8.060953140258789
2006-03-27,7.995502948760986
2006-03-28,7.946415901184082
2006-03-29,7.990047454833984
2006-03-30,7.97914457321167
2006-03-31,7.946415901184082
2006-04-03,7.990047454833984
2006-04-04,8.000959396362305
2006-04-05,8.000959396362305
2006-04-06,7.962779521942139
2006-04-07,7.9246039390563965
2006-04-10,7.8864264488220215
2006-04-11,7.842790126800537
2006-04-12,7.853702545166016
2006-04-13,7.799160957336426
2006-04-17,7.777344226837158
2006-04-18,7.940968990325928
2006-04-19,7.913697719573975
2006-04-20,7.9246039390563965
2006-04-21,7.8864264488220215
2006-04-24,7.842790126800537
2006-04-25,7.810068130493164
2006-04-26,7.842790126800537
2006-04-27,7.859156608581543
2006-04-28,7.902791500091553
2006-05-01,7.908242225646973
2006-05-02,7.908242225646973
2006-05-03,7.842790126800537
2006-05-04,7.8864264488220215
2006-05-05,7.968235492706299
2006-05-08,7.984596252441406
2006-05-09,7.973690509796143
2006-05-10,7.9573259353637695
2006-05-11,7.859156608581543
2006-05-12,7.777344226837158
2006-05-15,7.771888732910156
2006-05-16,7.815524101257324
2006-05-17,7.711898326873779
2006-05-18,7.722804069519043
2006-05-19,7.760984420776367
2006-05-22,7.700991153717041
2006-05-23,7.717353343963623
2006-05-24,7.679174900054932
2006-05-25,7.75553035736084
2006-05-26,7.799160957336426
2006-05-30,7.744624137878418
2006-05-31,7.777344226837158
2006-06-01,7.897150993347168
2006-06-02,7.919131755828857
2006-06-05,7.853184223175049
2006-06-06,7.82570743560791
2006-06-07,7.792736053466797
2006-06-08,7.798228740692139
2006-06-09,7.853184223175049
2006-06-12,7.792736053466797
2006-06-13,7.798228740692139
2006-06-14,7.781740188598633
2006-06-15,7.858679294586182
2006-06-16,7.858679294586182
2006-06-19,7.8916544914245605
2006-06-20,7.820212364196777
2006-06-21,7.930122375488281
2006-06-22,7.864174842834473
2006-06-23,7.858679294586182
2006-06-26,7.913638114929199
2006-06-27,7.990576267242432
2006-06-28,8.001564979553223
2006-06-29,8.21589469909668
2006-06-30,8.281840324401855
2006-07-03,8.31390380859375
2006-07-05,8.275206565856934
2006-07-06,8.280734062194824
2006-07-07,8.258624076843262
2006-07-10,8.258624076843262
2006-07-11,8.3525972366333
2006-07-12,8.308371543884277
2006-07-13,8.264155387878418
2006-07-14,8.09831428527832
2006-07-17,8.1978120803833
2006-07-18,8.2365140914917
2006-07-19,8.347065925598145
2006-07-20,8.363649368286133
2006-07-21,8.3525972366333
2006-07-24,8.429985046386719
2006-07-25,8.512906074523926
2006-07-26,8.595824241638184
2006-07-27,8.518430709838867
2006-07-28,9.026997566223145
2006-07-31,8.944079399108887
2006-08-01,8.920731544494629
2006-08-02,8.96519660949707
2006-08-03,8.976311683654785
2006-08-04,8.981870651245117
2006-08-07,8.970757484436035
2006-08-08,8.954083442687988
2006-08-09,8.926289558410645
2006-08-10,8.954083442687988
2006-08-11,8.94296646118164
2006-08-14,8.976311683654785
2006-08-15,9.11526870727539
2006-08-16,9.13749885559082
2006-08-17,9.13749885559082
2006-08-18,9.159728050231934
2006-08-21,9.148614883422852
2006-08-22,9.148614883422852
2006-08-23,9.104146003723145
2006-08-24,9.11526870727539
2006-08-25,9.13749885559082
2006-08-28,9.198638916015625
2006-08-29,9.204198837280273
2006-08-30,9.220870971679688
2006-08-31,9.254220962524414
2006-09-01,9.247514724731445
2006-09-05,9.253104209899902
2006-09-06,9.197224617004395
2006-09-07,9.152519226074219
2006-09-08,9.191638946533203
2006-09-11,9.219576835632324
2006-09-12,9.27545166015625
2006-09-13,9.32015323638916
2006-09-14,9.292214393615723
2006-09-15,9.331330299377441
2006-09-18,9.353677749633789
2006-09-19,9.30897331237793
2006-09-20,9.342504501342773
2006-09-21,9.325738906860352
2006-09-22,9.314565658569336
2006-09-25,9.387201309204102
2006-09-26,9.42072582244873
2006-09-27,9.459848403930664
2006-09-28,9.46543025970459
2006-09-29,9.443077087402344
2006-10-02,9.413872718811035
2006-10-03,9.492508888244629
2006-10-04,9.548677444458008
2006-10-05,9.55991268157959
2006-10-06,9.531825065612793
2006-10-09,9.514974594116211
2006-10-10,9.571146965026855
2006-10-11,9.576762199401855
2006-10-12,9.64416217803955
2006-10-13,9.638551712036133
2006-10-16,9.68909740447998
2006-10-17,9.68909740447998
2006-10-18,9.717185020446777
2006-10-19,9.700337409973145
2006-10-20,9.677865982055664
2006-10-23,9.76773452758789
2006-10-24,9.76773452758789
2006-10-25,9.823902130126953
2006-10-26,9.896923065185547
2006-10-27,9.823902130126953
2006-10-30,9.795819282531738
2006-10-31,9.778969764709473
2006-11-01,9.800420761108398
2006-11-02,9.755254745483398
2006-11-03,9.749615669250488
2006-11-06,9.839937210083008
2006-11-07,9.851229667663574
2006-11-08,9.8568754196167
2006-11-09,9.823001861572266
2006-11-10,9.851229667663574
2006-11-13,9.879453659057617
2006-11-14,9.935912132263184
2006-11-15,9.935912132263184
2006-11-16,9.947202682495117
2006-11-17,9.935912132263184
2006-11-20,9.992368698120117
2006-11-21,10.003652572631836
2006-11-22,10.020590782165527
2006-11-24,10.026235580444336
2006-11-27,9.924623489379883
2006-11-28,9.952847480773926
2006-11-29,10.0375337600708
2006-11-30,10.105276107788086
2006-12-01,10.0375337600708
2006-12-04,10.15043830871582
2006-12-05,10.184309005737305
2006-12-06,10.164510726928711
2006-12-07,10.164510726928711
2006-12-08,10.195446968078613
2006-12-11,10.232563972473145
2006-12-12,10.238751411437988
2006-12-13,10.294428825378418
2006-12-14,10.325361251831055
2006-12-15,10.350109100341797
2006-12-18,10.312989234924316
2006-12-19,10.325361251831055
2006-12-20,10.31917667388916
2006-12-21,10.294428825378418
2006-12-22,10.25731086730957
2006-12-26,10.31917667388916
2006-12-27,10.393411636352539
2006-12-28,10.411974906921387
2006-12-29,10.350109100341797
2007-01-03,10.343928337097168
2007-01-04,10.362480163574219
2007-01-05,10.244939804077148
2007-01-08,10.244939804077148
2007-01-09,10.238751411437988
2007-01-10,10.263495445251465
2007-01-11,10.31917667388916
2007-01-12,10.337736129760742
2007-01-16,10.343928337097168
2007-01-17,10.343928337097168
2007-01-18,10.337736129760742
2007-01-19,10.381041526794434
2007-01-22,10.337736129760742
2007-01-23,10.356292724609375
2007-01-24,10.424344062805176
2007-01-25,10.350109100341797
2007-01-26,10.337736129760742
2007-01-29,10.350109100341797
2007-01-30,10.399603843688965
2007-01-31,10.461467742919922
2007-02-01,10.5171480178833
2007-02-02,10.548079490661621
2007-02-05,10.548079490661621
2007-02-06,10.603757858276367
2007-02-07,10.622315406799316
2007-02-08,10.609942436218262
2007-02-09,10.572824478149414
2007-02-12,10.541893005371094
2007-02-13,10.640876770019531
2007-02-14,10.677996635437012
2007-02-15,10.696556091308594
2007-02-16,10.72748851776123
2007-02-20,10.752232551574707
2007-02-21,10.72748851776123
2007-02-22,10.72748851776123
2007-02-23,10.715117454528809
2007-02-26,10.72748851776123
2007-02-27,10.418159484863281
2007-02-28,10.461467742919922
2007-03-01,10.442903518676758
2007-03-02,10.312989234924316
2007-03-05,10.170700073242188
2007-03-06,10.331551551818848
2007-03-07,10.306803703308105
2007-03-08,10.362480163574219
2007-03-09,10.374856948852539
2007-03-12,10.424344062805176
2007-03-13,10.251124382019043
2007-03-14,10.275873184204102
2007-03-15,10.362480163574219
2007-03-16,10.306803703308105
2007-03-19,10.393411636352539
2007-03-20,10.47383975982666
2007-03-21,10.622315406799316
2007-03-22,10.609942436218262
2007-03-23,10.634845733642578
2007-03-26,10.678438186645508
2007-03-27,10.553905487060547
2007-03-28,10.497864723205566
2007-03-29,10.553905487060547
2007-03-30,10.529004096984863
2007-04-02,10.560134887695312
2007-04-03,10.641077995300293
2007-04-04,10.616168022155762
2007-04-05,10.641077995300293
2007-04-09,10.634845733642578
2007-04-10,10.665985107421875
2007-04-11,10.591265678405762
2007-04-12,10.634845733642578
2007-04-13,10.672211647033691
2007-04-16,10.759380340576172
2007-04-17,10.815418243408203
2007-04-18,10.821643829345703
2007-04-19,10.78428840637207
2007-04-20,10.890131950378418
2007-04-23,10.871459007263184
2007-04-24,10.871459007263184
2007-04-25,10.9212646484375
2007-04-26,10.902587890625
2007-04-27,10.902587890625
2007-04-30,10.790515899658203
2007-05-01,10.840324401855469
2007-05-02,10.915044784545898
2007-05-03,10.952397346496582
2007-05-04,10.946176528930664
2007-05-07,10.971081733703613
2007-05-08,10.946176528930664
2007-05-09,11.002212524414062
2007-05-10,10.871459007263184
2007-05-11,10.952397346496582
2007-05-14,10.939949035644531
2007-05-15,10.902587890625
2007-05-16,10.971081733703613
2007-05-17,10.977306365966797
2007-05-18,10.989761352539062
2007-05-21,11.008442878723145
2007-05-22,11.020896911621094
2007-05-23,10.971081733703613
2007-05-24,10.840324401855469
2007-05-25,10.877683639526367
2007-05-29,10.952397346496582
2007-05-30,11.033346176147461
2007-05-31,11.027120590209961
2007-06-01,11.064476013183594
2007-06-04,11.083154678344727
2007-06-05,10.989761352539062
2007-06-06,10.877683639526367
2007-06-07,10.65975570678711
2007-06-08,10.746925354003906
2007-06-11,10.765608787536621
2007-06-12,10.641077995300293
2007-06-13,10.771834373474121
2007-06-14,10.790515899658203
2007-06-15,10.859000205993652
2007-06-18,10.80919361114502
2007-06-19,10.815418243408203
2007-06-20,10.734475135803223
2007-06-21,10.703143119812012
2007-06-22,10.584078788757324
2007-06-25,10.54021167755127
2007-06-26,10.552742958068848
2007-06-27,10.653006553649902
2007-06-28,10.653006553649902
2007-06-29,10.621673583984375
2007-07-02,10.753278732299805
2007-07-03,10.778336524963379
2007-07-05,10.772074699401855
2007-07-06,10.747004508972168
2007-07-09,10.71567153930664
2007-07-10,10.627946853637695
2007-07-11,10.609147071838379
2007-07-12,10.815938949584961
2007-07-13,10.85980224609375
2007-07-16,10.765803337097168
2007-07-17,10.803407669067383
2007-07-18,10.740742683410645
2007-07-19,10.803407669067383
2007-07-20,10.646743774414062
2007-07-23,10.659274101257324
2007-07-24,10.43368148803711
2007-07-25,10.452482223510742
2007-07-26,10.270753860473633
2007-07-27,10.120359420776367
2007-07-30,10.195555686950684
2007-07-31,10.126623153686523
2007-08-01,10.214356422424316
2007-08-02,10.277017593383789
2007-08-03,9.969963073730469
2007-08-06,10.183026313781738
2007-08-07,10.345951080322266
2007-08-08,10.496346473693848
2007-08-09,10.245687484741211
2007-08-10,10.245687484741211
2007-08-13,10.151690483093262
2007-08-14,9.982494354248047
2007-08-15,9.882233619689941
2007-08-16,10.070231437683105
2007-08-17,10.308351516723633
2007-08-20,10.28955364227295
2007-08-21,10.327149391174316
2007-08-22,10.408618927001953
2007-08-23,10.383548736572266
2007-08-24,10.446212768554688
2007-08-27,10.327149391174316
2007-08-28,10.101564407348633
2007-08-29,10.314620971679688
2007-08-30,10.270753860473633
2007-08-31,10.36475658416748
2007-09-04,10.452482223510742
2007-09-05,10.314620971679688
2007-09-06,10.358487129211426
2007-09-07,10.220623016357422
2007-09-10,10.1767578125
2007-09-11,10.283287048339844
2007-09-12,10.295822143554688
2007-09-13,10.345951080322266
2007-09-14,10.371017456054688
2007-09-17,10.314620971679688
2007-09-18,10.590341567993164
2007-09-19,10.665542602539062
2007-09-20,10.571547508239746
2007-09-21,10.571545600891113
2007-09-24,10.521052360534668
2007-09-25,10.502120971679688
2007-09-26,10.558923721313477
2007-09-27,10.609413146972656
2007-09-28,10.539989471435547
2007-10-01,10.691457748413086
2007-10-02,10.723015785217285
2007-10-03,10.71670913696289
2007-10-04,10.741951942443848
2007-10-05,10.849245071411133
2007-10-08,10.77982234954834
2007-10-09,10.842930793762207
2007-10-10,10.77982234954834
2007-10-11,10.729328155517578
2007-10-12,10.723015785217285
2007-10-15,10.609413146972656
2007-10-16,10.514745712280273
2007-10-17,10.489500999450684
2007-10-18,10.457940101623535
2007-10-19,10.123443603515625
2007-10-22,10.338025093078613
2007-10-23,10.356958389282227
2007-10-24,10.30646800994873
2007-10-25,10.356958389282227
2007-10-26,10.464249610900879
2007-10-29,10.489500999450684
2007-10-30,10.495810508728027
2007-10-31,10.577856063842773
2007-11-01,10.293842315673828
2007-11-02,10.255980491638184
2007-11-05,10.249666213989258
2007-11-06,10.33171558380127
2007-11-07,10.066634178161621
2007-11-08,10.167614936828613
2007-11-09,10.117124557495117
2007-11-12,10.110816955566406
2007-11-13,10.338025093078613
2007-11-14,10.243352890014648
2007-11-15,10.142374038696289
2007-11-16,10.117124557495117
2007-11-19,9.971962928771973
2007-11-20,9.959341049194336
2007-11-21,9.870979309082031
2007-11-23,9.9909029006958
2007-11-26,9.795246124267578
2007-11-27,9.915164947509766
2007-11-28,10.186549186706543
2007-11-29,10.110816955566406
2007-11-30,10.249666213989258
2007-12-03,10.224420547485352
2007-12-04,10.167614936828613
2007-12-05,10.30646800994873
2007-12-06,10.439008712768555
2007-12-07,10.401138305664062
2007-12-10,10.521052360534668
2007-12-11,10.237041473388672
2007-12-12,10.173929214477539
2007-12-13,10.205484390258789
2007-12-14,9.9909029006958
2007-12-17,9.870979309082031
2007-12-18,9.959341049194336
2007-12-19,9.978278160095215
2007-12-20,9.959341049194336
2007-12-21,10.121564865112305
2007-12-24,10.223355293273926
2007-12-26,10.191549301147461
2007-12-27,10.070672988891602
2007-12-28,10.051589012145996
2007-12-31,9.898905754089355
2008-01-02,9.835288047790527
2008-01-03,9.80984115600586
2008-01-04,9.587177276611328
2008-01-07,9.688969612121582
2008-01-08,9.491750717163086
2008-01-09,9.580817222595215
2008-01-10,9.669879913330078
2008-01-11,9.60626220703125
2008-01-14,9.59990119934082
2008-01-15,9.421775817871094
2008-01-16,9.447218894958496
2008-01-17,9.345429420471191
2008-01-18,9.097322463989258
2008-01-22,9.05915355682373
2008-01-23,9.4408597946167
2008-01-24,9.402688980102539
2008-01-25,9.269091606140137
2008-01-28,9.466302871704102
2008-01-29,9.580817222595215
2008-01-30,9.51083755493164
2008-01-31,9.695330619812012
2008-02-01,9.898905754089355
2008-02-04,9.828924179077148
2008-02-05,9.542644500732422
2008-02-06,9.523560523986816
2008-02-07,9.542644500732422
2008-02-08,9.466302871704102
2008-02-11,9.447218894958496
2008-02-12,9.542644500732422
2008-02-13,9.60626220703125
2008-02-14,9.485394477844238
2008-02-15,9.51720142364502
2008-02-19,9.466302871704102
2008-02-20,9.55537223815918
2008-02-21,9.421775817871094
2008-02-22,9.421775817871094
2008-02-25,9.638072967529297
2008-02-26,9.695330619812012
2008-02-27,9.663520812988281
2008-02-28,9.542644500732422
2008-02-29,9.300896644592285
2008-03-03,9.326348304748535
2008-03-04,9.281815528869629
2008-03-05,9.31362247467041
2008-03-06,9.148219108581543
2008-03-07,9.090962409973145
2008-03-10,9.052794456481934
2008-03-11,9.339070320129395
2008-03-12,9.281815528869629
2008-03-13,9.339070320129395
2008-03-14,9.135490417480469
2008-03-17,9.10368537902832
2008-03-18,9.396329879760742
2008-03-19,9.275450706481934
2008-03-20,9.472671508789062
2008-03-24,9.53994083404541
2008-03-25,9.616822242736816
2008-03-26,9.469462394714355
2008-03-27,9.418209075927734
2008-03-28,9.341323852539062
2008-03-31,9.347735404968262
2008-04-01,9.700113296508789
2008-04-02,9.738554000854492
2008-04-03,9.725743293762207
2008-04-04,9.687295913696289
2008-04-07,9.732146263122559
2008-04-08,9.668079376220703
2008-04-09,9.54634952545166
2008-04-10,9.57197380065918
2008-04-11,9.450241088867188
2008-04-14,9.379768371582031
2008-04-15,9.450241088867188
2008-04-16,9.680891990661621
2008-04-17,9.712925910949707
2008-04-18,9.796220779418945
2008-04-21,9.719332695007324
2008-04-22,9.629636764526367
2008-04-23,9.616822242736816
2008-04-24,9.744962692260742
2008-04-25,9.802620887756348
2008-04-28,9.834661483764648
2008-04-29,9.821844100952148
2008-04-30,9.783400535583496
2008-05-01,10.014052391052246
2008-05-02,10.007647514343262
2008-05-05,9.962798118591309
2008-05-06,9.994831085205078
2008-05-07,9.770591735839844
2008-05-08,9.821844100952148
2008-05-09,9.789812088012695
2008-05-12,9.924356460571289
2008-05-13,9.91154670715332
2008-05-14,10.007647514343262
2008-05-15,10.052494049072266
2008-05-16,10.033271789550781
2008-05-19,10.0589017868042
2008-05-20,9.975614547729492
2008-05-21,9.885913848876953
2008-05-22,9.96920394897461
2008-05-23,9.821844100952148
2008-05-27,9.879510879516602
2008-05-28,9.866692543029785
2008-05-29,9.962798118591309
2008-05-30,9.962798118591309
2008-06-02,9.879510879516602
2008-06-03,9.834661483764648
2008-06-04,9.834661483764648
2008-06-05,9.975614547729492
2008-06-06,9.706517219543457
2008-06-09,9.680891990661621
2008-06-10,9.693709373474121
2008-06-11,9.552753448486328
2008-06-12,9.559161186218262
2008-06-13,9.623229026794434
2008-06-16,9.636043548583984
2008-06-17,9.57197380065918
2008-06-18,9.456649780273438
2008-06-19,9.482278823852539
2008-06-20,9.347735404968262
2008-06-23,9.312857627868652
2008-06-24,9.280566215515137
2008-06-25,9.377442359924316
2008-06-26,9.125565528869629
2008-06-27,9.060983657836914
2008-06-30,9.035150527954102
2008-07-01,9.041607856750488
2008-07-02,8.951193809509277
2008-07-03,8.912442207336426
2008-07-07,8.828485488891602
2008-07-08,9.054522514343262
2008-07-09,8.918904304504395
2008-07-10,8.931817054748535
2008-07-11,8.886611938476562
2008-07-14,8.705777168273926
2008-07-15,8.641196250915527
2008-07-16,8.89952564239502
2008-07-17,9.041607856750488
2008-07-18,9.060983657836914
2008-07-21,9.022233963012695
2008-07-22,9.25473403930664
2008-07-23,9.29348373413086
2008-07-24,9.119108200073242
2008-07-25,9.073899269104004
2008-07-28,8.996400833129883
2008-07-29,9.093276023864746
2008-07-30,9.319315910339355
2008-07-31,9.228898048400879
2008-08-01,9.183693885803223
2008-08-04,9.183693885803223
2008-08-05,9.39035701751709
2008-08-06,9.409732818603516
2008-08-07,9.228898048400879
2008-08-08,9.4807710647583
2008-08-11,9.590566635131836
2008-08-12,9.474315643310547
2008-08-13,9.448482513427734
2008-08-14,9.44201946258545
2008-08-15,9.500144958496094
2008-08-18,9.409732818603516
2008-08-19,9.280566215515137
2008-08-20,9.287027359008789
2008-08-21,9.287027359008789
2008-08-22,9.39035701751709
2008-08-25,9.25473403930664
2008-08-26,9.25473403930664
2008-08-27,9.338691711425781
2008-08-28,9.4807710647583
2008-08-29,9.448482513427734
2008-09-02,9.429106712341309
2008-09-03,9.461397171020508
2008-09-04,9.29348373413086
2008-09-05,9.312857627868652
2008-09-08,9.532439231872559
2008-09-09,9.377442359924316
2008-09-10,9.435564994812012
2008-09-11,9.364522933959961
2008-09-12,9.558273315429688
2008-09-15,9.287027359008789
2008-09-16,9.345149993896484
2008-09-17,9.015774726867676
2008-09-18,9.403274536132812
2008-09-19,9.674522399902344
2008-09-22,9.376705169677734
2008-09-23,9.311678886413574
2008-09-24,9.214140892028809
2008-09-25,9.376705169677734
2008-09-26,9.409218788146973
2008-09-29,8.895517349243164
2008-09-30,9.064577102661133
2008-10-01,9.116599082946777
2008-10-02,8.856496810913086
2008-10-03,8.771963119506836
2008-10-06,8.349297523498535
2008-10-07,8.011164665222168
2008-10-08,7.861605167388916
2008-10-09,7.172333717346191
2008-10-10,7.172333717346191
2008-10-13,7.861605167388916
2008-10-14,7.8941192626953125
2008-10-15,7.250365257263184
2008-10-16,7.47795295715332
2008-10-17,7.484455108642578
2008-10-20,7.829092025756836
2008-10-21,7.705543518066406
2008-10-22,7.32189416885376
2008-10-23,7.165830135345459
2008-10-24,7.230855941772461
2008-10-27,7.0487871170043945
2008-10-28,7.497459888458252
2008-10-29,7.790079116821289
2008-10-30,7.725053787231445
2008-10-31,7.803080081939697
2008-11-03,7.907124042510986
2008-11-04,8.147717475891113
2008-11-05,7.516969203948975
2008-11-06,7.380413055419922
2008-11-07,7.549478530883789
2008-11-10,7.529975891113281
2008-11-11,7.32839822769165
2008-11-12,7.06829309463501
2008-11-13,7.438940525054932
2008-11-14,7.425933361053467
2008-11-17,7.126817226409912
2008-11-18,7.126817226409912
2008-11-19,6.801686763763428
2008-11-20,6.359511375427246
2008-11-21,6.69764518737793
2008-11-24,7.081296920776367
2008-11-25,7.191840648651123
2008-11-26,7.334895133972168
2008-11-28,7.464949607849121
2008-12-01,6.840701103210449
2008-12-02,7.107308864593506
2008-12-03,7.224354267120361
2008-12-04,7.016268730163574
2008-12-05,7.282876968383789
2008-12-08,7.5624871253967285
2008-12-09,7.354405879974365
2008-12-10,7.497459888458252
2008-12-11,7.276374816894531
2008-12-12,7.347904682159424
2008-12-15,7.250365257263184
2008-12-16,7.594996929168701
2008-12-17,7.627513408660889
2008-12-18,7.438940525054932
2008-12-19,7.601502418518066
2008-12-22,7.380413055419922
2008-12-23,7.27915096282959
2008-12-24,7.27257776260376
2008-12-26,7.312028884887695
2008-12-29,7.259423732757568
2008-12-30,7.489570617675781
2008-12-31,7.62765645980835
2009-01-02,7.785470008850098
2009-01-05,7.7197136878967285
2009-01-06,7.785470008850098
2009-01-07,7.62765645980835
2009-01-08,7.6473822593688965
2009-01-09,7.529020309448242
2009-01-12,7.3712077140808105
2009-01-13,7.344906330108643
2009-01-14,7.1344895362854
2009-01-15,7.193667411804199
2009-01-16,7.252849102020264
2009-01-20,6.930647850036621
2009-01-21,7.1147613525390625
2009-01-22,6.976676940917969
2009-01-23,7.009553909301758
2009-01-26,7.035853385925293
2009-01-27,7.160791873931885
2009-01-28,7.344906330108643
2009-01-29,7.127912998199463
2009-01-30,6.930647850036621
2009-02-02,6.96352481842041
2009-02-03,7.016129493713379
2009-02-04,7.009553909301758
2009-02-05,7.062156677246094
2009-02-06,7.259423732757568
2009-02-09,7.252849102020264
2009-02-10,6.924070358276367
2009-02-11,6.9701008796691895
2009-02-12,6.924070358276367
2009-02-13,6.8517374992370605
2009-02-17,6.516385555267334
2009-02-18,6.470358848571777
2009-02-19,6.417752265930176
2009-02-20,6.286240577697754
2009-02-23,6.049521446228027
2009-02-24,6.30596923828125
2009-02-25,6.220483303070068
2009-02-26,6.1744561195373535
2009-02-27,6.023219108581543
2009-03-02,5.773345947265625
2009-03-03,5.622109889984131
2009-03-04,5.740469932556152
2009-03-05,5.490597248077393
2009-03-06,5.523475646972656
2009-03-09,5.4314165115356445
2009-03-10,5.733892440795898
2009-03-11,5.793075084686279
2009-03-12,5.983765602111816
2009-03-13,6.036369323730469
2009-03-16,6.088972091674805
2009-03-17,6.266512870788574
2009-03-18,6.463781833648682
2009-03-19,6.3980255126953125
2009-03-20,6.273090839385986
2009-03-23,6.673500061035156
2009-03-24,6.560615062713623
2009-03-25,6.646937847137451
2009-03-26,6.7863850593566895
2009-03-27,6.666860580444336
2009-03-30,6.441089153289795
2009-03-31,6.560615062713623
2009-04-01,6.627016544342041
2009-04-02,6.832870006561279
2009-04-03,6.872708797454834
2009-04-06,6.8461480140686035
2009-04-07,6.713344097137451
2009-04-08,6.766465187072754
2009-04-09,6.965673446655273
2009-04-13,6.925832748413086
2009-04-14,6.8195881843566895
2009-04-15,6.8793463706970215
2009-04-16,7.01215124130249
2009-04-17,7.058632850646973
2009-04-20,6.839506149291992
2009-04-21,6.952391624450684
2009-04-22,6.912553310394287
2009-04-23,6.952391624450684
2009-04-24,7.03207540512085
2009-04-27,7.045357704162598
2009-04-28,7.0254364013671875
2009-04-29,7.138319969177246
2009-04-30,7.151601314544678
2009-05-01,7.16487979888916
2009-05-04,7.337527275085449
2009-05-05,7.330888271331787
2009-05-06,7.364086627960205
2009-05-07,7.330888271331787
2009-05-08,7.476977348327637
2009-05-11,7.364086627960205
2009-05-12,7.344170570373535
2009-05-13,7.191442012786865
2009-05-14,7.19808292388916
2009-05-15,7.151601314544678
2009-05-18,7.304330348968506
2009-05-19,7.304330348968506
2009-05-20,7.251206874847412
2009-05-21,7.131679534912109
2009-05-22,7.158239364624023
2009-05-26,7.350806713104248
2009-05-27,7.218001842498779
2009-05-28,7.264487266540527
2009-05-29,7.37073278427124
2009-06-01,7.603140354156494
2009-06-02,7.6429829597473145
2009-06-03,7.550018310546875
2009-06-04,7.59650182723999
2009-06-05,7.616421222686768
2009-06-08,7.609782695770264
2009-06-09,7.59650182723999
2009-06-10,7.589861869812012
2009-06-11,7.636343479156494
2009-06-12,7.682825088500977
2009-06-15,7.5101776123046875
2009-06-16,7.443772315979004
2009-06-17,7.437132358551025
2009-06-18,7.530099868774414
2009-06-19,7.496896266937256
2009-06-22,7.364086627960205
2009-06-23,7.3540358543396
2009-06-24,7.367441654205322
2009-06-25,7.501517295837402
2009-06-26,7.494815826416016
2009-06-29,7.575259208679199
2009-06-30,7.5082221031188965
2009-07-01,7.608780384063721
2009-07-02,7.4076642990112305
2009-07-06,7.427777290344238
2009-07-07,7.293702125549316
2009-07-08,7.2869977951049805
2009-07-09,7.280290126800537
2009-07-10,7.273591041564941
2009-07-13,7.4076642990112305
2009-07-14,7.4344801902771
2009-07-15,7.628892421722412
2009-07-16,7.695924282073975
2009-07-17,7.675815105438232
2009-07-20,7.756260871887207
2009-07-21,7.769665241241455
2009-07-22,7.803186893463135
2009-07-23,7.950668811798096
2009-07-24,7.997597694396973
2009-07-27,8.044520378112793
2009-07-28,7.997597694396973
2009-07-29,8.004302024841309
2009-07-30,8.051223754882812
2009-07-31,8.064634323120117
2009-08-03,8.131669998168945
2009-08-04,8.15178108215332
2009-08-05,8.104857444763184
2009-08-06,8.071338653564453
2009-08-07,8.185302734375
2009-08-10,8.145079612731934
2009-08-11,8.091449737548828
2009-08-12,8.171891212463379
2009-08-13,8.171891212463379
2009-08-14,8.111564636230469
2009-08-17,7.984189510345459
2009-08-18,8.017704963684082
2009-08-19,8.084744453430176
2009-08-20,8.124967575073242
2009-08-21,8.272454261779785
2009-08-24,8.279153823852539
2009-08-25,8.319377899169922
2009-08-26,8.292564392089844
2009-08-27,8.332786560058594
2009-08-28,8.299263000488281
2009-08-31,8.252338409423828
2009-09-01,8.124967575073242
2009-09-02,8.078042984008789
2009-09-03,8.118266105651855
2009-09-04,8.185302734375
2009-09-08,8.252338409423828
2009-09-09,8.299263000488281
2009-09-10,8.339489936828613
2009-09-11,8.346192359924316
2009-09-14,8.406527519226074
2009-09-15,8.446748733520508
2009-09-16,8.540600776672363
2009-09-17,8.547307968139648
2009-09-18,8.574122428894043
2009-09-21,8.527193069458008
2009-09-22,8.546099662780762
2009-09-23,8.55284595489502
2009-09-24,8.478594779968262
2009-09-25,8.451591491699219
2009-09-28,8.505597114562988
2009-09-29,8.519095420837402
2009-09-30,8.458337783813477
2009-10-01,8.330083847045898
2009-10-02,8.296329498291016
2009-10-05,8.363831520080566
2009-10-06,8.44483757019043
2009-10-07,8.438092231750488
2009-10-08,8.49884033203125
2009-10-09,8.539346694946289
2009-10-12,8.56634521484375
2009-10-13,8.55284595489502
2009-10-14,8.6676025390625
2009-10-15,8.714859962463379
2009-10-16,8.687857627868652
2009-10-19,8.78911018371582
2009-10-20,8.708104133605957
2009-10-21,8.654105186462402
2009-10-22,8.75535774230957
2009-10-23,8.660856246948242
2009-10-26,8.579848289489746
2009-10-27,8.573097229003906
2009-10-28,8.478594779968262
2009-10-29,8.579848289489746
2009-10-30,8.417840003967285
2009-11-02,8.451591491699219
2009-11-03,8.44483757019043
2009-11-04,8.478594779968262
2009-11-05,8.620349884033203
2009-11-06,8.620349884033203
2009-11-09,8.78911018371582
2009-11-10,8.802610397338867
2009-11-11,8.822864532470703
2009-11-12,8.73511028289795
2009-11-13,8.782361030578613
2009-11-16,8.9038724899292
2009-11-17,8.924120903015137
2009-11-18,8.910621643066406
2009-11-19,8.78911018371582
2009-11-20,8.78911018371582
2009-11-23,8.876867294311523
2009-11-24,8.89711856842041
2009-11-25,8.944374084472656
2009-11-27,8.802610397338867
2009-11-30,8.82961654663086
2009-12-01,8.930871963500977
2009-12-02,8.984874725341797
2009-12-03,8.917370796203613
2009-12-04,8.957876205444336
2009-12-07,8.991625785827637
2009-12-08,8.917370796203613
2009-12-09,8.924120903015137
2009-12-10,8.978128433227539
2009-12-11,9.03213119506836
2009-12-14,9.092881202697754
2009-12-15,9.052377700805664
2009-12-16,9.03887939453125
2009-12-17,8.971372604370117
2009-12-18,8.991625785827637
2009-12-21,9.045629501342773
2009-12-22,9.094573020935059
2009-12-23,9.128558158874512
2009-12-24,9.16933822631836
2009-12-28,9.176135063171387
2009-12-29,9.203322410583496
2009-12-30,9.196528434753418
2009-12-31,9.094573020935059
2010-01-04,9.16933822631836
2010-01-05,9.142146110534668
2010-01-06,9.121756553649902
2010-01-07,9.14894962310791
2010-01-08,9.176135063171387
2010-01-11,9.237310409545898
2010-01-12,9.176135063171387
2010-01-13,9.271295547485352
2010-01-14,9.278092384338379
2010-01-15,9.196528434753418
2010-01-19,9.278092384338379
2010-01-20,9.203322410583496
2010-01-21,9.080975532531738
2010-01-22,8.945033073425293
2010-01-25,8.97901725769043
2010-01-26,8.951830863952637
2010-01-27,8.97901725769043
2010-01-28,8.91104793548584
2010-01-29,8.8430757522583
2010-02-01,8.91104793548584
2010-02-02,9.013004302978516
2010-02-03,8.999407768249512
2010-02-04,8.768306732177734
2010-02-05,8.741119384765625
2010-02-08,8.679944038391113
2010-02-09,8.781904220581055
2010-02-10,8.775106430053711
2010-02-11,8.863468170166016
2010-02-12,8.836282730102539
2010-02-16,8.97901725769043
2010-02-17,9.019803047180176
2010-02-18,9.087769508361816
2010-02-19,9.128558158874512
2010-02-22,9.114959716796875
2010-02-23,9.040194511413574
2010-02-24,9.080975532531738
2010-02-25,9.06058406829834
2010-02-26,9.074178695678711
2010-03-01,9.155742645263672
2010-03-02,9.203322410583496
2010-03-03,9.216915130615234
2010-03-04,9.230514526367188
2010-03-05,9.318876266479492
2010-03-08,9.346062660217285
2010-03-09,9.352863311767578
2010-03-10,9.352863311767578
2010-03-11,9.386850357055664
2010-03-12,9.41403579711914
2010-03-15,9.434425354003906
2010-03-16,9.495603561401367
2010-03-17,9.543182373046875
2010-03-18,9.543182373046875
2010-03-19,9.536382675170898
2010-03-22,9.55677604675293
2010-03-23,9.630647659301758
2010-03-24,9.55540943145752
2010-03-25,9.521207809448242
2010-03-26,9.521207809448242
2010-03-29,9.589606285095215
2010-03-30,9.610126495361328
2010-03-31,9.589606285095215
2010-04-01,9.630647659301758
2010-04-05,9.692209243774414
2010-04-06,9.719568252563477
2010-04-07,9.658007621765137
2010-04-08,9.651164054870605
2010-04-09,9.72640609741211
2010-04-12,9.719568252563477
2010-04-13,9.733244895935059
2010-04-14,9.801647186279297
2010-04-15,9.822168350219727
2010-04-16,9.733244895935059
2010-04-19,9.753765106201172
2010-04-20,9.842684745788574
2010-04-21,9.849526405334473
2010-04-22,9.876884460449219
2010-04-23,9.924766540527344
2010-04-26,9.876884460449219
2010-04-27,9.705885887145996
2010-04-28,9.753765106201172
2010-04-29,9.83584213256836
2010-04-30,9.740084648132324
2010-05-03,9.83584213256836
2010-05-04,9.651164054870605
2010-05-05,9.575927734375
2010-05-06,9.322847366333008
2010-05-07,9.192889213562012
2010-05-10,9.514369010925293
2010-05-11,9.541722297668457
2010-05-12,9.644330024719238
2010-05-13,9.575927734375
2010-05-14,9.425450325012207
2010-05-17,9.459647178649902
2010-05-18,9.370732307434082
2010-05-19,9.322847366333008
2010-05-20,9.00821304321289
2010-05-21,9.0560884475708
2010-05-24,8.980851173400879
2010-05-25,8.939809799194336
2010-05-26,8.919295310974121
2010-05-27,9.131329536437988
2010-05-28,9.090287208557129
2010-06-01,8.946648597717285
2010-06-02,9.090287208557129
2010-06-03,9.199726104736328
2010-06-04,8.891937255859375
2010-06-07,8.823530197143555
2010-06-08,8.919295310974121
2010-06-09,8.891937255859375
2010-06-10,9.145009994506836
2010-06-11,9.15185260772705
2010-06-14,9.192889213562012
2010-06-15,9.370732307434082
2010-06-16,9.370732307434082
2010-06-17,9.411770820617676
2010-06-18,9.404926300048828
2010-06-21,9.370732307434082
2010-06-22,9.235637664794922
2010-06-23,9.166715621948242
2010-06-24,9.090902328491211
2010-06-25,9.118471145629883
2010-06-28,9.111579895019531
2010-06-29,8.863458633422852
2010-06-30,8.828995704650879
2010-07-01,8.808320999145508
2010-07-02,8.787642478942871
2010-07-06,8.822103500366211
2010-07-07,9.056440353393555
2010-07-08,9.139148712158203
2010-07-09,9.173609733581543
2010-07-12,9.180503845214844
2010-07-13,9.325240135192871
2010-07-14,9.304564476013184
2010-07-15,9.325240135192871
2010-07-16,9.097796440124512
2010-07-19,9.152934074401855
2010-07-20,9.263209342956543
2010-07-21,9.152934074401855
2010-07-22,9.332130432128906
2010-07-23,9.401058197021484
2010-07-26,9.53200626373291
2010-07-27,9.552685737609863
2010-07-28,9.47686767578125
2010-07-29,9.428620338439941
2010-07-30,9.435515403747559
2010-08-02,9.58714485168457
2010-08-03,9.545791625976562
2010-08-04,9.607823371887207
2010-08-05,9.580254554748535
2010-08-06,9.55957317352295
2010-08-09,9.614713668823242
2010-08-10,9.580254554748535
2010-08-11,9.352810859680176
2010-08-12,9.311454772949219
2010-08-13,9.311454772949219
2010-08-16,9.304564476013184
2010-08-17,9.435515403747559
2010-08-18,9.449302673339844
2010-08-19,9.2976713180542
2010-08-20,9.276997566223145
2010-08-23,9.256318092346191
2010-08-24,9.173609733581543
2010-08-25,9.201177597045898
2010-08-26,9.173609733581543
2010-08-27,9.318346977233887
2010-08-30,9.194286346435547
2010-08-31,9.201177597045898
2010-09-01,9.428620338439941
2010-09-02,9.47686767578125
2010-09-03,9.55957317352295
2010-09-07,9.47686767578125
2010-09-08,9.504441261291504
2010-09-09,9.55957317352295
2010-09-10,9.58714485168457
2010-09-13,9.67674732208252
2010-09-14,9.669854164123535
2010-09-15,9.704315185546875
2010-09-16,9.67674732208252
2010-09-17,9.697423934936523
2010-09-20,9.835267066955566
2010-09-21,9.799206733703613
2010-09-22,9.778400421142578
2010-09-23,9.681305885314941
2010-09-24,9.854686737060547
2010-09-27,9.833881378173828
2010-09-28,9.896295547485352
2010-09-29,9.868556022644043
2010-09-30,9.868556022644043
2010-10-01,9.889360427856445
2010-10-04,9.840818405151367
2010-10-05,10.014191627502441
2010-10-06,10.014191627502441
2010-10-07,10.007255554199219
2010-10-08,10.055803298950195
2010-10-11,10.034998893737793
2010-10-12,10.048867225646973
2010-10-13,10.132086753845215
2010-10-14,10.118218421936035
2010-10-15,10.132086753845215
2010-10-18,10.194499015808105
2010-10-19,10.055803298950195
2010-10-20,10.173697471618652
2010-10-21,10.173697471618652
2010-10-22,10.159825325012207
2010-10-25,10.173697471618652
2010-10-26,10.145956993103027
2010-10-27,10.097413063049316
2010-10-28,10.118218421936035
2010-10-29,10.139021873474121
2010-11-01,10.118218421936035
2010-11-02,10.201436996459961
2010-11-03,10.208374977111816
2010-11-04,10.354008674621582
2010-11-05,10.360947608947754
2010-11-08,10.298530578613281
2010-11-09,10.243045806884766
2010-11-10,10.249981880187988
2010-11-11,10.22224235534668
2010-11-12,10.132086753845215
2010-11-15,10.1528959274292
2010-11-16,10.007255554199219
2010-11-17,10.021123886108398
2010-11-18,10.145956993103027
2010-11-19,10.145956993103027
2010-11-22,10.159825325012207
2010-11-23,10.048867225646973
2010-11-24,10.16676139831543
2010-11-26,10.111284255981445
2010-11-29,10.083542823791504
2010-11-30,10.028059959411621
2010-12-01,10.208374977111816
2010-12-02,10.291590690612793
2010-12-03,10.305462837219238
2010-12-06,10.27078628540039
2010-12-07,10.298530578613281
2010-12-08,10.312398910522461
2010-12-09,10.333202362060547
2010-12-10,10.381747245788574
2010-12-13,10.4094877243042
2010-12-14,10.4649658203125
2010-12-15,10.430293083190918
2010-12-16,10.506579399108887
2010-12-17,10.485772132873535
2010-12-20,10.485772132873535
2010-12-21,10.531229972839355
2010-12-22,10.573183059692383
2010-12-23,10.559198379516602
2010-12-27,10.566194534301758
2010-12-28,10.559198379516602
2010-12-29,10.573183059692383
2010-12-30,10.566194534301758
2010-12-31,10.552203178405762
2011-01-03,10.622133255004883
2011-01-04,10.580177307128906
2011-01-05,10.566194534301758
2011-01-06,10.552203178405762
2011-01-07,10.54521656036377
2011-01-10,10.538219451904297
2011-01-11,10.573183059692383
2011-01-12,10.650106430053711
2011-01-13,10.650106430053711
2011-01-14,10.685070991516113
2011-01-18,10.741011619567871
2011-01-19,10.678074836730957
2011-01-20,10.671085357666016
2011-01-21,10.685070991516113
2011-01-24,10.741011619567871
2011-01-25,10.761995315551758
2011-01-26,10.775978088378906
2011-01-27,10.796956062316895
2011-01-28,10.615141868591309
2011-01-31,10.678074836730957
2011-02-01,10.824925422668457
2011-02-02,10.810941696166992
2011-02-03,10.838912010192871
2011-02-04,10.85988998413086
2011-02-07,10.887863159179688
2011-02-08,10.9158353805542
2011-02-09,10.88086986541748
2011-02-10,10.887863159179688
2011-02-11,10.936813354492188
2011-02-14,10.9158353805542
2011-02-15,10.908839225769043
2011-02-16,10.957789421081543
2011-02-17,11.034709930419922
2011-02-18,11.076669692993164
2011-02-22,10.929819107055664
2011-02-23,10.8668851852417
2011-02-24,10.85988998413086
2011-02-25,10.9647855758667
2011-02-28,11.048697471618652
2011-03-01,10.929819107055664
2011-03-02,10.957789421081543
2011-03-03,11.118629455566406
2011-03-04,11.05569076538086
2011-03-07,10.999747276306152
2011-03-08,11.104641914367676
2011-03-09,11.1116304397583
2011-03-10,10.957789421081543
2011-03-11,10.992753982543945
2011-03-14,10.9158353805542
2011-03-15,10.775978088378906
2011-03-16,10.622133255004883
2011-03-17,10.7200345993042
2011-03-18,10.796956062316895
2011-03-21,10.9647855758667
2011-03-22,10.937355995178223
2011-03-23,10.930318832397461
2011-03-24,11.000657081604004
2011-03-25,11.0358247756958
2011-03-28,11.014724731445312
2011-03-29,11.078027725219727
2011-03-30,11.155396461486816
2011-03-31,11.169464111328125
2011-04-01,11.239800453186035
2011-04-04,11.253863334655762
2011-04-05,11.253863334655762
2011-04-06,11.317174911499023
2011-04-07,11.274972915649414
2011-04-08,11.24683666229248
2011-04-11,11.225733757019043
2011-04-12,11.134294509887695
2011-04-13,11.134294509887695
2011-04-14,11.176494598388672
2011-04-15,11.239800453186035
2011-04-18,11.09912395477295
2011-04-19,11.141328811645508
2011-04-20,11.289032936096191
2011-04-21,11.317174911499023
2011-04-25,11.32420825958252
2011-04-26,11.443778038024902
2011-04-27,11.507079124450684
2011-04-28,11.528179168701172
2011-04-29,11.563347816467285
2011-05-02,11.563347816467285
2011-05-03,11.521145820617676
2011-05-04,11.485976219177246
2011-05-05,11.380474090576172
2011-05-06,11.443778038024902
2011-05-09,11.49301528930664
2011-05-10,11.591485977172852
2011-05-11,11.521145820617676
2011-05-12,11.612584114074707
2011-05-13,11.542247772216797
2011-05-16,11.528179168701172
2011-05-17,11.521145820617676
2011-05-18,11.598514556884766
2011-05-19,11.640719413757324
2011-05-20,11.563347816467285
2011-05-23,11.42267894744873
2011-05-24,11.408609390258789
2011-05-25,11.408609390258789
2011-05-26,11.436741828918457
2011-05-27,11.464876174926758
2011-05-31,11.591485977172852
2011-06-01,11.366409301757812
2011-06-02,11.303101539611816
2011-06-03,11.204629898071289
2011-06-06,11.113195419311523
2011-06-07,11.148362159729004
2011-06-08,11.113195419311523
2011-06-09,11.148362159729004
2011-06-10,11.014724731445312
2011-06-13,11.04989242553711
2011-06-14,11.176494598388672
2011-06-15,11.007691383361816
2011-06-16,11.04286003112793
2011-06-17,11.113195419311523
2011-06-20,11.19056510925293
2011-06-21,11.264195442199707
2011-06-22,11.214634895324707
2011-06-23,11.150919914245605
2011-06-24,11.07303524017334
2011-06-27,11.165077209472656
2011-06-28,11.25003433227539
2011-06-29,11.342076301574707
2011-06-30,11.419955253601074
2011-07-01,11.554472923278809
2011-07-05,11.511996269226074
2011-07-06,11.540311813354492
2011-07-07,11.625274658203125
2011-07-08,11.547394752502441
2011-07-11,11.40579605102539
2011-07-12,11.391636848449707
2011-07-13,11.391636848449707
2011-07-14,11.327911376953125
2011-07-15,11.349156379699707
2011-07-18,11.228795051574707
2011-07-19,11.327911376953125
2011-07-20,11.356234550476074
2011-07-21,11.511996269226074
2011-07-22,11.476593017578125
2011-07-25,11.427037239074707
2011-07-26,11.349156379699707
2011-07-27,11.193399429321289
2011-07-28,11.13675594329834
2011-07-29,11.07303524017334
2011-08-01,11.023479461669922
2011-08-02,10.811079025268555
2011-08-03,10.839399337768555
2011-08-04,10.421684265136719
2011-08-05,10.450003623962402
2011-08-08,9.848207473754883
2011-08-09,10.251765251159668
2011-08-10,9.862363815307617
2011-08-11,10.315482139587402
2011-08-12,10.365045547485352
2011-08-15,10.563283920288086
2011-08-16,10.527885437011719
2011-08-17,10.570362091064453
2011-08-18,10.237604141235352
2011-08-19,10.110164642333984
2011-08-22,10.138486862182617
2011-08-23,10.435842514038086
2011-08-24,10.570362091064453
2011-08-25,10.386282920837402
2011-08-26,10.499561309814453
2011-08-29,10.754441261291504
2011-08-30,10.804000854492188
2011-08-31,10.874799728393555
2011-09-01,10.761518478393555
2011-09-02,10.53496265411377
2011-09-06,10.442925453186035
2011-09-07,10.697799682617188
2011-09-08,10.61284065246582
2011-09-09,10.365045547485352
2011-09-12,10.379199981689453
2011-09-13,10.45708179473877
2011-09-14,10.591605186462402
2011-09-15,10.726118087768555
2011-09-16,10.775679588317871
2011-09-19,10.66240406036377
2011-09-20,10.669477462768555
2011-09-21,10.359549522399902
2011-09-22,10.131553649902344
2011-09-23,10.202805519104004
2011-09-26,10.395174026489258
2011-09-27,10.516297340393066
2011-09-28,10.33105182647705
2011-09-29,10.452170372009277
2011-09-30,10.30255126953125
2011-10-03,10.017557144165039
2011-10-04,10.224178314208984
2011-10-05,10.345300674438477
2011-10-06,10.530548095703125
2011-10-07,10.459297180175781
2011-10-10,10.758543014526367
2011-10-11,10.715792655944824
2011-10-12,10.808416366577148
2011-10-13,10.787039756774902
2011-10-14,10.929536819458008
2011-10-17,10.744288444519043
2011-10-18,10.936663627624512
2011-10-19,10.865415573120117
2011-10-20,10.91528606414795
2011-10-21,11.150411605834961
2011-10-24,11.25015640258789
2011-10-25,11.064906120300293
2011-10-26,11.157533645629883
2011-10-27,11.456778526306152
2011-10-28,11.414030075073242
2011-10-31,11.235906600952148
2011-11-01,10.936663627624512
2011-11-02,11.093409538269043
2011-11-03,11.2929048538208
2011-11-04,11.207406997680664
2011-11-07,11.264408111572266
2011-11-08,11.392653465270996
2011-11-09,11.043537139892578
2011-11-10,11.121909141540527
2011-11-11,11.321405410766602
2011-11-14,11.214531898498535
2011-11-15,11.257283210754395
2011-11-16,11.121909141540527
2011-11-17,11.007909774780273
2011-11-18,11.022161483764648
2011-11-21,10.829790115356445
2011-11-22,10.772788047790527
2011-11-23,10.58042049407959
2011-11-25,10.58042049407959
2011-11-28,10.787039756774902
2011-11-29,10.886788368225098
2011-11-30,11.278656959533691
2011-12-01,11.257283210754395
2011-12-02,11.17890739440918
2011-12-05,11.300032615661621
2011-12-06,11.321405410766602
2011-12-07,11.349903106689453
2011-12-08,11.143282890319824
2011-12-09,11.307156562805176
2011-12-12,11.171784400939941
2011-12-13,11.121909141540527
2011-12-14,11.03641128540039
2011-12-15,11.129034042358398
2011-12-16,11.143282890319824
2011-12-19,11.03641128540039
2011-12-20,11.2929048538208
2011-12-21,11.370481491088867
2011-12-22,11.442306518554688
2011-12-23,11.521323204040527
2011-12-27,11.56441879272461
2011-12-28,11.449490547180176
2011-12-29,11.56441879272461
2011-12-30,11.499776840209961
2012-01-03,11.542869567871094
2012-01-04,11.528504371643066
2012-01-05,11.514140129089355
2012-01-06,11.471043586730957
2012-01-09,11.514140129089355
2012-01-10,11.600334167480469
2012-01-11,11.57878303527832
2012-01-12,11.607516288757324
2012-01-13,11.542869567871094
2012-01-17,11.585968971252441
2012-01-18,11.700894355773926
2012-01-19,11.72962474822998
2012-01-20,11.72962474822998
2012-01-23,11.722439765930176
2012-01-24,11.708074569702148
2012-01-25,11.808634757995605
2012-01-26,11.787086486816406
2012-01-27,11.72962474822998
2012-01-30,11.6649808883667
2012-01-31,11.672163009643555
2012-02-01,11.787086486816406
2012-02-02,11.794272422790527
2012-02-03,11.902012825012207
2012-02-06,11.880464553833008
2012-02-07,11.894831657409668
2012-02-08,11.923563003540039
2012-02-09,11.952293395996094
2012-02-10,11.87328052520752
2012-02-13,11.923563003540039
2012-02-14,11.923563003540039
2012-02-15,11.887646675109863
2012-02-16,11.995394706726074
2012-02-17,12.031303405761719
2012-02-21,12.009756088256836
2012-02-22,11.981025695800781
2012-02-23,12.02412223815918
2012-02-24,12.02412223815918
2012-02-27,12.031303405761719
2012-02-28,12.031303405761719
2012-02-29,11.995394706726074
2012-03-01,12.031303405761719
2012-03-02,11.981025695800781
2012-03-05,12.009756088256836
2012-03-06,11.85173511505127
2012-03-07,11.902012825012207
2012-03-08,12.002573013305664
2012-03-09,12.03848934173584
2012-03-12,12.081583976745605
2012-03-13,12.210878372192383
2012-03-14,12.139046669006348
2012-03-15,12.189325332641602
2012-03-16,12.174962997436523
2012-03-19,12.182147979736328
2012-03-20,12.139046669006348
2012-03-21,12.132546424865723
2012-03-22,12.081962585449219
2012-03-23,12.103639602661133
2012-03-26,12.255390167236328
2012-03-27,12.248164176940918
2012-03-28,12.190352439880371
2012-03-29,12.175902366638184
2012-03-30,12.212028503417969
2012-04-02,12.30596923828125
2012-04-03,12.255390167236328
2012-04-04,12.161450386047363
2012-04-05,12.110869407653809
2012-04-09,11.988019943237305
2012-04-10,11.82182502746582
2012-04-11,11.894079208374023
2012-04-12,12.016925811767578
2012-04-13,11.908535957336426
2012-04-16,11.966346740722656
2012-04-17,12.118095397949219
2012-04-18,12.067512512207031
2012-04-19,12.038606643676758
2012-04-20,12.118095397949219
2012-04-23,12.002480506896973
2012-04-24,12.067512512207031
2012-04-25,12.161450386047363
2012-04-26,12.248164176940918
2012-04-27,12.284295082092285
2012-04-30,12.262609481811523
2012-05-01,12.291518211364746
2012-05-02,12.219257354736328
2012-05-03,12.190352439880371
2012-05-04,12.067512512207031
2012-05-07,12.053056716918945
2012-05-08,12.060290336608887
2012-05-09,11.988019943237305
2012-05-10,12.038606643676758
2012-05-11,12.024153709411621
2012-05-14,11.944666862487793
2012-05-15,11.879633903503418
2012-05-16,11.850724220275879
2012-05-17,11.706209182739258
2012-05-18,11.605043411254883
2012-05-21,11.735113143920898
2012-05-22,11.727889060974121
2012-05-23,11.720659255981445
2012-05-24,11.764018058776855
2012-05-25,11.749563217163086
2012-05-29,11.857952117919922
2012-05-30,11.727889060974121
2012-05-31,11.735113143920898
2012-06-01,11.532781600952148
2012-06-04,11.518328666687012
2012-06-05,11.597814559936523
2012-06-06,11.807373046875
2012-06-07,11.836275100708008
2012-06-08,11.894079208374023
2012-06-11,11.800146102905273
2012-06-12,11.901312828063965
2012-06-13,11.843502044677734
2012-06-14,11.937440872192383
2012-06-15,12.024153709411621
2012-06-18,12.024153709411621
2012-06-19,12.139774322509766
2012-06-20,12.089187622070312
2012-06-21,11.880261421203613
2012-06-22,11.974902153015137
2012-06-25,11.829310417175293
2012-06-26,11.851147651672363
2012-06-27,11.974902153015137
2012-06-28,11.982172966003418
2012-06-29,12.236961364746094
2012-07-02,12.309759140014648
2012-07-03,12.367999076843262
2012-07-05,12.3316011428833
2012-07-06,12.251524925231934
2012-07-09,12.19328498840332
2012-07-10,12.149615287780762
2012-07-11,12.17144775390625
2012-07-12,12.105929374694824
2012-07-13,12.258804321289062
2012-07-16,12.222406387329102
2012-07-17,12.295199394226074
2012-07-18,12.397113800048828
2012-07-19,12.42623519897461
2012-07-20,12.346158981323242
2012-07-23,12.229686737060547
2012-07-24,12.098649978637695
2012-07-25,12.120491027832031
2012-07-26,12.287923812866211
2012-07-27,12.477190017700195
2012-07-30,12.49174976348877
2012-07-31,12.41166877746582
2012-08-01,12.37527847290039
2012-08-02,12.266082763671875
2012-08-03,12.46263313293457
2012-08-06,12.484472274780273
2012-08-07,12.499030113220215
2012-08-08,12.557262420654297
2012-08-09,12.53542423248291
2012-08-10,12.579105377197266
2012-08-13,12.54998779296875
2012-08-14,12.571822166442871
2012-08-15,12.579105377197266
2012-08-16,12.622782707214355
2012-08-17,12.644619941711426
2012-08-20,12.608223915100098
2012-08-21,12.586384773254395
2012-08-22,12.557262420654297
2012-08-23,12.477190017700195
2012-08-24,12.53542423248291
2012-08-27,12.53542423248291
2012-08-28,12.52814769744873
2012-08-29,12.542705535888672
2012-08-30,12.4699068069458
2012-08-31,12.499030113220215
2012-09-04,12.51358699798584
2012-09-05,12.484472274780273
2012-09-06,12.681018829345703
2012-09-07,12.666457176208496
2012-09-10,12.644619941711426
2012-09-11,12.644619941711426
2012-09-12,12.666457176208496
2012-09-13,12.804769515991211
2012-09-14,12.826610565185547
2012-09-17,12.79021167755127
2012-09-18,12.782934188842773
2012-09-19,12.797490119934082
2012-09-20,12.797490119934082
2012-09-21,12.82315444946289
2012-09-24,12.8451509475708
2012-09-25,12.76449966430664
2012-09-26,12.727842330932617
2012-09-27,12.76449966430664
2012-09-28,12.727842330932617
2012-10-01,12.727842330932617
2012-10-02,12.742502212524414
2012-10-03,12.76449966430664
2012-10-04,12.82315444946289
2012-10-05,12.87447452545166
2012-10-08,12.852477073669434
2012-10-09,12.735170364379883
2012-10-10,12.669188499450684
2012-10-11,12.68384838104248
2012-10-12,12.654526710510254
2012-10-15,12.742502212524414
2012-10-16,12.8451509475708
2012-10-17,12.925797462463379
2012-10-18,12.947790145874023
2012-10-19,12.79382610321045
2012-10-22,12.74984073638916
2012-10-23,12.6105318069458
2012-10-24,12.57387638092041
2012-10-25,12.647188186645508
2012-10-26,12.62519645690918
2012-10-31,12.647188186645508
2012-11-01,12.727842330932617
2012-11-02,12.647188186645508
2012-11-05,12.647188186645508
2012-11-06,12.742502212524414
2012-11-07,12.507889747619629
2012-11-08,12.375920295715332
2012-11-09,12.390582084655762
2012-11-12,12.361252784729004
2012-11-13,12.346592903137207
2012-11-14,12.177966117858887
2012-11-15,12.141304016113281
2012-11-16,12.22195053100586
2012-11-19,12.383246421813965
2012-11-20,12.39791488647461
2012-11-21,12.41990852355957
2012-11-23,12.537217140197754
2012-11-26,12.551880836486816
2012-11-27,12.522555351257324
2012-11-28,12.6105318069458
2012-11-29,12.669188499450684
2012-11-30,12.691182136535645
2012-12-03,12.639860153198242
2012-12-04,12.62519645690918
2012-12-05,12.705842971801758
2012-12-06,12.727842330932617
2012-12-07,12.74984073638916
2012-12-10,12.79382610321045
2012-12-11,12.8451509475708
2012-12-12,12.81582260131836
2012-12-13,12.771832466125488
2012-12-14,12.74984073638916
2012-12-17,12.87447452545166
2012-12-18,12.977120399475098
2012-12-19,12.933128356933594
2012-12-20,12.955123901367188
2012-12-21,12.88857364654541
2012-12-24,12.844205856323242
2012-12-26,12.748078346252441
2012-12-27,12.725893020629883
2012-12-28,12.62237548828125
2012-12-31,12.79244327545166
2013-01-02,13.051249504089355
2013-01-03,13.051249504089355
2013-01-04,13.11780071258545
2013-01-07,13.036460876464844
2013-01-08,12.984699249267578
2013-01-09,13.029067993164062
2013-01-10,13.103015899658203
2013-01-11,13.11780071258545
2013-01-14,13.147381782531738
2013-01-15,13.169559478759766
2013-01-16,13.132593154907227
2013-01-17,13.243507385253906
2013-01-18,13.280479431152344
2013-01-22,13.36181640625
2013-01-23,13.354421615600586
2013-01-24,13.391393661499023
2013-01-25,13.420974731445312
2013-01-28,13.413581848144531
2013-01-29,13.49492073059082
2013-01-30,13.4579439163208
2013-01-31,13.43576431274414
2013-02-01,13.539287567138672
2013-02-04,13.413581848144531
2013-02-05,13.52450180053711
2013-02-06,13.554073333740234
2013-02-07,13.531888008117676
2013-02-08,13.598442077636719
2013-02-11,13.591045379638672
2013-02-12,13.628022193908691
2013-02-13,13.65019702911377
2013-02-14,13.672388076782227
2013-02-15,13.66498851776123
2013-02-19,13.78329849243164
2013-02-20,13.679780960083008
2013-02-21,13.60583782196045
2013-02-22,13.71675968170166
2013-02-25,13.531888008117676
2013-02-26,13.60583782196045
2013-02-27,13.738933563232422
2013-02-28,13.731541633605957
2013-03-01,13.775907516479492
2013-03-04,13.827672004699707
2013-03-05,13.931192398071289
2013-03-06,13.931192398071289
2013-03-07,13.931192398071289
2013-03-08,13.990347862243652
2013-03-11,14.034716606140137
2013-03-12,14.019927024841309
2013-03-13,14.064299583435059
2013-03-14,14.108660697937012
2013-03-15,14.138236999511719
2013-03-18,14.071690559387207
2013-03-19,14.093870162963867
2013-03-20,14.197392463684082
2013-03-21,14.135672569274902
2013-03-22,14.202598571777344
2013-03-25,14.180290222167969
2013-03-26,14.299262046813965
2013-03-27,14.299262046813965
2013-03-28,14.39593505859375
2013-04-01,14.343884468078613
2013-04-02,14.366193771362305
2013-04-03,14.269525527954102
2013-04-04,14.336453437805176
2013-04-05,14.276957511901855
2013-04-08,14.388497352600098
2013-04-09,14.388497352600098
2013-04-10,14.559520721435547
2013-04-11,14.604142189025879
2013-04-12,14.589269638061523
2013-04-15,14.299262046813965
2013-04-16,14.470298767089844
2013-04-17,14.329009056091309
2013-04-18,14.284396171569824
2013-04-19,14.440546035766602
2013-04-22,14.485162734985352
2013-04-23,14.596702575683594
2013-04-24,14.61157512664795
2013-04-25,14.66362190246582
2013-04-26,14.633882522583008
2013-04-29,14.752860069274902
2013-04-30,14.804908752441406
2013-05-01,14.66362190246582
2013-05-02,14.767732620239258
2013-05-03,14.886706352233887
2013-05-06,14.842087745666504
2013-05-07,14.946194648742676
2013-05-08,14.961064338684082
2013-05-09,14.864396095275879
2013-05-10,14.91644287109375
2013-05-13,14.894145965576172
2013-05-14,15.013114929199219
2013-05-15,15.0949125289917
2013-05-16,15.065162658691406
2013-05-17,15.191576957702637
2013-05-20,15.176709175109863
2013-05-21,15.213886260986328
2013-05-22,15.027989387512207
2013-05-23,14.990802764892578
2013-05-24,14.975937843322754
2013-05-28,15.013114929199219
2013-05-29,14.8346529006958
2013-05-30,14.871835708618164
2013-05-31,14.678502082824707
2013-06-03,14.730547904968262
2013-06-04,14.693370819091797
2013-06-05,14.514906883239746
2013-06-06,14.604142189025879
2013-06-07,14.752860069274902
2013-06-10,14.752860069274902
2013-06-11,14.656194686889648
2013-06-12,14.559520721435547
2013-06-13,14.775162696838379
2013-06-14,14.730547904968262
2013-06-17,14.819784164428711
2013-06-18,14.923881530761719
2013-06-19,14.66362190246582
2013-06-20,14.284396171569824
2013-06-21,14.362272262573242
2013-06-24,14.257438659667969
2013-06-25,14.377245903015137
2013-06-26,14.497057914733887
2013-06-27,14.601898193359375
2013-06-28,14.57943058013916
2013-07-01,14.609379768371582
2013-07-02,14.601898193359375
2013-07-03,14.594402313232422
2013-07-05,14.676774978637695
2013-07-08,14.796586036682129
2013-07-09,14.91639232635498
2013-07-10,14.968812942504883
2013-07-11,15.163496971130371
2013-07-12,15.193459510803223
2013-07-15,15.275827407836914
2013-07-16,15.223409652709961
2013-07-17,15.253363609313965
2013-07-18,15.358194351196289
2013-07-19,15.388153076171875
2013-07-22,15.410608291625977
2013-07-23,15.395634651184082
2013-07-24,15.298287391662598
2013-07-25,15.380661964416504
2013-07-26,15.380661964416504
2013-07-29,15.358194351196289
2013-07-30,15.365683555603027
2013-07-31,15.365683555603027
2013-08-01,15.522936820983887
2013-08-02,15.507954597473145
2013-08-05,15.478005409240723
2013-08-06,15.410608291625977
2013-08-07,15.373174667358398
2013-08-08,15.410608291625977
2013-08-09,15.373174667358398
2013-08-12,15.358194351196289
2013-08-13,15.373174667358398
2013-08-14,15.275827407836914
2013-08-15,15.066156387329102
2013-08-16,14.98379135131836
2013-08-19,14.871466636657715
2013-08-20,14.953834533691406
2013-08-21,14.826534271240234
2013-08-22,14.908905029296875
2013-08-23,14.998770713806152
2013-08-26,14.908905029296875
2013-08-27,14.774115562438965
2013-08-28,14.766629219055176
2013-08-29,14.804070472717285
2013-08-30,14.72918701171875
2013-09-03,14.66928482055664
2013-09-04,14.759147644042969
2013-09-05,14.759147644042969
2013-09-06,14.781610488891602
2013-09-09,14.89393424987793
2013-09-10,14.976304054260254
2013-09-11,14.98379135131836
2013-09-12,14.953834533691406
2013-09-13,15.00624942779541
2013-09-16,15.058671951293945
2013-09-17,15.148527145385742
2013-09-18,15.358194351196289
2013-09-19,15.343214988708496
2013-09-20,15.246044158935547
2013-09-23,15.283713340759277
2013-09-24,15.283713340759277
2013-09-25,15.223453521728516
2013-09-26,15.253578186035156
2013-09-27,15.170722007751465
2013-09-30,15.110459327697754
2013-10-01,15.193312644958496
2013-10-02,15.133056640625
2013-10-03,15.012537956237793
2013-10-04,15.05773639678955
2013-10-07,14.982402801513672
2013-10-08,14.899550437927246
2013-10-09,14.899550437927246
2013-10-10,15.18578815460205
2013-10-11,15.276182174682617
2013-10-14,15.291245460510254
2013-10-15,15.148124694824219
2013-10-16,15.276182174682617
2013-10-17,15.456962585449219
2013-10-18,15.539820671081543
2013-10-21,15.539820671081543
2013-10-22,15.698006629943848
2013-10-23,15.6603422164917
2013-10-24,15.698006629943848
2013-10-25,15.788394927978516
2013-10-28,15.848666191101074
2013-10-29,15.92398738861084
2013-10-30,15.833592414855957
2013-10-31,15.780868530273438
2013-11-01,15.81099796295166
2013-11-04,15.893860816955566
2013-11-05,15.818526268005371
2013-11-06,15.931514739990234
2013-11-07,15.765801429748535
2013-11-08,15.848666191101074
2013-11-11,15.871256828308105
2013-11-12,15.818526268005371
2013-11-13,15.931514739990234
2013-11-14,15.991783142089844
2013-11-15,16.029438018798828
2013-11-18,16.014373779296875
2013-11-19,15.96917724609375
2013-11-20,15.863727569580078
2013-11-21,15.96917724609375
2013-11-22,16.02191162109375
2013-11-25,15.984246253967285
2013-11-26,15.946582794189453
2013-11-27,15.939053535461426
2013-11-29,15.931514739990234
2013-12-02,15.841130256652832
2013-12-03,15.826061248779297
2013-12-04,15.765801429748535
2013-12-05,15.698006629943848
2013-12-06,15.92398738861084
2013-12-09,15.92398738861084
2013-12-10,15.826061248779297
2013-12-11,15.682940483093262
2013-12-12,15.637740135192871
2013-12-13,15.645272254943848
2013-12-16,15.765801429748535
2013-12-17,15.713078498840332
2013-12-18,15.937396049499512
2013-12-19,15.884343147277832
2013-12-20,16.00560188293457
2013-12-23,16.035911560058594
2013-12-24,16.066225051879883
2013-12-26,16.11927604675293
2013-12-27,16.11927604675293
2013-12-30,16.17232894897461
2013-12-31,16.21779441833496
2014-01-02,15.998013496398926
2014-01-03,16.00560188293457
2014-01-06,15.929813385009766
2014-01-07,16.020753860473633
2014-01-08,15.952543258666992
2014-01-09,16.01317596435547
2014-01-10,16.081388473510742
2014-01-13,15.922236442565918
2014-01-14,16.043489456176758
2014-01-15,16.07380485534668
2014-01-16,16.081388473510742
2014-01-17,16.043489456176758
2014-01-21,16.14200782775879
2014-01-22,16.17990493774414
2014-01-23,16.066225051879883
2014-01-24,15.785822868347168
2014-01-27,15.74035358428955
2014-01-28,15.800980567932129
2014-01-29,15.679728507995605
2014-01-30,15.793399810791016
2014-01-31,15.725197792053223
2014-02-03,15.399325370788574
2014-02-04,15.422061920166016
2014-02-05,15.422061920166016
2014-02-06,15.53573989868164
2014-02-07,15.694884300231934
2014-02-10,15.747930526733398
2014-02-11,15.907079696655273
2014-02-12,15.899499893188477
2014-02-13,16.035911560058594
2014-02-14,16.157163619995117
2014-02-18,16.17990493774414
2014-02-19,16.07380485534668
2014-02-20,16.187480926513672
2014-02-21,16.187480926513672
2014-02-24,16.24053192138672
2014-02-25,16.248106002807617
2014-02-26,16.24053192138672
2014-02-27,16.301158905029297
2014-02-28,16.392093658447266
2014-03-03,16.270845413208008
2014-03-04,16.460308074951172
2014-03-05,16.399675369262695
2014-03-06,16.414836883544922
2014-03-07,16.399675369262695
2014-03-10,16.399675369262695
2014-03-11,16.33904457092285
2014-03-12,16.407255172729492
2014-03-13,16.316312789916992
2014-03-14,16.361785888671875
2014-03-17,16.46788215637207
2014-03-18,16.54366111755371
2014-03-19,16.384521484375
2014-03-20,16.407255172729492
2014-03-21,16.42998504638672
2014-03-24,16.422407150268555
2014-03-25,16.501901626586914
2014-03-26,16.45604133605957
2014-03-27,16.486616134643555
2014-03-28,16.547758102416992
2014-03-31,16.731203079223633
2014-04-01,16.754133224487305
2014-04-02,16.784698486328125
2014-04-03,16.799989700317383
2014-04-04,16.708267211914062
2014-04-07,16.601272583007812
2014-04-08,16.69297981262207
2014-04-09,16.792343139648438
2014-04-10,16.601272583007812
2014-04-11,16.50954246520996
2014-04-14,16.6318359375
2014-04-15,16.731203079223633
2014-04-16,16.853492736816406
2014-04-17,16.853492736816406
2014-04-21,16.868783950805664
2014-04-22,16.89935874938965
2014-04-23,16.88406753540039
2014-04-24,16.88406753540039
2014-04-25,16.84584617614746
2014-04-28,16.95285987854004
2014-04-29,16.95285987854004
2014-04-30,17.006362915039062
2014-05-01,16.97578239440918
2014-05-02,16.91463279724121
2014-05-05,16.945215225219727
2014-05-06,16.853492736816406
2014-05-07,17.006362915039062
2014-05-08,16.968143463134766
2014-05-09,16.945215225219727
2014-05-12,17.02928924560547
2014-05-13,17.01399803161621
2014-05-14,16.968143463134766
2014-05-15,16.876422882080078
2014-05-16,16.960493087768555
2014-05-19,16.91463279724121
2014-05-20,16.8305606842041
2014-05-21,16.92228126525879
2014-05-22,16.97578239440918
2014-05-23,17.006362915039062
2014-05-27,17.082786560058594
2014-05-28,17.067502975463867
2014-05-29,17.128658294677734
2014-05-30,17.174509048461914
2014-06-02,17.166868209838867
2014-06-03,17.128658294677734
2014-06-04,17.159221649169922
2014-06-05,17.289159774780273
2014-06-06,17.327383041381836
2014-06-09,17.34266471862793
2014-06-10,17.327383041381836
2014-06-11,17.23565673828125
2014-06-12,17.20508575439453
2014-06-13,17.23565673828125
2014-06-16,17.28152084350586
2014-06-17,17.327383041381836
2014-06-18,17.47260093688965
2014-06-19,17.541393280029297
2014-06-20,17.541393280029297
2014-06-23,17.533750534057617
2014-06-24,17.47069549560547
2014-06-25,17.516836166381836
2014-06-26,17.493762969970703
2014-06-27,17.578344345092773
2014-06-30,17.593727111816406
2014-07-01,17.647558212280273
2014-07-02,17.539901733398438
2014-07-03,17.593727111816406
2014-07-07,17.539901733398438
2014-07-08,17.516836166381836
2014-07-09,17.5245304107666
2014-07-10,17.5245304107666
2014-07-11,17.486074447631836
2014-07-14,17.509136199951172
2014-07-15,17.47069549560547
2014-07-16,17.516836166381836
2014-07-17,17.35535430908203
2014-07-18,17.516836166381836
2014-07-21,17.493762969970703
2014-07-22,17.53220558166504
2014-07-23,17.509136199951172
2014-07-24,17.509136199951172
2014-07-25,17.416860580444336
2014-07-28,17.455322265625
2014-07-29,17.37842559814453
2014-07-30,17.301523208618164
2014-07-31,17.001630783081055
2014-08-01,17.024694442749023
2014-08-04,17.03238868713379
2014-08-05,16.917041778564453
2014-08-06,16.909347534179688
2014-08-07,16.88628387451172
2014-08-08,17.078521728515625
2014-08-11,17.132352828979492
2014-08-12,17.140043258666992
2014-08-13,17.240001678466797
2014-08-14,17.332284927368164
2014-08-15,17.316905975341797
2014-08-18,17.4091796875
2014-08-19,17.5245304107666
2014-08-20,17.562963485717773
2014-08-21,17.61679458618164
2014-08-22,17.57065773010254
2014-08-25,17.655237197875977
2014-08-26,17.647558212280273
2014-08-27,17.68600082397461
2014-08-28,17.68600082397461
2014-08-29,17.747516632080078
2014-09-02,17.70138168334961
2014-09-03,17.75520896911621
2014-09-04,17.739824295043945
2014-09-05,17.83210563659668
2014-09-08,17.762903213500977
2014-09-09,17.647558212280273
2014-09-10,17.67831039428711
2014-09-11,17.70907211303711
2014-09-12,17.555278778076172
2014-09-15,17.57065773010254
2014-09-16,17.68600082397461
2014-09-17,17.632171630859375
2014-09-18,17.70138168334961
2014-09-19,17.69369125366211
2014-09-22,17.578344345092773
2014-09-23,17.422210693359375
2014-09-24,17.514963150024414
2014-09-25,17.321731567382812
2014-09-26,17.422210693359375
2014-09-29,17.40675163269043
2014-09-30,17.360380172729492
2014-10-01,17.213518142700195
2014-10-02,17.23670768737793
2014-10-03,17.368106842041016
2014-10-06,17.360380172729492
2014-10-07,17.19032096862793
2014-10-08,17.46086311340332
2014-10-09,17.17487144470215
2014-10-10,17.105297088623047
2014-10-13,16.989360809326172
2014-10-14,17.07438850402832
2014-10-15,16.989360809326172
2014-10-16,16.973901748657227
2014-10-17,17.120765686035156
2014-10-20,17.30626678466797
2014-10-21,17.545881271362305
2014-10-22,17.491779327392578
2014-10-23,17.60772132873535
2014-10-24,17.731393814086914
2014-10-27,17.762310028076172
2014-10-28,17.924625396728516
2014-10-29,17.885984420776367
2014-10-30,18.063758850097656
2014-10-31,18.171964645385742
2014-11-03,18.202892303466797
2014-11-04,18.171964645385742
2014-11-05,18.311100006103516
2014-11-06,18.280183792114258
2014-11-07,18.326562881469727
2014-11-10,18.396127700805664
2014-11-11,18.388395309448242
2014-11-12,18.33428955078125
2014-11-13,18.287912368774414
2014-11-14,18.256994247436523
2014-11-17,18.318830490112305
2014-11-18,18.396127700805664
2014-11-19,18.396127700805664
2014-11-20,18.419321060180664
2014-11-21,18.504335403442383
2014-11-24,18.512069702148438
2014-11-25,18.512069702148438
2014-11-26,18.5893611907959
2014-11-28,18.5893611907959
2014-12-01,18.53525733947754
2014-12-02,18.620281219482422
2014-12-03,18.689842224121094
2014-12-04,18.666662216186523
2014-12-05,18.689842224121094
2014-12-08,18.64347267150879
2014-12-09,18.666662216186523
2014-12-10,18.380664825439453
2014-12-11,18.496610641479492
2014-12-12,18.226076126098633
2014-12-15,18.086946487426758
2014-12-16,18.102413177490234
2014-12-17,18.372940063476562
2014-12-18,18.720760345458984
2014-12-19,18.767141342163086
2014-12-22,18.844430923461914
2014-12-23,18.933889389038086
2014-12-24,19.01945686340332
2014-12-26,19.097248077392578
2014-12-29,19.19837760925293
2014-12-30,19.027240753173828
2014-12-31,18.793872833251953
2015-01-02,18.7783145904541
2015-01-05,18.490493774414062
2015-01-06,18.358251571655273
2015-01-07,18.583837509155273
2015-01-08,18.863880157470703
2015-01-09,18.700525283813477
2015-01-12,18.614959716796875
2015-01-13,18.638286590576172
2015-01-14,18.638286590576172
2015-01-15,18.638286590576172
2015-01-16,18.856103897094727
2015-01-20,18.832765579223633
2015-01-21,18.933889389038086
2015-01-22,19.105030059814453
2015-01-23,19.01945686340332
2015-01-26,19.073911666870117
2015-01-27,18.965009689331055
2015-01-28,18.731639862060547
2015-01-29,18.918333053588867
2015-01-30,18.544944763183594
2015-02-02,18.76275634765625
2015-02-03,19.035011291503906
2015-02-04,18.90277671813965
2015-02-05,19.105030059814453
2015-02-06,18.856103897094727
2015-02-09,18.76275634765625
2015-02-10,18.92611312866211
2015-02-11,18.82498550415039
2015-02-12,18.933889389038086
2015-02-13,18.92611312866211
2015-02-17,18.918333053588867
2015-02-18,19.027240753173828
2015-02-19,18.941667556762695
2015-02-20,19.027240753173828
2015-02-23,19.01945686340332
2015-02-24,19.097248077392578
2015-02-25,19.042795181274414
2015-02-26,18.980562210083008
2015-02-27,18.965009689331055
2015-03-02,18.949451446533203
2015-03-03,18.910554885864258
2015-03-04,18.809429168701172
2015-03-05,18.832765579223633
2015-03-06,18.506053924560547
2015-03-09,18.599403381347656
2015-03-10,18.366031646728516
2015-03-11,18.33491325378418
2015-03-12,18.591617584228516
2015-03-13,18.459373474121094
2015-03-16,18.66940689086914
2015-03-17,18.646072387695312
2015-03-18,18.941667556762695
2015-03-19,18.80164909362793
2015-03-20,18.996124267578125
2015-03-23,19.00389862060547
2015-03-24,18.887224197387695
2015-03-25,18.718399047851562
2015-03-26,18.63243293762207
2015-03-27,18.718399047851562
2015-03-30,18.929418563842773
2015-03-31,18.82781982421875
2015-04-01,18.804372787475586
2015-04-02,18.843448638916016
2015-04-06,19.00757598876953
2015-04-07,18.91379165649414
2015-04-08,18.90597915649414
2015-04-09,18.929418563842773
2015-04-10,19.015398025512695
2015-04-13,18.921602249145508
2015-04-14,19.00757598876953
2015-04-15,19.08573341369629
2015-04-16,19.06229019165039
2015-04-17,18.921602249145508
2015-04-20,19.077917098999023
2015-04-21,19.031017303466797
2015-04-22,19.08573341369629
2015-04-23,19.124813079833984
2015-04-24,19.148263931274414
2015-04-27,19.070098876953125
2015-04-28,19.140445709228516
2015-04-29,19.038843154907227
2015-04-30,18.82781982421875
2015-05-01,18.952871322631836
2015-05-04,19.015398025512695
2015-05-05,18.74966049194336
2015-05-06,18.718399047851562
2015-05-07,18.75748062133789
2015-05-08,18.945051193237305
2015-05-11,18.89815902709961
2015-05-12,18.85127067565918
2015-05-13,18.788747787475586
2015-05-14,19.00757598876953
2015-05-15,19.06229019165039
2015-05-18,19.077917098999023
2015-05-19,19.08573341369629
2015-05-20,19.101367950439453
2015-05-21,19.11699104309082
2015-05-22,19.046659469604492
2015-05-26,18.86688995361328
2015-05-27,18.999765396118164
2015-05-28,19.015398025512695
2015-05-29,18.890348434448242
2015-06-01,18.882530212402344
2015-06-02,18.83563804626465
2015-06-03,18.81218910217285
2015-06-04,18.655872344970703
2015-06-05,18.569904327392578
2015-06-08,18.491750717163086
2015-06-09,18.460485458374023
2015-06-10,18.6793212890625
2015-06-11,18.76529312133789
2015-06-12,18.64806365966797
2015-06-15,18.54645538330078
2015-06-16,18.6636905670166
2015-06-17,18.718399047851562
2015-06-18,18.90597915649414
2015-06-19,18.843448638916016
2015-06-22,18.91379165649414
2015-06-23,18.874711990356445
2015-06-24,18.75518798828125
2015-06-25,18.67654037475586
2015-06-26,18.739458084106445
2015-06-29,18.40131378173828
2015-06-30,18.38558006286621
2015-07-01,18.534997940063477
2015-07-02,18.57431411743164
2015-07-06,18.51926612854004
2015-07-07,18.73160171508789
2015-07-08,18.55072593688965
2015-07-09,18.542856216430664
2015-07-10,18.708003997802734
2015-07-13,18.825958251953125
2015-07-14,18.849550247192383
2015-07-15,18.825958251953125
2015-07-16,18.9910945892334
2015-07-17,18.87314224243164
2015-07-20,18.833820343017578
2015-07-21,18.723730087280273
2015-07-22,18.69227409362793
2015-07-23,18.566452026367188
2015-07-24,18.44849395751953
2015-07-27,18.44849395751953
2015-07-28,18.637222290039062
2015-07-29,18.786638259887695
2015-07-30,18.841686248779297
2015-07-31,18.88886833190918
2015-08-03,18.865272521972656
2015-08-04,18.786638259887695
2015-08-05,18.920326232910156
2015-08-06,18.857410430908203
2015-08-07,18.833820343017578
2015-08-10,18.99896240234375
2015-08-11,18.928186416625977
2015-08-12,18.9910945892334
2015-08-13,18.94391441345215
2015-08-14,19.069734573364258
2015-08-17,19.132644653320312
2015-08-18,19.085460662841797
2015-08-19,18.9910945892334
2015-08-20,18.684412002563477
2015-08-21,18.283355712890625
2015-08-24,17.662111282348633
2015-08-25,17.379018783569336
2015-08-26,17.80366325378418
2015-08-27,18.133947372436523
2015-08-28,18.173261642456055
2015-08-31,18.04743766784668
2015-09-01,17.567750930786133
2015-09-02,17.75648307800293
2015-09-03,17.85871124267578
2015-09-04,17.583480834960938
2015-09-08,18.015989303588867
2015-09-09,17.811525344848633
2015-09-10,17.842981338500977
2015-09-11,17.89803123474121
2015-09-14,17.85871124267578
2015-09-15,18.031707763671875
2015-09-16,18.244037628173828
2015-09-17,18.259767532348633
2015-09-18,18.055299758911133
2015-09-21,18.149669647216797
2015-09-22,17.921621322631836
2015-09-23,17.886018753051758
2015-09-24,17.893936157226562
2015-09-25,17.973041534423828
2015-09-28,17.688255310058594
2015-09-29,17.751535415649414
2015-09-30,18.028413772583008
2015-10-01,17.94930648803711
2015-10-02,18.178714752197266
2015-10-05,18.518875122070312
2015-10-06,18.447675704956055
2015-10-07,18.58216094970703
2015-10-08,18.81948471069336
2015-10-09,18.779922485351562
2015-10-12,18.80366325378418
2015-10-13,18.677085876464844
2015-10-14,18.605886459350586
2015-10-15,18.835302352905273
2015-10-16,18.89067268371582
2015-10-19,18.859039306640625
2015-10-20,18.93022346496582
2015-10-21,18.859039306640625
2015-10-22,19.19127655029297
2015-10-23,19.22292137145996
2015-10-26,19.215011596679688
2015-10-27,19.112178802490234
2015-10-28,19.27829933166504
2015-10-29,19.23874282836914
2015-10-30,19.19127655029297
2015-11-02,19.325763702392578
2015-11-03,19.341588973999023
2015-11-04,19.317852020263672
2015-11-05,19.302026748657227
2015-11-06,19.056800842285156
2015-11-09,18.93022346496582
2015-11-10,19.025156021118164
2015-11-11,19.03307342529297
2015-11-12,18.75619125366211
2015-11-13,18.63753318786621
2015-11-16,18.946048736572266
2015-11-17,18.874858856201172
2015-11-18,19.096349716186523
2015-11-19,19.199188232421875
2015-11-20,19.230838775634766
2015-11-23,19.199188232421875
2015-11-24,19.230838775634766
2015-11-25,19.215011596679688
2015-11-27,19.25457000732422
2015-11-30,19.246654510498047
2015-12-01,19.357402801513672
2015-12-02,19.14381980895996
2015-12-03,18.914409637451172
2015-12-04,19.183372497558594
2015-12-07,19.08053207397461
2015-12-08,18.938142776489258
2015-12-09,18.84322166442871
2015-12-10,18.80366325378418
2015-12-11,18.574247360229492
2015-12-14,18.653348922729492
2015-12-15,18.835302352905273
2015-12-16,19.112178802490234
2015-12-17,18.898588180541992
2015-12-18,18.63753318786621
2015-12-21,18.724552154541016
2015-12-22,18.922327041625977
2015-12-23,19.187551498413086
2015-12-24,19.187551498413086
2015-12-28,19.171621322631836
2015-12-29,19.34684944152832
2015-12-30,19.25127410888672
2015-12-31,19.020282745361328
2016-01-04,18.797266006469727
2016-01-05,18.868955612182617
2016-01-06,18.6937255859375
2016-01-07,18.35919952392578
2016-01-08,18.231752395629883
2016-01-11,18.279544830322266
2016-01-12,18.311405181884766
2016-01-13,18.032634735107422
2016-01-14,18.279544830322266
2016-01-15,17.96095085144043
2016-01-19,18.056529998779297
2016-01-20,17.801651000976562
2016-01-21,17.865373611450195
2016-01-22,18.24768829345703
2016-01-25,17.99281120300293
2016-01-26,18.279544830322266
2016-01-27,18.231752395629883
2016-01-28,18.4388427734375
2016-01-29,18.88488006591797
2016-02-01,18.9167423248291
2016-02-02,18.70168685913086
2016-02-03,18.9167423248291
2016-02-04,18.956571578979492
2016-02-05,18.813199996948242
2016-02-08,18.7255859375
2016-02-09,18.74152183532715
2016-02-10,18.669824600219727
2016-02-11,18.478670120239258
2016-02-12,18.749486923217773
2016-02-16,18.988431930541992
2016-02-17,19.203479766845703
2016-02-18,19.23533821105957
2016-02-19,19.219411849975586
2016-02-22,19.386676788330078
2016-02-23,19.23533821105957
2016-02-24,19.314990997314453
2016-02-25,19.506145477294922
2016-02-26,19.36278533935547
2016-02-29,19.26720428466797
2016-03-01,19.561906814575195
2016-03-02,19.633588790893555
2016-03-03,19.713237762451172
2016-03-04,19.856603622436523
2016-03-07,19.936260223388672
2016-03-08,19.848636627197266
2016-03-09,19.936260223388672
2016-03-10,19.92829132080078
2016-03-11,20.167240142822266
2016-03-14,20.11945343017578
2016-03-15,20.07962417602539
2016-03-16,20.2309627532959
2016-03-17,20.485837936401367
2016-03-18,20.44601058959961
2016-03-21,20.4539794921875
2016-03-22,20.39822006225586
2016-03-23,20.2309627532959
2016-03-24,20.215028762817383
2016-03-28,20.2309627532959
2016-03-29,20.47787857055664
2016-03-30,20.549556732177734
2016-03-31,20.493799209594727
2016-04-01,20.5814151763916
2016-04-04,20.493799209594727
2016-04-05,20.270780563354492
2016-04-06,20.406190872192383
2016-04-07,20.238927841186523
2016-04-08,20.342470169067383
2016-04-11,20.318578720092773
2016-04-12,20.47787857055664
2016-04-13,20.589384078979492
2016-04-14,20.55752182006836
2016-04-15,20.621240615844727
2016-04-18,20.716819763183594
2016-04-19,20.828332901000977
2016-04-20,20.69292449951172
2016-04-21,20.4539794921875
2016-04-22,20.565481185913086
2016-04-25,20.565481185913086
2016-04-26,20.629209518432617
2016-04-27,20.740724563598633
2016-04-28,20.637170791625977
2016-04-29,20.613283157348633
2016-05-02,20.748682022094727
2016-05-03,20.605304718017578
2016-05-04,20.55752182006836
2016-05-05,20.533626556396484
2016-05-06,20.5814151763916
2016-05-09,20.621240615844727
2016-05-10,20.804431915283203
2016-05-11,20.69292449951172
2016-05-12,20.7725772857666
2016-05-13,20.613283157348633
2016-05-16,20.748682022094727
2016-05-17,20.493799209594727
2016-05-18,20.39025115966797
2016-05-19,20.366365432739258
2016-05-20,20.47787857055664
2016-05-23,20.430086135864258
2016-05-24,20.70088768005371
2016-05-25,20.764610290527344
2016-05-26,20.828332901000977
2016-05-27,20.89204978942871
2016-05-31,20.884078979492188
2016-06-01,20.96373176574707
2016-06-02,21.00356101989746
2016-06-03,21.107105255126953
2016-06-06,21.15489387512207
2016-06-07,21.218608856201172
2016-06-08,21.322154998779297
2016-06-09,21.338088989257812
2016-06-10,21.178781509399414
2016-06-13,21.01949119567871
2016-06-14,20.987625122070312
2016-06-15,20.931873321533203
2016-06-16,21.03542137145996
2016-06-17,21.011518478393555
2016-06-20,21.15489387512207
2016-06-21,21.202686309814453
2016-06-22,21.183454513549805
2016-06-23,21.431737899780273
2016-06-24,20.86310386657715
2016-06-27,20.65487289428711
2016-06-28,20.903148651123047
2016-06-29,21.175453186035156
2016-06-30,21.59191131591797
2016-07-01,21.583904266357422
2016-07-05,21.519834518432617
2016-07-06,21.60793113708496
2016-07-07,21.47978973388672
2016-07-08,21.720054626464844
2016-07-11,21.80013656616211
2016-07-12,21.848194122314453
2016-07-13,21.904258728027344
2016-07-14,21.928287506103516
2016-07-15,21.928287506103516
2016-07-18,21.91227149963379
2016-07-19,21.87221908569336
2016-07-20,21.8962459564209
2016-07-21,21.848194122314453
2016-07-22,22.008373260498047
2016-07-25,21.952312469482422
2016-07-26,21.984350204467773
2016-07-27,21.880233764648438
2016-07-28,21.944303512573242
2016-07-29,21.992351531982422
2016-08-01,21.928287506103516
2016-08-02,21.792129516601562
2016-08-03,21.760101318359375
2016-08-04,21.824169158935547
2016-08-05,21.91227149963379
2016-08-08,21.880233764648438
2016-08-09,21.91227149963379
2016-08-10,21.91227149963379
2016-08-11,22.008373260498047
2016-08-12,21.984350204467773
2016-08-15,21.984350204467773
2016-08-16,21.83217430114746
2016-08-17,21.904258728027344
2016-08-18,22.02438735961914
2016-08-19,21.952312469482422
2016-08-22,21.9603214263916
2016-08-23,21.968326568603516
2016-08-24,21.91227149963379
2016-08-25,21.91227149963379
2016-08-26,21.776119232177734
2016-08-29,21.8962459564209
2016-08-30,21.816160202026367
2016-08-31,21.78412628173828
2016-09-01,21.776119232177734
2016-09-02,21.968326568603516
2016-09-06,22.02438735961914
2016-09-07,21.992351531982422
2016-09-08,21.952312469482422
2016-09-09,21.375669479370117
2016-09-12,21.65598487854004
2016-09-13,21.351648330688477
2016-09-14,21.303590774536133
2016-09-15,21.495805740356445
2016-09-16,21.45576286315918
2016-09-19,21.543865203857422
2016-09-20,21.551870346069336
2016-09-21,21.814191818237305
2016-09-22,21.9912109375
2016-09-23,21.854415893554688
2016-09-26,21.725671768188477
2016-09-27,21.749820709228516
2016-09-28,21.830280303955078
2016-09-29,21.637161254882812
2016-09-30,21.725671768188477
2016-10-03,21.613027572631836
2016-10-04,21.43600082397461
2016-10-05,21.48427963256836
2016-10-06,21.49232292175293
2016-10-07,21.427946090698242
2016-10-10,21.51646614074707
2016-10-11,21.26702308654785
2016-10-12,21.347484588623047
2016-10-13,21.347484588623047
2016-10-14,21.35553741455078
2016-10-17,21.331390380859375
2016-10-18,21.419906616210938
2016-10-19,21.419906616210938
2016-10-20,21.35553741455078
2016-10-21,21.32335090637207
2016-10-24,21.37162971496582
2016-10-25,21.35553741455078
2016-10-26,21.339441299438477
2016-10-27,21.250930786132812
2016-10-28,21.26702308654785
2016-10-31,21.395761489868164
2016-11-01,21.2187442779541
2016-11-02,21.098037719726562
2016-11-03,21.057809829711914
2016-11-04,21.009532928466797
2016-11-07,21.419906616210938
2016-11-08,21.548646926879883
2016-11-09,21.67739486694336
2016-11-10,21.669349670410156
2016-11-11,21.693492889404297
2016-11-14,21.7900447845459
2016-11-15,21.902690887451172
2016-11-16,21.86246681213379
2016-11-17,21.878557205200195
2016-11-18,21.86246681213379
2016-11-21,22.023393630981445
2016-11-22,22.11191177368164
2016-11-23,22.055583953857422
2016-11-25,22.22456169128418
2016-11-28,22.256744384765625
2016-11-29,22.329166412353516
2016-11-30,22.103857040405273
2016-12-01,22.00730323791504
2016-12-02,22.087770462036133
2016-12-05,22.168235778808594
2016-12-06,22.24065589904785
2016-12-07,22.538379669189453
2016-12-08,22.61884307861328
2016-12-09,22.755626678466797
2016-12-12,22.795873641967773
2016-12-13,22.940702438354492
2016-12-14,22.634929656982422
2016-12-15,22.723447799682617
2016-12-16,22.78782081604004
2016-12-19,22.820009231567383
2016-12-20,22.90047264099121
2016-12-21,22.82193946838379
2016-12-22,22.830032348632812
2016-12-23,22.82193946838379
2016-12-27,22.846227645874023
2016-12-28,22.684316635131836
2016-12-29,22.77336311340332
2016-12-30,22.69240951538086
2017-01-03,22.781461715698242
2017-01-04,22.919090270996094
2017-01-05,22.8624210357666
2017-01-06,22.87051773071289
2017-01-09,22.700504302978516
2017-01-10,22.708600997924805
2017-01-11,22.789560317993164
2017-01-12,22.75717544555664
2017-01-13,22.789560317993164
2017-01-17,22.797649383544922
2017-01-18,22.838134765625
2017-01-19,22.708600997924805
2017-01-20,22.77336311340332
2017-01-23,22.708600997924805
2017-01-24,22.8624210357666
2017-01-25,22.983858108520508
2017-01-26,22.91099739074707
2017-01-27,22.854324340820312
2017-01-30,22.749082565307617
2017-01-31,22.846227645874023
2017-02-01,22.684316635131836
2017-02-02,22.789560317993164
2017-02-03,22.951480865478516
2017-02-06,22.854324340820312
2017-02-07,22.878612518310547
2017-02-08,22.935291290283203
2017-02-09,22.99195098876953
2017-02-10,23.113386154174805
2017-02-13,23.202434539794922
2017-02-14,23.210540771484375
2017-02-15,23.299591064453125
2017-02-16,23.372451782226562
2017-02-17,23.43722152709961
2017-02-21,23.550559997558594
2017-02-22,23.56674575805664
2017-02-23,23.6477108001709
2017-02-24,23.73676300048828
2017-02-27,23.720571517944336
2017-02-28,23.6720027923584
2017-03-01,23.842012405395508
2017-03-02,23.76104164123535
2017-03-03,23.720571517944336
2017-03-06,23.63961410522461
2017-03-07,23.56674575805664
2017-03-08,23.43722152709961
2017-03-09,23.412931442260742
2017-03-10,23.526269912719727
2017-03-13,23.56674575805664
2017-03-14,23.51007843017578
2017-03-15,23.752952575683594
2017-03-16,23.720571517944336
2017-03-17,23.76104164123535
2017-03-20,23.66390037536621
2017-03-21,23.534366607666016
2017-03-22,23.56674575805664
2017-03-23,23.556175231933594
2017-03-24,23.556175231933594
2017-03-27,23.531763076782227
2017-03-28,23.637540817260742
2017-03-29,23.621265411376953
2017-03-30,23.621265411376953
2017-03-31,23.604991912841797
2017-04-03,23.539899826049805
2017-04-04,23.556175231933594
2017-04-05,23.523622512817383
2017-04-06,23.548036575317383
2017-04-07,23.548036575317383
2017-04-10,23.58058738708496
2017-04-11,23.604991912841797
2017-04-12,23.556175231933594
2017-04-13,23.377161026000977
2017-04-17,23.564308166503906
2017-04-18,23.515483856201172
2017-04-19,23.43411636352539
2017-04-20,23.539899826049805
2017-04-21,23.531763076782227
2017-04-24,23.735187530517578
2017-04-25,23.80027961730957
2017-04-26,23.759593963623047
2017-04-27,23.743318557739258
2017-04-28,23.62940216064453
2017-05-01,23.548036575317383
2017-05-02,23.564308166503906
2017-05-03,23.539899826049805
2017-05-04,23.59685707092285
2017-05-05,23.70263671875
2017-05-08,23.62940216064453
2017-05-09,23.548036575317383
2017-05-10,23.59685707092285
2017-05-11,23.523622512817383
2017-05-12,23.466670989990234
2017-05-15,23.588722229003906
2017-05-16,23.523622512817383
2017-05-17,23.30393409729004
2017-05-18,23.36089324951172
2017-05-19,23.50735092163086
2017-05-22,23.637540817260742
2017-05-23,23.686357498168945
2017-05-24,23.727046966552734
2017-05-25,23.824689865112305
2017-05-26,23.816553115844727
2017-05-30,23.80027961730957
2017-05-31,23.857236862182617
2017-06-01,24.060657501220703
2017-06-02,24.125751495361328
2017-06-05,24.01997184753418
2017-06-06,23.914196014404297
2017-06-07,23.938602447509766
2017-06-08,23.94674301147461
2017-06-09,24.076934814453125
2017-06-12,24.133892059326172
2017-06-13,24.198984146118164
2017-06-14,24.239669799804688
2017-06-15,24.272216796875
2017-06-16,24.296632766723633
2017-06-19,24.329177856445312
2017-06-20,24.174577713012695
2017-06-21,24.068790435791016
2017-06-22,24.05570411682129
2017-06-23,24.063886642456055
2017-06-26,24.137521743774414
2017-06-27,23.99842643737793
2017-06-28,24.08024787902832
2017-06-29,23.892065048217773
2017-06-30,23.932971954345703
2017-07-03,24.031156539916992
2017-07-05,23.916606903076172
2017-07-06,23.728418350219727
2017-07-07,23.83478546142578
2017-07-10,23.736597061157227
2017-07-11,23.6875057220459
2017-07-12,23.81024169921875
2017-07-13,23.818416595458984
2017-07-14,23.90842628479004
2017-07-17,23.916606903076172
2017-07-18,23.900243759155273
2017-07-19,23.990243911743164
2017-07-20,24.08024787902832
2017-07-21,24.121164321899414
2017-07-24,24.063886642456055
2017-07-25,24.162071228027344
2017-07-26,24.178436279296875
2017-07-27,24.227529525756836
2017-07-28,24.18661880493164
2017-07-31,24.252073287963867
2017-08-01,24.292991638183594
2017-08-02,24.28480339050293
2017-08-03,24.252073287963867
2017-08-04,24.268442153930664
2017-08-07,24.28480339050293
2017-08-08,24.252073287963867
2017-08-09,24.23571014404297
2017-08-10,24.039339065551758
2017-08-11,23.990243911743164
2017-08-14,24.194801330566406
2017-08-15,24.153886795043945
2017-08-16,24.227529525756836
2017-08-17,23.941152572631836
2017-08-18,23.859336853027344
2017-08-21,23.900243759155273
2017-08-22,24.039339065551758
2017-08-23,23.99842643737793
2017-08-24,23.892065048217773
2017-08-25,23.99842643737793
2017-08-28,23.957517623901367
2017-08-29,23.92479133605957
2017-08-30,23.957517623901367
2017-08-31,24.031156539916992
2017-09-01,24.05570411682129
2017-09-05,23.932971954345703
2017-09-06,23.99842643737793
2017-09-07,24.014789581298828
2017-09-08,24.12933921813965
2017-09-11,24.350261688232422
2017-09-12,24.358444213867188
2017-09-13,24.301172256469727
2017-09-14,24.342079162597656
2017-09-15,24.423900604248047
2017-09-18,24.399354934692383
2017-09-19,24.37480926513672
2017-09-20,24.358444213867188
2017-09-21,24.31078338623047
2017-09-22,24.302560806274414
2017-09-25,24.417619705200195
2017-09-26,24.417619705200195
2017-09-27,24.40118408203125
2017-09-28,24.45049476623535
2017-09-29,24.45049476623535
2017-10-02,24.54090118408203
2017-10-03,24.573774337768555
2017-10-04,24.614870071411133
2017-10-05,24.672401428222656
2017-10-06,24.631305694580078
2017-10-09,24.549121856689453
2017-10-10,24.70526885986328
2017-10-11,24.73814582824707
2017-10-12,24.795677185058594
2017-10-13,24.812116622924805
2017-10-16,24.77101707458496
2017-10-17,24.82855224609375
2017-10-18,24.861431121826172
2017-10-19,24.935394287109375
2017-10-20,25.001148223876953
2017-10-23,24.984704971313477
2017-10-24,24.92717742919922
2017-10-25,24.82033348083496
2017-10-26,24.861431121826172
2017-10-27,24.88608169555664
2017-10-30,24.77101707458496
2017-10-31,24.82033348083496
2017-11-01,24.75458526611328
2017-11-02,24.76280403137207
2017-11-03,24.812116622924805
2017-11-06,24.75458526611328
2017-11-07,24.779237747192383
2017-11-08,24.82855224609375
2017-11-09,24.779237747192383
2017-11-10,24.746366500854492
2017-11-13,24.812116622924805
2017-11-14,24.910734176635742
2017-11-15,24.729930877685547
2017-11-16,24.910734176635742
2017-11-17,24.85320472717285
2017-11-20,24.85320472717285
2017-11-21,24.910734176635742
2017-11-22,24.90252113342285
2017-11-24,24.910734176635742
2017-11-27,24.95183563232422
2017-11-28,25.239482879638672
2017-11-29,25.42851448059082
2017-11-30,25.5435733795166
2017-12-01,25.502479553222656
2017-12-04,25.650419235229492
2017-12-05,25.461387634277344
2017-12-06,25.42851448059082
2017-12-07,25.45316505432129
2017-12-08,25.53536033630371
2017-12-11,25.560014724731445
2017-12-12,25.502479553222656
2017-12-13,25.518924713134766
2017-12-14,25.329893112182617
2017-12-15,25.568233489990234
2017-12-18,25.609331130981445
2017-12-19,25.502479553222656
2017-12-20,25.461387634277344
2017-12-21,25.43243408203125
2017-12-22,25.48207664489746
2017-12-26,25.473806381225586
2017-12-27,25.515165328979492
2017-12-28,25.589628219604492
2017-12-29,25.531719207763672
2018-01-02,25.49034881591797
2018-01-03,25.515165328979492
2018-01-04,25.564809799194336
2018-01-05,25.664087295532227
2018-01-08,25.73027801513672
2018-01-09,25.664087295532227
2018-01-10,25.515165328979492
2018-01-11,25.622718811035156
2018-01-12,25.688907623291016
2018-01-16,25.672365188598633
2018-01-17,25.854373931884766
2018-01-18,25.746822357177734
2018-01-19,25.846107482910156
2018-01-22,26.069480895996094
2018-01-23,26.127405166625977
2018-01-24,26.1522159576416
2018-01-25,26.23495101928711
2018-01-26,26.350780487060547
2018-01-29,26.168760299682617
2018-01-30,26.019847869873047
2018-01-31,25.995023727416992
2018-02-01,25.854373931884766
2018-02-02,25.48207664489746
2018-02-05,24.61336326599121
2018-02-06,24.77056121826172
2018-02-07,24.745746612548828
2018-02-08,24.15005874633789
2018-02-09,24.489267349243164
2018-02-12,24.68782615661621
2018-02-13,24.704374313354492
2018-02-14,24.869844436645508
2018-02-15,25.151138305664062
2018-02-16,25.22559356689453
2018-02-20,24.936031341552734
2018-02-21,24.77056121826172
2018-02-22,24.77056121826172
2018-02-23,25.134593963623047
2018-02-26,25.266965866088867
2018-02-27,24.936031341552734
2018-02-28,24.679555892944336
2018-03-01,24.447895050048828
2018-03-02,24.505817413330078
2018-03-05,24.878114700317383
2018-03-06,24.878114700317383
2018-03-07,24.84502410888672
2018-03-08,24.952573776245117
2018-03-09,25.233863830566406
2018-03-12,25.250417709350586
2018-03-13,25.17595863342285
2018-03-14,25.126319885253906
2018-03-15,25.07668113708496
2018-03-16,25.184232711791992
2018-03-19,25.018762588500977
2018-03-20,24.9691219329834
2018-03-21,24.902935028076172
2018-03-22,24.51567268371582
2018-03-23,24.133399963378906
2018-03-26,24.557218551635742
2018-03-27,24.474117279052734
2018-03-28,24.623708724975586
2018-03-29,24.839778900146484
2018-04-02,24.391016006469727
2018-04-03,24.665258407592773
2018-04-04,24.88132667541504
2018-04-05,25.030916213989258
2018-04-06,24.665258407592773
2018-04-09,24.715116500854492
2018-04-10,24.88132667541504
2018-04-11,24.789913177490234
2018-04-12,24.814847946166992
2018-04-13,24.773292541503906
2018-04-16,24.9976749420166
2018-04-17,25.114017486572266
2018-04-18,25.039222717285156
2018-04-19,24.89794921875
2018-04-20,24.74835968017578
2018-04-23,24.7982234954834
2018-04-24,24.73174285888672
2018-04-25,24.781606674194336
2018-04-26,24.914567947387695
2018-04-27,25.01429557800293
2018-04-30,24.814847946166992
2018-05-01,24.773292541503906
2018-05-02,24.56553077697754
2018-05-03,24.548912048339844
2018-05-04,24.823158264160156
2018-05-07,24.806533813476562
2018-05-08,24.681882858276367
2018-05-09,24.806533813476562
2018-05-10,24.989362716674805
2018-05-11,25.039222717285156
2018-05-14,24.9976749420166
2018-05-15,24.88132667541504
2018-05-16,24.93950080871582
2018-05-17,24.922876358032227
2018-05-18,24.88132667541504
2018-05-21,25.022600173950195
2018-05-22,24.9976749420166
2018-05-23,25.080778121948242
2018-05-24,25.089086532592773
2018-05-25,25.097402572631836
2018-05-29,24.906253814697266
2018-05-30,25.222057342529297
2018-05-31,25.022600173950195
2018-06-01,25.04754066467285
2018-06-04,25.130638122558594
2018-06-05,25.06415557861328
2018-06-06,25.10570526123047
2018-06-07,25.180500030517578
2018-06-08,25.255294799804688
2018-06-11,25.263608932495117
2018-06-12,25.363330841064453
2018-06-13,25.246990203857422
2018-06-14,25.3134708404541
2018-06-15,25.40488052368164
2018-06-18,25.296850204467773
2018-06-19,25.33009147644043
2018-06-20,25.338397979736328
2018-06-21,25.266468048095703
2018-06-22,25.400291442871094
2018-06-25,25.375202178955078
2018-06-26,25.33338165283203
2018-06-27,25.191200256347656
2018-06-28,25.283199310302734
2018-06-29,25.325016021728516
2018-07-02,25.2999210357666
2018-07-03,25.375202178955078
2018-07-05,25.592655181884766
2018-07-06,25.709739685058594
2018-07-09,25.726472854614258
2018-07-10,25.84356117248535
2018-07-11,25.718107223510742
2018-07-12,25.851924896240234
2018-07-13,25.877012252807617
2018-07-16,25.8184757232666
2018-07-17,25.851924896240234
2018-07-18,25.835201263427734
2018-07-19,25.918832778930664
2018-07-20,25.902103424072266
2018-07-23,25.826831817626953
2018-07-24,25.91046905517578
2018-07-25,26.061016082763672
2018-07-26,26.16974639892578
2018-07-27,26.127927780151367
2018-07-30,26.09447479248047
2018-07-31,26.337018966674805
2018-08-01,26.153013229370117
2018-08-02,26.16974639892578
2018-08-03,26.345378875732422
2018-08-06,26.36210823059082
2018-08-07,26.37047004699707
2018-08-08,26.345378875732422
2018-08-09,26.337018966674805
2018-08-10,26.13628578186035
2018-08-13,26.111202239990234
2018-08-14,26.286832809448242
2018-08-15,26.261741638183594
2018-08-16,26.504283905029297
2018-08-17,26.663192749023438
2018-08-20,26.705013275146484
2018-08-21,26.705013275146484
2018-08-22,26.596282958984375
2018-08-23,26.521011352539062
2018-08-24,26.621376037597656
2018-08-27,26.679920196533203
2018-08-28,26.638103485107422
2018-08-29,26.730098724365234
2018-08-30,26.604652404785156
2018-08-31,26.58792495727539
2018-09-04,26.537742614746094
2018-09-05,26.705013275146484
2018-09-06,26.755199432373047
2018-09-07,26.654827117919922
2018-09-10,26.713376998901367
2018-09-11,26.721742630004883
2018-09-12,26.771921157836914
2018-09-13,26.897377014160156
2018-09-14,26.892335891723633
2018-09-17,26.900739669799805
2018-09-18,26.91755485534668
2018-09-19,26.799856185913086
2018-09-20,26.97640037536621
2018-09-21,27.035242080688477
2018-09-24,26.783050537109375
2018-09-25,26.640134811401367
2018-09-26,26.505638122558594
2018-09-27,26.497228622436523
2018-09-28,26.598106384277344
2018-10-01,26.56447982788086
2018-10-02,26.64854621887207
2018-10-03,26.589693069458008
2018-10-04,26.522451400756836
2018-10-05,26.56447982788086
2018-10-08,26.724206924438477
2018-10-09,26.673765182495117
2018-10-10,26.2029972076416
2018-10-11,25.614547729492188
2018-10-12,25.6397647857666
2018-10-15,25.707015991210938
2018-10-16,26.076902389526367
2018-10-17,26.093719482421875
2018-10-18,25.942401885986328
2018-10-19,26.076902389526367
2018-10-22,25.875146865844727
2018-10-23,25.732236862182617
2018-10-24,25.463232040405273
2018-10-25,25.530479431152344
2018-10-26,25.236257553100586
2018-10-29,25.40438461303711
2018-10-30,25.791080474853516
2018-10-31,25.67339324951172
2018-11-01,25.858335494995117
2018-11-02,25.757455825805664
2018-11-05,25.976030349731445
2018-11-06,26.16937255859375
2018-11-07,26.48882293701172
2018-11-08,26.48882293701172
2018-11-09,26.446794509887695
2018-11-12,26.21981430053711
2018-11-13,26.270252227783203
2018-11-14,26.160966873168945
2018-11-15,26.329097747802734
2018-11-16,26.48041534423828
2018-11-19,26.404756546020508
2018-11-20,26.102121353149414
2018-11-21,26.076902389526367
2018-11-23,26.026466369628906
2018-11-26,26.23662757873535
2018-11-27,26.2618465423584
2018-11-28,26.505638122558594
2018-11-29,26.438383102416992
2018-11-30,26.656953811645508
2018-12-03,26.799856185913086
2018-12-04,26.28706169128418
2018-12-06,26.194595336914062
2018-12-07,25.933992385864258
2018-12-10,25.86673927307129
2018-12-11,25.875146865844727
2018-12-12,25.933992385864258
2018-12-13,25.959211349487305
2018-12-14,25.67339324951172
2018-12-17,25.18581771850586
2018-12-18,25.062957763671875
2018-12-19,24.842660903930664
2018-12-20,24.613893508911133
2018-12-21,24.308870315551758
2018-12-24,23.55476951599121
2018-12-26,24.29192352294922
2018-12-27,24.47832679748535
2018-12-28,24.486797332763672
2018-12-31,24.639312744140625
2019-01-02,24.486797332763672
2019-01-03,24.224143981933594
2019-01-04,24.774879455566406
2019-01-07,24.842660903930664
2019-01-08,25.0883846282959
2019-01-09,25.10532569885254
2019-01-10,25.32562828063965
2019-01-11,25.34256935119629
2019-01-14,25.20699691772461
2019-01-15,25.376455307006836
2019-01-16,25.43577003479004
2019-01-17,25.673009872436523
2019-01-18,25.969562530517578
2019-01-22,25.749265670776367
2019-01-23,25.825529098510742
2019-01-24,25.842466354370117
2019-01-25,25.87636375427246
2019-01-28,25.808576583862305
2019-01-29,25.918729782104492
2019-01-30,26.0797119140625
2019-01-31,26.342369079589844
2019-02-01,26.359315872192383
2019-02-04,26.49488067626953
2019-02-05,26.579614639282227
2019-02-06,26.56266975402832
2019-02-07,26.537250518798828
2019-02-08,26.571142196655273
2019-02-11,26.571142196655273
2019-02-12,26.791439056396484
2019-02-13,26.859222412109375
2019-02-14,26.740602493286133
2019-02-15,27.04562759399414
2019-02-19,27.10494041442871
2019-02-20,27.2150821685791
2019-02-21,27.206615447998047
2019-02-22,27.265928268432617
2019-02-25,27.2150821685791
2019-02-26,27.16425132751465
2019-02-27,27.18967056274414
2019-02-28,27.206615447998047
2019-03-01,27.282869338989258
2019-03-04,27.240503311157227
2019-03-05,27.198135375976562
2019-03-06,27.10494041442871
2019-03-07,26.97784423828125
2019-03-08,26.97784423828125
2019-03-11,27.240503311157227
2019-03-12,27.282869338989258
2019-03-13,27.376068115234375
2019-03-14,27.367597579956055
2019-03-15,27.48621940612793
2019-03-18,27.56247329711914
2019-03-19,27.409961700439453
2019-03-20,27.265928268432617
2019-03-21,27.560422897338867
2019-03-22,27.305076599121094
2019-03-25,27.313583374023438
2019-03-26,27.54340362548828
2019-03-27,27.475305557250977
2019-03-28,27.526384353637695
2019-03-29,27.637025833129883
2019-04-01,27.824283599853516
2019-04-02,27.739166259765625
2019-04-03,27.7476749420166
2019-04-04,27.79023551940918
2019-04-05,27.968976974487305
2019-04-08,27.926427841186523
2019-04-09,27.756187438964844
2019-04-10,27.824283599853516
2019-04-11,27.926427841186523
2019-04-12,28.079627990722656
2019-04-15,28.062610626220703
2019-04-16,28.07111930847168
2019-04-17,27.99451446533203
2019-04-18,28.0285587310791
2019-04-22,27.926427841186523
2019-04-23,28.13070297241211
2019-04-24,28.17325210571289
2019-04-25,28.08814239501953
2019-04-26,28.22432518005371
2019-04-29,28.241355895996094
2019-04-30,28.479671478271484
2019-05-01,28.198787689208984
2019-05-02,28.23284149169922
2019-05-03,28.496688842773438
2019-05-06,28.377527236938477
2019-05-07,28.054096221923828
2019-05-08,27.951955795288086
2019-05-09,27.943443298339844
2019-05-10,28.1817684173584
2019-05-13,27.815771102905273
2019-05-14,27.9008846282959
2019-05-15,27.99451446533203
2019-05-16,28.1817684173584
2019-05-17,28.105165481567383
2019-05-20,28.054096221923828
2019-05-21,28.21581268310547
2019-05-22,28.23284149169922
2019-05-23,28.054096221923828
2019-05-24,28.113672256469727
2019-05-28,27.756187438964844
2019-05-29,27.56892967224121
2019-05-30,27.56892967224121
2019-05-31,27.415727615356445
2019-06-03,27.73065757751465
2019-06-04,28.08814239501953
2019-06-05,28.343481063842773
2019-06-06,28.479671478271484
2019-06-07,28.607341766357422
2019-06-10,28.607341766357422
2019-06-11,28.57329750061035
2019-06-12,28.607341766357422
2019-06-13,28.709484100341797
2019-06-14,28.694944381713867
2019-06-17,28.600862503051758
2019-06-18,28.77191734313965
2019-06-19,28.866003036499023
2019-06-20,29.114036560058594
2019-06-21,29.03706169128418
2019-06-24,28.97719383239746
2019-06-25,28.866003036499023
2019-06-26,28.58375358581543
2019-06-27,28.66073226928711
2019-06-28,28.857450485229492
2019-07-01,28.96863555908203
2019-07-02,29.06272315979004
2019-07-03,29.344966888427734
2019-07-05,29.267986297607422
2019-07-08,29.173912048339844
2019-07-09,29.13969612121582
2019-07-10,29.15679931640625
2019-07-11,29.15679931640625
2019-07-12,29.267986297607422
2019-07-15,29.285091400146484
2019-07-16,29.250890731811523
2019-07-17,29.114036560058594
2019-07-18,29.267986297607422
2019-07-19,29.06272315979004
2019-07-22,29.011398315429688
2019-07-23,29.191015243530273
2019-07-24,29.31075096130371
2019-07-25,29.25943374633789
2019-07-26,29.404836654663086
2019-07-29,29.413381576538086
2019-07-30,29.370622634887695
2019-07-31,29.10548210144043
2019-08-01,28.89166259765625
2019-08-02,28.75481605529785
2019-08-05,28.130455017089844
2019-08-06,28.33572006225586
2019-08-07,28.446914672851562
2019-08-08,28.89166259765625
2019-08-09,28.75481605529785
2019-08-12,28.498228073120117
2019-08-13,28.746259689331055
2019-08-14,28.121904373168945
2019-08-15,28.23308753967285
2019-08-16,28.592309951782227
2019-08-19,28.848896026611328
2019-08-20,28.64362907409668
2019-08-21,28.797582626342773
2019-08-22,28.823240280151367
2019-08-23,28.275850296020508
2019-08-26,28.523887634277344
2019-08-27,28.387041091918945
2019-08-28,28.566654205322266
2019-08-29,28.857450485229492
2019-08-30,28.908767700195312
2019-09-03,28.89166259765625
2019-09-04,29.131145477294922
2019-09-05,29.3535213470459
2019-09-06,29.396276473999023
2019-09-09,29.516027450561523
2019-09-10,29.652860641479492
2019-09-11,29.900897979736328
2019-09-12,29.952211380004883
2019-09-13,29.918010711669922
2019-09-16,29.823923110961914
2019-09-17,29.93511390686035
2019-09-18,29.960769653320312
2019-09-19,29.918010711669922
2019-09-20,29.858137130737305
2019-09-23,29.858137130737305
2019-09-24,29.781164169311523
2019-09-25,29.903392791748047
2019-09-26,29.980867385864258
2019-09-27,29.903392791748047
2019-09-30,30.015287399291992
2019-10-01,29.627933502197266
2019-10-02,29.180334091186523
2019-10-03,29.266414642333984
2019-10-04,29.60211944580078
2019-10-07,29.50743865966797
2019-10-08,29.077051162719727
2019-10-09,29.257810592651367
2019-10-10,29.412752151489258
2019-10-11,29.70541763305664
2019-10-14,29.610727310180664
2019-10-15,29.69680404663086
2019-10-16,29.68820571899414
2019-10-17,29.83452796936035
2019-10-18,29.85174560546875
2019-10-21,30.015287399291992
2019-10-22,30.02390480041504
2019-10-23,30.08415985107422
2019-10-24,30.08415985107422
2019-10-25,30.144399642944336
2019-10-28,30.10137367248535
2019-10-29,30.239099502563477
2019-10-30,30.299348831176758
2019-10-31,30.161623001098633
2019-11-01,30.368213653564453
2019-11-04,30.394039154052734
2019-11-05,30.37681770324707
2019-11-06,30.454288482666016
2019-11-07,30.419864654541016
2019-11-08,30.428468704223633
2019-11-11,30.359609603881836
2019-11-12,30.368213653564453
2019-11-13,30.4456844329834
2019-11-14,30.47150230407715
2019-11-15,30.59201431274414
2019-11-18,30.583415985107422
2019-11-19,30.54036521911621
2019-11-20,30.48011589050293
2019-11-21,30.38542366027832
2019-11-22,30.437070846557617
2019-11-25,30.60062599182129
2019-11-26,30.66948127746582
2019-11-27,30.764175415039062
2019-11-29,30.643657684326172
2019-12-02,30.428468704223633
2019-12-03,30.26491928100586
2019-12-04,30.462892532348633
2019-12-05,30.505931854248047
2019-12-06,30.686702728271484
2019-12-09,30.626445770263672
2019-12-10,30.60062599182129
2019-12-11,30.660879135131836
2019-12-12,30.78999900817871
2019-12-13,30.782201766967773
2019-12-16,30.972639083862305
2019-12-17,31.01593589782715
2019-12-18,31.024581909179688
2019-12-19,31.059206008911133
2019-12-20,31.223674774169922
2019-12-23,31.093833923339844
2019-12-24,31.059206008911133
2019-12-26,31.11980438232422
2019-12-27,31.1544246673584
2019-12-30,31.102487564086914
2019-12-31,31.18903923034668
2020-01-02,31.128459930419922
2020-01-03,31.03322982788086
2020-01-06,31.059206008911133
2020-01-07,30.938024520874023
2020-01-08,30.998607635498047
2020-01-09,31.102487564086914
2020-01-10,31.07651138305664
2020-01-13,31.275619506835938
2020-01-14,31.292938232421875
2020-01-15,31.40546417236328
2020-01-16,31.62186622619629
2020-01-17,31.72574234008789
2020-01-21,31.691125869750977
2020-01-22,31.68247413635254
2020-01-23,31.79499626159668
2020-01-24,31.595895767211914
2020-01-27,31.266958236694336
2020-01-28,31.466053009033203
2020-01-29,31.37084197998047
2020-01-30,31.518003463745117
2020-01-31,31.041898727416992
2020-02-03,31.18903923034668
2020-02-04,31.379497528076172
2020-02-05,31.77768325805664
2020-02-06,31.769025802612305
2020-02-07,31.56993865966797
2020-02-10,31.665157318115234
2020-02-11,31.7603702545166
2020-02-12,31.82962417602539
2020-02-13,31.90753173828125
2020-02-14,31.92485237121582
2020-02-18,31.846948623657227
2020-02-19,31.82962417602539
2020-02-20,31.855592727661133
2020-02-21,31.769025802612305
2020-02-24,31.07651138305664
2020-02-25,30.219532012939453
2020-02-26,29.95984649658203
2020-02-27,28.799882888793945
2020-02-28,28.09871482849121
2020-03-02,29.31061363220215
2020-03-03,28.713319778442383
2020-03-04,29.899240493774414
2020-03-05,29.042264938354492
2020-03-06,28.7652587890625
2020-03-09,26.67041015625
2020-03-10,27.579326629638672
2020-03-11,26.237586975097656
2020-03-12,23.657970428466797
2020-03-13,25.4758243560791
2020-03-16,22.85292625427246
2020-03-17,24.6707763671875
2020-03-18,23.138587951660156
2020-03-19,23.000089645385742
2020-03-20,21.675655364990234
2020-03-23,20.671512603759766
2020-03-24,22.541296005249023
2020-03-25,23.04336929321289
2020-03-26,24.483795166015625
2020-03-27,23.882160186767578
2020-03-30,24.605865478515625
2020-03-31,24.135026931762695
2020-04-01,23.027677536010742
2020-04-02,23.411325454711914
2020-04-03,22.905601501464844
2020-04-06,24.518672943115234
2020-04-07,24.640745162963867
2020-04-08,25.521398544311523
2020-04-09,26.30613136291504
2020-04-13,25.60858917236328
2020-04-14,26.105588912963867
2020-04-15,25.12030601501465
2020-04-16,25.006956100463867
2020-04-17,25.957355499267578
2020-04-20,25.30341148376465
2020-04-21,24.762815475463867
2020-04-22,25.163908004760742
2020-04-23,25.015674591064453
2020-04-24,25.30341148376465
2020-04-27,25.939924240112305
2020-04-28,26.253814697265625
2020-04-29,26.68978500366211
2020-04-30,25.974802017211914
2020-05-01,25.198776245117188
2020-05-04,25.190061569213867
2020-05-05,25.33829116821289
2020-05-06,24.86745262145996
2020-05-07,25.12030601501465
2020-05-08,25.713220596313477
2020-05-11,25.495237350463867
2020-05-12,24.876171112060547
2020-05-13,24.26581573486328
2020-05-14,24.457639694213867
2020-05-15,24.422765731811523
2020-05-18,25.626022338867188
2020-05-19,25.190061569213867
2020-05-20,25.57370948791504
2020-05-21,25.460363388061523
2020-05-22,25.469078063964844
2020-05-26,26.253814697265625
2020-05-27,26.829288482666016
2020-05-28,26.829288482666016
2020-05-29,26.768253326416016
2020-06-01,26.933923721313477
2020-06-02,27.239097595214844
2020-06-03,27.814573287963867
2020-06-04,27.744815826416016
2020-06-05,28.47724151611328
2020-06-08,28.939363479614258
2020-06-09,28.459796905517578
2020-06-10,27.98895835876465
2020-06-11,26.349729537963867
2020-06-12,26.654909133911133
2020-06-15,26.88160514831543
2020-06-16,27.29141616821289
2020-06-17,27.099586486816406
2020-06-18,27.08214569091797
2020-06-19,26.794418334960938
2020-06-22,26.78569221496582
2020-06-23,26.78569221496582
2020-06-24,26.15790367126465
2020-06-25,26.360815048217773
2020-06-26,25.895259857177734
2020-06-29,26.360815048217773
2020-06-30,26.63311767578125
2020-07-01,26.677040100097656
2020-07-02,26.83514976501465
2020-07-06,26.984481811523438
2020-07-07,26.668251037597656
2020-07-08,26.650693893432617
2020-07-09,26.23784065246582
2020-07-10,26.694602966308594
2020-07-13,26.77366065979004
2020-07-14,27.10745620727539
2020-07-15,27.458818435668945
2020-07-16,27.555442810058594
2020-07-17,27.722339630126953
2020-07-20,27.432462692260742
2020-07-21,27.66084861755371
2020-07-22,27.880447387695312
2020-07-23,27.91558265686035
2020-07-24,27.739900588989258
2020-07-27,27.748687744140625
2020-07-28,27.757471084594727
2020-07-29,28.07369041442871
2020-07-30,27.836530685424805
2020-07-31,27.757471084594727
2020-08-03,27.73111915588379
2020-08-04,27.845314025878906
2020-08-05,27.977069854736328
2020-08-06,28.029773712158203
2020-08-07,28.416269302368164
2020-08-10,28.662233352661133
2020-08-11,28.60952377319336
2020-08-12,28.820344924926758
2020-08-13,28.627092361450195
2020-08-14,28.6358699798584
2020-08-17,28.556814193725586
2020-08-18,28.468975067138672
2020-08-19,28.354780197143555
2020-08-20,28.205459594726562
2020-08-21,28.170320510864258
2020-08-24,28.521677017211914
2020-08-25,28.468975067138672
2020-08-26,28.372352600097656
2020-08-27,28.504117965698242
2020-08-28,28.60952377319336
2020-08-31,28.416269302368164
2020-09-01,28.389923095703125
2020-09-02,28.88182258605957
2020-09-03,28.398712158203125
2020-09-04,28.389923095703125
2020-09-08,27.854095458984375
2020-09-09,28.179107666015625
2020-09-10,27.757471084594727
2020-09-11,27.889232635498047
2020-09-14,28.2230224609375
2020-09-15,28.2142391204834
2020-09-16,28.293298721313477
2020-09-17,28.240591049194336
2020-09-18,27.92436981201172
2020-09-21,27.397323608398438
2020-09-22,27.502735137939453
2020-09-23,27.045969009399414
2020-09-24,27.140531539916992
2020-09-25,27.432174682617188
2020-09-28,27.812192916870117
2020-09-29,27.635438919067383
2020-09-30,27.803361892700195
2020-10-01,27.891735076904297
2020-10-02,28.086162567138672
2020-10-05,28.439672470092773
2020-10-06,28.386642456054688
2020-10-07,28.678287506103516
2020-10-08,29.02296257019043
2020-10-09,29.0671443939209
2020-10-12,29.252735137939453
2020-10-13,28.987607955932617
2020-10-14,28.93458366394043
2020-10-15,28.969932556152344
2020-10-16,29.02296257019043
2020-10-19,28.678287506103516
2020-10-20,28.79317283630371
2020-10-21,28.81085205078125
2020-10-22,29.129013061523438
2020-10-23,29.261573791503906
2020-10-26,28.837369918823242
2020-10-27,28.510372161865234
2020-10-28,27.688467025756836
2020-10-29,27.838706970214844
2020-10-30,27.776840209960938
2020-11-02,28.368967056274414
2020-11-03,28.96109390258789
2020-11-04,28.819686889648438
2020-11-05,29.164358139038086
2020-11-06,29.129013061523438
2020-11-09,30.118837356567383
2020-11-10,30.675607681274414
2020-11-11,30.604900360107422
2020-11-12,30.13650894165039
2020-11-13,30.604900360107422
2020-11-16,31.064456939697266
2020-11-17,30.790502548217773
2020-11-18,30.454662322998047
2020-11-19,30.454662322998047
2020-11-20,30.313262939453125
2020-11-23,30.587236404418945
2020-11-24,31.117488861083984
2020-11-25,30.97608184814453
2020-11-27,30.878870010375977
2020-11-30,30.543041229248047
2020-12-01,30.799333572387695
2020-12-02,30.808176040649414
2020-12-03,30.78166389465332
2020-12-04,31.099807739257812
2020-12-07,30.94073486328125
2020-12-08,31.029109954833984
2020-12-09,31.055625915527344
2020-12-10,30.91422462463379
2020-12-11,30.887706756591797
2020-12-14,30.710956573486328
2020-12-15,31.099807739257812
2020-12-16,31.020275115966797
2020-12-17,31.170520782470703
2020-12-18,31.03795051574707
2020-12-21,30.65793228149414
2020-12-22,30.5960750579834
2020-12-23,30.702112197875977
2020-12-24,30.80081558227539
2020-12-28,30.97865867614746
2020-12-29,30.880840301513672
2020-12-30,30.97865867614746
2020-12-31,31.18315887451172
2021-01-04,30.783037185668945
2021-01-05,30.907516479492188
2021-01-06,31.60106658935547
2021-01-07,31.574382781982422
2021-01-08,31.61885643005371
2021-01-11,31.547714233398438
2021-01-12,31.6544132232666
2021-01-13,31.62774085998535
2021-01-14,31.7077693939209
2021-01-15,31.663314819335938
2021-01-19,31.689985275268555
2021-01-20,31.805578231811523
2021-01-21,31.645530700683594
2021-01-22,31.53883934020996
2021-01-25,31.698881149291992
2021-01-26,31.62774085998535
2021-01-27,31.094242095947266
2021-01-28,31.15648651123047
2021-01-29,30.729684829711914
2021-02-01,31.040889739990234
2021-02-02,31.289852142333984
2021-02-03,31.254289627075195
2021-02-04,31.485477447509766
2021-02-05,31.61885643005371
2021-02-08,31.778911590576172
2021-02-09,31.823360443115234
2021-02-10,31.88560676574707
2021-02-11,31.858936309814453
2021-02-12,31.90338897705078
2021-02-16,31.850027084350586
2021-02-17,31.912275314331055
2021-02-18,31.90338897705078
2021-02-19,31.858936309814453
2021-02-22,31.832256317138672
2021-02-23,31.974515914916992
2021-02-24,32.17903518676758
2021-02-25,31.823360443115234
2021-02-26,31.3787784576416
2021-03-01,31.912275314331055
2021-03-02,31.86781883239746
2021-03-03,31.787796020507812
2021-03-04,31.529930114746094
2021-03-05,32.267948150634766
2021-03-08,32.561370849609375
2021-03-09,32.579158782958984
2021-03-10,32.97039031982422
2021-03-11,32.925926208496094
2021-03-12,33.25492858886719
2021-03-15,33.61058807373047
2021-03-16,33.601707458496094
2021-03-17,33.5572395324707
2021-03-18,33.539459228515625
2021-03-19,33.41497039794922
2021-03-22,33.40607833862305
2021-03-23,33.21045684814453
2021-03-24,33.31716537475586
2021-03-25,33.66200256347656
2021-03-26,34.14442443847656
2021-03-29,34.2337532043457
2021-03-30,34.04615020751953
2021-03-31,33.93001174926758
2021-04-01,34.090816497802734
2021-04-05,34.39456558227539
2021-04-06,34.38563537597656
2021-04-07,34.251617431640625
2021-04-08,34.29629135131836
2021-04-09,34.44818115234375
2021-04-12,34.56431198120117
2021-04-13,34.49283218383789
2021-04-14,34.56431198120117
2021-04-15,34.868045806884766
2021-04-16,35.064598083496094
2021-04-19,35.064598083496094
2021-04-20,35.028846740722656
2021-04-21,35.29686737060547
2021-04-22,35.01991653442383
2021-04-23,35.198585510253906
2021-04-26,35.10032272338867
2021-04-27,35.064598083496094
2021-04-28,34.99311447143555
2021-04-29,35.36833572387695
2021-04-30,35.234310150146484
2021-05-03,35.46660232543945
2021-05-04,35.582740783691406
2021-05-05,35.62741470336914
2021-05-06,35.94902420043945
2021-05-07,36.12769317626953
2021-05-10,36.2706298828125
2021-05-11,35.832889556884766
2021-05-12,35.216453552246094
2021-05-13,35.85074234008789
2021-05-14,36.109825134277344
2021-05-17,36.01156997680664
2021-05-18,35.75248718261719
2021-05-19,35.62741470336914
2021-05-20,35.859676361083984
2021-05-21,35.94008255004883
2021-05-24,36.02942657470703
2021-05-25,35.80609130859375
2021-05-26,35.8775520324707
2021-05-27,35.92222213745117
2021-05-28,36.03834915161133
2021-06-01,36.02942657470703
2021-06-02,36.15449523925781
2021-06-03,36.2259521484375
2021-06-04,36.351036071777344
2021-06-07,36.27956008911133
2021-06-08,36.25276565551758
2021-06-09,36.23489761352539
2021-06-10,36.333160400390625
2021-06-11,36.37784194946289
2021-06-14,36.324241638183594
2021-06-15,36.34210205078125
2021-06-16,36.0740966796875
2021-06-17,35.7882194519043
2021-06-18,35.064598083496094
2021-06-21,35.62741470336914
2021-06-22,35.60060119628906
2021-06-23,35.39513397216797
2021-06-24,35.582740783691406
2021-06-25,35.878963470458984
2021-06-28,35.78022766113281
2021-06-29,35.66352462768555
2021-06-30,35.69943618774414
2021-07-01,35.90589141845703
2021-07-02,35.96873474121094
2021-07-06,35.78920364379883
2021-07-07,36.05849075317383
2021-07-08,35.69943618774414
2021-07-09,36.103370666503906
2021-07-12,36.202117919921875
2021-07-13,35.97770690917969
2021-07-14,36.09440231323242
2021-07-15,36.17518615722656
2021-07-16,36.11235046386719
2021-07-19,35.5199089050293
2021-07-20,35.96873474121094
2021-07-21,36.0405387878418
2021-07-22,35.89692306518555
2021-07-23,36.238033294677734
2021-07-26,36.22903823852539
2021-07-27,36.345741271972656
2021-07-28,36.26495361328125
2021-07-29,36.47141647338867
2021-07-30,36.390621185302734
2021-08-02,36.390621185302734
2021-08-03,36.65991973876953
2021-08-04,36.38164138793945
2021-08-05,36.570152282714844
2021-08-06,36.704803466796875
2021-08-09,36.641963958740234
2021-08-10,36.82149887084961
2021-08-11,37.036930084228516
2021-08-12,37.08181381225586
2021-08-13,37.23441696166992
2021-08-16,37.3780403137207
2021-08-17,37.26133346557617
2021-08-18,36.893310546875
2021-08-19,36.85740280151367
2021-08-20,37.08181381225586
2021-08-23,37.10873794555664
2021-08-24,36.992042541503906
2021-08-25,37.045902252197266
2021-08-26,36.866371154785156
2021-08-27,37.10873794555664
2021-08-30,37.117713928222656
2021-08-31,37.14464569091797
2021-09-01,37.26133346557617
2021-09-02,37.449851989746094
2021-09-03,37.31520462036133
2021-09-07,36.839454650878906
2021-09-08,37.099769592285156
2021-09-09,36.85740280151367
2021-09-10,36.579124450683594
2021-09-13,36.61503982543945
2021-09-14,36.38164138793945
2021-09-15,36.56117630004883
2021-09-16,36.372676849365234
2021-09-17,36.049522399902344
2021-09-20,35.69943618774414
2021-09-21,35.6006965637207
2021-09-22,35.7712516784668
2021-09-23,36.003761291503906
2021-09-24,36.021785736083984
2021-09-27,35.9857292175293
2021-09-28,35.57118606567383
2021-09-29,35.80549240112305
2021-09-30,35.32783889770508
2021-10-01,35.562156677246094
2021-10-04,35.643272399902344
2021-10-05,35.82352066040039
2021-10-06,36.03080368041992
2021-10-07,36.18400192260742
2021-10-08,36.18400192260742
2021-10-11,35.9947509765625
2021-10-12,36.01276397705078
2021-10-13,36.2020263671875
2021-10-14,36.751773834228516
2021-10-15,36.850914001464844
2021-10-18,36.67066192626953
2021-10-19,36.9410285949707
2021-10-20,37.25645446777344
2021-10-21,37.16633605957031
2021-10-22,37.319549560546875
2021-10-25,37.265464782714844
2021-10-26,37.229427337646484
2021-10-27,36.85992431640625
2021-10-28,37.175350189208984
2021-10-29,37.12126922607422
2021-11-01,37.301513671875
2021-11-02,37.45472717285156
2021-11-03,37.56287384033203
2021-11-04,37.463741302490234
2021-11-05,37.6259651184082
2021-11-08,37.56287384033203
2021-11-09,37.56287384033203
2021-11-10,37.66200637817383
2021-11-11,37.56287384033203
2021-11-12,37.68904113769531
2021-11-15,37.80620193481445
2021-11-16,37.77014923095703
2021-11-17,37.66200637817383
2021-11-18,37.48176193237305
2021-11-19,37.41868209838867
2021-11-22,37.60792922973633
2021-11-23,37.77014923095703
2021-11-24,37.68002700805664
2021-11-26,36.9860954284668
2021-11-29,37.03114700317383
2021-11-30,36.19301986694336
2021-12-01,36.003761291503906
2021-12-02,36.688690185546875
2021-12-03,36.69770812988281
2021-12-06,37.319549560546875
2021-12-07,37.58991241455078
2021-12-08,37.6259651184082
2021-12-09,37.49077224731445
2021-12-10,37.77916717529297
2021-12-13,37.80620193481445
2021-12-14,37.707069396972656
2021-12-15,38.1396598815918
2021-12-16,38.38298416137695
2021-12-17,37.86928939819336
2021-12-20,37.544857025146484
2021-12-21,37.8242301940918
2021-12-22,38.01348114013672
2021-12-23,38.18748092651367
2021-12-27,38.5771369934082
2021-12-28,38.79463577270508
2021-12-29,38.94869613647461
2021-12-30,38.903377532958984
2021-12-31,39.00305938720703
2022-01-03,38.83994674682617
2022-01-04,39.04835891723633
2022-01-05,38.81275939941406
2022-01-06,38.86713409423828
2022-01-07,38.94869613647461
2022-01-10,38.885250091552734
2022-01-11,38.94869613647461
2022-01-12,38.903377532958984
2022-01-13,38.95774841308594
2022-01-14,38.91244125366211
2022-01-18,38.386844635009766
2022-01-19,38.178409576416016
2022-01-20,37.924678802490234
2022-01-21,37.6528205871582
2022-01-24,37.63468933105469
2022-01-25,37.42626190185547
2022-01-26,37.10909652709961
2022-01-27,37.11814498901367
2022-01-28,37.59843826293945
2022-01-31,37.86124038696289
2022-02-01,37.924678802490234
2022-02-02,38.25996398925781
2022-02-03,37.91562271118164
2022-02-04,37.57124710083008
2022-02-07,37.59843826293945
2022-02-08,37.83405303955078
2022-02-09,38.11498260498047
2022-02-10,37.41720199584961
2022-02-11,37.15439987182617
2022-02-14,36.95503234863281
2022-02-15,37.21782684326172
2022-02-16,37.29939651489258
2022-02-17,36.99128723144531
2022-02-18,36.936912536621094
2022-02-22,36.710365295410156
2022-02-23,36.257259368896484
2022-02-24,36.202884674072266
2022-02-25,37.24166488647461
2022-02-28,37.051143646240234
2022-03-01,36.55217361450195
2022-03-02,37.259796142578125
2022-03-03,37.42311096191406
2022-03-04,37.53196716308594
2022-03-07,36.9422721862793
2022-03-08,36.4886589050293
2022-03-09,36.9694938659668
2022-03-10,36.87877655029297
2022-03-11,36.62474822998047
2022-03-14,36.760833740234375
2022-03-15,37.18722915649414
2022-03-16,37.5591926574707
2022-03-17,37.86764144897461
2022-03-18,37.85857391357422
2022-03-21,37.922080993652344
2022-03-22,37.994659423828125
2022-03-23,37.668060302734375
2022-03-24,38.00373458862305
2022-03-25,38.3828125
2022-03-28,38.48305892944336
2022-03-29,38.929588317871094
2022-03-30,38.83845901489258
2022-03-31,38.546844482421875
2022-04-01,38.81111526489258
2022-04-04,38.61063766479492
2022-04-05,38.56507110595703
2022-04-06,38.7473258972168
2022-04-07,38.75644302368164
2022-04-08,38.87491226196289
2022-04-11,38.60152816772461
2022-04-12,38.49216842651367
2022-04-13,38.59241485595703
2022-04-14,38.47393798828125
2022-04-18,38.26435852050781
2022-04-19,38.7473258972168
2022-04-20,39.202964782714844
2022-04-21,38.97514724731445
2022-04-22,38.19145584106445
2022-04-25,38.10943603515625
2022-04-26,37.48067092895508
2022-04-27,37.526222229003906
2022-04-28,37.95452117919922
2022-04-29,36.915672302246094
2022-05-02,36.815433502197266
2022-05-03,37.025020599365234
2022-05-04,37.90896224975586
2022-05-05,37.061466217041016
2022-05-06,37.00680160522461
2022-05-09,36.578495025634766
2022-05-10,36.29601287841797
2022-05-11,36.07730484008789
2022-05-12,36.223106384277344
2022-05-13,36.68784713745117
2022-05-16,36.696956634521484
2022-05-17,37.20728302001953
2022-05-18,36.16842269897461
2022-05-19,35.9770622253418
2022-05-20,36.06819534301758
2022-05-23,36.432701110839844
2022-05-24,36.651397705078125
2022-05-25,36.78809356689453
2022-05-26,37.125267028808594
2022-05-27,37.65380096435547
2022-05-31,37.489768981933594
2022-06-01,37.22550582885742
2022-06-02,37.62646484375
2022-06-03,37.353084564208984
2022-06-06,37.48067092895508
2022-06-07,37.744930267333984
2022-06-08,37.1799430847168
2022-06-09,36.496490478515625
2022-06-10,35.94972610473633
2022-06-13,34.892642974853516
2022-06-14,34.50990676879883
2022-06-15,34.79240036010742
2022-06-16,33.999595642089844
2022-06-17,33.9358024597168
2022-06-21,34.50080490112305
2022-06-22,34.62837600708008
2022-06-23,34.8835334777832
2022-06-24,35.817176818847656
2022-06-27,35.917869567871094
2022-06-28,35.54257583618164
2022-06-29,35.533416748046875
2022-06-30,35.52427291870117
2022-07-01,35.95447540283203
2022-07-05,35.47850036621094
2022-07-06,35.66157150268555
2022-07-07,35.881248474121094
2022-07-08,35.652408599853516
2022-07-11,35.54257583618164
2022-07-12,35.4052734375
2022-07-13,35.231361389160156
2022-07-14,34.956756591796875
2022-07-15,35.44188690185547
2022-07-18,35.121517181396484
2022-07-19,35.89039993286133
2022-07-20,35.77140808105469
2022-07-21,35.972782135009766
2022-07-22,36.018550872802734
2022-07-25,36.165008544921875
2022-07-26,36.14670181274414
2022-07-27,36.48537063598633
2022-07-28,36.979652404785156
2022-07-29,37.23594665527344
2022-08-01,37.20849609375
2022-08-02,36.94303894042969
2022-08-03,37.19933319091797
2022-08-04,37.1169548034668
2022-08-05,37.1169548034668
2022-08-08,37.19933319091797
2022-08-09,37.217647552490234
2022-08-10,37.7485466003418
2022-08-11,37.72108459472656
2022-08-12,38.29774475097656
2022-08-15,38.45335006713867
2022-08-16,38.65471649169922
2022-08-17,38.462501525878906
2022-08-18,38.499122619628906
2022-08-19,38.242828369140625
2022-08-22,37.54717254638672
2022-08-23,37.34579086303711
2022-08-24,37.391563415527344
2022-08-25,37.7760009765625
2022-08-26,36.869815826416016
2022-08-29,36.75996780395508
2022-08-30,36.34807586669922
2022-08-31,36.10092544555664
2022-09-01,36.23823928833008
2022-09-02,35.853790283203125
2022-09-06,35.808021545410156
2022-09-07,36.43960952758789
2022-09-08,36.54944610595703
2022-09-09,36.869815826416016
2022-09-12,37.171878814697266
2022-09-13,36.018550872802734
2022-09-14,36.009395599365234
2022-09-15,35.61579895019531
2022-09-16,35.46019744873047
2022-09-19,35.75310516357422
2022-09-20,35.249664306640625
2022-09-21,34.8652229309082
2022-09-22,34.645545959472656
2022-09-23,34.20566177368164
2022-09-26,33.74553298950195
2022-09-27,33.41425323486328
2022-09-28,33.96640396118164
2022-09-29,33.359031677246094
2022-09-30,32.93571853637695
2022-10-03,33.72713851928711
2022-10-04,34.5921745300293
2022-10-05,34.24247741699219
2022-10-06,33.62590408325195
2022-10-07,32.96332931518555
2022-10-10,33.00933837890625
2022-10-11,33.07375717163086
2022-10-12,32.770076751708984
2022-10-13,33.561492919921875
2022-10-14,33.03694534301758
2022-10-17,33.69952392578125
2022-10-18,34.15965270996094
2022-10-19,33.80995559692383
2022-10-20,33.257816314697266
2022-10-21,33.92959213256836
2022-10-24,34.24247741699219
2022-10-25,34.74861145019531
2022-10-26,34.85904312133789
2022-10-27,35.07990264892578
2022-10-28,35.87131881713867
2022-10-31,35.687259674072266
2022-11-01,35.63205337524414
2022-11-02,35.07990264892578
2022-11-03,34.88665008544922
2022-11-04,35.438785552978516
2022-11-07,35.54003143310547
2022-11-08,35.70566177368164
2022-11-09,35.328372955322266
2022-11-10,36.727142333984375
2022-11-11,36.60751724243164
2022-11-14,36.38665771484375
2022-11-15,36.68114471435547
2022-11-16,36.708744049072266
2022-11-17,36.59831237792969
2022-11-18,37.00322341918945
2022-11-21,37.214874267578125
2022-11-22,37.57378005981445
2022-11-23,37.72101974487305
2022-11-25,37.91426467895508
2022-11-28,37.38971710205078
2022-11-29,37.37132263183594
2022-11-30,38.153533935546875
2022-12-01,38.08911895751953
2022-12-02,38.052303314208984
2022-12-05,37.59217834472656
2022-12-06,37.40813064575195
2022-12-07,37.43573760986328
2022-12-08,37.665802001953125
2022-12-09,37.42653274536133
2022-12-12,37.82225036621094
2022-12-13,37.95107650756836
2022-12-14,37.80384063720703
2022-12-15,37.132057189941406
2022-12-16,36.76395797729492
2022-12-19,36.62591552734375
2022-12-20,36.59831237792969
2022-12-21,37.10444641113281
2022-12-22,36.8743896484375
2022-12-23,37.129207611083984
2022-12-27,37.24040222167969
2022-12-28,36.80489730834961
2022-12-29,37.22186279296875
2022-12-30,36.98094940185547
2023-01-03,37.0828742980957
2023-01-04,37.42572021484375
2023-01-05,36.95315933227539
2023-01-06,37.777828216552734
2023-01-09,37.67591094970703
2023-01-10,37.78709030151367
2023-01-11,38.046546936035156
2023-01-12,38.055809020996094
2023-01-13,38.11141586303711
2023-01-17,37.97241973876953
2023-01-18,37.29599380493164
2023-01-19,36.93462371826172
2023-01-20,37.277462005615234
2023-01-23,37.47205352783203
2023-01-24,37.51838684082031
2023-01-25,37.49985122680664
2023-01-26,37.58324432373047
2023-01-27,37.54617691040039
2023-01-30,37.42572021484375
2023-01-31,37.90755844116211
2023-02-01,38.14847183227539
2023-02-02,38.33379364013672
2023-02-03,38.03728485107422
2023-02-06,37.93535614013672
2023-02-07,38.009483337402344
2023-02-08,37.629573822021484
2023-02-09,37.26819610595703
2023-02-10,37.62030792236328
2023-02-13,37.89829635620117
2023-02-14,37.63883590698242
2023-02-15,37.79637145996094
2023-02-16,37.5925178527832
2023-02-17,37.91682434082031
2023-02-21,37.33306884765625
2023-02-22,37.29599380493164
2023-02-23,37.24040222167969
2023-02-24,37.05508041381836
2023-02-27,37.06433868408203
2023-02-28,36.795623779296875
2023-03-01,36.59177780151367
2023-03-02,36.90681838989258
2023-03-03,37.19406509399414
2023-03-06,37.0828742980957
2023-03-07,36.57324981689453
2023-03-08,36.65664291381836
2023-03-09,36.147003173828125
2023-03-10,35.72076416015625
2023-03-13,35.683692932128906
2023-03-14,36.193336486816406
2023-03-15,35.970943450927734
2023-03-16,36.31378936767578
2023-03-17,35.841217041015625
2023-03-20,36.31378936767578
2023-03-21,36.34158706665039
2023-03-22,35.739288330078125
2023-03-23,35.60956954956055
2023-03-24,36.129425048828125
2023-03-27,36.353031158447266
2023-03-28,36.48345184326172
2023-03-29,36.86543273925781
2023-03-30,36.995872497558594
2023-03-31,37.41511154174805
2023-04-03,37.46168899536133
2023-04-04,37.266048431396484
2023-04-05,37.46168899536133
2023-04-06,37.53622817993164
2023-04-10,37.60143280029297
2023-04-11,37.74118423461914
2023-04-12,37.66665267944336
2023-04-13,37.82503128051758
2023-04-14,37.58280944824219
2023-04-17,37.81571960449219
2023-04-18,37.77845001220703
2023-04-19,37.87162780761719
2023-04-20,37.82503128051758
2023-04-21,37.852989196777344
2023-04-24,37.90889358520508
2023-04-25,37.64802551269531
2023-04-26,37.144927978515625
2023-04-27,37.6852912902832
2023-04-28,37.81571960449219
2023-05-01,37.93684005737305
2023-05-02,37.5455436706543
2023-05-03,37.48031997680664
2023-05-04,37.3685302734375
2023-05-05,37.806400299072266
2023-05-08,37.67597198486328
2023-05-09,37.564170837402344
2023-05-10,37.64802551269531
2023-05-11,37.45237350463867
2023-05-12,37.471004486083984
2023-05-15,37.433738708496094
2023-05-16,36.98655319213867
2023-05-17,37.135616302490234
2023-05-18,37.24740982055664
2023-05-19,37.172882080078125
2023-05-22,37.08903121948242
2023-05-23,36.85612487792969
2023-05-24,36.47414016723633
2023-05-25,36.1760139465332
2023-05-26,36.33439254760742
2023-05-30,36.1480598449707
2023-05-31,36.01762390136719
2023-06-01,36.129425048828125
2023-06-02,36.92133712768555
2023-06-05,36.68842315673828
2023-06-06,36.772274017333984
2023-06-07,37.1635627746582
2023-06-08,37.200836181640625
2023-06-09,37.08903121948242
2023-06-12,37.11697769165039
2023-06-13,37.340576171875
2023-06-14,37.24740982055664
2023-06-15,37.67597198486328
2023-06-16,37.76913833618164
2023-06-20,37.35921096801758
2023-06-21,37.3685302734375
2023-06-22,37.22877883911133
2023-06-23,36.82816696166992
2023-06-26,37.06108093261719
2023-06-27,37.262733459472656
2023-06-28,37.04701614379883
2023-06-29,37.24397277832031
2023-06-30,37.600379943847656
2023-07-03,37.72230529785156
2023-07-05,37.57223892211914
2023-07-06,37.281494140625
2023-07-07,37.15956115722656
2023-07-10,37.25334930419922
2023-07-11,37.55347442626953
2023-07-12,37.7879524230957
2023-07-13,37.92863845825195
2023-07-14,37.825469970703125
2023-07-17,37.71292495727539
2023-07-18,37.84422302246094
2023-07-19,38.116214752197266
2023-07-20,38.33192825317383
2023-07-21,38.43510055541992
2023-07-24,38.49138259887695
2023-07-25,38.510135650634766
2023-07-26,38.55704116821289
2023-07-27,38.21938705444336
2023-07-28,38.31318283081055
2023-07-31,38.30379867553711
2023-08-01,38.19124984741211
2023-08-02,38.08808517456055
2023-08-03,37.8348503112793
2023-08-04,37.58161544799805
2023-08-07,37.825469970703125
2023-08-08,37.506587982177734
2023-08-09,37.600379943847656
2023-08-10,37.54410171508789
2023-08-11,37.58161544799805
2023-08-14,37.38465881347656
2023-08-15,36.86881637573242
2023-08-16,36.746891021728516
2023-08-17,36.5499267578125
2023-08-18,36.606201171875
2023-08-21,36.474891662597656
2023-08-22,36.428001403808594
2023-08-23,36.58743667602539
2023-08-24,36.34358596801758
2023-08-25,36.56868362426758
2023-08-28,36.70936584472656
2023-08-29,36.962608337402344
2023-08-30,36.971981048583984
2023-08-31,36.718753814697266
2023-09-01,36.718753814697266
2023-09-05,36.221656799316406
2023-09-06,36.10911560058594
2023-09-07,36.18414306640625
2023-09-08,36.240421295166016
2023-09-11,36.34358596801758
2023-09-12,36.324832916259766
2023-09-13,36.39048385620117
2023-09-14,36.831298828125
2023-09-15,36.65310287475586
2023-09-18,36.63434600830078
2023-09-19,36.54054260253906
2023-09-20,36.503028869628906
2023-09-21,36.062225341796875
2023-09-22,35.970802307128906
2023-09-25,35.96138000488281
2023-09-26,35.443077087402344
2023-09-27,35.30171203613281
2023-09-28,35.31114196777344
2023-09-29,35.235748291015625
2023-10-02,34.689170837402344
2023-10-03,34.51953125
2023-10-04,34.72685623168945
2023-10-05,34.64204788208008
2023-10-06,34.858802795410156
2023-10-09,35.16978454589844
2023-10-10,35.34883499145508
2023-10-11,35.443077087402344
2023-10-12,34.97187805175781
2023-10-13,35.07554244995117
2023-10-16,35.480770111083984
2023-10-17,35.54673385620117
2023-10-18,35.13208770751953
2023-10-19,34.78340148925781
2023-10-20,34.510108947753906
2023-10-23,34.27451705932617
2023-10-24,34.51953125
2023-10-25,34.47241973876953
2023-10-26,34.510108947753906
2023-10-27,34.01065444946289
2023-10-30,34.32163619995117
2023-10-31,34.5666618347168
2023-11-01,34.87764358520508
2023-11-02,35.518463134765625
2023-11-03,35.83887481689453
2023-11-06,35.72578811645508
2023-11-07,35.527889251708984
2023-11-08,35.38652801513672
2023-11-09,35.18862533569336
2023-11-10,35.37710952758789
2023-11-13,35.30171203613281
2023-11-14,36.18755340576172
2023-11-15,36.2535285949707
2023-11-16,36.2629508972168
2023-11-17,36.35718536376953
2023-11-20,36.319496154785156
2023-11-21,36.29121780395508
2023-11-22,36.47027587890625
2023-11-24,36.61162567138672
2023-11-27,36.4985466003418
2023-11-28,36.441993713378906
2023-11-29,36.39487838745117
2023-11-30,36.72471618652344
2023-12-01,37.224178314208984
2023-12-04,37.3466911315918
2023-12-05,37.09224319458008
2023-12-06,37.28072738647461
2023-12-07,37.356117248535156
2023-12-08,37.271297454833984
2023-12-11,37.4880485534668
2023-12-12,37.5257453918457
2023-12-13,38.28907012939453
2023-12-14,38.2419548034668
2023-12-15,37.85557556152344
2023-12-18,37.98751449584961
2023-12-19,38.213680267333984
2023-12-20,37.733062744140625
2023-12-21,38.03462600708008
2023-12-22,38.2368278503418
2023-12-26,38.3982048034668
2023-12-27,38.45515823364258
2023-12-28,38.52161407470703
2023-12-29,38.50262451171875
2024-01-02,38.635520935058594
2024-01-03,38.38870620727539
2024-01-04,38.369728088378906
2024-01-05,38.33175277709961
2024-01-08,38.57856369018555
2024-01-09,38.44567108154297
2024-01-10,38.474143981933594
2024-01-11,38.246315002441406
2024-01-12,38.38870620727539
2024-01-16,38.08494567871094
2024-01-17,37.91407012939453
2024-01-18,38.0374755859375
2024-01-19,38.208343505859375
2024-01-22,38.26530456542969
2024-01-23,38.34124755859375
2024-01-24,37.971031188964844
2024-01-25,38.322261810302734
2024-01-26,38.38870620727539
2024-01-29,38.55009078979492
2024-01-30,38.58805465698242
2024-01-31,38.198856353759766
2024-02-01,38.682987213134766
2024-02-02,38.42668533325195
2024-02-05,37.94254684448242
2024-02-06,38.18936538696289
2024-02-07,38.227333068847656
2024-02-08,38.322261810302734
2024-02-09,38.369728088378906
2024-02-12,38.6070442199707
2024-02-13,37.94254684448242
2024-02-14,38.18936538696289
2024-02-15,38.61653137207031
2024-02-16,38.51211166381836
2024-02-20,38.55957794189453
2024-02-21,38.758934020996094
2024-02-22,38.91080856323242
2024-02-23,39.01523208618164
2024-02-26,38.73994445800781
2024-02-27,38.85385513305664
2024-02-28,38.91080856323242
2024-02-29,38.977256774902344
2024-03-01,38.986751556396484
2024-03-04,39.17660903930664
2024-03-05,38.996253967285156
2024-03-06,39.22407531738281
2024-03-07,39.41393280029297
2024-03-08,39.461387634277344
2024-03-11,39.61327362060547
2024-03-12,39.59428787231445
2024-03-13,39.603782653808594
2024-03-14,39.26204299926758
2024-03-15,39.27153778076172
2024-03-18,39.23357391357422
2024-03-19,39.461387634277344
2024-03-20,39.62276840209961
2024-03-21,39.736244201660156
2024-03-22,39.56460189819336
2024-03-25,39.48831558227539
2024-03-26,39.46923828125
2024-03-27,40.06046676635742
2024-03-28,40.27025604248047
2024-04-01,39.936500549316406
2024-04-02,39.72671127319336
2024-04-03,39.59321212768555
2024-04-04,39.364349365234375
2024-04-05,39.42156219482422
2024-04-08,39.526458740234375
2024-04-09,39.66949462890625
2024-04-10,39.049659729003906
2024-04-11,38.94476318359375
2024-04-12,38.49657440185547
2024-04-15,38.28678512573242
2024-04-16,38.08652114868164
2024-04-17,38.14374542236328
2024-04-18,38.26771545410156
2024-04-19,38.64915084838867
2024-04-22,38.93523025512695
2024-04-23,39.08780288696289
2024-04-24,39.13549041748047
2024-04-25,39.011512756347656
2024-04-26,38.88754653930664
2024-04-29,39.164093017578125
2024-04-30,38.88754653930664
2024-05-01,38.87800979614258
2024-05-02,39.07826614379883
2024-05-03,39.24037551879883
2024-05-06,39.38341522216797
2024-05-07,39.59321212768555
2024-05-08,39.69810485839844
2024-05-09,40.012786865234375
2024-05-10,40.108150482177734
2024-05-13,40.155826568603516
2024-05-14,40.1939697265625
2024-05-15,40.39422607421875
2024-05-16,40.4419059753418
2024-05-17,40.46097183227539
2024-05-20,40.356082916259766
2024-05-21,40.3465461730957
2024-05-22,40.251190185546875
2024-05-23,39.65042495727539
2024-05-24,39.68856430053711
2024-05-28,39.326202392578125
2024-05-29,38.83033752441406
2024-05-30,39.12594985961914
2024-05-31,39.84114074707031
2024-06-03,39.66949462890625
2024-06-04,39.68856430053711
2024-06-05,39.65996170043945
2024-06-06,39.58366775512695
2024-06-07,39.44063186645508
2024-06-10,39.38341522216797
2024-06-11,39.26898956298828
2024-06-12,39.24991226196289
2024-06-13,39.13549041748047
2024-06-14,38.93523025512695
2024-06-17,39.12594985961914
2024-06-18,39.23085021972656
2024-06-20,39.28805923461914
2024-06-21,39.307132720947266
2024-06-24,39.64088439941406
2024-06-25,39.26898956298828
2024-06-26,39.09734344482422
2024-06-27,39.154945373535156
2024-06-28,39.12614440917969
2024-07-01,38.94371032714844
2024-07-02,39.07814025878906
2024-07-03,38.953311920166016
2024-07-05,38.94371032714844
2024-07-08,38.92451095581055
2024-07-09,38.83810043334961
2024-07-10,39.212554931640625
2024-07-11,39.740638732910156
2024-07-12,40.10549545288086
2024-07-15,40.18231201171875
2024-07-16,40.87361526489258
2024-07-17,41.152061462402344
2024-07-18,40.88322067260742
2024-07-19,40.55677032470703
2024-07-22,40.76800537109375
2024-07-23,40.61437225341797
2024-07-24,40.51836013793945
2024-07-25,40.777610778808594
2024-07-26,41.26728057861328
2024-07-29,41.29608154296875
2024-07-30,41.51691818237305
2024-07-31,41.56492614746094
2024-08-01,41.555328369140625
2024-08-02,41.401695251464844
2024-08-05,40.41274642944336
2024-08-06,40.70079040527344
2024-08-07,40.604774475097656
2024-08-08,41.04644775390625
2024-08-09,41.10405731201172
2024-08-12,40.82561492919922
2024-08-13,41.23847198486328
2024-08-14,41.41130447387695
2024-08-15,41.67054748535156
2024-08-16,41.85297775268555
2024-08-19,42.02579879760742
2024-08-20,41.95859146118164
2024-08-21,42.208229064941406
2024-08-22,42.13141632080078
2024-08-23,42.55387878417969
2024-08-26,42.611488342285156
2024-08-27,42.60188293457031
2024-08-28,42.592288970947266
2024-08-29,42.7075080871582
2024-08-30,43.01475524902344
2024-09-03,42.80352020263672
2024-09-04,42.889930725097656
2024-09-05,42.649898529052734
2024-09-06,42.342647552490234
2024-09-09,42.7075080871582
2024-09-10,42.736305236816406
2024-09-11,42.53467559814453
2024-09-12,42.76511764526367
2024-09-13,43.158775329589844
2024-09-16,43.4564208984375
2024-09-17,43.35081100463867
2024-09-18,43.24519348144531
2024-09-19,43.44681930541992
2024-09-20,43.34120559692383
2024-09-23,43.60044860839844
2024-09-24,43.64845275878906
2024-09-25,43.379608154296875
2024-09-26,43.657535552978516
2024-09-27,43.86019515991211
2024-09-30,43.8987922668457
2024-10-01,43.86983871459961
2024-10-02,43.71543884277344
2024-10-03,43.35838317871094
2024-10-04,43.49348449707031
2024-10-07,43.16537857055664
2024-10-08,43.23292922973633
2024-10-09,43.464534759521484
2024-10-10,43.203975677490234
2024-10-11,43.618934631347656
2024-10-14,43.86983871459961
2024-10-15,43.908443450927734
2024-10-16,44.2655029296875
2024-10-17,44.24619674682617
2024-10-18,44.304100036621094
2024-10-21,43.88914108276367
2024-10-22,43.76369094848633
2024-10-23,43.80228805541992
2024-10-24,43.71543884277344
2024-10-25,43.416282653808594
2024-10-28,43.657535552978516
2024-10-29,43.39698028564453
2024-10-30,43.348724365234375
2024-10-31,43.068878173828125
2024-11-01,43.02062225341797
2024-11-04,43.0013313293457
2024-11-05,43.551387786865234
2024-11-06,44.24619674682617
2024-11-07,44.149696350097656
2024-11-08,44.390953063964844
2024-11-11,44.62255859375
2024-11-12,44.33305358886719
2024-11-13,44.2655029296875
2024-11-14,43.88914108276367
2024-11-15,43.734737396240234
2024-11-18,43.9180908203125
2024-11-19,43.77334213256836
2024-11-20,43.831241607666016
2024-11-21,44.33305358886719
2024-11-22,44.62255859375
2024-11-25,45.02786636352539
2024-11-26,44.86381530761719
2024-11-27,44.95066833496094
2024-11-29,45.066471099853516
2024-12-02,44.854164123535156
2024-12-03,44.60326385498047
2024-12-04,44.4295539855957
2024-12-05,44.4488525390625
2024-12-06,44.19794845581055
2024-12-09,44.14004898071289
2024-12-10,44.091800689697266
2024-12-11,43.85054016113281
2024-12-12,43.744384765625
2024-12-13,43.661865234375
2024-12-16,43.3900032043457
2024-12-17,43.224952697753906
2024-12-18,42.176368713378906
2024-12-19,42.137535095214844
2024-12-20,42.42880630493164
2024-12-23,42.438514709472656
2024-12-24,42.72978591918945
2024-12-26,42.78804016113281
2024-12-27,42.58414840698242
2024-12-30,42.215206146240234
2024-12-31,42.370548248291016
2025-01-02,42.18608093261719
2025-01-03,42.370548248291016
2025-01-06,42.06957244873047
2025-01-07,42.030731201171875
2025-01-08,42.137535095214844
2025-01-10,41.370513916015625
2025-01-13,41.652076721191406
2025-01-14,41.93363571166992
2025-01-15,42.2540397644043
2025-01-16,42.700660705566406
2025-01-17,42.79775619506836
2025-01-21,43.31233596801758
2025-01-22,42.943389892578125
2025-01-23,43.12786102294922
2025-01-24,43.137569427490234
2025-01-27,43.7006950378418
2025-01-28,43.263790130615234
2025-01-29,43.12786102294922
2025-01-30,43.50651550292969
2025-01-31,43.186119079589844
2025-02-03,43.03076934814453
2025-02-04,43.03076934814453
2025-02-05,43.263790130615234
2025-02-06,43.224952697753906
2025-02-07,42.99192810058594
2025-02-10,43.12786102294922
2025-02-11,43.3900032043457
2025-02-12,43.16669464111328
2025-02-13,43.467681884765625
2025-02-14,43.16669464111328
2025-02-18,43.44826126098633
2025-02-19,43.55506134033203
2025-02-20,43.65215301513672
2025-02-21,43.61331558227539
2025-02-24,43.75895690917969
2025-02-25,44.021095275878906
2025-02-26,43.661865234375
2025-02-27,43.55506134033203
2025-02-28,44.00168228149414
2025-03-03,44.00168228149414
2025-03-04,43.351173400878906
2025-03-05,43.593902587890625
2025-03-06,43.57447814941406
2025-03-07,44.147315979003906
2025-03-10,44.059932708740234
2025-03-11,43.3026237487793
2025-03-12,42.78804016113281
2025-03-13,42.6327018737793
2025-03-14,43.156986236572266
2025-03-17,43.63273239135742
2025-03-18,43.487098693847656
2025-03-19,43.50651550292969
2025-03-20,43.33175277709961
2025-03-21,43.04048156738281
2025-03-24,43.38029479980469
2025-03-25,43.186119079589844
2025-03-26,43.409423828125
2025-03-27,43.459232330322266
2025-03-28,43.16625213623047
2025-03-31,43.54712677001953
2025-04-01,43.5373649597168
2025-04-02,43.73268127441406
2025-04-03,42.90256118774414
2025-04-04,40.920040130615234
2025-04-07,40.216880798339844
2025-04-08,39.669979095458984
2025-04-09,41.65250015258789
2025-04-10,41.037235260009766
2025-04-11,41.63296890258789
2025-04-14,42.238468170166016
2025-04-15,41.97478103637695
2025-04-16,41.613433837890625
2025-04-17,41.93571472167969
2025-04-21,41.418113708496094
2025-04-22,42.189640045166016
2025-04-23,42.209171295166016
2025-04-24,42.541221618652344
2025-04-25,42.29706573486328
2025-04-28,42.45332336425781
2025-04-29,42.75606918334961
2025-04-30,42.785369873046875
2025-05-01,42.590049743652344
2025-05-02,43.1174201965332
2025-05-05,42.98069381713867
2025-05-06,42.75606918334961
2025-05-07,42.873268127441406
2025-05-08,42.96116256713867
2025-05-09,42.941627502441406
2025-05-12,43.49829864501953
2025-05-13,43.1271858215332
2025-05-14,42.85373306274414
2025-05-15,43.57642364501953
2025-05-16,43.996368408203125
2025-05-19,44.064727783203125
2025-05-20,44.045196533203125
2025-05-21,43.390869140625
2025-05-22,43.2053108215332
2025-05-23,43.1857795715332
2025-05-27,43.781517028808594
2025-05-28,43.322505950927734
2025-05-29,43.5959587097168
2025-05-30,43.70338821411133
2025-06-02,43.6252555847168
2025-06-03,43.84011459350586
2025-06-04,43.5861930847168
2025-06-05,43.468994140625
2025-06-06,43.72291946411133
2025-06-09,43.75221633911133
2025-06-10,43.947532653808594
2025-06-11,43.810813903808594
2025-06-12,43.996368408203125
2025-06-13,43.52759552001953
2025-06-16,43.5959587097168
2025-06-17,43.263912200927734
2025-06-18,43.1857795715332
2025-06-20,43.0978889465332
2025-06-23,43.5959587097168
2025-06-24,43.810813903808594
2025-06-25,43.33226776123047
2025-06-26,43.57391357421875
2025-06-27,43.64267349243164
2025-06-30,43.90789031982422
2025-07-01,44.48743438720703
2025-07-02,44.55619430541992
2025-07-03,44.674068450927734
2025-07-07,44.24186706542969
2025-07-08,44.3793830871582
2025-07-09,44.48743438720703
2025-07-10,44.71335983276367
2025-07-11,44.3793830871582
2025-07-14,44.46778869628906
2025-07-15,43.93735885620117
2025-07-16,44.23204040527344
2025-07-17,44.47760772705078
2025-07-18,44.33026885986328
2025-07-21,44.31062316894531
2025-07-22,44.91963577270508
2025-07-23,45.24378967285156
2025-07-24,45.02768325805664
2025-07-25,45.10626983642578
2025-07-28,44.683895111083984
2025-07-29,44.76247024536133
2025-07-30,44.38920593261719
2025-07-31,44.133811950683594
2025-08-01,43.98646926879883
2025-08-04,44.47760772705078
2025-08-05,44.48743438720703
2025-08-06,44.48743438720703
2025-08-07,44.60530471801758
2025-08-08,44.69371032714844
2025-08-11,44.61512756347656
2025-08-12,44.94910430908203
2025-08-13,45.45988845825195
2025-08-14,45.21432113647461
2025-08-15,45.066978454589844
2025-08-18,45.00804138183594
2025-08-19,45.42060089111328
2025-08-20,45.499183654785156
2025-08-21,45.450069427490234
2025-08-22,46.02961349487305
2025-08-25,45.538475036621094
2025-08-26,45.47953414916992
2025-08-27,45.695640563964844
2025-08-28,45.46971130371094
2025-08-29,45.60723114013672
2025-09-02,45.27325439453125
2025-09-03,45.23396682739258
2025-09-04,45.45988845825195
2025-09-05,45.489356994628906
2025-09-08,45.33219528198242
2025-09-09,45.21432113647461
2025-09-10,45.11609649658203
2025-09-11,45.67599105834961
2025-09-12,45.371482849121094
2025-09-15,45.16520690917969
2025-09-16,45.037506103515625
2025-09-17,45.135738372802734
2025-09-18,45.16520690917969
2025-09-19,45.047332763671875
2025-09-22,45.047332763671875
2025-09-23,45.23396682739258
2025-09-24,45.125911712646484
2025-09-25,44.85133361816406
2025-09-26,45.266170501708984
2025-09-29,45.374813079833984
2025-09-30,45.67112731933594
2025-10-01,45.542724609375
2025-10-02,45.45383071899414
2025-10-03,45.66124725341797
2025-10-06,45.64149475097656
2025-10-07,45.57235336303711
2025-10-08,45.57235336303711
2025-10-09,45.23653793334961
2025-10-10,44.861209869384766
2025-10-13,44.890846252441406
2025-10-14,45.27604293823242
2025-10-15,45.3155517578125
2025-10-16,44.9896125793457
2025-10-17,45.256290435791016
2025-10-20,45.50321578979492
2025-10-21,45.52296829223633
2025-10-22,45.53284454345703
2025-10-23,45.542724609375
2025-10-24,45.49333953857422
2025-10-27,45.57235336303711
2025-10-28,45.19702911376953
2025-10-29,44.56489944458008
2025-10-30,44.62416458129883
2025-10-31,44.57477951049805
2025-11-03,44.44637680053711
2025-11-04,44.57477951049805
2025-11-05,44.732810974121094
2025-11-06,44.56489944458008
2025-11-07,45.01924514770508
2025-11-10,45.11801528930664
2025-11-11,45.55259704589844
2025-11-12,45.680999755859375
2025-11-13,45.483463287353516
2025-11-14,45.345184326171875
2025-11-17,44.9896125793457
2025-11-18,45.00936508178711
2025-11-19,44.782196044921875
2025-11-20,44.67354965209961
2025-11-21,45.3155517578125
2025-11-24,45.167396545410156
2025-11-25,45.67112731933594
2025-11-26,45.848907470703125
2025-11-28,46.00694274902344
2025-12-01,45.63161849975586
2025-12-02,45.42420196533203
2025-12-03,45.562477111816406
2025-12-04,45.51309585571289
2025-12-05,45.483463287353516
2025-12-08,45.15752029418945
2025-12-09,45.038997650146484
2025-12-10,45.44395065307617
2025-12-11,45.80940246582031
2025-12-12,45.887969970703125
2025-12-15,46.11671447753906
2025-12-16,45.84818649291992
2025-12-17,45.97747802734375
2025-12-18,45.91780471801758
2025-12-19,45.778568267822266
2025-12-22,45.97747802734375
2025-12-23,46.0073127746582
2025-12-24,46.156494140625
2025-12-26,46.166439056396484
2025-12-29,46.1962776184082
2025-12-30,46.166439056396484
2025-12-31,45.82830047607422
2026-01-02,45.93769454956055
2026-01-05,46.066986083984375
2026-01-06,46.246002197265625
2026-01-07,45.82830047607422
2026-01-08,46.39518737792969
2026-01-09,46.454856872558594
2026-01-12,46.514530181884766
2026-01-13,46.534420013427734
2026-01-14,47.131141662597656
2026-01-15,47.30021667480469
2026-01-16,47.2703742980957
2026-01-20,46.84272384643555
2026-01-21,47.24053955078125
2026-01-22,47.20075988769531
2026-01-23,47.11125183105469
2026-01-26,47.28032302856445
2026-01-27,47.429500579833984
2026-01-28,47.16097640991211
2026-01-29,47.409610748291016
2026-01-30,47.618465423583984
2026-02-02,47.70797348022461
2026-02-03,47.90687942504883
2026-02-04,48.5135498046875
2026-02-05,48.43398666381836
2026-02-06,48.801963806152344
2026-02-09,48.67267608642578
2026-02-10,48.99092483520508
2026-02-11,49.15005111694336
2026-02-12,48.961090087890625
2026-02-13,49.348960876464844
2026-02-17,49.15005111694336
2026-02-18,49.10032653808594
2026-02-19,49.03070831298828
2026-02-20,49.20972442626953
2026-02-23,49.130165100097656
2026-02-24,49.38874435424805
2026-02-25,49.2693977355957
2026-02-26,49.55781555175781
2026-02-27,49.80644989013672
2026-03-02,49.80644989013672
2026-03-03,49.37879943847656
2026-03-04,49.4185791015625
2026-03-05,48.88153076171875
2026-03-06,48.6627311706543
2026-03-09,48.503604888916016
2026-03-10,48.13562774658203
2026-03-11,47.777591705322266
2026-03-12,47.38972473144531
2026-03-13,47.49911880493164
2026-03-16,47.727867126464844
2026-03-17,47.717918395996094
2026-03-18,46.93223190307617
2026-03-19,46.77310562133789
2026-03-20,46.20622253417969
2026-03-23,46.57420349121094
2026-03-24,46.633872985839844
2026-03-25,46.792999267578125
2026-03-26,46.68000030517578
2026-03-27,46.36000061035156
2026-03-30,46.61000061035156
2026-03-31,47.029998779296875
2026-04-01,47.130001068115234
2026-04-02,47.349998474121094
2026-04-06,47.43000030517578
2026-04-07,47.375
