Date,Close
2009-12-09,25.079557418823242
2009-12-10,25.079557418823242
2009-12-11,24.912038803100586
2009-12-14,25.06477928161621
2009-12-15,25.06477928161621
2009-12-16,25.104202270507812
2009-12-17,25.104202270507812
2009-12-18,25.375200271606445
2009-12-21,25.375200271606445
2009-12-22,24.877546310424805
2009-12-23,24.877546310424805
2009-12-24,24.877546310424805
2009-12-28,24.82335090637207
2009-12-29,24.90192985534668
2009-12-30,25.03044891357422
2009-12-31,24.96126937866211
2010-01-04,25.03538703918457
2010-01-05,25.29735565185547
2010-01-06,25.29735565185547
2010-01-07,25.282554626464844
2010-01-08,25.272653579711914
2010-01-11,25.272653579711914
2010-01-12,25.37150001525879
2010-01-13,25.37150001525879
2010-01-14,25.37150001525879
2010-01-15,25.514856338500977
2010-01-19,25.514856338500977
2010-01-20,25.514856338500977
2010-01-21,25.45555305480957
2010-01-22,25.534616470336914
2010-01-25,25.331968307495117
2010-01-26,25.29735565185547
2010-01-27,25.193567276000977
2010-01-28,25.193567276000977
2010-01-29,25.336910247802734
2010-02-01,25.22764778137207
2010-02-02,25.063779830932617
2010-02-03,25.02403450012207
2010-02-04,25.272348403930664
2010-02-05,25.33194923400879
2010-02-08,25.048870086669922
2010-02-09,25.048870086669922
2010-02-10,25.048870086669922
2010-02-11,24.820449829101562
2010-02-12,24.88994789123535
2010-02-16,24.95452117919922
2010-02-17,24.74099349975586
2010-02-18,24.70123863220215
2010-02-19,24.70123863220215
2010-02-22,24.909832000732422
2010-02-23,25.08859634399414
2010-02-24,24.98927879333496
2010-02-25,25.058818817138672
2010-02-26,25.22764778137207
2010-03-01,25.359838485717773
2010-03-02,25.329919815063477
2010-03-03,25.314945220947266
2010-03-04,25.454633712768555
2010-03-05,25.13039207458496
2010-03-08,25.090469360351562
2010-03-09,25.18525505065918
2010-03-10,25.095462799072266
2010-03-11,25.225156784057617
2010-03-12,25.329919815063477
2010-03-15,25.329919815063477
2010-03-16,25.464599609375
2010-03-17,25.53441047668457
2010-03-18,25.619216918945312
2010-03-19,25.669099807739258
2010-03-22,25.669099807739258
2010-03-23,25.53441047668457
2010-03-24,25.23015594482422
2010-03-25,25.299985885620117
2010-03-26,25.170299530029297
2010-03-29,25.250093460083008
2010-03-30,25.299985885620117
2010-03-31,25.36981964111328
2010-04-01,25.368310928344727
2010-04-05,25.017436981201172
2010-04-06,25.1226863861084
2010-04-07,25.313188552856445
2010-04-08,25.313188552856445
2010-04-09,25.323196411132812
2010-04-12,25.503650665283203
2010-04-13,25.568824768066406
2010-04-14,25.488618850708008
2010-04-15,25.588869094848633
2010-04-16,25.73422622680664
2010-04-19,25.659040451049805
2010-04-20,25.704132080078125
2010-04-21,25.889616012573242
2010-04-22,25.86956024169922
2010-04-23,25.774316787719727
2010-04-26,25.814441680908203
2010-04-27,26.014909744262695
2010-04-28,26.014909744262695
2010-04-29,25.899620056152344
2010-04-30,26.120187759399414
2010-05-03,26.137306213378906
2010-05-04,26.338747024536133
2010-05-05,26.338747024536133
2010-05-06,26.44451904296875
2010-05-07,26.18768310546875
2010-05-10,25.804927825927734
2010-05-11,25.915735244750977
2010-05-12,25.71428108215332
2010-05-13,25.820035934448242
2010-05-14,26.24812889099121
2010-05-17,26.14739418029785
2010-05-18,26.44954490661621
2010-05-19,26.419343948364258
2010-05-20,26.404226303100586
2010-05-21,26.439481735229492
2010-05-24,26.308544158935547
2010-05-25,26.39415168762207
2010-05-26,26.056747436523438
2010-05-27,25.744491577148438
2010-05-28,25.663908004760742
2010-06-01,25.877254486083984
2010-06-02,25.821657180786133
2010-06-03,25.675048828125
2010-06-04,25.97329330444336
2010-06-07,25.97329330444336
2010-06-08,25.96825408935547
2010-06-09,25.91263771057129
2010-06-10,25.60931968688965
2010-06-11,25.963178634643555
2010-06-14,25.59416389465332
2010-06-15,25.518342971801758
2010-06-16,25.79130744934082
2010-06-17,26.0693416595459
2010-06-18,26.0693416595459
2010-06-21,26.018798828125
2010-06-22,26.21088218688965
2010-06-23,26.54956817626953
2010-06-24,26.372638702392578
2010-06-25,26.387815475463867
2010-06-28,26.387815475463867
2010-06-29,26.670894622802734
2010-06-30,26.70124053955078
2010-07-01,26.953622817993164
2010-07-02,26.714948654174805
2010-07-06,26.78096580505371
2010-07-07,26.73525047302246
2010-07-08,26.69971466064453
2010-07-09,26.608314514160156
2010-07-12,26.63368797302246
2010-07-13,26.537220001220703
2010-07-14,26.760650634765625
2010-07-15,27.039932250976562
2010-07-16,27.024707794189453
2010-07-19,27.014549255371094
2010-07-20,27.004377365112305
2010-07-21,27.30907440185547
2010-07-22,27.197362899780273
2010-07-23,27.085647583007812
2010-07-26,27.090713500976562
2010-07-27,26.973915100097656
2010-07-28,27.207508087158203
2010-07-29,27.17702865600586
2010-07-30,27.43093490600586
2010-08-02,27.370738983154297
2010-08-03,27.32483673095703
2010-08-04,27.21263313293457
2010-08-05,27.462541580200195
2010-08-06,27.630882263183594
2010-08-09,27.57987403869629
2010-08-10,27.717588424682617
2010-08-11,27.789018630981445
2010-08-12,27.712499618530273
2010-08-13,27.8502197265625
2010-08-16,27.8502197265625
2010-08-17,28.19704818725586
2010-08-18,28.35519027709961
2010-08-19,28.559213638305664
2010-08-20,28.67655372619629
2010-08-23,28.584718704223633
2010-08-24,28.69694709777832
2010-08-25,28.640827178955078
2010-08-26,28.844858169555664
2010-08-27,28.39090919494629
2010-08-30,28.60511589050293
2010-08-31,28.57962989807129
2010-09-01,28.179912567138672
2010-09-02,27.8881778717041
2010-09-03,27.714162826538086
2010-09-07,28.174766540527344
2010-09-08,28.144067764282227
2010-09-09,27.826765060424805
2010-09-10,27.68857192993164
2010-09-13,27.79607582092285
2010-09-14,28.03148078918457
2010-09-15,27.755111694335938
2010-09-16,27.524810791015625
2010-09-17,27.565731048583984
2010-09-20,27.60668182373047
2010-09-21,27.60668182373047
2010-09-22,28.21573829650879
2010-09-23,28.287391662597656
2010-09-24,27.929121017456055
2010-09-27,27.929121017456055
2010-09-28,28.43067169189453
2010-09-29,28.266925811767578
2010-09-30,28.41535186767578
2010-10-01,28.342348098754883
2010-10-04,28.378347396850586
2010-10-05,28.29094696044922
2010-10-06,28.59935188293457
2010-10-07,28.59935188293457
2010-10-08,28.54796028137207
2010-10-11,28.609628677368164
2010-10-12,28.53252410888672
2010-10-13,28.285770416259766
2010-10-14,28.296096801757812
2010-10-15,27.879735946655273
2010-10-18,27.83348274230957
2010-10-19,27.859176635742188
2010-10-20,28.177845001220703
2010-10-21,28.19843864440918
2010-10-22,28.19843864440918
2010-10-25,28.136728286743164
2010-10-26,27.961977005004883
2010-10-27,27.926000595092773
2010-10-28,27.977432250976562
2010-10-29,27.87460708618164
2010-11-01,27.97576332092285
2010-11-02,28.14612579345703
2010-11-03,28.058366775512695
2010-11-04,28.264816284179688
2010-11-05,28.068666458129883
2010-11-08,27.970603942871094
2010-11-09,27.800277709960938
2010-11-10,27.3666934967041
2010-11-11,27.3666934967041
2010-11-12,27.335731506347656
2010-11-15,26.89699935913086
2010-11-16,27.315078735351562
2010-11-17,27.25314712524414
2010-11-18,27.304779052734375
2010-11-19,27.38217544555664
2010-11-22,27.38217544555664
2010-11-23,27.79511070251465
2010-11-24,27.356365203857422
2010-11-26,27.557697296142578
2010-11-29,27.676372528076172
2010-11-30,27.78995704650879
2010-12-01,27.50935935974121
2010-12-02,27.45231819152832
2010-12-03,27.37450408935547
2010-12-06,27.48344612121582
2010-12-07,27.13074493408203
2010-12-08,26.850683212280273
2010-12-09,27.073707580566406
2010-12-10,27.02701187133789
2010-12-13,27.125564575195312
2010-12-14,26.819547653198242
2010-12-15,26.79361915588379
2010-12-16,26.6846923828125
2010-12-17,27.09444808959961
2010-12-20,27.052946090698242
2010-12-21,27.104820251464844
2010-12-22,27.110000610351562
2010-12-23,27.03739356994629
2010-12-27,26.95958709716797
2010-12-28,27.035694122314453
2010-12-29,27.343273162841797
2010-12-30,27.29115104675293
2010-12-31,27.619583129882812
2011-01-03,27.619583129882812
2011-01-04,27.457963943481445
2011-01-05,27.12433624267578
2011-01-06,27.358932495117188
2011-01-07,27.478822708129883
2011-01-10,27.520517349243164
2011-01-11,27.32763671875
2011-01-12,27.515317916870117
2011-01-13,27.515317916870117
2011-01-14,27.390195846557617
2011-01-18,27.3120059967041
2011-01-19,27.390195846557617
2011-01-20,27.18169403076172
2011-01-21,27.322431564331055
2011-01-24,27.32763671875
2011-01-25,27.676931381225586
2011-01-26,27.223373413085938
2011-01-27,27.374542236328125
2011-01-28,27.447551727294922
2011-01-31,27.24424171447754
2011-02-01,27.263065338134766
2011-02-02,27.105974197387695
2011-02-03,27.126914978027344
2011-02-04,26.996017456054688
2011-02-07,27.058853149414062
2011-02-08,26.938419342041016
2011-02-09,27.252605438232422
2011-02-10,27.022178649902344
2011-02-11,27.13216781616211
2011-02-14,27.13216781616211
2011-02-15,27.085023880004883
2011-02-16,27.1164493560791
2011-02-17,27.189767837524414
2011-02-18,27.090259552001953
2011-02-22,27.40448570251465
2011-02-23,27.420177459716797
2011-02-24,27.40448570251465
2011-02-25,27.519668579101562
2011-02-28,27.56681251525879
2011-03-01,27.700899124145508
2011-03-02,27.506343841552734
2011-03-03,27.322298049926758
2011-03-04,27.437992095947266
2011-03-07,27.3643741607666
2011-03-08,27.332841873168945
2011-03-09,27.49058723449707
2011-03-10,27.67462730407715
2011-03-11,27.59574317932129
2011-03-14,27.57469367980957
2011-03-15,27.716686248779297
2011-03-16,27.80606460571289
2011-03-17,27.742984771728516
2011-03-18,27.832365036010742
2011-03-21,27.77976417541504
2011-03-22,27.77976417541504
2011-03-23,27.764019012451172
2011-03-24,27.627296447753906
2011-03-25,27.579965591430664
2011-03-28,27.606271743774414
2011-03-29,27.57469367980957
2011-03-30,27.579965591430664
2011-03-31,27.558956146240234
2011-04-01,27.721630096435547
2011-04-04,27.726913452148438
2011-04-05,27.626554489135742
2011-04-06,27.520906448364258
2011-04-07,27.473356246948242
2011-04-08,27.36772918701172
2011-04-11,27.399415969848633
2011-04-12,27.563161849975586
2011-04-13,27.615995407104492
2011-04-14,27.668821334838867
2011-04-15,27.75333023071289
2011-04-18,27.774456024169922
2011-04-19,27.885364532470703
2011-04-20,27.94348907470703
2011-04-21,27.906494140625
2011-04-25,27.89067840576172
2011-04-26,28.11781120300293
2011-04-27,27.969905853271484
2011-04-28,28.0966796875
2011-04-29,28.197038650512695
2011-05-02,28.408748626708984
2011-05-03,28.403432846069336
2011-05-04,28.594470977783203
2011-05-05,28.626306533813477
2011-05-06,28.727108001708984
2011-05-09,28.705886840820312
2011-05-10,28.68467903137207
2011-05-11,28.68467903137207
2011-05-12,28.546693801879883
2011-05-13,28.721805572509766
2011-05-16,28.727108001708984
2011-05-17,28.918134689331055
2011-05-18,28.881004333496094
2011-05-19,28.7324161529541
2011-05-20,28.7324161529541
2011-05-23,28.8226318359375
2011-05-24,28.817337036132812
2011-05-25,28.881004333496094
2011-05-26,29.03485870361328
2011-05-27,29.501794815063477
2011-05-31,28.949966430664062
2011-06-01,29.247896194458008
2011-06-02,28.848180770874023
2011-06-03,28.928119659423828
2011-06-06,28.853504180908203
2011-06-07,28.805553436279297
2011-06-08,29.07202911376953
2011-06-09,29.045358657836914
2011-06-10,29.46639633178711
2011-06-13,28.96541404724121
2011-06-14,28.8695011138916
2011-06-15,28.960094451904297
2011-06-16,29.2265625
2011-06-17,29.194604873657227
2011-06-20,29.130630493164062
2011-06-21,29.18393325805664
2011-06-22,29.103988647460938
2011-06-23,29.114665985107422
2011-06-24,28.997400283813477
2011-06-27,28.848180770874023
2011-06-28,28.752256393432617
2011-06-29,28.810871124267578
2011-06-30,28.725601196289062
2011-07-01,28.890380859375
2011-07-05,28.97597885131836
2011-07-06,28.922487258911133
2011-07-07,29.168567657470703
2011-07-08,29.318370819091797
2011-07-11,29.302349090576172
2011-07-12,29.382600784301758
2011-07-13,29.516353607177734
2011-07-14,29.29163360595703
2011-07-15,29.52170181274414
2011-07-18,28.922487258911133
2011-07-19,29.746389389038086
2011-07-20,29.452144622802734
2011-07-21,29.371902465820312
2011-07-22,29.532379150390625
2011-07-25,29.29163360595703
2011-07-26,29.553810119628906
2011-07-27,29.746389389038086
2011-07-28,29.815940856933594
2011-07-29,30.062049865722656
2011-08-01,29.980915069580078
2011-08-02,30.357019424438477
2011-08-03,31.13071632385254
2011-08-04,30.99102020263672
2011-08-05,30.545085906982422
2011-08-08,30.743885040283203
2011-08-09,31.23282241821289
2011-08-10,31.324159622192383
2011-08-11,30.24957847595215
2011-08-12,30.53970718383789
2011-08-15,30.4698429107666
2011-08-16,30.71162986755371
2011-08-17,30.92119026184082
2011-08-18,31.109237670898438
2011-08-19,31.23282241821289
2011-08-22,31.12537384033203
2011-08-23,30.512849807739258
2011-08-24,30.00777816772461
2011-08-25,30.33016586303711
2011-08-26,30.357019424438477
2011-08-29,30.040021896362305
2011-08-30,30.410751342773438
2011-08-31,30.346267700195312
2011-09-01,30.686275482177734
2011-09-02,31.095788955688477
2011-09-06,31.25743865966797
2011-09-07,31.020343780517578
2011-09-08,31.036508560180664
2011-09-09,30.993410110473633
2011-09-12,30.944923400878906
2011-09-13,30.772493362426758
2011-09-14,30.831764221191406
2011-09-15,30.59468650817871
2011-09-16,30.702451705932617
2011-09-19,30.78866958618164
2011-09-20,31.03113555908203
2011-09-21,31.472963333129883
2011-09-22,31.801652908325195
2011-09-23,31.225114822387695
2011-09-26,30.988014221191406
2011-09-27,30.729381561279297
2011-09-28,30.5784969329834
2011-09-29,30.702451705932617
2011-09-30,31.00421142578125
2011-10-03,31.493730545043945
2011-10-04,30.806739807128906
2011-10-05,30.671489715576172
2011-10-06,30.60660171508789
2011-10-07,30.617420196533203
2011-10-10,30.655275344848633
2011-10-11,30.67691421508789
2011-10-12,30.69854736328125
2011-10-13,30.801345825195312
2011-10-14,30.671489715576172
2011-10-17,31.03392791748047
2011-10-18,31.055580139160156
2011-10-19,31.207050323486328
2011-10-20,31.217859268188477
2011-10-21,31.271947860717773
2011-10-24,31.13671875
2011-10-25,31.807493209838867
2011-10-26,31.520776748657227
2011-10-27,31.28278160095215
2011-10-28,31.412595748901367
2011-10-31,32.09418487548828
2011-11-01,32.50895309448242
2011-11-02,32.280941009521484
2011-11-03,32.23209762573242
2011-11-04,32.12894821166992
2011-11-07,32.226654052734375
2011-11-08,31.84662628173828
2011-11-09,32.139801025390625
2011-11-10,31.786888122558594
2011-11-11,31.68377113342285
2011-11-14,31.710906982421875
2011-11-15,31.618619918823242
2011-11-16,31.694622039794922
2011-11-17,31.624011993408203
2011-11-18,31.640289306640625
2011-11-21,31.499183654785156
2011-11-22,31.596881866455078
2011-11-23,31.586030960083008
2011-11-25,31.260290145874023
2011-11-28,31.472017288208008
2011-11-29,31.168004989624023
2011-11-30,31.119117736816406
2011-12-01,31.10006332397461
2011-12-02,31.21993637084961
2011-12-05,31.492345809936523
2011-12-06,31.3507022857666
2011-12-07,31.44877052307129
2011-12-08,31.590436935424805
2011-12-09,31.170881271362305
2011-12-12,31.078285217285156
2011-12-13,31.601337432861328
2011-12-14,31.77567481994629
2011-12-15,31.79749298095703
2011-12-16,32.01540756225586
2011-12-19,32.29328536987305
2011-12-20,31.9609317779541
2011-12-21,31.590436935424805
2011-12-22,31.77567481994629
2011-12-23,31.737518310546875
2011-12-27,31.884632110595703
2011-12-28,32.179908752441406
2011-12-29,32.27286911010742
2011-12-30,32.27286911010742
2012-01-03,31.791683197021484
2012-01-04,32.04319763183594
2012-01-05,31.840900421142578
2012-01-06,32.08696365356445
2012-01-09,32.08696365356445
2012-01-10,32.054176330566406
2012-01-11,32.07056427001953
2012-01-12,31.747920989990234
2012-01-13,32.10335159301758
2012-01-17,32.31659698486328
2012-01-18,32.07056427001953
2012-01-19,32.01588439941406
2012-01-20,31.8026180267334
2012-01-23,31.644027709960938
2012-01-24,31.75342559814453
2012-01-25,31.77527618408203
2012-01-26,31.419836044311523
2012-01-27,31.660465240478516
2012-01-30,31.862768173217773
2012-01-31,32.29473876953125
2012-02-01,32.1152229309082
2012-02-02,32.1097412109375
2012-02-03,31.945058822631836
2012-02-06,32.07129669189453
2012-02-07,32.03287887573242
2012-02-08,32.027381896972656
2012-02-09,31.9011287689209
2012-02-10,31.9121150970459
2012-02-13,32.06035614013672
2012-02-14,32.17010498046875
2012-02-15,32.23051452636719
2012-02-16,32.1152229309082
2012-02-17,32.098751068115234
2012-02-21,31.93956184387207
2012-02-22,32.23597717285156
2012-02-23,32.31285095214844
2012-02-24,32.40618133544922
2012-02-27,32.57087707519531
2012-02-28,32.73006820678711
2012-02-29,32.603843688964844
2012-03-01,32.53269958496094
2012-03-02,32.709110260009766
2012-03-05,32.61538314819336
2012-03-06,32.598876953125
2012-03-07,32.61538314819336
2012-03-08,32.433494567871094
2012-03-09,32.47207260131836
2012-03-12,32.37285232543945
2012-03-13,32.2130126953125
2012-03-14,31.74445915222168
2012-03-15,31.71140480041504
2012-03-16,31.832677841186523
2012-03-19,31.45784568786621
2012-03-20,31.46337127685547
2012-03-21,31.71140480041504
2012-03-22,31.65628433227539
2012-03-23,31.970481872558594
2012-03-26,31.948429107666016
2012-03-27,32.042110443115234
2012-03-28,32.08071517944336
2012-03-29,32.17441177368164
2012-03-30,31.843717575073242
2012-04-02,31.843706130981445
2012-04-03,31.50600242614746
2012-04-04,31.766191482543945
2012-04-05,31.887975692749023
2012-04-09,32.214599609375
2012-04-10,32.36962127685547
2012-04-11,32.242305755615234
2012-04-12,32.20907974243164
2012-04-13,32.47479248046875
2012-04-16,32.4360466003418
2012-04-17,32.48586654663086
2012-04-18,32.53571319580078
2012-04-19,32.53571319580078
2012-04-20,32.624290466308594
2012-04-23,32.56336975097656
2012-04-24,32.50801467895508
2012-04-25,32.458213806152344
2012-04-26,32.5301513671875
2012-04-27,32.52464294433594
2012-04-30,32.568912506103516
2012-05-01,32.62173080444336
2012-05-02,32.655067443847656
2012-05-03,32.7884407043457
2012-05-04,32.89958572387695
2012-05-07,32.92179489135742
2012-05-08,32.94403839111328
2012-05-09,32.994056701660156
2012-05-10,32.86065673828125
2012-05-11,32.98849868774414
2012-05-14,33.099647521972656
2012-05-15,33.09409713745117
2012-05-16,33.18302917480469
2012-05-17,33.005191802978516
2012-05-18,32.81622314453125
2012-05-21,32.805110931396484
2012-05-22,32.593936920166016
2012-05-23,32.766204833984375
2012-05-24,32.52725601196289
2012-05-25,32.54391860961914
2012-05-29,32.682857513427734
2012-05-30,33.0329704284668
2012-05-31,33.24971389770508
2012-06-01,33.59012222290039
2012-06-04,33.517574310302734
2012-06-05,33.14924240112305
2012-06-06,32.99296951293945
2012-06-07,33.177154541015625
2012-06-08,33.19947052001953
2012-06-11,33.22180938720703
2012-06-12,33.09341812133789
2012-06-13,33.272003173828125
2012-06-14,33.23855209350586
2012-06-15,33.511985778808594
2012-06-18,33.696144104003906
2012-06-19,33.517574310302734
2012-06-20,33.74641418457031
2012-06-21,33.846832275390625
2012-06-22,33.62360763549805
2012-06-25,33.858009338378906
2012-06-26,33.80220031738281
2012-06-27,33.830081939697266
2012-06-28,33.88591384887695
2012-06-29,33.751953125
2012-07-02,34.13071060180664
2012-07-03,34.05226516723633
2012-07-05,34.119483947753906
2012-07-06,34.33799362182617
2012-07-09,34.41640853881836
2012-07-10,34.5340576171875
2012-07-11,34.578914642333984
2012-07-12,34.713382720947266
2012-07-13,34.802982330322266
2012-07-16,34.903831481933594
2012-07-17,34.943050384521484
2012-07-18,34.903831481933594
2012-07-19,34.99347686767578
2012-07-20,35.189579010009766
2012-07-23,35.178375244140625
2012-07-24,35.346431732177734
2012-07-25,35.40806579589844
2012-07-26,35.2343864440918
2012-07-27,35.06631851196289
2012-07-30,35.38005065917969
2012-07-31,35.436073303222656
2012-08-01,35.38996124267578
2012-08-02,35.26061248779297
2012-08-03,35.12003707885742
2012-08-06,35.22124099731445
2012-08-07,34.97943115234375
2012-08-08,34.92321014404297
2012-08-09,34.80510330200195
2012-08-10,34.96817398071289
2012-08-13,34.97943115234375
2012-08-14,34.6026496887207
2012-08-15,34.34394836425781
2012-08-16,34.32149124145508
2012-08-17,34.377723693847656
2012-08-20,34.46204376220703
2012-08-21,34.5407829284668
2012-08-22,34.9344596862793
2012-08-23,35.02443313598633
2012-08-24,34.97943115234375
2012-08-27,35.13128662109375
2012-08-28,35.18751525878906
2012-08-29,35.09752655029297
2012-08-30,35.125667572021484
2012-08-31,35.47996139526367
2012-09-04,35.4037971496582
2012-09-05,35.33609390258789
2012-09-06,34.98634338378906
2012-09-07,35.03712844848633
2012-09-10,35.12174987792969
2012-09-11,35.087886810302734
2012-09-12,34.88480758666992
2012-09-13,34.87918472290039
2012-09-14,34.48993682861328
2012-09-17,34.74943161010742
2012-09-18,34.88480758666992
2012-09-19,35.06532669067383
2012-09-20,35.099151611328125
2012-09-21,35.15560531616211
2012-09-24,35.245853424072266
2012-09-25,35.4037971496582
2012-09-26,35.64071273803711
2012-09-27,35.53355026245117
2012-09-28,35.55046844482422
2012-10-01,35.667640686035156
2012-10-02,35.65632629394531
2012-10-03,35.724239349365234
2012-10-04,35.67329406738281
2012-10-05,35.44123077392578
2012-10-08,35.6336784362793
2012-10-09,35.56008529663086
2012-10-10,35.724239349365234
2012-10-11,35.80349349975586
2012-10-12,36.04124450683594
2012-10-15,36.143150329589844
2012-10-16,35.99030685424805
2012-10-17,35.978973388671875
2012-10-18,35.92802429199219
2012-10-19,36.137474060058594
2012-10-22,35.96199417114258
2012-10-23,36.1204719543457
2012-10-24,35.93935775756836
2012-10-25,35.809173583984375
2012-10-26,36.0582275390625
2012-10-31,36.211063385009766
2012-11-01,36.0582275390625
2012-11-02,35.97333526611328
2012-11-05,36.00160598754883
2012-11-06,35.820491790771484
2012-11-07,36.0582275390625
2012-11-08,36.160125732421875
2012-11-09,36.10918045043945
2012-11-12,36.154449462890625
2012-11-13,36.22236633300781
2012-11-14,36.0752067565918
2012-11-15,35.93935775756836
2012-11-16,35.956336975097656
2012-11-19,36.03557586669922
2012-11-20,35.83745193481445
2012-11-21,35.848777770996094
2012-11-23,35.809173583984375
2012-11-26,35.90538024902344
2012-11-27,36.029911041259766
2012-11-28,35.96199417114258
2012-11-29,36.02425765991211
2012-11-30,35.95066452026367
2012-12-03,35.973388671875
2012-12-04,36.12105941772461
2012-12-05,36.12105941772461
2012-12-06,36.11538314819336
2012-12-07,35.99041748046875
2012-12-10,35.99611282348633
2012-12-11,35.88252258300781
2012-12-12,35.68942642211914
2012-12-13,35.655338287353516
2012-12-14,35.79732894897461
2012-12-17,35.46224594116211
2012-12-18,35.34865188598633
2012-12-19,35.43952560424805
2012-12-20,35.47927474975586
2012-12-21,35.64398193359375
2012-12-24,35.661014556884766
2012-12-26,35.78927230834961
2012-12-27,35.90902328491211
2012-12-28,36.034423828125
2012-12-31,35.72658157348633
2013-01-02,35.60686492919922
2013-01-03,35.367435455322266
2013-01-04,35.41875457763672
2013-01-07,35.441551208496094
2013-01-08,35.572662353515625
2013-01-09,35.49286651611328
2013-01-10,35.4073486328125
2013-01-11,35.6011848449707
2013-01-14,35.333221435546875
2013-01-15,35.54983901977539
2013-01-16,35.43585968017578
2013-01-17,35.39592361450195
2013-01-18,35.57837677001953
2013-01-22,35.46434783935547
2013-01-23,35.623966217041016
2013-01-24,35.521358489990234
2013-01-25,35.22492218017578
2013-01-28,34.911376953125
2013-01-29,34.71186065673828
2013-01-30,34.39830017089844
2013-01-31,34.495216369628906
2013-02-01,34.44259262084961
2013-02-04,34.631317138671875
2013-02-05,34.516944885253906
2013-02-06,34.5855712890625
2013-02-07,34.67134094238281
2013-02-08,34.688507080078125
2013-02-11,34.705650329589844
2013-02-12,34.614166259765625
2013-02-13,34.511234283447266
2013-02-14,34.6256103515625
2013-02-15,34.516944885253906
2013-02-19,34.47691345214844
2013-02-20,34.574127197265625
2013-02-21,34.688507080078125
2013-02-22,34.73423385620117
2013-02-25,35.04306411743164
2013-02-26,35.003021240234375
2013-02-27,34.91152572631836
2013-02-28,35.00874328613281
2013-03-01,35.07820129394531
2013-03-04,35.026519775390625
2013-03-05,35.00931930541992
2013-03-06,34.81417465209961
2013-03-07,34.705169677734375
2013-03-08,34.36650848388672
2013-03-11,34.41818618774414
2013-03-12,34.544429779052734
2013-03-13,34.57316207885742
2013-03-14,34.372276306152344
2013-03-15,34.43539810180664
2013-03-18,34.56739044189453
2013-03-19,34.71662139892578
2013-03-20,34.45260238647461
2013-03-21,34.538700103759766
2013-03-22,34.61328887939453
2013-03-25,34.504249572753906
2013-03-26,34.61328887939453
2013-03-27,34.71662139892578
2013-03-28,34.69938278198242
2013-04-01,34.71091842651367
2013-04-02,34.69363021850586
2013-04-03,34.947139739990234
2013-04-04,35.28703308105469
2013-04-05,35.77096939086914
2013-04-08,35.66727066040039
2013-04-09,35.60964584350586
2013-04-10,35.39071273803711
2013-04-11,35.48291015625
2013-04-12,35.8112907409668
2013-04-15,35.92653274536133
2013-04-16,35.84587860107422
2013-04-17,35.897727966308594
2013-04-18,35.94380187988281
2013-04-19,35.92075729370117
2013-04-22,35.938045501708984
2013-04-23,35.897727966308594
2013-04-24,35.9841423034668
2013-04-25,35.86891174316406
2013-04-26,36.12242126464844
2013-04-29,36.1051139831543
2013-04-30,36.09360122680664
2013-05-01,36.38849639892578
2013-05-02,36.45209884643555
2013-05-03,35.98373031616211
2013-05-06,35.89121627807617
2013-05-07,35.752418518066406
2013-05-08,35.862308502197266
2013-05-09,35.81604766845703
2013-05-10,35.4691047668457
2013-05-13,35.28985595703125
2013-05-14,35.12792205810547
2013-05-15,35.28404998779297
2013-05-16,35.48067092895508
2013-05-17,35.31296920776367
2013-05-20,35.330322265625
2013-05-21,35.50959014892578
2013-05-22,35.058536529541016
2013-05-23,35.151084899902344
2013-05-24,35.23781204223633
2013-05-28,34.52078628540039
2013-05-29,34.47452926635742
2013-05-30,34.405147552490234
2013-05-31,34.20853805541992
2013-06-03,34.185298919677734
2013-06-04,33.94152069091797
2013-06-05,33.87765884399414
2013-06-06,34.0169792175293
2013-06-07,33.74995422363281
2013-06-10,33.506134033203125
2013-06-11,33.44810104370117
2013-06-12,33.10561752319336
2013-06-13,33.6396484375
2013-06-14,33.77318572998047
2013-06-17,33.55257034301758
2013-06-18,33.47132110595703
2013-06-19,33.035953521728516
2013-06-20,32.47865676879883
2013-06-21,31.718204498291016
2013-06-24,31.317686080932617
2013-06-25,31.462799072265625
2013-06-26,31.741430282592773
2013-06-27,32.29872131347656
2013-06-28,32.519317626953125
2013-07-01,32.736717224121094
2013-07-02,32.899940490722656
2013-07-03,32.74839401245117
2013-07-05,31.90896987915039
2013-07-08,32.25873565673828
2013-07-09,32.33451843261719
2013-07-10,32.05470275878906
2013-07-11,32.66676712036133
2013-07-12,32.695919036865234
2013-07-15,32.824161529541016
2013-07-16,32.969905853271484
2013-07-17,33.01072311401367
2013-07-18,32.95822525024414
2013-07-19,33.26717758178711
2013-07-22,33.30216598510742
2013-07-23,33.26717758178711
2013-07-24,32.92909622192383
2013-07-25,32.859130859375
2013-07-26,32.964080810546875
2013-07-29,32.77752685546875
2013-07-30,32.800838470458984
2013-07-31,32.84746551513672
2013-08-01,32.40330123901367
2013-08-02,32.5964469909668
2013-08-05,32.426727294921875
2013-08-06,32.438411712646484
2013-08-07,32.63155746459961
2013-08-08,32.62568664550781
2013-08-09,32.690059661865234
2013-08-12,32.491085052490234
2013-08-13,32.180912017822266
2013-08-14,32.15166473388672
2013-08-15,31.847318649291992
2013-08-16,31.671772003173828
2013-08-19,31.390878677368164
2013-08-20,31.5255126953125
2013-08-21,31.349924087524414
2013-08-22,31.431859970092773
2013-08-23,31.765411376953125
2013-08-26,31.847318649291992
2013-08-27,32.017066955566406
2013-08-28,32.052181243896484
2013-08-29,32.128257751464844
2013-08-30,32.192630767822266
2013-09-03,31.938716888427734
2013-09-04,31.815298080444336
2013-09-05,31.444997787475586
2013-09-06,31.509658813476562
2013-09-09,31.7800235748291
2013-09-10,31.52140998840332
2013-09-11,31.721250534057617
2013-09-12,31.68008041381836
2013-09-13,31.8623104095459
2013-09-16,31.70949363708496
2013-09-17,31.99162483215332
2013-09-18,32.36779022216797
2013-09-19,32.209083557128906
2013-09-20,32.30899429321289
2013-09-23,32.4559326171875
2013-09-24,32.63813781738281
2013-09-25,32.73807144165039
2013-09-26,32.83210754394531
2013-09-27,32.785091400146484
2013-09-30,32.632266998291016
2013-10-01,32.57147979736328
2013-10-02,32.730804443359375
2013-10-03,32.64820098876953
2013-10-04,32.64820098876953
2013-10-07,32.754398345947266
2013-10-08,32.74260330200195
2013-10-09,32.630489349365234
2013-10-10,32.79572677612305
2013-10-11,32.77210998535156
2013-10-14,32.61869430541992
2013-10-15,32.7013053894043
2013-10-16,32.88423538208008
2013-10-17,33.29135513305664
2013-10-18,33.232364654541016
2013-10-21,33.22056579589844
2013-10-22,33.545108795166016
2013-10-23,33.59819793701172
2013-10-24,33.497901916503906
2013-10-25,33.59819793701172
2013-10-28,33.56869888305664
2013-10-29,33.521488189697266
2013-10-30,33.42707443237305
2013-10-31,33.314971923828125
2013-11-01,33.108787536621094
2013-11-04,33.073238372802734
2013-11-05,32.747337341308594
2013-11-06,32.854000091552734
2013-11-07,32.93695831298828
2013-11-08,32.37408447265625
2013-11-11,32.27928161621094
2013-11-12,32.415565490722656
2013-11-13,32.498512268066406
2013-11-14,32.52813720703125
2013-11-15,32.72365188598633
2013-11-18,32.96064758300781
2013-11-19,32.78884506225586
2013-11-20,32.42741394042969
2013-11-21,32.451107025146484
2013-11-22,32.652549743652344
2013-11-25,32.7118034362793
2013-11-26,32.82439041137695
2013-11-27,32.75919723510742
2013-11-29,32.9310302734375
2013-12-02,32.709922790527344
2013-12-03,32.745662689208984
2013-12-04,32.52513885498047
2013-12-05,32.42976760864258
2013-12-06,32.59072494506836
2013-12-09,32.6622314453125
2013-12-10,32.8946647644043
2013-12-11,32.817195892333984
2013-12-12,32.73375701904297
2013-12-13,32.841041564941406
2013-12-16,32.85295104980469
2013-12-17,32.99003601074219
2013-12-18,32.906593322753906
2013-12-19,32.870845794677734
2013-12-20,33.18673324584961
2013-12-23,33.1748046875
2013-12-24,33.11520004272461
2013-12-26,32.99789810180664
2013-12-27,32.86627197265625
2013-12-30,33.05177307128906
2013-12-31,32.92012405395508
2014-01-02,33.17146301269531
2014-01-03,33.309104919433594
2014-01-06,33.422813415527344
2014-01-07,33.50059127807617
2014-01-08,33.309104919433594
2014-01-09,33.422813415527344
2014-01-10,33.68611145019531
2014-01-13,33.82974624633789
2014-01-14,33.70405960083008
2014-01-15,33.66219711303711
2014-01-16,33.722007751464844
2014-01-17,33.85367202758789
2014-01-21,33.889583587646484
2014-01-22,33.8117790222168
2014-01-23,33.90156173706055
2014-01-24,33.94345474243164
2014-01-27,33.889583587646484
2014-01-28,33.91950225830078
2014-01-29,33.91352462768555
2014-01-30,34.0033073425293
2014-01-31,34.07508087158203
2014-02-03,34.26255416870117
2014-02-04,34.076316833496094
2014-02-05,33.90808868408203
2014-02-06,33.88405990600586
2014-02-07,33.962162017822266
2014-02-10,34.022216796875
2014-02-11,34.01622009277344
2014-02-12,33.88405990600586
2014-02-13,34.08830642700195
2014-02-14,34.09431838989258
2014-02-18,34.26255416870117
2014-02-19,34.17845153808594
2014-02-20,34.20848083496094
2014-02-21,34.322635650634766
2014-02-24,34.26255416870117
2014-02-25,34.44879150390625
2014-02-26,34.64103698730469
2014-02-27,34.797237396240234
2014-02-28,34.81527328491211
2014-03-03,34.90814208984375
2014-03-04,34.64278030395508
2014-03-05,34.66688919067383
2014-03-06,34.43771743774414
2014-03-07,34.250728607177734
2014-03-10,34.286930084228516
2014-03-11,34.3231315612793
2014-03-12,34.407554626464844
2014-03-13,34.61863708496094
2014-03-14,34.55229949951172
2014-03-17,34.4558219909668
2014-03-18,34.57642364501953
2014-03-19,34.47993850708008
2014-03-20,34.50405502319336
2014-03-21,34.636749267578125
2014-03-24,34.82973861694336
2014-03-25,34.859893798828125
2014-03-26,35.06496810913086
2014-03-27,35.1674919128418
2014-03-28,35.070980072021484
2014-03-31,35.05289077758789
2014-04-01,35.06621170043945
2014-04-02,35.1025276184082
2014-04-03,35.06621170043945
2014-04-04,35.22966766357422
2014-04-07,35.40524673461914
2014-04-08,35.45368957519531
2014-04-09,35.43553924560547
2014-04-10,35.6413688659668
2014-04-11,35.71402359008789
2014-04-14,35.76850891113281
2014-04-15,35.883548736572266
2014-04-16,35.78667068481445
2014-04-17,35.66557693481445
2014-04-21,35.6595344543457
2014-04-22,35.78062438964844
2014-04-23,35.907752990722656
2014-04-24,35.9561882019043
2014-04-25,35.950130462646484
2014-04-28,35.85933303833008
2014-04-29,35.81089401245117
2014-04-30,35.90169906616211
2014-05-01,36.10344314575195
2014-05-02,36.3465461730957
2014-05-05,36.18246078491211
2014-05-06,36.3465461730957
2014-05-07,36.32828140258789
2014-05-08,36.32223129272461
2014-05-09,36.25537109375
2014-05-12,36.10344314575195
2014-05-13,36.2857666015625
2014-05-14,36.58354187011719
2014-05-15,36.753700256347656
2014-05-16,36.735469818115234
2014-05-19,36.58354187011719
2014-05-20,36.571380615234375
2014-05-21,36.33436965942383
2014-05-22,36.31615447998047
2014-05-23,36.38298416137695
2014-05-27,36.55314254760742
2014-05-28,36.8448486328125
2014-05-29,36.735469818115234
2014-05-30,36.74760818481445
2014-06-02,36.55859375
2014-06-03,36.32080841064453
2014-06-04,36.25984191894531
2014-06-05,36.30862808227539
2014-06-06,36.49763488769531
2014-06-09,36.40616989135742
2014-06-10,36.351287841796875
2014-06-11,36.32693099975586
2014-06-12,36.4671516418457
2014-06-13,36.50373077392578
2014-06-16,36.50373077392578
2014-06-17,36.345211029052734
2014-06-18,36.60739517211914
2014-06-19,36.26594161987305
2014-06-20,36.44882583618164
2014-06-23,36.42448043823242
2014-06-24,36.66835021972656
2014-06-25,36.76592254638672
2014-06-26,36.863468170166016
2014-06-27,36.83908462524414
2014-06-30,36.91835403442383
2014-07-01,36.57636260986328
2014-07-02,36.337799072265625
2014-07-03,36.20932388305664
2014-07-07,36.288856506347656
2014-07-08,36.521305084228516
2014-07-09,36.594722747802734
2014-07-10,36.56413269042969
2014-07-11,36.74766540527344
2014-07-14,36.6436653137207
2014-07-15,36.692604064941406
2014-07-16,36.73541259765625
2014-07-17,37.00458908081055
2014-07-18,37.01070785522461
2014-07-21,37.13917541503906
2014-07-22,37.20646286010742
2014-07-23,37.23094177246094
2014-07-24,37.08412551879883
2014-07-25,37.273765563964844
2014-07-28,37.26152801513672
2014-07-29,37.3532829284668
2014-07-30,37.00458908081055
2014-07-31,36.82718276977539
2014-08-01,36.976993560791016
2014-08-04,37.026100158691406
2014-08-05,37.00156021118164
2014-08-06,36.95856857299805
2014-08-07,37.13660430908203
2014-08-08,37.173465728759766
2014-08-11,37.23482131958008
2014-08-12,37.03837966918945
2014-08-13,37.11818313598633
2014-08-14,37.26555252075195
2014-08-15,37.498817443847656
2014-08-18,37.26555252075195
2014-08-19,37.27165985107422
2014-08-20,37.16116714477539
2014-08-21,37.339202880859375
2014-08-22,37.43130111694336
2014-08-25,37.6338996887207
2014-08-26,37.597049713134766
2014-08-27,37.81807327270508
2014-08-28,37.99609375
2014-08-29,38.0574836730957
2014-09-02,37.56406784057617
2014-09-03,37.68729019165039
2014-09-04,37.35462188720703
2014-09-05,37.24991989135742
2014-09-08,37.20063400268555
2014-09-09,37.11440658569336
2014-09-10,36.96039962768555
2014-09-11,36.86799240112305
2014-09-12,36.59079360961914
2014-09-15,36.60928726196289
2014-09-16,36.510719299316406
2014-09-17,36.35054397583008
2014-09-18,36.510719299316406
2014-09-19,36.763267517089844
2014-09-22,36.831024169921875
2014-09-23,36.935752868652344
2014-09-24,36.763267517089844
2014-09-25,36.94192886352539
2014-09-26,36.880332946777344
2014-09-29,36.99119567871094
2014-09-30,36.92343521118164
2014-10-01,37.34566879272461
2014-10-02,37.14167022705078
2014-10-03,37.33330535888672
2014-10-06,37.426029205322266
2014-10-07,37.7042350769043
2014-10-08,37.79694366455078
2014-10-09,37.67332458496094
2014-10-10,37.735145568847656
2014-10-13,37.89585494995117
2014-10-14,38.056602478027344
2014-10-15,38.18641662597656
2014-10-16,37.90205764770508
2014-10-17,38.056602478027344
2014-10-20,38.04425048828125
2014-10-21,37.9824104309082
2014-10-22,37.78459930419922
2014-10-23,37.63621139526367
2014-10-24,37.6856803894043
2014-10-27,37.716590881347656
2014-10-28,37.611488342285156
2014-10-29,37.419864654541016
2014-10-30,37.59912109375
2014-10-31,37.586761474609375
2014-11-03,37.420501708984375
2014-11-04,37.488765716552734
2014-11-05,37.4825439453125
2014-11-06,37.346073150634766
2014-11-07,37.588008880615234
2014-11-10,37.33366012573242
2014-11-11,37.32124328613281
2014-11-12,37.25300598144531
2014-11-13,37.3088264465332
2014-11-14,37.35227966308594
2014-11-17,37.135154724121094
2014-11-18,37.22199630737305
2014-11-19,37.066890716552734
2014-11-20,37.12273025512695
2014-11-21,37.35847091674805
2014-11-24,37.476356506347656
2014-11-25,37.69968032836914
2014-11-26,37.867183685302734
2014-11-28,38.152530670166016
2014-12-01,37.840110778808594
2014-12-02,37.591163635253906
2014-12-03,37.64716720581055
2014-12-04,37.72187423706055
2014-12-05,37.56003952026367
2014-12-08,37.696964263916016
2014-12-09,37.72809982299805
2014-12-10,37.85254669189453
2014-12-11,37.83388137817383
2014-12-12,38.057945251464844
2014-12-15,37.84634017944336
2014-12-16,37.9832649230957
2014-12-17,38.16373825073242
2014-12-18,37.840110778808594
2014-12-19,38.057945251464844
2014-12-22,38.275760650634766
2014-12-23,37.90858459472656
2014-12-24,38.136474609375
2014-12-26,38.21763229370117
2014-12-29,38.32377243041992
2014-12-30,38.37372970581055
2014-12-31,38.411197662353516
2015-01-02,38.66719436645508
2015-01-05,38.7296142578125
2015-01-06,39.085514068603516
2015-01-07,39.14170837402344
2015-01-08,38.93565368652344
2015-01-09,39.13545227050781
2015-01-12,39.247833251953125
2015-01-13,39.20415115356445
2015-01-14,39.247833251953125
2015-01-15,39.53504180908203
2015-01-16,39.116703033447266
2015-01-20,39.528804779052734
2015-01-21,39.39768600463867
2015-01-22,39.422664642333984
2015-01-23,39.75981521606445
2015-01-26,39.75981521606445
2015-01-27,39.77231979370117
2015-01-28,40.17814636230469
2015-01-29,40.10947036743164
2015-01-30,40.452880859375
2015-02-02,40.37893295288086
2015-02-03,40.05948257446289
2015-02-04,39.9154052734375
2015-02-05,39.71495056152344
2015-02-06,39.30778121948242
2015-02-09,39.320308685302734
2015-02-10,39.15742492675781
2015-02-11,39.151187896728516
2015-02-12,39.107322692871094
2015-02-13,38.85676193237305
2015-02-17,38.55609130859375
2015-02-18,38.73773193359375
2015-02-19,38.65003967285156
2015-02-20,38.68137741088867
2015-02-23,39.03842544555664
2015-02-24,39.43307113647461
2015-02-25,39.495689392089844
2015-02-26,39.22634506225586
2015-02-27,39.345367431640625
2015-03-02,38.972679138183594
2015-03-03,38.872127532958984
2015-03-04,38.84067916870117
2015-03-05,38.90981674194336
2015-03-06,38.3378791809082
2015-03-09,38.350467681884766
2015-03-10,38.74013137817383
2015-03-11,38.947540283203125
2015-03-12,38.80925750732422
2015-03-13,38.608150482177734
2015-03-16,38.70868682861328
2015-03-17,38.828125
2015-03-18,39.4880485534668
2015-03-19,39.337196350097656
2015-03-20,39.40631103515625
2015-03-23,39.46288299560547
2015-03-24,39.65772247314453
2015-03-25,39.456607818603516
2015-03-26,39.10466003417969
2015-03-27,39.41259765625
2015-03-30,39.343482971191406
2015-03-31,39.343482971191406
2015-04-01,39.67704391479492
2015-04-02,39.46266174316406
2015-04-06,39.43745040893555
2015-04-07,39.664451599121094
2015-04-08,39.63922119140625
2015-04-09,39.39959716796875
2015-04-10,39.45005798339844
2015-04-13,39.405906677246094
2015-04-14,39.525718688964844
2015-04-15,39.569854736328125
2015-04-16,39.3744010925293
2015-04-17,39.65183639526367
2015-04-20,39.50679397583008
2015-04-21,39.418540954589844
2015-04-22,39.07799530029297
2015-04-23,39.07170104980469
2015-04-24,39.33024597167969
2015-04-27,39.317630767822266
2015-04-28,39.1536750793457
2015-04-29,38.737491607666016
2015-04-30,38.63657760620117
2015-05-01,38.214508056640625
2015-05-04,37.999351501464844
2015-05-05,37.81586837768555
2015-05-06,37.436180114746094
2015-05-07,37.65131759643555
2015-05-08,37.84116744995117
2015-05-11,37.10713195800781
2015-05-12,37.18936538696289
2015-05-13,36.99321746826172
2015-05-14,37.08811950683594
2015-05-15,37.63232421875
2015-05-18,37.27165222167969
2015-05-19,37.01219940185547
2015-05-20,37.056488037109375
2015-05-21,37.252655029296875
2015-05-22,37.2906379699707
2015-05-26,37.55007553100586
2015-05-27,37.70827102661133
2015-05-28,37.54375457763672
2015-05-29,37.59437561035156
2015-06-01,37.280006408691406
2015-06-02,36.905296325683594
2015-06-03,36.6068000793457
2015-06-04,36.84813690185547
2015-06-05,36.59408950805664
2015-06-08,36.50518798828125
2015-06-09,36.232093811035156
2015-06-10,36.05427169799805
2015-06-11,36.54328536987305
2015-06-12,36.498836517333984
2015-06-15,36.48613357543945
2015-06-16,36.568702697753906
2015-06-17,36.460723876953125
2015-06-18,36.40992736816406
2015-06-19,36.683006286621094
2015-06-22,36.28923416137695
2015-06-23,36.13048553466797
2015-06-24,36.24480056762695
2015-06-25,36.14317321777344
2015-06-26,35.9209098815918
2015-06-29,36.32101821899414
2015-06-30,36.29561233520508
2015-07-01,36.13051223754883
2015-07-02,36.21335220336914
2015-07-06,36.6149787902832
2015-07-07,36.81893539428711
2015-07-08,36.92732620239258
2015-07-09,36.46836853027344
2015-07-10,36.149635314941406
2015-07-13,36.10499572753906
2015-07-14,36.13051223754883
2015-07-15,36.32173538208008
2015-07-16,36.48747253417969
2015-07-17,36.48108673095703
2015-07-20,36.449214935302734
2015-07-21,36.57670593261719
2015-07-22,36.5958366394043
2015-07-23,36.88269805908203
2015-07-24,36.85082244873047
2015-07-27,36.825321197509766
2015-07-28,36.66596603393555
2015-07-29,36.659576416015625
2015-07-30,36.78706741333008
2015-07-31,36.971920013427734
2015-08-03,37.19074249267578
2015-08-04,36.96043014526367
2015-08-05,36.78766632080078
2015-08-06,36.883636474609375
2015-08-07,37.20354080200195
2015-08-10,36.832462310791016
2015-08-11,37.17796325683594
2015-08-12,36.934837341308594
2015-08-13,36.8388671875
2015-08-14,36.870849609375
2015-08-17,36.92844009399414
2015-08-18,36.800479888916016
2015-08-19,36.966827392578125
2015-08-20,37.03081130981445
2015-08-21,37.12677764892578
2015-08-24,36.736488342285156
2015-08-25,36.435791015625
2015-08-26,36.2502555847168
2015-08-27,36.288639068603516
2015-08-28,36.38460922241211
2015-08-31,36.23104476928711
2015-09-01,36.52838897705078
2015-09-02,36.56693649291992
2015-09-03,36.63115310668945
2015-09-04,36.7852783203125
2015-09-08,36.496315002441406
2015-09-09,36.592613220214844
2015-09-10,36.37425994873047
2015-09-11,36.5219612121582
2015-09-14,36.56051254272461
2015-09-15,36.085289001464844
2015-09-16,36.11096954345703
2015-09-17,36.5026969909668
2015-09-18,36.830238342285156
2015-09-21,36.451351165771484
2015-09-22,36.66967010498047
2015-09-23,36.64400863647461
2015-09-24,36.663265228271484
2015-09-25,36.46415710449219
2015-09-28,36.54765319824219
2015-09-29,36.50914001464844
2015-09-30,36.62472915649414
2015-10-01,36.5377197265625
2015-10-02,36.8020133972168
2015-10-05,36.608612060546875
2015-10-06,36.82135009765625
2015-10-07,36.98249816894531
2015-10-08,36.82780075073242
2015-10-09,36.924495697021484
2015-10-12,37.03407287597656
2015-10-13,37.156558990478516
2015-10-14,37.25325393676758
2015-10-15,37.20814514160156
2015-10-16,37.272579193115234
2015-10-19,37.20814514160156
2015-10-20,37.092063903808594
2015-10-21,37.29836654663086
2015-10-22,37.375728607177734
2015-10-23,37.35638427734375
2015-10-26,37.43373107910156
2015-10-27,37.38861083984375
2015-10-28,37.349937438964844
2015-10-29,36.860015869140625
2015-10-30,37.0662841796875
2015-11-02,37.05401611328125
2015-11-03,36.83403396606445
2015-11-04,36.85989761352539
2015-11-05,36.950496673583984
2015-11-06,36.60111618041992
2015-11-09,36.355255126953125
2015-11-10,36.387611389160156
2015-11-11,36.355255126953125
2015-11-12,36.43288803100586
2015-11-13,36.542869567871094
2015-11-16,36.49758529663086
2015-11-17,36.60111618041992
2015-11-18,36.65287780761719
2015-11-19,36.76287078857422
2015-11-20,36.70461654663086
2015-11-23,36.769344329833984
2015-11-24,36.775794982910156
2015-11-25,36.79520797729492
2015-11-27,36.78227233886719
2015-11-30,36.89225769042969
2015-12-01,37.20785903930664
2015-12-02,37.14291000366211
2015-12-03,36.44159698486328
2015-12-04,36.67536163330078
2015-12-07,36.88315963745117
2015-12-08,36.779258728027344
2015-12-09,36.71434783935547
2015-12-10,36.662384033203125
2015-12-11,36.681880950927734
2015-12-14,36.29224395751953
2015-12-15,36.35070037841797
2015-12-16,36.3831787109375
2015-12-17,36.539005279541016
2015-12-18,36.62342834472656
2015-12-21,36.56498718261719
2015-12-22,36.402645111083984
2015-12-23,36.37018966674805
2015-12-24,36.509037017822266
2015-12-28,36.509037017822266
2015-12-29,36.11134719848633
2015-12-30,36.11134719848633
2015-12-31,36.293907165527344
2016-01-04,36.326507568359375
2016-01-05,36.38517761230469
2016-01-06,36.65900802612305
2016-01-07,36.58076095581055
2016-01-08,36.59379959106445
2016-01-11,36.319984436035156
2016-01-12,36.67856216430664
2016-01-13,36.69157409667969
2016-01-14,36.352577209472656
2016-01-15,36.38517761230469
2016-01-19,36.2156867980957
2016-01-20,36.14397048950195
2016-01-21,36.0592041015625
2016-01-22,36.24824905395508
2016-01-25,36.42428207397461
2016-01-26,36.41124725341797
2016-01-27,36.20915603637695
2016-01-28,36.26781463623047
2016-01-29,36.42428207397461
2016-02-01,36.31958770751953
2016-02-02,36.607521057128906
2016-02-03,36.47665786743164
2016-02-04,36.57480239868164
2016-02-05,36.39158248901367
2016-02-08,36.75149154663086
2016-02-09,36.67951583862305
2016-02-10,36.908538818359375
2016-02-11,36.69260025024414
2016-02-12,36.581356048583984
2016-02-16,36.3719367980957
2016-02-17,36.47010803222656
2016-02-18,36.72532272338867
2016-02-19,36.65333557128906
2016-02-22,36.744937896728516
2016-02-23,36.76456069946289
2016-02-24,36.80384063720703
2016-02-25,36.934722900390625
2016-02-26,36.88893127441406
2016-02-29,36.967430114746094
2016-03-01,36.620609283447266
2016-03-02,36.73188400268555
2016-03-03,36.980533599853516
2016-03-04,37.078704833984375
2016-03-07,37.07216262817383
2016-03-08,37.2423095703125
2016-03-09,37.229225158691406
2016-03-10,37.46478271484375
2016-03-11,37.59567642211914
2016-03-14,37.73310852050781
2016-03-15,37.81819152832031
2016-03-16,37.95558547973633
2016-03-17,38.17810821533203
2016-03-18,38.25660705566406
2016-03-21,38.269718170166016
2016-03-22,38.21737289428711
2016-03-23,38.42021560668945
2016-03-24,38.5118408203125
2016-03-28,38.4791374206543
2016-03-29,38.688533782958984
2016-03-30,38.53150177001953
2016-03-31,38.793251037597656
2016-04-01,38.786705017089844
2016-04-04,38.83906173706055
2016-04-05,39.02229690551758
2016-04-06,39.00920104980469
2016-04-07,39.31022644042969
2016-04-08,39.218605041503906
2016-04-11,39.179359436035156
2016-04-12,38.96337890625
2016-04-13,39.0942497253418
2016-04-14,39.06809616088867
2016-04-15,39.18588638305664
2016-04-18,39.454200744628906
2016-04-19,39.46073913574219
2016-04-20,39.3167724609375
2016-04-21,39.21207046508789
2016-04-22,39.513092041015625
2016-04-25,39.26441192626953
2016-04-26,39.12699890136719
2016-04-27,39.37566375732422
2016-04-28,39.41493225097656
2016-04-29,39.513092041015625
2016-05-02,39.30690002441406
2016-05-03,39.65492630004883
2016-05-04,39.66804504394531
2016-05-05,39.759986877441406
2016-05-06,39.6614875793457
2016-05-09,39.54985427856445
2016-05-10,39.556419372558594
2016-05-11,39.61553192138672
2016-05-12,39.576141357421875
2016-05-13,39.674644470214844
2016-05-16,39.556419372558594
2016-05-17,39.556419372558594
2016-05-18,39.14275360107422
2016-05-19,39.20838928222656
2016-05-20,39.28062438964844
2016-05-23,39.221534729003906
2016-05-24,39.14275360107422
2016-05-25,39.17557144165039
2016-05-26,39.359432220458984
2016-05-27,39.30034255981445
2016-05-31,39.333160400390625
2016-06-01,39.42409133911133
2016-06-02,39.56248092651367
2016-06-03,40.08302688598633
2016-06-06,40.05009078979492
2016-06-07,40.11599349975586
2016-06-08,40.234596252441406
2016-06-09,40.458614349365234
2016-06-10,40.590423583984375
2016-06-13,40.51134490966797
2016-06-14,40.4322624206543
2016-06-15,40.58381652832031
2016-06-16,40.597007751464844
2016-06-17,40.46522521972656
2016-06-20,40.445438385009766
2016-06-21,40.274131774902344
2016-06-22,40.20822525024414
2016-06-23,40.20164489746094
2016-06-24,40.51791763305664
2016-06-27,41.03190231323242
2016-06-28,41.03847122192383
2016-06-29,40.979183197021484
2016-06-30,41.28230667114258
2016-07-01,41.845523834228516
2016-07-05,42.18929672241211
2016-07-06,42.281822204589844
2016-07-07,42.162845611572266
2016-07-08,42.57931137084961
2016-07-11,42.54627990722656
2016-07-12,42.21574020385742
2016-07-13,42.36116027832031
2016-07-14,42.129791259765625
2016-07-15,41.83891296386719
2016-07-18,41.93145751953125
2016-07-19,41.951290130615234
2016-07-20,41.78601837158203
2016-07-21,41.91162872314453
2016-07-22,42.00421142578125
2016-07-25,41.95789337158203
2016-07-26,41.95789337158203
2016-07-27,42.16945266723633
2016-07-28,42.149600982666016
2016-07-29,42.36116027832031
2016-08-01,42.00700759887695
2016-08-02,41.57594680786133
2016-08-03,41.701934814453125
2016-08-04,41.89426040649414
2016-08-05,41.721839904785156
2016-08-08,41.86112594604492
2016-08-09,42.14629364013672
2016-08-10,42.411563873291016
2016-08-11,42.1993522644043
2016-08-12,42.44472122192383
2016-08-15,42.1794319152832
2016-08-16,42.09321212768555
2016-08-17,42.252403259277344
2016-08-18,42.38505935668945
2016-08-19,42.15955352783203
2016-08-22,42.35187530517578
2016-08-23,42.451358795166016
2016-08-24,42.38505935668945
2016-08-25,42.252403259277344
2016-08-26,42.15291213989258
2016-08-29,42.5640869140625
2016-08-30,42.5243034362793
2016-08-31,42.537567138671875
2016-09-01,42.47434616088867
2016-09-02,42.294715881347656
2016-09-06,42.39452362060547
2016-09-07,42.40116882324219
2016-09-08,42.028587341308594
2016-09-09,41.5362548828125
2016-09-12,41.369911193847656
2016-09-13,41.150367736816406
2016-09-14,40.964073181152344
2016-09-15,41.06386947631836
2016-09-16,41.22355651855469
2016-09-19,41.216896057128906
2016-09-20,41.3499641418457
2016-09-21,41.675994873046875
2016-09-22,41.91547775268555
2016-09-23,41.769126892089844
2016-09-26,42.06186294555664
2016-09-27,42.155006408691406
2016-09-28,42.241512298583984
2016-09-29,42.2082405090332
2016-09-30,42.0884895324707
2016-10-03,41.9663200378418
2016-10-04,41.69929885864258
2016-10-05,41.612552642822266
2016-10-06,41.55912780761719
2016-10-07,41.63256072998047
2016-10-10,41.552459716796875
2016-10-11,41.365577697753906
2016-10-12,41.41896057128906
2016-10-13,41.592529296875
2016-10-14,41.27212905883789
2016-10-17,41.432315826416016
2016-10-18,41.645912170410156
2016-10-19,41.799434661865234
2016-10-20,41.85952377319336
2016-10-21,41.83283615112305
2016-10-24,41.68598556518555
2016-10-25,41.77275466918945
2016-10-26,41.378929138183594
2016-10-27,41.01178741455078
2016-10-28,40.99843978881836
2016-10-31,40.97172164916992
2016-11-01,41.00856399536133
2016-11-02,40.90140914916992
2016-11-03,40.800933837890625
2016-11-04,41.048763275146484
2016-11-07,40.941585540771484
2016-11-08,40.881317138671875
2016-11-09,39.79634094238281
2016-11-10,39.48825454711914
2016-11-11,39.31412887573242
2016-11-14,38.798423767089844
2016-11-15,39.240413665771484
2016-11-16,39.30070495605469
2016-11-17,38.93905258178711
2016-11-18,38.85200881958008
2016-11-21,38.88547134399414
2016-11-22,38.8787727355957
2016-11-23,38.805091857910156
2016-11-25,38.90556716918945
2016-11-28,39.126583099365234
2016-11-29,39.20694351196289
2016-11-30,38.7716178894043
2016-12-01,38.68289566040039
2016-12-02,38.86437225341797
2016-12-05,38.93159484863281
2016-12-06,38.958457946777344
2016-12-07,39.260948181152344
2016-12-08,38.96520233154297
2016-12-09,38.75009536743164
2016-12-12,38.64927673339844
2016-12-13,38.918128967285156
2016-12-14,38.72320556640625
2016-12-15,38.68289566040039
2016-12-16,38.662723541259766
2016-12-19,38.99881362915039
2016-12-20,38.877811431884766
2016-12-21,39.0660285949707
2016-12-22,39.1510009765625
2016-12-23,39.29263687133789
2016-12-27,39.15773391723633
2016-12-28,39.461238861083984
2016-12-29,39.65009307861328
2016-12-30,39.58938980102539
2017-01-03,39.838932037353516
2017-01-04,39.84566879272461
2017-01-05,40.23683547973633
2017-01-06,40.06821823120117
2017-01-09,40.14915466308594
2017-01-10,40.16265869140625
2017-01-11,40.23011016845703
2017-01-12,40.27056121826172
2017-01-13,40.06149673461914
2017-01-17,40.25032043457031
2017-01-18,40.000789642333984
2017-01-19,39.771488189697266
2017-01-20,39.69055938720703
2017-01-23,39.913116455078125
2017-01-24,39.76472473144531
2017-01-25,39.48823165893555
2017-01-26,39.596126556396484
2017-01-27,39.74452209472656
2017-01-30,39.69055938720703
2017-01-31,39.80521011352539
2017-02-01,39.64750289916992
2017-02-02,39.60012435913086
2017-02-03,39.613651275634766
2017-02-06,39.80994415283203
2017-02-07,39.999446868896484
2017-02-08,40.263404846191406
2017-02-09,40.04681396484375
2017-02-10,40.01974868774414
2017-02-13,39.94529724121094
2017-02-14,39.80317306518555
2017-02-15,39.78963088989258
2017-02-16,39.91145324707031
2017-02-17,40.073909759521484
2017-02-21,40.03329086303711
2017-02-22,40.09420394897461
2017-02-23,40.17540740966797
2017-02-24,40.54088592529297
2017-02-27,40.41905975341797
2017-02-28,40.54088592529297
2017-03-01,40.13948059082031
2017-03-02,40.02404022216797
2017-03-03,40.07837677001953
2017-03-06,40.01045227050781
2017-03-07,39.80668640136719
2017-03-08,39.616519927978516
2017-03-09,39.3109016418457
2017-03-10,39.35844039916992
2017-03-13,39.222599029541016
2017-03-14,39.21581268310547
2017-03-15,39.670875549316406
2017-03-16,39.616519927978516
2017-03-17,39.813499450683594
2017-03-20,39.793113708496094
2017-03-21,40.08515930175781
2017-03-22,40.18025588989258
2017-03-23,40.07837677001953
2017-03-24,40.18025588989258
2017-03-27,40.302513122558594
2017-03-28,40.146278381347656
2017-03-29,40.32966995239258
2017-03-30,40.221012115478516
2017-03-31,40.23457717895508
2017-04-03,40.48335266113281
2017-04-04,40.44245910644531
2017-04-05,40.49015426635742
2017-04-06,40.5106086730957
2017-04-07,40.33341598510742
2017-04-10,40.43564224243164
2017-04-11,40.735511779785156
2017-04-12,40.960418701171875
2017-04-13,40.89908218383789
2017-04-17,40.9467887878418
2017-04-18,41.328453063964844
2017-04-19,41.15806579589844
2017-04-20,41.069461822509766
2017-04-21,41.035400390625
2017-04-24,40.88545608520508
2017-04-25,40.5446891784668
2017-04-26,40.708255767822266
2017-04-27,40.796875
2017-04-28,40.85136413574219
2017-05-01,40.69136047363281
2017-05-02,40.821285247802734
2017-05-03,40.930694580078125
2017-05-04,40.74605941772461
2017-05-05,40.773406982421875
2017-05-08,40.684505462646484
2017-05-09,40.71184539794922
2017-05-10,40.70502471923828
2017-05-11,40.74605941772461
2017-05-12,41.067501068115234
2017-05-15,41.00595474243164
2017-05-16,41.163230895996094
2017-05-17,41.50516891479492
2017-05-18,41.546207427978516
2017-05-19,41.539363861083984
2017-05-22,41.539363861083984
2017-05-23,41.28630828857422
2017-05-24,41.47782897949219
2017-05-25,41.443626403808594
2017-05-26,41.546207427978516
2017-05-30,41.67615509033203
2017-05-31,41.765071868896484
2017-06-01,41.8165283203125
2017-06-02,42.11157989501953
2017-06-05,41.96060562133789
2017-06-06,42.11157989501953
2017-06-07,42.00178909301758
2017-06-08,41.9468879699707
2017-06-09,41.940032958984375
2017-06-12,41.92631530761719
2017-06-13,41.97431945800781
2017-06-14,42.46152877807617
2017-06-15,42.379188537597656
2017-06-16,42.3997802734375
2017-06-19,42.420372009277344
2017-06-20,42.61249542236328
2017-06-21,42.60563278198242
2017-06-22,42.7222900390625
2017-06-23,42.69484329223633
2017-06-26,42.85953140258789
2017-06-27,42.53015899658203
2017-06-28,42.550743103027344
2017-06-29,42.24195098876953
2017-06-30,42.29685974121094
2017-07-03,42.19152069091797
2017-07-05,42.16397476196289
2017-07-06,41.916107177734375
2017-07-07,41.861026763916016
2017-07-10,41.94364547729492
2017-07-11,41.99184036254883
2017-07-12,42.27412796020508
2017-07-13,42.157081604003906
2017-07-14,42.23282241821289
2017-07-17,42.25347900390625
2017-07-18,42.5701904296875
2017-07-19,42.57706832885742
2017-07-20,42.6734619140625
2017-07-21,42.83869171142578
2017-07-24,42.72854232788086
2017-07-25,42.36363220214844
2017-07-26,42.480674743652344
2017-07-27,42.32919692993164
2017-07-28,42.50133514404297
2017-07-31,42.542640686035156
2017-08-01,42.774742126464844
2017-08-02,42.774742126464844
2017-08-03,42.93362045288086
2017-08-04,42.62969207763672
2017-08-07,42.643497467041016
2017-08-08,42.408634185791016
2017-08-09,42.436256408691406
2017-08-10,42.50532531738281
2017-08-11,42.46388244628906
2017-08-14,42.51914596557617
2017-08-15,42.41554641723633
2017-08-16,42.5467643737793
2017-08-17,42.650413513183594
2017-08-18,42.636592864990234
2017-08-21,42.76094436645508
2017-08-22,42.66421890258789
2017-08-23,42.86456298828125
2017-08-24,42.781673431396484
2017-08-25,42.919837951660156
2017-08-28,42.9405403137207
2017-08-29,42.97509002685547
2017-08-30,42.97509002685547
2017-08-31,43.07179641723633
2017-09-01,42.917232513427734
2017-09-05,43.28458023071289
2017-09-06,43.048927307128906
2017-09-07,43.353904724121094
2017-09-08,43.17367172241211
2017-09-11,42.94496154785156
2017-09-12,42.82020568847656
2017-09-13,42.757816314697266
2017-09-14,42.917232513427734
2017-09-15,43.00733184814453
2017-09-18,42.89645004272461
2017-09-19,42.93803024291992
2017-09-20,42.91029739379883
2017-09-21,42.87565231323242
2017-09-22,42.958824157714844
2017-09-25,43.201419830322266
2017-09-26,43.18062210083008
2017-09-27,42.868709564208984
2017-09-28,42.88257598876953
2017-09-29,43.0142822265625
2017-10-02,43.01286697387695
2017-10-03,43.158931732177734
2017-10-04,43.138038635253906
2017-10-05,43.054603576660156
2017-10-06,42.957244873046875
2017-10-09,43.06155776977539
2017-10-10,43.110233306884766
2017-10-11,43.075462341308594
2017-10-12,43.11720275878906
2017-10-13,43.38841247558594
2017-10-16,43.38841247558594
2017-10-17,43.3675537109375
2017-10-18,43.270198822021484
2017-10-19,43.31888198852539
2017-10-20,43.06852722167969
2017-10-23,43.14501190185547
2017-10-24,43.01982498168945
2017-10-25,42.873802185058594
2017-10-26,42.86684799194336
2017-10-27,43.06155776977539
2017-10-30,43.297996520996094
2017-10-31,43.311912536621094
2017-11-01,43.36494445800781
2017-11-02,43.47660446166992
2017-11-03,43.52543258666992
2017-11-06,43.58824157714844
2017-11-07,43.58125686645508
2017-11-08,43.55335235595703
2017-11-09,43.4138069152832
2017-11-10,42.946285247802734
2017-11-13,43.00212097167969
2017-11-14,43.02305221557617
2017-11-15,43.309112548828125
2017-11-16,43.225406646728516
2017-11-17,43.40681838989258
2017-11-20,43.448673248291016
2017-11-21,43.64404296875
2017-11-22,43.86034393310547
2017-11-24,43.81150817871094
2017-11-27,43.74174499511719
2017-11-28,43.82546615600586
2017-11-29,43.546363830566406
2017-11-30,43.532405853271484
2017-12-01,43.796348571777344
2017-12-04,43.88035202026367
2017-12-05,44.05534744262695
2017-12-06,44.202369689941406
2017-12-07,43.971351623535156
2017-12-08,43.943336486816406
2017-12-11,43.89434051513672
2017-12-12,43.90835189819336
2017-12-13,44.15337371826172
2017-12-14,44.30037307739258
2017-12-15,44.510406494140625
2017-12-18,44.251399993896484
2017-12-19,43.85234832763672
2017-12-20,43.64232635498047
2017-12-21,43.823570251464844
2017-12-22,43.865726470947266
2017-12-26,43.99919128417969
2017-12-27,44.371524810791016
2017-12-28,44.385597229003906
2017-12-29,44.399654388427734
2018-01-02,44.06945037841797
2018-01-03,44.18887710571289
2018-01-04,44.20292282104492
2018-01-05,44.083499908447266
2018-01-08,44.07648468017578
2018-01-09,43.739261627197266
2018-01-10,43.85871505737305
2018-01-11,44.04135513305664
2018-01-12,44.15375900268555
2018-01-16,44.21697998046875
2018-01-17,44.09050750732422
2018-01-18,43.85871505737305
2018-01-19,43.64793395996094
2018-01-22,43.59174346923828
2018-01-23,43.81653594970703
2018-01-24,43.683067321777344
2018-01-25,44.062435150146484
2018-01-26,44.03433609008789
2018-01-29,43.87977981567383
2018-01-30,43.6338996887207
2018-01-31,43.93598556518555
2018-02-01,43.52223587036133
2018-02-02,43.14869689941406
2018-02-05,43.21916961669922
2018-02-06,42.97954559326172
2018-02-07,42.68352127075195
2018-02-08,42.401611328125
2018-02-09,42.12673568725586
2018-02-12,42.204246520996094
2018-02-13,42.13374710083008
2018-02-14,41.91526794433594
2018-02-15,42.26062774658203
2018-02-16,42.42977523803711
2018-02-20,42.2112922668457
2018-02-21,41.908241271972656
2018-02-22,42.01395034790039
2018-02-23,42.22539520263672
2018-02-26,42.32407760620117
2018-02-27,42.119667053222656
2018-02-28,42.2112922668457
2018-03-01,42.146217346191406
2018-03-02,41.96234130859375
2018-03-05,42.01184844970703
2018-03-06,42.082584381103516
2018-03-07,42.03306579589844
2018-03-08,42.153289794921875
2018-03-09,41.97648620605469
2018-03-12,42.11086654663086
2018-03-13,42.1250114440918
2018-03-14,42.308902740478516
2018-03-15,42.33011245727539
2018-03-16,42.301841735839844
2018-03-19,42.167449951171875
2018-03-20,41.99770736694336
2018-03-21,41.93405532836914
2018-03-22,42.040138244628906
2018-03-23,41.863319396972656
2018-03-26,41.97648620605469
2018-03-27,42.2523307800293
2018-03-28,42.33011245727539
2018-03-29,42.64841842651367
2018-04-02,42.58451843261719
2018-04-03,42.43546676635742
2018-04-04,42.43546676635742
2018-04-05,42.35029602050781
2018-04-06,42.61289596557617
2018-04-09,42.669677734375
2018-04-10,42.67677688598633
2018-04-11,42.67677688598633
2018-04-12,42.619991302490234
2018-04-13,42.669677734375
2018-04-16,42.61289596557617
2018-04-17,42.67677688598633
2018-04-18,42.35029602050781
2018-04-19,42.052207946777344
2018-04-20,41.782508850097656
2018-04-23,41.74702453613281
2018-04-24,41.56957244873047
2018-04-25,41.34246063232422
2018-04-26,41.52698516845703
2018-04-27,41.66185760498047
2018-04-30,41.619266510009766
2018-05-01,41.409156799316406
2018-05-02,41.35930633544922
2018-05-03,41.36642837524414
2018-05-04,41.40203094482422
2018-05-07,41.3521728515625
2018-05-08,41.295223236083984
2018-05-09,41.25960159301758
2018-05-10,41.60858154296875
2018-05-11,41.75102615356445
2018-05-14,41.64420700073242
2018-05-15,41.13850402832031
2018-05-16,41.05303192138672
2018-05-17,40.92484664916992
2018-05-18,41.06728744506836
2018-05-21,41.145652770996094
2018-05-22,41.13850402832031
2018-05-23,41.26669692993164
2018-05-24,41.48038101196289
2018-05-25,41.65843963623047
2018-05-29,42.00032043457031
2018-05-30,41.815128326416016
2018-05-31,41.722530364990234
2018-06-01,41.67893981933594
2018-06-04,41.54311752319336
2018-06-05,41.578861236572266
2018-06-06,41.33586883544922
2018-06-07,41.485939025878906
2018-06-08,41.41445541381836
2018-06-11,41.31439971923828
2018-06-12,41.378719329833984
2018-06-13,41.35014724731445
2018-06-14,41.607452392578125
2018-06-15,41.59315872192383
2018-06-18,41.45735549926758
2018-06-19,41.471649169921875
2018-06-20,41.207176208496094
2018-06-21,41.12138366699219
2018-06-22,41.18572998046875
2018-06-25,41.02848434448242
2018-06-26,41.178585052490234
2018-06-27,41.42876434326172
2018-06-28,41.42876434326172
2018-06-29,41.41445541381836
2018-07-02,41.39795684814453
2018-07-03,41.66344451904297
2018-07-05,41.857154846191406
2018-07-06,42.022151947021484
2018-07-09,42.014991760253906
2018-07-10,42.10107421875
2018-07-11,42.165653228759766
2018-07-12,42.280460357666016
2018-07-13,42.46699142456055
2018-07-16,42.23740768432617
2018-07-17,42.11545181274414
2018-07-18,42.10107421875
2018-07-19,42.21588134765625
2018-07-20,41.936065673828125
2018-07-23,41.66344451904297
2018-07-24,41.92888641357422
2018-07-25,42.000633239746094
2018-07-26,42.079559326171875
2018-07-27,42.165653228759766
2018-07-30,42.014991760253906
2018-07-31,42.26609420776367
2018-08-01,41.95145034790039
2018-08-02,41.97303009033203
2018-08-03,42.239471435546875
2018-08-06,42.27546691894531
2018-08-07,42.138648986816406
2018-08-08,41.987430572509766
2018-08-09,42.081031799316406
2018-08-10,42.145851135253906
2018-08-13,42.023441314697266
2018-08-14,42.04503631591797
2018-08-15,42.19624328613281
2018-08-16,42.28987121582031
2018-08-17,42.383480072021484
2018-08-20,42.6067008972168
2018-08-21,42.477088928222656
2018-08-22,42.491477966308594
2018-08-23,42.44829559326172
2018-08-24,42.53468322753906
2018-08-27,42.42667770385742
2018-08-28,42.27546691894531
2018-08-29,42.28987121582031
2018-08-30,42.28265380859375
2018-08-31,42.138648986816406
2018-09-04,41.85968780517578
2018-09-05,41.809085845947266
2018-09-06,42.03312301635742
2018-09-07,41.79462814331055
2018-09-10,42.011451721191406
2018-09-11,41.903053283691406
2018-09-12,42.04037094116211
2018-09-13,42.12710952758789
2018-09-14,42.069271087646484
2018-09-17,42.06203842163086
2018-09-18,41.715145111083984
2018-09-19,41.59950256347656
2018-09-20,41.8741455078125
2018-09-21,41.852447509765625
2018-09-24,41.79462814331055
2018-09-25,41.780181884765625
2018-09-26,42.02590560913086
2018-09-27,42.10540008544922
2018-09-28,42.112632751464844
2018-10-01,41.932708740234375
2018-10-02,41.990745544433594
2018-10-03,41.51918029785156
2018-10-04,41.3305778503418
2018-10-05,41.07666015625
2018-10-08,40.975093841552734
2018-10-09,41.170963287353516
2018-10-10,41.01860809326172
2018-10-11,41.31607437133789
2018-10-12,41.2943000793457
2018-10-15,41.19271469116211
2018-10-16,41.287052154541016
2018-10-17,41.10567855834961
2018-10-18,40.982337951660156
2018-10-19,40.96784210205078
2018-10-22,40.9097900390625
2018-10-23,40.83724594116211
2018-10-24,40.931549072265625
2018-10-25,40.90254592895508
2018-10-26,40.996829986572266
2018-10-29,40.83724594116211
2018-10-30,40.62685775756836
2018-10-31,40.496246337890625
2018-11-01,40.55088806152344
2018-11-02,40.30323791503906
2018-11-05,40.397918701171875
2018-11-06,40.616451263427734
2018-11-07,40.820404052734375
2018-11-08,40.67472457885742
2018-11-09,40.762142181396484
2018-11-12,40.711143493652344
2018-11-13,40.601890563964844
2018-11-14,40.339656829833984
2018-11-15,40.2158203125
2018-11-16,40.361507415771484
2018-11-19,40.20854568481445
2018-11-20,40.244964599609375
2018-11-21,40.30323791503906
2018-11-23,40.35422897338867
2018-11-26,40.376075744628906
2018-11-27,40.26682662963867
2018-11-28,40.30323791503906
2018-11-29,40.18669128417969
2018-11-30,40.193965911865234
2018-12-03,40.419219970703125
2018-12-04,40.56547164916992
2018-12-06,40.704410552978516
2018-12-07,40.660552978515625
2018-12-10,40.828731536865234
2018-12-11,40.94573974609375
2018-12-12,41.09933090209961
2018-12-13,41.18709182739258
2018-12-14,41.17246627807617
2018-12-17,41.26753234863281
2018-12-18,41.455509185791016
2018-12-19,41.470184326171875
2018-12-20,41.19850540161133
2018-12-21,41.24990463256836
2018-12-24,41.04432678222656
2018-12-26,40.95620346069336
2018-12-27,40.941532135009766
2018-12-28,41.183834075927734
2018-12-31,41.3380241394043
2019-01-02,41.455509185791016
2019-01-03,41.49953842163086
2019-01-04,41.521583557128906
2019-01-07,41.5289192199707
2019-01-08,41.65373992919922
2019-01-09,41.86666488647461
2019-01-10,41.594993591308594
2019-01-11,41.69779968261719
2019-01-14,41.470184326171875
2019-01-15,41.4334716796875
2019-01-16,41.53627014160156
2019-01-17,41.668426513671875
2019-01-18,41.82259750366211
2019-01-22,41.829959869384766
2019-01-23,42.01353073120117
2019-01-24,42.18974304199219
2019-01-25,42.12367248535156
2019-01-28,42.09428787231445
2019-01-29,42.20442581176758
2019-01-30,42.46142578125
2019-01-31,42.865230560302734
2019-02-01,42.73554992675781
2019-02-04,42.63972854614258
2019-02-05,42.90503692626953
2019-02-06,42.750282287597656
2019-02-07,42.750282287597656
2019-02-08,42.94187545776367
2019-02-11,42.794498443603516
2019-02-12,42.83871841430664
2019-02-13,42.72816467285156
2019-02-14,42.794498443603516
2019-02-15,42.949256896972656
2019-02-19,42.978736877441406
2019-02-20,42.89031219482422
2019-02-21,42.66184616088867
2019-02-22,42.91240310668945
2019-02-25,42.89031219482422
2019-02-26,42.97137451171875
2019-02-27,42.63236999511719
2019-02-28,42.60288619995117
2019-03-01,42.51116943359375
2019-03-04,42.6295280456543
2019-03-05,42.84403610229492
2019-03-06,42.829254150390625
2019-03-07,42.991981506347656
2019-03-08,43.0363655090332
2019-03-11,43.13991165161133
2019-03-12,43.36183166503906
2019-03-13,43.213897705078125
2019-03-14,43.073341369628906
2019-03-15,43.25827407836914
2019-03-18,43.24348831176758
2019-03-19,43.213897705078125
2019-03-20,43.50237274169922
2019-03-21,43.6577262878418
2019-03-22,44.10893630981445
2019-03-25,44.264259338378906
2019-03-26,44.29386520385742
2019-03-27,44.449195861816406
2019-03-28,44.523170471191406
2019-03-29,44.64153289794922
2019-04-01,44.312652587890625
2019-04-02,44.37205123901367
2019-04-03,44.2013053894043
2019-04-04,44.290374755859375
2019-04-05,44.43145751953125
2019-04-08,44.37205123901367
2019-04-09,44.505680084228516
2019-04-10,44.74323654174805
2019-04-11,44.66157531738281
2019-04-12,44.617034912109375
2019-04-15,44.617034912109375
2019-04-16,44.357215881347656
2019-04-17,44.312652587890625
2019-04-18,44.45370864868164
2019-04-22,44.290374755859375
2019-04-23,44.505680084228516
2019-04-24,44.76552963256836
2019-04-25,44.69126892089844
2019-04-26,44.884273529052734
2019-04-29,44.67643356323242
2019-04-30,44.720970153808594
2019-05-01,44.79024887084961
2019-05-02,44.51459503173828
2019-05-03,44.760459899902344
2019-05-06,44.827510833740234
2019-05-07,44.91691207885742
2019-05-08,44.61891555786133
2019-05-09,44.671051025390625
2019-05-10,44.66360855102539
2019-05-13,44.69340133666992
2019-05-14,44.73066329956055
2019-05-15,44.92435836791992
2019-05-16,44.84241485595703
2019-05-17,44.87221908569336
2019-05-20,44.775360107421875
2019-05-21,44.78280258178711
2019-05-22,44.887115478515625
2019-05-23,44.998863220214844
2019-05-24,45.095706939697266
2019-05-28,45.207454681396484
2019-05-29,45.25214385986328
2019-05-30,45.57252883911133
2019-05-31,45.75131607055664
2019-06-03,45.867210388183594
2019-06-04,45.822357177734375
2019-06-05,45.66533279418945
2019-06-06,45.87467575073242
2019-06-07,46.1961669921875
2019-06-10,46.02421569824219
2019-06-11,46.039154052734375
2019-06-12,46.05412673950195
2019-06-13,46.17374038696289
2019-06-14,46.270938873291016
2019-06-17,46.28588104248047
2019-06-18,46.74940872192383
2019-06-19,47.1680793762207
2019-06-20,47.42974853515625
2019-06-21,47.23537063598633
2019-06-24,47.39984130859375
2019-06-25,47.16060256958008
2019-06-26,47.10079574584961
2019-06-27,47.51201629638672
2019-06-28,47.661537170410156
2019-07-01,47.84379577636719
2019-07-02,48.03886032104492
2019-07-03,48.2863883972168
2019-07-05,47.79130554199219
2019-07-08,47.67877197265625
2019-07-09,47.603759765625
2019-07-10,47.558753967285156
2019-07-11,47.15367126464844
2019-07-12,47.18368148803711
2019-07-15,47.37120819091797
2019-07-16,47.191192626953125
2019-07-17,47.558753967285156
2019-07-18,47.641273498535156
2019-07-19,47.52876663208008
2019-07-22,47.7838020324707
2019-07-23,47.79130554199219
2019-07-24,48.00885772705078
2019-07-25,47.7838020324707
2019-07-26,47.94132995605469
2019-07-29,47.94132995605469
2019-07-30,47.926326751708984
2019-07-31,48.03886032104492
2019-08-01,48.62738800048828
2019-08-02,48.76287841796875
2019-08-05,48.800506591796875
2019-08-06,49.259613037109375
2019-08-07,49.27467346191406
2019-08-08,49.51549530029297
2019-08-09,49.289710998535156
2019-08-12,49.778926849365234
2019-08-13,49.763893127441406
2019-08-14,50.16277313232422
2019-08-15,50.546600341796875
2019-08-16,50.411128997802734
2019-08-19,50.072444915771484
2019-08-20,50.53154373168945
2019-08-21,50.70465087890625
2019-08-22,50.343387603759766
2019-08-23,50.689605712890625
2019-08-26,50.66702651977539
2019-08-27,51.08849334716797
2019-08-28,51.15623092651367
2019-08-29,51.0433464050293
2019-08-30,50.9153938293457
2019-09-03,50.84745407104492
2019-09-04,51.005977630615234
2019-09-05,50.477500915527344
2019-09-06,50.72663879394531
2019-09-09,50.19062805175781
2019-09-10,49.49604797363281
2019-09-11,49.47339630126953
2019-09-12,49.33748245239258
2019-09-13,48.62782669067383
2019-09-16,48.975101470947266
2019-09-17,49.20915985107422
2019-09-18,49.45072937011719
2019-09-19,49.57154083251953
2019-09-20,50.115116119384766
2019-09-23,50.115116119384766
2019-09-24,50.31897735595703
2019-09-25,49.903724670410156
2019-09-26,50.12266540527344
2019-09-27,50.10756301879883
2019-09-30,50.30385971069336
2019-10-01,50.33946228027344
2019-10-02,50.26372528076172
2019-10-03,50.43789291381836
2019-10-04,50.81649398803711
2019-10-07,50.40760803222656
2019-10-08,50.33946228027344
2019-10-09,50.28644561767578
2019-10-10,49.862422943115234
2019-10-11,49.74127197265625
2019-10-14,50.006282806396484
2019-10-15,49.786705017089844
2019-10-16,49.786705017089844
2019-10-17,49.90785598754883
2019-10-18,49.90026092529297
2019-10-21,49.84726333618164
2019-10-22,49.97602081298828
2019-10-23,50.04413986206055
2019-10-24,50.11229705810547
2019-10-25,50.03657531738281
2019-10-28,49.79426193237305
2019-10-29,49.66552734375
2019-10-30,49.98355484008789
2019-10-31,50.40003967285156
2019-11-01,50.466896057128906
2019-11-04,50.064300537109375
2019-11-05,49.69969940185547
2019-11-06,50.01872634887695
2019-11-07,49.44145584106445
2019-11-08,49.31990432739258
2019-11-11,49.39585876464844
2019-11-12,49.47181701660156
2019-11-13,49.59337615966797
2019-11-14,49.91997146606445
2019-11-15,49.957950592041016
2019-11-18,50.09465789794922
2019-11-19,50.254188537597656
2019-11-20,50.48967361450195
2019-11-21,50.28457260131836
2019-11-22,50.40612030029297
2019-11-25,50.7099494934082
2019-11-26,50.92261505126953
2019-11-27,50.92261505126953
2019-11-29,50.74793243408203
2019-12-02,50.27933120727539
2019-12-03,50.949825286865234
2019-12-04,50.812686920166016
2019-12-05,50.72124481201172
2019-12-06,50.71363830566406
2019-12-09,50.75936508178711
2019-12-10,50.76697540283203
2019-12-11,51.056495666503906
2019-12-12,50.75936508178711
2019-12-13,51.17841720581055
2019-12-16,51.01840591430664
2019-12-17,50.96506118774414
2019-12-18,50.7822151184082
2019-12-19,50.88764572143555
2019-12-20,50.91818618774414
2019-12-23,50.95635223388672
2019-12-24,51.0021858215332
2019-12-26,51.15495681762695
2019-12-27,51.20078659057617
2019-12-30,51.22372055053711
2019-12-31,50.925811767578125
2020-01-02,51.193145751953125
2020-01-03,51.49106216430664
2020-01-06,51.2313346862793
2020-01-07,50.971649169921875
2020-01-08,50.849430084228516
2020-01-09,51.193145751953125
2020-01-10,51.49106216430664
2020-01-13,51.277191162109375
2020-01-14,51.36884689331055
2020-01-15,51.58271026611328
2020-01-16,51.67437744140625
2020-01-17,51.72020721435547
2020-01-21,52.01047134399414
2020-01-22,52.12504959106445
2020-01-23,52.209075927734375
2020-01-24,52.33893966674805
2020-01-27,52.52989959716797
2020-01-28,52.484066009521484
2020-01-29,52.720863342285156
2020-01-30,52.70559310913086
2020-01-31,52.896549224853516
2020-02-03,52.85670852661133
2020-02-04,52.596221923828125
2020-02-05,52.504295349121094
2020-02-06,52.53493118286133
2020-02-07,52.87968063354492
2020-02-10,53.040584564208984
2020-02-11,52.94099044799805
2020-02-12,52.87968063354492
2020-02-13,52.87968063354492
2020-02-14,53.10184860229492
2020-02-18,53.26275634765625
2020-02-19,53.20146179199219
2020-02-20,53.44662094116211
2020-02-21,53.638179779052734
2020-02-24,53.722469329833984
2020-02-25,53.69182586669922
2020-02-26,53.354705810546875
2020-02-27,52.93331527709961
2020-02-28,53.81439971923828
2020-03-02,53.5738639831543
2020-03-03,54.319236755371094
2020-03-04,54.32693099975586
2020-03-05,54.41911315917969
2020-03-06,55.41038513183594
2020-03-09,53.68913650512695
2020-03-10,51.61442565917969
2020-03-11,49.10939407348633
2020-03-12,45.2442741394043
2020-03-13,48.679080963134766
2020-03-16,48.07204055786133
2020-03-17,45.38257598876953
2020-03-18,41.78641128540039
2020-03-19,40.049781799316406
2020-03-20,40.66450119018555
2020-03-23,44.683311462402344
2020-03-24,45.6745719909668
2020-03-25,48.686763763427734
2020-03-26,48.75590896606445
2020-03-27,48.67137908935547
2020-03-30,48.579166412353516
2020-03-31,48.88653564453125
2020-04-01,47.46722412109375
2020-04-02,47.67537307739258
2020-04-03,47.41325759887695
2020-04-06,48.73928451538086
2020-04-07,48.970577239990234
2020-04-08,49.54108810424805
2020-04-09,52.67881393432617
2020-04-13,52.247100830078125
2020-04-14,51.799957275390625
2020-04-15,52.27794647216797
2020-04-16,52.31647872924805
2020-04-17,52.262516021728516
2020-04-20,52.19314956665039
2020-04-21,52.046653747558594
2020-04-22,51.830806732177734
2020-04-23,52.23939514160156
2020-04-24,52.19314956665039
2020-04-27,51.630340576171875
2020-04-28,51.877037048339844
2020-04-29,52.03123474121094
2020-04-30,51.661190032958984
2020-05-01,51.27914810180664
2020-05-04,51.457035064697266
2020-05-05,51.35649108886719
2020-05-06,50.43623352050781
2020-05-07,50.49809265136719
2020-05-08,50.08823013305664
2020-05-11,49.51599884033203
2020-05-12,50.0263786315918
2020-05-13,50.0263786315918
2020-05-14,50.87702941894531
2020-05-15,51.008506774902344
2020-05-18,51.1708984375
2020-05-19,51.1708984375
2020-05-20,51.998355865478516
2020-05-21,51.913291931152344
2020-05-22,52.09889221191406
2020-05-26,51.936492919921875
2020-05-27,52.22261047363281
2020-05-28,52.16849136352539
2020-05-29,52.62474822998047
2020-06-01,52.49212646484375
2020-06-02,52.817867279052734
2020-06-03,52.52315902709961
2020-06-04,52.352516174316406
2020-06-05,52.872161865234375
2020-06-08,53.081581115722656
2020-06-09,53.06605911254883
2020-06-10,53.47711181640625
2020-06-11,52.70928955078125
2020-06-12,52.98074722290039
2020-06-15,53.96574401855469
2020-06-16,53.39957046508789
2020-06-17,53.290985107421875
2020-06-18,53.80289077758789
2020-06-19,53.733070373535156
2020-06-22,53.66328048706055
2020-06-23,53.58571243286133
2020-06-24,53.4693717956543
2020-06-25,53.55467224121094
2020-06-26,53.7718620300293
2020-06-29,53.9036865234375
2020-06-30,54.322532653808594
2020-07-01,54.599395751953125
2020-07-02,54.708290100097656
2020-07-06,54.88716125488281
2020-07-07,55.206085205078125
2020-07-08,55.104942321777344
2020-07-09,55.719390869140625
2020-07-10,55.59495162963867
2020-07-13,55.384944915771484
2020-07-14,55.89825439453125
2020-07-15,55.85159683227539
2020-07-16,56.14717102050781
2020-07-17,56.38827896118164
2020-07-20,56.63718032836914
2020-07-21,56.753841400146484
2020-07-22,56.99492645263672
2020-07-23,57.259361267089844
2020-07-24,57.1738395690918
2020-07-27,56.917152404785156
2020-07-28,56.886051177978516
2020-07-29,57.18157958984375
2020-07-30,57.16604995727539
2020-07-31,57.29048156738281
2020-08-03,57.18523406982422
2020-08-04,57.64530944824219
2020-08-05,57.434730529785156
2020-08-06,57.894866943359375
2020-08-07,57.598548889160156
2020-08-10,57.38017272949219
2020-08-11,56.904483795166016
2020-08-12,56.59254455566406
2020-08-13,55.91408157348633
2020-08-14,55.41496658325195
2020-08-17,55.53194808959961
2020-08-18,55.85947799682617
2020-08-19,55.516361236572266
2020-08-20,55.85169219970703
2020-08-21,56.09345245361328
2020-08-24,55.906272888183594
2020-08-25,55.524166107177734
2020-08-26,55.40720748901367
2020-08-27,54.697547912597656
2020-08-28,54.79888916015625
2020-08-31,55.21223831176758
2020-09-01,55.74710464477539
2020-09-02,56.14588928222656
2020-09-03,56.075538635253906
2020-09-04,55.0433235168457
2020-09-08,55.285736083984375
2020-09-09,55.285736083984375
2020-09-10,55.37176513671875
2020-09-11,55.34828186035156
2020-09-14,55.66108703613281
2020-09-15,55.7158203125
2020-09-16,55.66890335083008
2020-09-17,55.79402160644531
2020-09-18,55.57505798339844
2020-09-21,55.48904037475586
2020-09-22,55.60633087158203
2020-09-23,55.05112075805664
2020-09-24,54.972930908203125
2020-09-25,54.91039276123047
2020-09-28,55.25444412231445
2020-09-29,55.0433235168457
2020-09-30,55.05897521972656
2020-10-01,55.13502502441406
2020-10-02,55.174232482910156
2020-10-05,54.71940994262695
2020-10-06,54.84486770629883
2020-10-07,54.73509979248047
2020-10-08,54.923316955566406
2020-10-09,55.18207550048828
2020-10-12,55.71532440185547
2020-10-13,55.589847564697266
2020-10-14,55.793704986572266
2020-10-15,55.746681213378906
2020-10-16,55.4251594543457
2020-10-19,55.36241912841797
2020-10-20,55.087974548339844
2020-10-21,54.89192199707031
2020-10-22,54.656646728515625
2020-10-23,54.94682693481445
2020-10-26,55.13502502441406
2020-10-27,55.51926803588867
2020-10-28,55.12717056274414
2020-10-29,54.88408279418945
2020-10-30,54.44493103027344
2020-11-02,54.853031158447266
2020-11-03,54.8687744140625
2020-11-04,56.063961029052734
2020-11-05,56.40994644165039
2020-11-06,56.13471603393555
2020-11-09,55.47422790527344
2020-11-10,55.254032135009766
2020-11-11,55.379878997802734
2020-11-12,55.85166931152344
2020-11-13,55.977474212646484
2020-11-16,56.221214294433594
2020-11-17,56.512142181396484
2020-11-18,56.72446823120117
2020-11-19,57.337791442871094
2020-11-20,57.29061508178711
2020-11-23,57.42427062988281
2020-11-24,57.07830047607422
2020-11-25,57.03899383544922
2020-11-27,57.37712097167969
2020-11-30,57.707340240478516
2020-12-01,57.370819091796875
2020-12-02,57.07133865356445
2020-12-03,57.4023323059082
2020-12-04,56.91368103027344
2020-12-07,57.07919692993164
2020-12-08,56.93730926513672
2020-12-09,56.66145324707031
2020-12-10,57.07919692993164
2020-12-11,57.244686126708984
2020-12-14,57.142250061035156
2020-12-15,57.221073150634766
2020-12-16,57.1107063293457
2020-12-17,57.2545051574707
2020-12-18,57.143882751464844
2020-12-21,57.064876556396484
2020-12-22,57.30193328857422
2020-12-23,57.23872756958008
2020-12-24,57.60221862792969
2020-12-28,57.54689407348633
2020-12-29,57.586387634277344
2020-12-30,57.68122482299805
2020-12-31,57.69700622558594
2021-01-04,57.270320892333984
2021-01-05,56.93056869506836
2021-01-06,56.164100646972656
2021-01-07,56.11668395996094
2021-01-08,56.11668395996094
2021-01-11,55.792724609375
2021-01-12,55.950775146484375
2021-01-13,56.65401077270508
2021-01-14,56.2905387878418
2021-01-15,56.369544982910156
2021-01-19,56.60659408569336
2021-01-20,56.54337692260742
2021-01-21,56.243133544921875
2021-01-22,56.140419006347656
2021-01-25,56.56709289550781
2021-01-26,56.60659408569336
2021-01-27,56.456459045410156
2021-01-28,56.361656188964844
2021-01-29,56.132511138916016
2021-02-01,56.250553131103516
2021-02-02,56.03666687011719
2021-02-03,55.78315353393555
2021-02-04,55.838600158691406
2021-02-05,55.56138610839844
2021-02-08,55.95742416381836
2021-02-09,55.84654235839844
2021-02-10,56.06040573120117
2021-02-11,55.81486892700195
2021-02-12,55.450462341308594
2021-02-16,54.91181564331055
2021-02-17,55.35539245605469
2021-02-18,55.165283203125
2021-02-19,54.53950119018555
2021-02-22,53.92161178588867
2021-02-23,54.00082778930664
2021-02-24,54.0641975402832
2021-02-25,52.93935012817383
2021-02-26,54.26226043701172
2021-03-01,54.099422454833984
2021-03-02,53.97231674194336
2021-03-03,53.448081970214844
2021-03-04,52.81265640258789
2021-03-05,52.772945404052734
2021-03-08,52.10572814941406
2021-03-09,52.78086853027344
2021-03-10,53.14626693725586
2021-03-11,53.13036346435547
2021-03-12,52.10572814941406
2021-03-15,52.35197067260742
2021-03-16,52.26460647583008
2021-03-17,52.232826232910156
2021-03-18,51.970699310302734
2021-03-19,52.02629852294922
2021-03-22,52.39167404174805
2021-03-23,52.582305908203125
2021-03-24,52.89208984375
2021-03-25,52.73323059082031
2021-03-26,52.67762756347656
2021-03-29,52.50288009643555
2021-03-30,52.852378845214844
2021-03-31,52.95561599731445
2021-04-01,53.605587005615234
2021-04-05,53.1913948059082
2021-04-06,53.69318771362305
2021-04-07,53.42237854003906
2021-04-08,53.73302459716797
2021-04-09,53.64540481567383
2021-04-12,53.63745880126953
2021-04-13,53.97199630737305
2021-04-14,53.87640380859375
2021-04-15,54.44191360473633
2021-04-16,53.8604621887207
2021-04-19,53.63745880126953
2021-04-20,53.804718017578125
2021-04-21,54.043663024902344
2021-04-22,54.147216796875
2021-04-23,54.210933685302734
2021-04-26,54.218902587890625
2021-04-27,53.79674530029297
2021-04-28,53.79674530029297
2021-04-29,53.69318771362305
2021-04-30,53.82063674926758
2021-05-03,53.98838806152344
2021-05-04,54.11618423461914
2021-05-05,54.16411209106445
2021-05-06,54.33983612060547
2021-05-07,54.2280158996582
2021-05-10,53.77272033691406
2021-05-11,53.461212158203125
2021-05-12,53.037864685058594
2021-05-13,53.28547286987305
2021-05-14,53.70879364013672
2021-05-17,53.62894821166992
2021-05-18,53.301456451416016
2021-05-19,53.21358871459961
2021-05-20,53.73278045654297
2021-05-21,53.80467224121094
2021-05-24,54.0283203125
2021-05-25,54.37977981567383
2021-05-26,54.35582733154297
2021-05-27,54.10021209716797
2021-05-28,54.140159606933594
2021-06-01,54.11211395263672
2021-06-02,54.26430130004883
2021-06-03,54.0159912109375
2021-06-04,54.584693908691406
2021-06-07,54.52861404418945
2021-06-08,54.800941467285156
2021-06-09,55.14533996582031
2021-06-10,55.52980041503906
2021-06-11,55.57783508300781
2021-06-14,55.297508239746094
2021-06-15,55.31352996826172
2021-06-16,55.2174186706543
2021-06-17,55.7620849609375
2021-06-18,56.330753326416016
2021-06-21,55.850162506103516
2021-06-22,55.87418746948242
2021-06-23,55.754066467285156
2021-06-24,55.938270568847656
2021-06-25,55.68998718261719
2021-06-28,56.05039596557617
2021-06-29,56.13850402832031
2021-06-30,56.226627349853516
2021-07-01,56.185665130615234
2021-07-02,56.450687408447266
2021-07-06,56.755863189697266
2021-07-07,57.10923767089844
2021-07-08,57.11726760864258
2021-07-09,56.7478141784668
2021-07-12,56.723724365234375
2021-07-13,56.29806137084961
2021-07-14,56.85224151611328
2021-07-15,56.9968147277832
2021-07-16,56.91649627685547
2021-07-19,57.62321472167969
2021-07-20,57.438507080078125
2021-07-21,57.085147857666016
2021-07-22,57.438507080078125
2021-07-23,57.32609176635742
2021-07-26,57.15742492675781
2021-07-27,57.54292678833008
2021-07-28,57.6392936706543
2021-07-29,57.462589263916016
2021-07-30,57.494728088378906
2021-08-02,57.73868942260742
2021-08-03,57.875572204589844
2021-08-04,57.93998336791992
2021-08-05,57.62598419189453
2021-08-06,56.86911392211914
2021-08-09,56.53095245361328
2021-08-10,56.32160949707031
2021-08-11,56.442359924316406
2021-08-12,56.56314468383789
2021-08-13,57.15895462036133
2021-08-16,57.19117736816406
2021-08-17,57.08652114868164
2021-08-18,57.05429458618164
2021-08-19,57.336097717285156
2021-08-20,57.43274688720703
2021-08-23,57.43274688720703
2021-08-24,57.15895462036133
2021-08-25,56.90132522583008
2021-08-26,56.917423248291016
2021-08-27,57.39248275756836
2021-08-30,57.529354095458984
2021-08-31,57.3682975769043
2021-09-01,57.34248733520508
2021-09-02,57.52814483642578
2021-09-03,57.18105697631836
2021-09-07,56.7693977355957
2021-09-08,57.124542236328125
2021-09-09,57.72185134887695
2021-09-10,57.45548629760742
2021-09-13,57.67344284057617
2021-09-14,57.9559440612793
2021-09-15,57.89942932128906
2021-09-16,57.76223373413086
2021-09-17,57.59272003173828
2021-09-20,57.818729400634766
2021-09-21,57.89137268066406
2021-09-22,58.173885345458984
2021-09-23,57.52814483642578
2021-09-24,57.269813537597656
2021-09-27,57.253719329833984
2021-09-28,56.25279998779297
2021-09-29,56.26084899902344
2021-09-30,55.92182922363281
2021-10-01,56.60491943359375
2021-10-04,56.40257263183594
2021-10-05,56.03028869628906
2021-10-06,56.14360427856445
2021-10-07,55.74702835083008
2021-10-08,55.31808090209961
2021-10-11,55.25334548950195
2021-10-12,55.8603401184082
2021-10-13,56.426849365234375
2021-10-14,56.718231201171875
2021-10-15,56.57256317138672
2021-10-18,56.5078010559082
2021-10-19,56.014102935791016
2021-10-20,55.75510787963867
2021-10-21,55.706565856933594
2021-10-22,56.070770263671875
2021-10-25,56.03028869628906
2021-10-26,56.47541809082031
2021-10-27,57.06624221801758
2021-10-28,56.9367561340332
2021-10-29,56.96103286743164
2021-11-01,56.81416320800781
2021-11-02,57.09001541137695
2021-11-03,56.854736328125
2021-11-04,57.22797393798828
2021-11-05,57.88521957397461
2021-11-08,57.787841796875
2021-11-09,58.03939437866211
2021-11-10,57.236087799072266
2021-11-11,57.08192825317383
2021-11-12,56.87907028198242
2021-11-15,56.20563888549805
2021-11-16,56.05144119262695
2021-11-17,56.41656494140625
2021-11-18,56.57888412475586
2021-11-19,56.95212173461914
2021-11-22,56.35167694091797
2021-11-23,55.69443130493164
2021-11-24,56.221858978271484
2021-11-26,56.77360534667969
2021-11-29,56.82227325439453
2021-11-30,57.09001541137695
2021-12-01,57.122581481933594
2021-12-02,57.36662673950195
2021-12-03,57.96860122680664
2021-12-06,57.53746032714844
2021-12-07,57.553733825683594
2021-12-08,56.93546676635742
2021-12-09,56.90292739868164
2021-12-10,56.99243927001953
2021-12-13,57.37477111816406
2021-12-14,56.976158142089844
2021-12-15,57.07377624511719
2021-12-16,56.88862228393555
2021-12-17,57.19038772583008
2021-12-20,56.57870101928711
2021-12-21,56.95389175415039
2021-12-22,57.09251403808594
2021-12-23,56.937557220458984
2021-12-27,57.133323669433594
2021-12-28,56.97834396362305
2021-12-29,56.47264862060547
2021-12-30,56.84785461425781
2021-12-31,56.72550582885742
2022-01-03,55.836490631103516
2022-01-04,55.885433197021484
2022-01-05,55.48576736450195
2022-01-06,55.46945571899414
2022-01-07,55.05350875854492
2022-01-10,55.08612060546875
2022-01-11,55.290035247802734
2022-01-12,55.2410774230957
2022-01-13,55.420536041259766
2022-01-14,54.768035888671875
2022-01-18,54.03399658203125
2022-01-19,54.148189544677734
2022-01-20,54.16448974609375
2022-01-21,54.71095657348633
2022-01-24,54.30316925048828
2022-01-25,54.08295822143555
2022-01-26,53.64250564575195
2022-01-27,53.88719940185547
2022-01-28,54.00138854980469
2022-01-31,53.968753814697266
2022-02-01,54.00146484375
2022-02-02,53.976924896240234
2022-02-03,53.39626693725586
2022-02-04,52.692928314208984
2022-02-07,52.840152740478516
2022-02-08,52.52936553955078
2022-02-09,52.64387893676758
2022-02-10,51.89145278930664
2022-02-11,52.259483337402344
2022-02-14,51.69517135620117
2022-02-15,51.2780876159668
2022-02-16,51.3026123046875
2022-02-17,51.32716369628906
2022-02-18,51.55613708496094
2022-02-22,51.52344512939453
2022-02-23,50.787384033203125
2022-02-24,51.073631286621094
2022-02-25,51.392581939697266
2022-02-28,52.185882568359375
2022-03-01,52.25725173950195
2022-03-02,51.174530029296875
2022-03-03,51.37137222290039
2022-03-04,51.445194244384766
2022-03-07,50.64958190917969
2022-03-08,50.370689392089844
2022-03-09,50.370689392089844
2022-03-10,49.706298828125
2022-03-11,49.599674224853516
2022-03-14,48.639991760253906
2022-03-15,49.14854431152344
2022-03-16,49.812931060791016
2022-03-17,50.47732925415039
2022-03-18,50.66597366333008
2022-03-21,49.73091506958008
2022-03-22,49.46023178100586
2022-03-23,49.75552749633789
2022-03-24,49.82933807373047
2022-03-25,49.36998748779297
2022-03-28,49.87855911254883
2022-03-29,50.264068603515625
2022-03-30,50.44451141357422
2022-03-31,50.378910064697266
2022-04-01,50.75341033935547
2022-04-04,50.959197998046875
2022-04-05,49.66691207885742
2022-04-06,49.31295394897461
2022-04-07,48.98369598388672
2022-04-08,48.32521438598633
2022-04-11,47.69964599609375
2022-04-12,47.53502655029297
2022-04-13,47.95481872558594
2022-04-14,47.10700607299805
2022-04-18,46.56374740600586
2022-04-19,46.12749099731445
2022-04-20,46.86006164550781
2022-04-21,46.407352447509766
2022-04-22,46.13573455810547
2022-04-25,46.67898178100586
2022-04-26,46.74483108520508
2022-04-27,46.08634567260742
2022-04-28,46.34150314331055
2022-04-29,45.501922607421875
2022-05-02,45.098854064941406
2022-05-03,45.51183319091797
2022-05-04,46.09828567504883
2022-05-05,44.87583541870117
2022-05-06,44.34720230102539
2022-05-09,44.520652770996094
2022-05-10,44.776710510253906
2022-05-11,45.173179626464844
2022-05-12,45.10710144042969
2022-05-13,44.71062469482422
2022-05-16,44.735416412353516
2022-05-17,44.45457458496094
2022-05-18,44.776710510253906
2022-05-19,44.79322814941406
2022-05-20,45.20621871948242
2022-05-23,45.00798797607422
2022-05-24,45.86701202392578
2022-05-25,46.519535064697266
2022-05-26,46.37912368774414
2022-05-27,46.759071350097656
2022-05-31,46.31304931640625
2022-06-01,45.97248458862305
2022-06-02,46.04705047607422
2022-06-03,45.84819030761719
2022-06-06,45.309566497802734
2022-06-07,45.715606689453125
2022-06-08,45.342708587646484
2022-06-09,44.986412048339844
2022-06-10,44.613521575927734
2022-06-13,43.12199783325195
2022-06-14,42.99768829345703
2022-06-15,43.6357307434082
2022-06-16,43.9008903503418
2022-06-17,44.03348159790039
2022-06-21,43.25457000732422
2022-06-22,43.74345016479492
2022-06-23,44.1246337890625
2022-06-24,44.17433166503906
2022-06-27,43.66058349609375
2022-06-28,43.6191520690918
2022-06-29,43.992042541503906
2022-06-30,44.17433166503906
2022-07-01,44.698265075683594
2022-07-05,44.75646209716797
2022-07-06,44.46540451049805
2022-07-07,44.423828125
2022-07-08,44.257511138916016
2022-07-11,44.52360534667969
2022-07-12,44.68161392211914
2022-07-13,45.1556396484375
2022-07-14,44.814666748046875
2022-07-15,45.19721221923828
2022-07-18,44.748146057128906
2022-07-19,44.939414978027344
2022-07-20,44.96435546875
2022-07-21,45.629634857177734
2022-07-22,46.12858963012695
2022-07-25,45.5631103515625
2022-07-26,45.62132263183594
2022-07-27,45.929012298583984
2022-07-28,46.303226470947266
2022-07-29,46.47786331176758
2022-08-01,46.698970794677734
2022-08-02,45.99809646606445
2022-08-03,46.83246994018555
2022-08-04,46.77406692504883
2022-08-05,45.95638656616211
2022-08-08,46.281803131103516
2022-08-09,46.03148651123047
2022-08-10,46.573814392089844
2022-08-11,45.81455612182617
2022-08-12,46.50706481933594
2022-08-15,46.41529083251953
2022-08-16,46.23172378540039
2022-08-17,45.68940353393555
2022-08-18,45.80620193481445
2022-08-19,45.03860092163086
2022-08-22,44.67148971557617
2022-08-23,44.74658966064453
2022-08-24,44.59638214111328
2022-08-25,45.17210006713867
2022-08-26,44.88842010498047
2022-08-29,44.487911224365234
2022-08-30,44.63810348510742
2022-08-31,44.06240463256836
2022-09-01,43.61693572998047
2022-09-02,43.566707611083984
2022-09-06,42.6874885559082
2022-09-07,43.55832290649414
2022-09-08,43.374114990234375
2022-09-09,43.52483367919922
2022-09-12,43.33224868774414
2022-09-13,42.96381378173828
2022-09-14,43.340614318847656
2022-09-15,43.03917694091797
2022-09-16,42.8717041015625
2022-09-19,43.02241897583008
2022-09-20,42.39443588256836
2022-09-21,42.695858001708984
2022-09-22,41.89202117919922
2022-09-23,41.825042724609375
2022-09-26,40.84535217285156
2022-09-27,39.89078140258789
2022-09-28,40.8704719543457
2022-09-29,40.47692108154297
2022-09-30,40.38481521606445
2022-10-03,41.21963119506836
2022-10-04,41.4213981628418
2022-10-05,40.98423385620117
2022-10-06,40.9169807434082
2022-10-07,40.34529113769531
2022-10-10,39.77362060546875
2022-10-11,39.748409271240234
2022-10-12,39.68955993652344
2022-10-13,39.79884719848633
2022-10-14,39.21035385131836
2022-10-17,39.4205436706543
2022-10-18,39.84088134765625
2022-10-19,39.02539825439453
2022-10-20,38.50416564941406
2022-10-21,38.436912536621094
2022-10-24,38.32761764526367
2022-10-25,39.08424377441406
2022-10-26,39.370094299316406
2022-10-27,39.5550422668457
2022-10-28,39.73158645629883
2022-10-31,39.437347412109375
2022-11-01,39.866146087646484
2022-11-02,39.62979507446289
2022-11-03,39.444095611572266
2022-11-04,39.35968017578125
2022-11-07,39.12333297729492
2022-11-08,39.32592010498047
2022-11-09,39.165550231933594
2022-11-10,40.98877716064453
2022-11-11,41.149139404296875
2022-11-14,40.853721618652344
2022-11-15,41.638729095458984
2022-11-16,42.254913330078125
2022-11-17,42.08608627319336
2022-11-18,42.06076431274414
2022-11-21,42.035430908203125
2022-11-22,42.61786651611328
2022-11-23,43.24247741699219
2022-11-25,43.31000900268555
2022-11-28,42.95548629760742
2022-11-29,42.626312255859375
2022-11-30,43.36066436767578
2022-12-01,44.163795471191406
2022-12-02,44.60432052612305
2022-12-05,44.163795471191406
2022-12-06,44.36710739135742
2022-12-07,45.121097564697266
2022-12-08,45.05332946777344
2022-12-09,44.50266647338867
2022-12-12,44.41793441772461
2022-12-13,44.88388442993164
2022-12-14,44.92625045776367
2022-12-15,45.00786590576172
2022-12-16,44.65079879760742
2022-12-19,44.047183990478516
2022-12-20,43.20552062988281
2022-12-21,43.65608596801758
2022-12-22,43.69010925292969
2022-12-23,43.367034912109375
2022-12-27,42.550880432128906
2022-12-28,42.39784240722656
2022-12-29,42.78042984008789
2022-12-30,42.329830169677734
2023-01-03,42.82292556762695
2023-01-04,43.30752944946289
2023-01-05,43.39253616333008
2023-01-06,44.33622741699219
2023-01-09,44.5147590637207
2023-01-10,44.23421096801758
2023-01-11,44.79531478881836
2023-01-12,45.458457946777344
2023-01-13,45.34793472290039
2023-01-17,45.0163688659668
2023-01-18,45.739009857177734
2023-01-19,45.65400314331055
2023-01-20,45.29692459106445
2023-01-23,45.07587814331055
2023-01-24,45.5009651184082
2023-01-25,45.49246597290039
2023-01-26,45.5009651184082
2023-01-27,45.30542755126953
2023-01-30,45.08437728881836
2023-01-31,45.475467681884766
2023-02-01,46.17781448364258
2023-02-02,46.21194839477539
2023-02-03,45.55483627319336
2023-02-06,45.16225814819336
2023-02-07,44.940364837646484
2023-02-08,44.93183135986328
2023-02-09,44.41127395629883
2023-02-10,44.018699645996094
2023-02-13,44.30031967163086
2023-02-14,44.223514556884766
2023-02-15,43.89068603515625
2023-02-16,43.335960388183594
2023-02-17,43.592002868652344
2023-02-21,42.815391540527344
2023-02-22,42.96900939941406
2023-02-23,43.438385009765625
2023-02-24,43.02873992919922
2023-02-27,42.960472106933594
2023-02-28,42.96900939941406
2023-03-01,42.67002487182617
2023-03-02,42.652889251708984
2023-03-03,43.44102096557617
2023-03-06,43.14974594116211
2023-03-07,43.132633209228516
2023-03-08,43.098350524902344
2023-03-09,42.92702865600586
2023-03-10,43.86077880859375
2023-03-13,43.85221862792969
2023-03-14,43.603790283203125
2023-03-15,44.10921096801758
2023-03-16,44.0835075378418
2023-03-17,44.143470764160156
2023-03-20,44.014976501464844
2023-03-21,44.271968841552734
2023-03-22,44.48612976074219
2023-03-23,44.57180404663086
2023-03-24,44.76883316040039
2023-03-27,44.00640869140625
2023-03-28,43.96357727050781
2023-03-29,44.212013244628906
2023-03-30,44.323368072509766
2023-03-31,44.880210876464844
2023-04-03,45.14678192138672
2023-04-04,45.20697784423828
2023-04-05,45.49933624267578
2023-04-06,45.490753173828125
2023-04-10,45.26716995239258
2023-04-11,45.27576446533203
2023-04-12,45.00918197631836
2023-04-13,45.07797622680664
2023-04-14,44.87158966064453
2023-04-17,44.49322509765625
2023-04-18,44.74260330200195
2023-04-19,44.467430114746094
2023-04-20,44.67381286621094
2023-04-21,44.69960021972656
2023-04-24,45.000587463378906
2023-04-25,45.241371154785156
2023-04-26,44.931793212890625
2023-04-27,44.73400115966797
2023-04-28,45.224178314208984
2023-05-01,44.15040969848633
2023-05-02,44.927242279052734
2023-05-03,44.8668327331543
2023-05-04,44.6855583190918
2023-05-05,44.556087493896484
2023-05-08,44.02093505859375
2023-05-09,44.02093505859375
2023-05-10,44.41798782348633
2023-05-11,44.668304443359375
2023-05-12,44.32303237915039
2023-05-15,43.88282775878906
2023-05-16,43.63251876831055
2023-05-17,43.675682067871094
2023-05-18,43.40810012817383
2023-05-19,43.2958869934082
2023-05-22,43.25272750854492
2023-05-23,43.364933013916016
2023-05-24,43.183677673339844
2023-05-25,43.05421447753906
2023-05-26,43.38220977783203
2023-05-30,43.692935943603516
2023-05-31,43.95188522338867
2023-06-01,44.128631591796875
2023-06-02,43.95534133911133
2023-06-05,43.842708587646484
2023-06-06,43.99867630004883
2023-06-07,43.46146774291992
2023-06-08,43.88602828979492
2023-06-09,43.82538604736328
2023-06-12,43.99867630004883
2023-06-13,43.76472473144531
2023-06-14,43.99000549316406
2023-06-15,44.44922637939453
2023-06-16,44.39723587036133
2023-06-20,44.62251281738281
2023-06-21,44.596527099609375
2023-06-22,44.27592849731445
2023-06-23,44.44922637939453
2023-06-26,44.4578742980957
2023-06-27,44.41456985473633
2023-06-28,44.64850997924805
2023-06-29,44.16330337524414
2023-06-30,44.665828704833984
2023-07-03,44.564945220947266
2023-07-05,44.077903747558594
2023-07-06,43.49518585205078
2023-07-07,43.39082336425781
2023-07-10,43.62565231323242
2023-07-11,43.912654876708984
2023-07-12,44.43448257446289
2023-07-13,44.7388916015625
2023-07-14,44.3475227355957
2023-07-17,44.45187759399414
2023-07-18,44.6693229675293
2023-07-19,45.04329299926758
2023-07-20,44.60844421386719
2023-07-21,44.74760437011719
2023-07-24,44.695411682128906
2023-07-25,44.59975814819336
2023-07-26,44.8084831237793
2023-07-27,43.99093246459961
2023-07-28,44.42579650878906
2023-07-31,44.59103775024414
2023-08-01,43.901268005371094
2023-08-02,43.447235107421875
2023-08-03,42.80112838745117
2023-08-04,43.4035758972168
2023-08-07,43.17656707763672
2023-08-08,43.48215866088867
2023-08-09,43.59567642211914
2023-08-10,43.13290786743164
2023-08-11,43.04559326171875
2023-08-14,43.00193786621094
2023-08-15,42.67887496948242
2023-08-16,42.390750885009766
2023-08-17,42.163734436035156
2023-08-18,42.40821838378906
2023-08-21,42.0414924621582
2023-08-22,42.25978469848633
2023-08-23,43.150386810302734
2023-08-24,42.949554443359375
2023-08-25,43.028133392333984
2023-08-28,43.17656707763672
2023-08-29,43.63933181762695
2023-08-30,43.543277740478516
2023-08-31,43.674251556396484
2023-09-01,43.17100524902344
2023-09-05,42.70632553100586
2023-09-06,42.776458740234375
2023-09-07,42.9693489074707
2023-09-08,43.07455825805664
2023-09-11,42.890438079833984
2023-09-12,42.90797805786133
2023-09-13,42.98687744140625
2023-09-14,42.890438079833984
2023-09-15,42.767696380615234
2023-09-18,42.94305419921875
2023-09-19,42.78522491455078
2023-09-20,42.8641357421875
2023-09-21,42.15397262573242
2023-09-22,42.53097152709961
2023-09-25,41.86464309692383
2023-09-26,41.6279296875
2023-09-27,41.452571868896484
2023-09-28,41.452571868896484
2023-09-29,41.32982635498047
2023-10-02,40.79523849487305
2023-10-03,40.09064865112305
2023-10-04,40.62788772583008
2023-10-05,40.442955017089844
2023-10-06,40.249176025390625
2023-10-09,40.962562561035156
2023-10-10,40.909725189208984
2023-10-11,41.40292739868164
2023-10-12,40.68073654174805
2023-10-13,41.09469223022461
2023-10-16,40.64551544189453
2023-10-17,40.28441619873047
2023-10-18,39.817626953125
2023-10-19,39.24515914916992
2023-10-20,39.43891143798828
2023-10-23,39.8792724609375
2023-10-24,40.249176025390625
2023-10-25,39.685516357421875
2023-10-26,39.993770599365234
2023-10-27,39.90569305419922
2023-10-30,39.72073745727539
2023-10-31,39.65028762817383
2023-11-01,40.400611877441406
2023-11-02,41.19694519042969
2023-11-03,41.365047454833984
2023-11-06,41.09075927734375
2023-11-07,41.58626937866211
2023-11-08,41.96673583984375
2023-11-09,41.365047454833984
2023-11-10,41.65704345703125
2023-11-13,41.64820098876953
2023-11-14,42.4710807800293
2023-11-15,42.134849548339844
2023-11-16,42.58610534667969
2023-11-17,42.8161506652832
2023-11-20,43.10813903808594
2023-11-21,43.063899993896484
2023-11-22,43.329345703125
2023-11-24,42.99311065673828
2023-11-27,43.577091217041016
2023-11-28,43.63903045654297
2023-11-29,44.18761444091797
2023-11-30,43.966407775878906
2023-12-01,44.59806442260742
2023-12-04,44.35820388793945
2023-12-05,44.971195220947266
2023-12-06,45.29991149902344
2023-12-07,45.28214645385742
2023-12-08,44.98008346557617
2023-12-11,44.944541931152344
2023-12-12,45.30879592895508
2023-12-13,46.28604507446289
2023-12-14,47.08173751831055
2023-12-15,46.98361587524414
2023-12-18,46.6624870300293
2023-12-19,46.76060104370117
2023-12-20,46.94792938232422
2023-12-21,46.858734130859375
2023-12-22,46.742767333984375
2023-12-26,46.88550567626953
2023-12-27,47.59912872314453
2023-12-28,47.32259750366211
2023-12-29,47.001461029052734
2024-01-02,46.564361572265625
2024-01-03,46.475154876708984
2024-01-04,46.08266830444336
2024-01-05,45.81504821777344
2024-01-08,46.34135055541992
2024-01-09,46.38595199584961
2024-01-10,46.31459045410156
2024-01-11,46.6446418762207
2024-01-12,46.71600341796875
2024-01-16,46.07374572753906
2024-01-17,46.02021408081055
2024-01-18,45.81504821777344
2024-01-19,45.975608825683594
2024-01-22,46.07374572753906
2024-01-23,45.823974609375
2024-01-24,45.69908905029297
2024-01-25,46.10941696166992
2024-01-26,45.96669006347656
2024-01-29,46.25214385986328
2024-01-30,46.52867889404297
2024-01-31,46.7784309387207
2024-02-01,47.1796760559082
2024-02-02,46.633358001708984
2024-02-05,45.96166229248047
2024-02-06,46.284080505371094
2024-02-07,46.078094482421875
2024-02-08,45.6929931640625
2024-02-09,45.61238098144531
2024-02-12,45.58552551269531
2024-02-13,44.949649810791016
2024-02-14,45.245201110839844
2024-02-15,45.44222640991211
2024-02-16,45.23623275756836
2024-02-20,45.406402587890625
2024-02-21,45.245201110839844
2024-02-22,45.37953567504883
2024-02-23,45.657169342041016
2024-02-26,45.43327331542969
2024-02-27,45.36163330078125
2024-02-28,45.31683349609375
2024-02-29,45.424320220947266
2024-03-01,45.77505874633789
2024-03-04,45.63116455078125
2024-03-05,46.00886917114258
2024-03-06,46.224708557128906
2024-03-07,46.32362747192383
2024-03-08,46.35061264038086
2024-03-11,46.4405403137207
2024-03-12,46.215702056884766
2024-03-13,46.12578201293945
2024-03-14,45.62216567993164
2024-03-15,45.70309829711914
2024-03-18,45.541229248046875
2024-03-19,45.67612075805664
2024-03-20,45.75705337524414
2024-03-21,45.86498260498047
2024-03-22,46.10780334472656
2024-03-25,45.87397766113281
2024-03-26,45.87397766113281
2024-03-27,46.35061264038086
2024-03-28,46.32362747192383
2024-04-01,45.652740478515625
2024-04-02,45.535362243652344
2024-04-03,45.54439163208008
2024-04-04,45.60758972167969
2024-04-05,45.31865692138672
2024-04-08,45.43603515625
2024-04-09,45.75206756591797
2024-04-10,44.876216888427734
2024-04-11,44.740779876708984
2024-04-12,44.8400993347168
2024-04-15,44.10870361328125
2024-04-16,43.90104293823242
2024-04-17,44.2712516784668
2024-04-18,44.14483642578125
2024-04-19,44.226097106933594
2024-04-22,44.316383361816406
2024-04-23,44.379600524902344
2024-04-24,44.09064865112305
2024-04-25,43.919090270996094
2024-04-26,44.14483642578125
2024-04-29,44.43376922607422
2024-04-30,44.063575744628906
2024-05-01,44.30477523803711
2024-05-02,44.676544189453125
2024-05-03,45.03925704956055
2024-05-06,45.256866455078125
2024-05-07,45.3384895324707
2024-05-08,45.12993621826172
2024-05-09,45.26593780517578
2024-05-10,45.07552719116211
2024-05-13,45.10273361206055
2024-05-14,45.27501678466797
2024-05-15,45.864418029785156
2024-05-16,45.764671325683594
2024-05-17,45.6014518737793
2024-05-20,45.55611801147461
2024-05-21,45.6649284362793
2024-05-22,45.655860900878906
2024-05-23,45.356624603271484
2024-05-24,45.528900146484375
2024-05-28,45.111785888671875
2024-05-29,44.740013122558594
2024-05-30,45.111785888671875
2024-05-31,45.44729995727539
2024-06-03,45.847042083740234
2024-06-04,46.12020492553711
2024-06-05,46.366065979003906
2024-06-06,46.293209075927734
2024-06-07,45.71955108642578
2024-06-10,45.54655456542969
2024-06-11,45.81061935424805
2024-06-12,46.1566276550293
2024-06-13,46.511756896972656
2024-06-14,46.61191940307617
2024-06-17,46.28410720825195
2024-06-18,46.57549285888672
2024-06-20,46.3387336730957
2024-06-21,46.356956481933594
2024-06-24,46.42069625854492
2024-06-25,46.4297981262207
2024-06-26,46.02003860473633
2024-06-27,46.13842010498047
2024-06-28,45.56476593017578
2024-07-01,45.15961837768555
2024-07-02,45.562007904052734
2024-07-03,45.99184799194336
2024-07-05,46.33937454223633
2024-07-08,46.375953674316406
2024-07-09,46.220481872558594
2024-07-10,46.38511276245117
2024-07-11,46.696041107177734
2024-07-12,46.94296646118164
2024-07-15,46.51313018798828
2024-07-16,46.98869705200195
2024-07-17,47.01613235473633
2024-07-18,46.696041107177734
2024-07-19,46.44912338256836
2024-07-22,46.375953674316406
2024-07-23,46.28450393676758
2024-07-24,45.818084716796875
2024-07-25,46.1198844909668
2024-07-26,46.4857063293457
2024-07-29,46.613731384277344
2024-07-30,46.650306701660156
2024-07-31,47.01613235473633
2024-08-01,47.21353530883789
2024-08-02,47.893009185791016
2024-08-05,47.77363204956055
2024-08-06,47.25026321411133
2024-08-07,46.94725799560547
2024-08-08,46.94725799560547
2024-08-09,47.351253509521484
2024-08-12,47.433902740478516
2024-08-13,47.88381576538086
2024-08-14,48.21437072753906
2024-08-15,48.104190826416016
2024-08-16,48.25109100341797
2024-08-19,48.4622802734375
2024-08-20,48.65510177612305
2024-08-21,48.77446746826172
2024-08-22,48.45310592651367
2024-08-23,48.81119155883789
2024-08-26,48.72856140136719
2024-08-27,48.62755584716797
2024-08-28,48.480648040771484
2024-08-29,48.37046432495117
2024-08-30,48.095008850097656
2024-09-03,48.36050033569336
2024-09-04,48.747676849365234
2024-09-05,49.134849548339844
2024-09-06,49.05188751220703
2024-09-09,49.2454833984375
2024-09-10,49.411415100097656
2024-09-11,49.47594451904297
2024-09-12,49.411415100097656
2024-09-13,49.59578323364258
2024-09-16,49.95530319213867
2024-09-17,49.96452331542969
2024-09-18,49.623443603515625
2024-09-19,49.623443603515625
2024-09-20,49.641883850097656
2024-09-23,49.54047775268555
2024-09-24,49.63264846801758
2024-09-25,49.22704315185547
2024-09-26,49.35609817504883
2024-09-27,49.522037506103516
2024-09-30,49.40218734741211
2024-10-01,49.711273193359375
2024-10-02,49.52619934082031
2024-10-03,49.10976028442383
2024-10-04,48.785892486572266
2024-10-07,48.443504333496094
2024-10-08,48.582305908203125
2024-10-09,48.47127151489258
2024-10-10,48.323204040527344
2024-10-11,48.23992156982422
2024-10-14,48.31394577026367
2024-10-15,48.67485427856445
2024-10-16,48.878421783447266
2024-10-17,48.332462310791016
2024-10-18,48.221412658691406
2024-10-21,47.48110580444336
2024-10-22,47.527381896972656
2024-10-23,47.29603576660156
2024-10-24,47.51812744140625
2024-10-25,47.34230041503906
2024-10-28,47.29603576660156
2024-10-29,47.38856506347656
2024-10-30,47.38856506347656
2024-10-31,47.277530670166016
2024-11-01,46.86859893798828
2024-11-04,47.38905334472656
2024-11-05,47.75150680541992
2024-11-06,46.99871063232422
2024-11-07,47.69573974609375
2024-11-08,48.0675048828125
2024-11-11,47.97455596923828
2024-11-12,47.296119689941406
2024-11-13,46.961544036865234
2024-11-14,47.035892486572266
2024-11-15,46.99871063232422
2024-11-18,47.09164810180664
2024-11-19,47.240352630615234
2024-11-20,47.07306671142578
2024-11-21,47.035892486572266
2024-11-22,47.07306671142578
2024-11-25,47.965267181396484
2024-11-26,47.81657409667969
2024-11-27,48.058204650878906
2024-11-29,48.448543548583984
2024-12-02,48.59972381591797
2024-12-03,48.30109786987305
2024-12-04,48.655704498291016
2024-12-05,48.674373626708984
2024-12-06,48.767696380615234
2024-12-09,48.55305862426758
2024-12-10,48.450408935546875
2024-12-11,48.189125061035156
2024-12-12,47.74119567871094
2024-12-13,47.33993911743164
2024-12-16,47.46125411987305
2024-12-17,47.47991180419922
2024-12-18,46.68894577026367
2024-12-19,46.30472183227539
2024-12-20,46.55775451660156
2024-12-23,46.33283233642578
2024-12-24,46.55775451660156
2024-12-26,46.58586502075195
2024-12-27,46.25786209106445
2024-12-30,46.50152587890625
2024-12-31,46.295345306396484
2025-01-02,46.32345962524414
2025-01-03,46.173519134521484
2025-01-06,45.986087799072266
2025-01-07,45.62060546875
2025-01-08,45.73305892944336
2025-01-10,45.442535400390625
2025-01-13,45.28322982788086
2025-01-14,45.330081939697266
2025-01-15,46.04231643676758
2025-01-16,46.164146423339844
2025-01-17,46.24848175048828
2025-01-21,46.67021179199219
2025-01-22,46.445289611816406
2025-01-23,46.30472183227539
2025-01-24,46.426551818847656
2025-01-27,46.87638473510742
2025-01-28,46.75455856323242
2025-01-29,46.67021179199219
2025-01-30,46.77330017089844
2025-01-31,46.51089859008789
2025-02-03,46.70478820800781
2025-02-04,46.85538864135742
2025-02-05,47.3542594909668
2025-02-06,47.27894973754883
2025-02-07,47.0059928894043
2025-02-10,46.96833801269531
2025-02-11,46.798919677734375
2025-02-12,46.42241668701172
2025-02-13,46.996578216552734
2025-02-14,47.194244384765625
2025-02-18,46.883628845214844
2025-02-19,46.911865234375
2025-02-20,47.062469482421875
2025-02-21,47.28837203979492
2025-02-24,47.46720504760742
2025-02-25,48.050785064697266
2025-02-26,48.19196319580078
2025-02-27,47.834285736083984
2025-02-28,48.201377868652344
2025-03-03,48.3582878112793
2025-03-04,48.06526565551758
2025-03-05,47.86676025390625
2025-03-06,47.60209655761719
2025-03-07,47.48867416381836
2025-03-10,47.67771530151367
2025-03-11,47.25236511230469
2025-03-12,47.02550506591797
2025-03-13,47.28071975708008
2025-03-14,47.25236511230469
2025-03-17,47.44140625
2025-03-18,47.55484390258789
2025-03-19,47.88566589355469
2025-03-20,47.772239685058594
2025-03-21,47.63045120239258
2025-03-24,47.31852340698242
2025-03-25,47.33743667602539
2025-03-26,47.00659942626953
2025-03-27,46.89317321777344
2025-03-28,47.28071975708008
2025-03-31,47.47921371459961
2025-04-01,47.6947135925293
2025-04-02,47.884586334228516
2025-04-03,47.68522644042969
2025-04-04,47.72319412231445
2025-04-07,46.37513732910156
2025-04-08,45.36884689331055
2025-04-09,46.60297775268555
2025-04-10,45.29289245605469
2025-04-11,45.511234283447266
2025-04-14,45.77705383300781
2025-04-15,46.12831497192383
2025-04-16,46.2991943359375
2025-04-17,46.13780212402344
2025-04-21,45.35934829711914
2025-04-22,45.596683502197266
2025-04-23,45.99540328979492
2025-04-24,46.60297775268555
2025-04-25,46.9542350769043
2025-04-28,47.04916763305664
2025-04-29,47.19157409667969
2025-04-30,46.74538803100586
2025-05-01,46.56135177612305
2025-05-02,46.427852630615234
2025-05-05,46.2752799987793
2025-05-06,46.35157012939453
2025-05-07,46.52321243286133
2025-05-08,46.22760009765625
2025-05-09,46.18946075439453
2025-05-12,46.22760009765625
2025-05-13,46.179931640625
2025-05-14,45.88433074951172
2025-05-15,46.2657470703125
2025-05-16,46.41831970214844
2025-05-19,46.39924621582031
2025-05-20,46.14178466796875
2025-05-21,45.3408203125
2025-05-22,45.70315933227539
2025-05-23,45.741302490234375
2025-05-27,46.427852630615234
2025-05-28,46.2657470703125
2025-05-29,46.580413818359375
2025-05-30,46.72344970703125
2025-06-02,46.496429443359375
2025-06-03,46.57305908203125
2025-06-04,47.08074188232422
2025-06-05,46.93705749511719
2025-06-06,46.60179901123047
2025-06-09,46.76464080810547
2025-06-10,46.95622253417969
2025-06-11,47.11906051635742
2025-06-12,47.53095626831055
2025-06-13,47.09031677246094
2025-06-16,46.917903900146484
2025-06-17,47.19569396972656
2025-06-18,47.253170013427734
2025-06-20,47.27233123779297
2025-06-23,47.36811447143555
2025-06-24,47.6842155456543
2025-06-25,47.61716842651367
2025-06-26,47.82790756225586
2025-06-27,47.67464065551758
2025-06-30,48.09611892700195
2025-07-01,48.257747650146484
2025-07-02,48.20964431762695
2025-07-03,48.06533432006836
2025-07-07,47.57467269897461
2025-07-08,47.43999099731445
2025-07-09,47.815189361572266
2025-07-10,47.844051361083984
2025-07-11,47.363014221191406
2025-07-14,47.32453536987305
2025-07-15,47.10325241088867
2025-07-16,47.16098403930664
2025-07-17,47.314910888671875
2025-07-18,47.38225555419922
2025-07-21,47.68050003051758
2025-07-22,47.815189361572266
2025-07-23,47.75746536254883
2025-07-24,47.67087936401367
2025-07-25,47.91139602661133
2025-07-28,47.738224029541016
2025-07-29,48.27699661254883
2025-07-30,48.00760269165039
2025-07-31,48.01721954345703
2025-08-01,48.52157974243164
2025-08-04,48.647178649902344
2025-08-05,48.753456115722656
2025-08-06,48.66650390625
2025-08-07,48.62785720825195
2025-08-08,48.43461990356445
2025-08-11,48.54090118408203
2025-08-12,48.54090118408203
2025-08-13,48.9177131652832
2025-08-14,48.69548797607422
2025-08-15,48.55056381225586
2025-08-18,48.41529846191406
2025-08-19,48.54090118408203
2025-08-20,48.56022262573242
2025-08-21,48.3380012512207
2025-08-22,48.81142807006836
2025-08-25,48.66650390625
2025-08-26,48.647178649902344
2025-08-27,48.598873138427734
2025-08-28,48.753456115722656
2025-08-29,48.43461990356445
2025-09-02,48.20465850830078
2025-09-03,48.65099334716797
2025-09-04,49.0876350402832
2025-09-05,49.601890563964844
2025-09-08,49.96091079711914
2025-09-09,49.85417556762695
2025-09-10,50.06764221191406
2025-09-11,50.4460563659668
2025-09-12,50.30051040649414
2025-09-15,50.53338623046875
2025-09-16,50.46546173095703
2025-09-17,50.349029541015625
2025-09-18,50.145263671875
2025-09-19,50.06764221191406
2025-09-22,49.89298629760742
2025-09-23,50.06764221191406
2025-09-24,49.80565643310547
2025-09-25,49.71833038330078
2025-09-26,49.80565643310547
2025-09-29,50.08704376220703
2025-09-30,50.00942611694336
2025-10-01,50.18968200683594
2025-10-02,50.326087951660156
2025-10-03,50.26762771606445
2025-10-06,50.00455093383789
2025-10-07,50.121463775634766
2025-10-08,50.09224319458008
2025-10-09,49.95582962036133
2025-10-10,50.19942855834961
2025-10-13,50.41378402709961
2025-10-14,50.628143310546875
2025-10-15,50.628143310546875
2025-10-16,50.78404235839844
2025-10-17,50.735321044921875
2025-10-20,50.94968032836914
2025-10-21,51.00815200805664
2025-10-22,51.07635498046875
2025-10-23,50.97891616821289
2025-10-24,51.05686569213867
2025-10-27,51.22250747680664
2025-10-28,51.23225021362305
2025-10-29,50.861995697021484
2025-10-30,50.462501525878906
2025-10-31,50.11172866821289
2025-11-03,49.87103271484375
2025-11-04,49.98844909667969
2025-11-05,49.753623962402344
2025-11-06,50.08628845214844
2025-11-07,49.91017150878906
2025-11-10,49.96887969970703
2025-11-11,50.272193908691406
2025-11-12,50.184139251708984
2025-11-13,49.79275894165039
2025-11-14,49.57749938964844
2025-11-17,49.636207580566406
2025-11-18,49.636207580566406
2025-11-19,49.60685729980469
2025-11-20,49.694915771484375
2025-11-21,49.88081741333008
2025-11-24,50.242835998535156
2025-11-25,50.37982177734375
2025-11-26,50.653785705566406
2025-11-28,50.50701904296875
2025-12-01,50.079620361328125
2025-12-02,50.099273681640625
2025-12-03,50.256473541259766
2025-12-04,50.12874221801758
2025-12-05,50.059967041015625
2025-12-08,49.92241287231445
2025-12-09,49.8929328918457
2025-12-10,50.14839172363281
2025-12-11,50.030487060546875
2025-12-12,49.568702697753906
2025-12-15,49.637481689453125
2025-12-16,49.794681549072266
2025-12-17,49.696434020996094
2025-12-18,49.94206237792969
2025-12-19,49.781227111816406
2025-12-22,49.77135467529297
2025-12-23,49.87002944946289
2025-12-24,50.14631652832031
2025-12-26,50.08711242675781
2025-12-29,50.14631652832031
2025-12-30,50.0673828125
2025-12-31,49.781227111816406
2026-01-02,49.722015380859375
2026-01-05,49.91937255859375
2026-01-06,49.929229736328125
2026-01-07,50.018043518066406
2026-01-08,49.85029602050781
2026-01-09,50.136451721191406
2026-01-12,50.047645568847656
2026-01-13,50.17592239379883
2026-01-14,50.412742614746094
2026-01-15,50.363399505615234
2026-01-16,50.185787200927734
2026-01-20,49.67268371582031
2026-01-21,50.136451721191406
2026-01-22,50.284461975097656
2026-01-23,50.33380126953125
2026-01-26,50.40287399291992
2026-01-27,50.254859924316406
2026-01-28,50.166053771972656
2026-01-29,50.14631652832031
2026-01-30,50.008174896240234
2026-02-02,49.97050857543945
2026-02-03,49.98042297363281
2026-02-04,49.89122772216797
2026-02-05,50.22819519042969
2026-02-06,50.26783752441406
2026-02-09,50.21828079223633
2026-02-10,50.4660530090332
2026-02-11,50.366943359375
2026-02-12,50.72373962402344
2026-02-13,50.91204071044922
2026-02-17,51.030975341796875
2026-02-18,50.95168685913086
2026-02-19,51.021060943603516
2026-02-20,50.95168685913086
2026-02-23,50.92195510864258
2026-02-24,50.93186569213867
2026-02-25,50.91204071044922
2026-02-26,50.95168685913086
2026-02-27,50.93186569213867
2026-03-02,50.70392608642578
2026-03-03,50.674068450927734
2026-03-04,50.70392608642578
2026-03-05,50.42522430419922
2026-03-06,50.16643142700195
2026-03-09,50.624298095703125
2026-03-10,50.09675598144531
2026-03-11,49.409950256347656
2026-03-12,49.13125228881836
2026-03-13,48.86250305175781
2026-03-16,49.200927734375
2026-03-17,49.59907531738281
2026-03-18,49.28055191040039
2026-03-19,49.648841857910156
2026-03-20,48.663429260253906
2026-03-23,49.14120101928711
2026-03-24,49.06157684326172
2026-03-25,49.320369720458984
2026-03-26,48.842594146728516
2026-03-27,48.57384490966797
2026-03-30,49.04166793823242
2026-03-31,49.400001525878906
2026-04-01,49.4900016784668
2026-04-02,49.779998779296875
2026-04-06,49.689998626708984
2026-04-07,49.4900016784668
