Date,Close
2013-05-30,14.360926628112793
2013-05-31,14.360926628112793
2013-06-03,14.360926628112793
2013-06-04,14.360926628112793
2013-06-05,14.432741165161133
2013-06-06,14.375299453735352
2013-06-07,14.375299453735352
2013-06-10,14.260416030883789
2013-06-11,14.195783615112305
2013-06-12,14.253219604492188
2013-06-13,14.253219604492188
2013-06-14,14.238869667053223
2013-06-17,14.20296573638916
2013-06-18,14.224498748779297
2013-06-19,14.13834285736084
2013-06-20,13.958823204040527
2013-06-21,13.944462776184082
2013-06-24,13.944462776184082
2013-06-25,13.764954566955566
2013-06-26,13.808039665222168
2013-06-27,13.808039665222168
2013-06-28,13.872659683227539
2013-07-01,13.93729019165039
2013-07-02,13.93729019165039
2013-07-03,13.93729019165039
2013-07-05,13.894203186035156
2013-07-08,13.894203186035156
2013-07-09,13.894203186035156
2013-07-10,13.894203186035156
2013-07-11,13.958823204040527
2013-07-12,13.958823204040527
2013-07-15,14.00908374786377
2013-07-16,14.023447036743164
2013-07-17,14.023447036743164
2013-07-18,14.023447036743164
2013-07-19,14.023447036743164
2013-07-22,14.116798400878906
2013-07-23,14.116798400878906
2013-07-24,14.023447036743164
2013-07-25,14.023447036743164
2013-07-26,14.023447036743164
2013-07-29,14.023447036743164
2013-07-30,14.023447036743164
2013-07-31,13.958823204040527
2013-08-01,13.958823204040527
2013-08-02,14.023447036743164
2013-08-05,14.023447036743164
2013-08-06,14.023447036743164
2013-08-07,14.116798400878906
2013-08-08,14.116798400878906
2013-08-09,14.080891609191895
2013-08-12,14.080891609191895
2013-08-13,14.080891609191895
2013-08-14,13.987544059753418
2013-08-15,13.987544059753418
2013-08-16,13.843938827514648
2013-08-19,13.843938827514648
2013-08-20,13.879843711853027
2013-08-21,13.879843711853027
2013-08-22,13.77213191986084
2013-08-23,13.77213191986084
2013-08-26,13.894203186035156
2013-08-27,13.92292308807373
2013-08-28,13.92292308807373
2013-08-29,13.92292308807373
2013-08-30,13.872659683227539
2013-09-03,13.833135604858398
2013-09-04,13.811583518981934
2013-09-05,13.811583518981934
2013-09-06,13.732535362243652
2013-09-09,13.746904373168945
2013-09-10,13.718161582946777
2013-09-11,13.718161582946777
2013-09-12,13.718161582946777
2013-09-13,13.718161582946777
2013-09-16,13.718161582946777
2013-09-17,13.718161582946777
2013-09-18,13.718161582946777
2013-09-19,13.718161582946777
2013-09-20,13.718161582946777
2013-09-23,13.718161582946777
2013-09-24,14.041537284851074
2013-09-25,14.041537284851074
2013-09-26,14.041537284851074
2013-09-27,14.041537284851074
2013-09-30,13.998416900634766
2013-10-01,13.998416900634766
2013-10-02,13.998416900634766
2013-10-03,13.998416900634766
2013-10-04,14.063093185424805
2013-10-07,14.084650993347168
2013-10-08,14.063093185424805
2013-10-09,14.034345626831055
2013-10-10,14.034345626831055
2013-10-11,14.048720359802246
2013-10-14,14.055903434753418
2013-10-15,14.027168273925781
2013-10-16,14.055903434753418
2013-10-17,14.084650993347168
2013-10-18,14.099021911621094
2013-10-21,14.091837882995605
2013-10-22,14.091837882995605
2013-10-23,14.091837882995605
2013-10-24,14.13495922088623
2013-10-25,14.127763748168945
2013-10-28,14.13495922088623
2013-10-29,14.149331092834473
2013-10-30,14.13495922088623
2013-10-31,14.091837882995605
2013-11-01,14.043684005737305
2013-11-04,14.043684005737305
2013-11-05,14.043684005737305
2013-11-06,14.086807250976562
2013-11-07,14.101178169250488
2013-11-08,14.0077543258667
2013-11-11,14.02929973602295
2013-11-12,14.0077543258667
2013-11-13,14.036494255065918
2013-11-14,14.072430610656738
2013-11-15,14.072430610656738
2013-11-18,14.093993186950684
2013-11-19,14.06524658203125
2013-11-20,14.02929973602295
2013-11-21,14.050869941711426
2013-11-22,14.072430610656738
2013-11-25,14.043684005737305
2013-11-26,14.072430610656738
2013-11-27,14.036494255065918
2013-11-29,14.02929973602295
2013-12-02,14.007015228271484
2013-12-03,14.0142183303833
2013-12-04,13.942305564880371
2013-12-05,13.949495315551758
2013-12-06,13.942305564880371
2013-12-09,13.927926063537598
2013-12-10,13.920731544494629
2013-12-11,13.97106647491455
2013-12-12,13.913540840148926
2013-12-13,13.920731544494629
2013-12-16,13.949495315551758
2013-12-17,13.942305564880371
2013-12-18,13.942305564880371
2013-12-19,13.942305564880371
2013-12-20,13.913540840148926
2013-12-23,13.891966819763184
2013-12-24,13.841634750366211
2013-12-26,13.89916706085205
2013-12-27,13.914277076721191
2013-12-30,13.863892555236816
2013-12-31,13.849491119384766
2014-01-02,13.849491119384766
2014-01-03,13.863892555236816
2014-01-06,13.863892555236816
2014-01-07,13.892680168151855
2014-01-08,13.885485649108887
2014-01-09,13.899884223937988
2014-01-10,13.899884223937988
2014-01-13,13.971863746643066
2014-01-14,13.98625373840332
2014-01-15,13.95026969909668
2014-01-16,13.95026969909668
2014-01-17,13.95026969909668
2014-01-21,13.95026969909668
2014-01-22,13.95026969909668
2014-01-23,13.9790678024292
2014-01-24,14.007857322692871
2014-01-27,14.007857322692871
2014-01-28,14.007857322692871
2014-01-29,14.043845176696777
2014-01-30,14.03664493560791
2014-01-31,14.03664493560791
2014-02-03,14.03664493560791
2014-02-04,14.094239234924316
2014-02-05,14.022252082824707
2014-02-06,14.022252082824707
2014-02-07,14.058245658874512
2014-02-10,14.058245658874512
2014-02-11,14.058245658874512
2014-02-12,14.01504898071289
2014-02-13,14.029452323913574
2014-02-14,14.051045417785645
2014-02-18,14.0726318359375
2014-02-19,14.043845176696777
2014-02-20,13.9790678024292
2014-02-21,13.9790678024292
2014-02-24,13.9790678024292
2014-02-25,14.065445899963379
2014-02-26,14.051045417785645
2014-02-27,14.051045417785645
2014-02-28,14.079834938049316
2014-03-03,14.079834938049316
2014-03-04,14.108636856079102
2014-03-05,14.108636856079102
2014-03-06,14.108636856079102
2014-03-07,14.043845176696777
2014-03-10,14.065445899963379
2014-03-11,14.065445899963379
2014-03-12,14.065445899963379
2014-03-13,14.065445899963379
2014-03-14,14.108636856079102
2014-03-17,14.094239234924316
2014-03-18,14.094239234924316
2014-03-19,14.094239234924316
2014-03-20,13.935873985290527
2014-03-21,13.935873985290527
2014-03-24,13.935873985290527
2014-03-25,13.971863746643066
2014-03-26,13.98625373840332
2014-03-27,13.98625373840332
2014-03-28,13.98625373840332
2014-03-31,13.98625373840332
2014-04-01,13.98625373840332
2014-04-02,13.98625373840332
2014-04-03,13.957473754882812
2014-04-04,14.01504898071289
2014-04-07,14.01504898071289
2014-04-08,14.01504898071289
2014-04-09,14.01504898071289
2014-04-10,14.01504898071289
2014-04-11,14.01504898071289
2014-04-14,14.01504898071289
2014-04-15,14.0726318359375
2014-04-16,14.094239234924316
2014-04-17,14.159021377563477
2014-04-21,14.159021377563477
2014-04-22,14.065445899963379
2014-04-23,14.065445899963379
2014-04-24,14.144620895385742
2014-04-25,14.12302303314209
2014-04-28,14.12302303314209
2014-04-29,14.058245658874512
2014-04-30,14.058245658874512
2014-05-01,14.108636856079102
2014-05-02,14.144620895385742
2014-05-05,14.144620895385742
2014-05-06,14.144620895385742
2014-05-07,14.202215194702148
2014-05-08,14.173417091369629
2014-05-09,14.166214942932129
2014-05-12,14.151826858520508
2014-05-13,14.159021377563477
2014-05-14,14.159021377563477
2014-05-15,14.274190902709961
2014-05-16,14.28138256072998
2014-05-19,14.30298137664795
2014-05-20,14.30298137664795
2014-05-21,14.24539566040039
2014-05-22,14.259788513183594
2014-05-23,14.38216781616211
2014-05-27,14.353371620178223
2014-05-28,14.353371620178223
2014-05-29,14.353371620178223
2014-05-30,14.353371620178223
2014-06-02,14.40611457824707
2014-06-03,14.40611457824707
2014-06-04,14.182140350341797
2014-06-05,14.232726097106934
2014-06-06,14.232726097106934
2014-06-09,14.232726097106934
2014-06-10,14.333863258361816
2014-06-11,14.22549819946289
2014-06-12,14.218269348144531
2014-06-13,14.232726097106934
2014-06-16,14.312191009521484
2014-06-17,14.341087341308594
2014-06-18,14.341087341308594
2014-06-19,14.326642990112305
2014-06-20,14.326642990112305
2014-06-23,14.42055892944336
2014-06-24,14.369988441467285
2014-06-25,14.369988441467285
2014-06-26,14.369988441467285
2014-06-27,14.369988441467285
2014-06-30,14.49280834197998
2014-07-01,14.350106239318848
2014-07-02,14.371834754943848
2014-07-03,14.371834754943848
2014-07-07,14.37907600402832
2014-07-08,14.335616111755371
2014-07-09,14.335616111755371
2014-07-10,14.335616111755371
2014-07-11,14.415295600891113
2014-07-14,14.415295600891113
2014-07-15,14.335616111755371
2014-07-16,14.335616111755371
2014-07-17,14.393566131591797
2014-07-18,14.37907600402832
2014-07-21,14.37907600402832
2014-07-22,14.37907600402832
2014-07-23,14.37907600402832
2014-07-24,14.37907600402832
2014-07-25,14.408058166503906
2014-07-28,14.38632869720459
2014-07-29,14.38632869720459
2014-07-30,14.328378677368164
2014-07-31,14.328378677368164
2014-08-01,14.389389038085938
2014-08-04,14.418447494506836
2014-08-05,14.396649360656738
2014-08-06,14.382124900817871
2014-08-07,14.382124900817871
2014-08-08,14.382124900817871
2014-08-11,14.418447494506836
2014-08-12,14.447497367858887
2014-08-13,14.418447494506836
2014-08-14,14.462023735046387
2014-08-15,14.541925430297852
2014-08-18,14.541925430297852
2014-08-19,14.462023735046387
2014-08-20,14.454763412475586
2014-08-21,14.331280708312988
2014-08-22,14.382124900817871
2014-08-25,14.345807075500488
2014-08-26,14.353073120117188
2014-08-27,14.353073120117188
2014-08-28,14.353073120117188
2014-08-29,14.382124900817871
2014-09-02,14.321032524108887
2014-09-03,14.321032524108887
2014-09-04,14.321032524108887
2014-09-05,14.401039123535156
2014-09-08,14.321032524108887
2014-09-09,14.321032524108887
2014-09-10,14.211933135986328
2014-09-11,14.211933135986328
2014-09-12,14.211933135986328
2014-09-15,14.23375129699707
2014-09-16,14.211933135986328
2014-09-17,14.19011402130127
2014-09-18,14.073739051818848
2014-09-19,14.117389678955078
2014-09-22,14.146472930908203
2014-09-23,14.146472930908203
2014-09-24,14.110103607177734
2014-09-25,14.131932258605957
2014-09-26,14.09555721282959
2014-09-29,14.182841300964355
2014-09-30,14.182841300964355
2014-10-01,14.241024017333984
2014-10-02,14.204659461975098
2014-10-03,14.204659461975098
2014-10-06,14.262849807739258
2014-10-07,14.262849807739258
2014-10-08,14.262849807739258
2014-10-09,14.270112991333008
2014-10-10,14.270112991333008
2014-10-13,14.270112991333008
2014-10-14,14.270112991333008
2014-10-15,14.386490821838379
2014-10-16,14.270112991333008
2014-10-17,14.270112991333008
2014-10-20,14.284664154052734
2014-10-21,14.284664154052734
2014-10-22,14.284664154052734
2014-10-23,14.284664154052734
2014-10-24,14.21920394897461
2014-10-27,14.21920394897461
2014-10-28,14.21920394897461
2014-10-29,14.21920394897461
2014-10-30,14.17556381225586
2014-10-31,14.17556381225586
2014-11-03,14.146472930908203
2014-11-04,14.146472930908203
2014-11-05,14.146472930908203
2014-11-06,14.146472930908203
2014-11-07,14.22647476196289
2014-11-10,14.22647476196289
2014-11-11,14.22647476196289
2014-11-12,14.22647476196289
2014-11-13,14.22647476196289
2014-11-14,14.22647476196289
2014-11-17,14.153749465942383
2014-11-18,14.153749465942383
2014-11-19,14.153749465942383
2014-11-20,14.153749465942383
2014-11-21,14.17556381225586
2014-11-24,14.19011402130127
2014-11-25,14.19011402130127
2014-11-26,14.139199256896973
2014-11-28,14.139199256896973
2014-12-01,14.21920394897461
2014-12-02,14.21920394897461
2014-12-03,14.081013679504395
2014-12-04,14.131932258605957
2014-12-05,14.131932258605957
2014-12-08,14.022830963134766
2014-12-09,14.051924705505371
2014-12-10,14.051924705505371
2014-12-11,14.066466331481934
2014-12-12,14.030098915100098
2014-12-15,14.030098915100098
2014-12-16,14.030098915100098
2014-12-17,13.971914291381836
2014-12-18,13.971914291381836
2014-12-19,13.950092315673828
2014-12-22,14.117389678955078
2014-12-23,13.921003341674805
2014-12-24,13.877364158630371
2014-12-26,13.950092315673828
2014-12-29,14.040680885314941
2014-12-30,13.974932670593262
2014-12-31,13.923792839050293
2015-01-02,14.026066780090332
2015-01-05,14.040680885314941
2015-01-06,14.018758773803711
2015-01-07,14.011463165283203
2015-01-08,14.00415325164795
2015-01-09,14.077208518981934
2015-01-12,14.077208518981934
2015-01-13,14.03337287902832
2015-01-14,14.018758773803711
2015-01-15,14.150264739990234
2015-01-16,14.179476737976074
2015-01-20,14.172170639038086
2015-01-21,14.106431007385254
2015-01-22,14.106431007385254
2015-01-23,14.201394081115723
2015-01-26,14.19409465789795
2015-01-27,14.19409465789795
2015-01-28,14.208700180053711
2015-01-29,14.201394081115723
2015-01-30,14.340188026428223
2015-02-02,14.296365737915039
2015-02-03,14.259835243225098
2015-02-04,14.259835243225098
2015-02-05,14.281746864318848
2015-02-06,14.150264739990234
2015-02-09,14.121034622192383
2015-02-10,14.121034622192383
2015-02-11,14.055286407470703
2015-02-12,14.09911823272705
2015-02-13,14.09911823272705
2015-02-17,14.03337287902832
2015-02-18,14.03337287902832
2015-02-19,14.055286407470703
2015-02-20,14.091818809509277
2015-02-23,14.018758773803711
2015-02-24,14.018758773803711
2015-02-25,14.09911823272705
2015-02-26,14.135650634765625
2015-02-27,14.208700180053711
2015-03-02,14.179476737976074
2015-03-03,14.157565116882324
2015-03-04,14.106431007385254
2015-03-05,14.106431007385254
2015-03-06,14.00415325164795
2015-03-09,13.967631340026855
2015-03-10,13.982237815856934
2015-03-11,13.974932670593262
2015-03-12,13.99685287475586
2015-03-13,13.938406944274902
2015-03-16,13.967631340026855
2015-03-17,13.938406944274902
2015-03-18,14.084516525268555
2015-03-19,14.084516525268555
2015-03-20,14.121034622192383
2015-03-23,14.121034622192383
2015-03-24,14.135650634765625
2015-03-25,14.16486644744873
2015-03-26,14.121034622192383
2015-03-27,14.128336906433105
2015-03-30,14.091818809509277
2015-03-31,14.142953872680664
2015-04-01,14.216002464294434
2015-04-02,14.106431007385254
2015-04-06,14.237922668457031
2015-04-07,14.216002464294434
2015-04-08,14.172170639038086
2015-04-09,14.172170639038086
2015-04-10,14.172170639038086
2015-04-13,14.172170639038086
2015-04-14,14.208700180053711
2015-04-15,14.237922668457031
2015-04-16,14.259835243225098
2015-04-17,14.31828498840332
2015-04-20,14.31828498840332
2015-04-21,14.31828498840332
2015-04-22,14.208700180053711
2015-04-23,14.259835243225098
2015-04-24,14.252524375915527
2015-04-27,14.303670883178711
2015-04-28,14.237922668457031
2015-04-29,14.208700180053711
2015-04-30,14.245226860046387
2015-05-01,14.245226860046387
2015-05-04,14.172170639038086
2015-05-05,14.150264739990234
2015-05-06,14.150264739990234
2015-05-07,14.077208518981934
2015-05-08,14.150264739990234
2015-05-11,14.040680885314941
2015-05-12,14.040680885314941
2015-05-13,14.040680885314941
2015-05-14,14.091818809509277
2015-05-15,14.172170639038086
2015-05-18,14.128336906433105
2015-05-19,14.091818809509277
2015-05-20,14.113731384277344
2015-05-21,14.113731384277344
2015-05-22,14.128336906433105
2015-05-26,14.142953872680664
2015-05-27,14.121034622192383
2015-05-28,14.113731384277344
2015-05-29,14.113731384277344
2015-06-01,14.09911823272705
2015-06-02,14.09911823272705
2015-06-03,13.99685287475586
2015-06-04,13.99685287475586
2015-06-05,14.00415325164795
2015-06-08,14.00415325164795
2015-06-09,13.99685287475586
2015-06-10,13.967631340026855
2015-06-11,14.00415325164795
2015-06-12,14.026066780090332
2015-06-15,14.011463165283203
2015-06-16,14.09911823272705
2015-06-17,14.135650634765625
2015-06-18,14.113731384277344
2015-06-19,14.128336906433105
2015-06-22,14.084516525268555
2015-06-23,14.062602043151855
2015-06-24,14.077208518981934
2015-06-25,14.04798412322998
2015-06-26,14.03337287902832
2015-06-29,14.106431007385254
2015-06-30,14.106431007385254
2015-07-01,14.04798412322998
2015-07-02,14.091818809509277
2015-07-06,14.121034622192383
2015-07-07,14.150264739990234
2015-07-08,14.16486644744873
2015-07-09,14.135650634765625
2015-07-10,14.069903373718262
2015-07-13,14.026066780090332
2015-07-14,14.04798412322998
2015-07-15,14.04798412322998
2015-07-16,14.069903373718262
2015-07-17,14.055286407470703
2015-07-20,14.026066780090332
2015-07-21,14.055286407470703
2015-07-22,14.055286407470703
2015-07-23,14.055286407470703
2015-07-24,14.026066780090332
2015-07-27,14.062602043151855
2015-07-28,14.040680885314941
2015-07-29,14.040680885314941
2015-07-30,14.040680885314941
2015-07-31,14.077208518981934
2015-08-03,14.062602043151855
2015-08-04,13.989541053771973
2015-08-05,13.96032428741455
2015-08-06,13.953019142150879
2015-08-07,14.018758773803711
2015-08-10,14.018758773803711
2015-08-11,14.055286407470703
2015-08-12,14.055286407470703
2015-08-13,13.989541053771973
2015-08-14,13.989541053771973
2015-08-17,13.989541053771973
2015-08-18,13.967631340026855
2015-08-19,13.953019142150879
2015-08-20,13.99685287475586
2015-08-21,14.04798412322998
2015-08-24,14.055286407470703
2015-08-25,14.011463165283203
2015-08-26,13.931103706359863
2015-08-27,14.011463165283203
2015-08-28,14.040680885314941
2015-08-31,14.113731384277344
2015-09-01,14.026066780090332
2015-09-02,14.026066780090332
2015-09-03,14.026066780090332
2015-09-04,14.018758773803711
2015-09-08,13.923792839050293
2015-09-09,13.923792839050293
2015-09-10,13.953019142150879
2015-09-11,13.96032428741455
2015-09-14,13.96032428741455
2015-09-15,13.90188217163086
2015-09-16,13.9091796875
2015-09-17,13.887266159057617
2015-09-18,14.018758773803711
2015-09-21,14.018758773803711
2015-09-22,14.018758773803711
2015-09-23,13.967631340026855
2015-09-24,13.967631340026855
2015-09-25,13.967631340026855
2015-09-28,13.916486740112305
2015-09-29,13.945711135864258
2015-09-30,13.96032428741455
2015-10-01,13.99685287475586
2015-10-02,14.069903373718262
2015-10-05,14.055286407470703
2015-10-06,14.084516525268555
2015-10-07,14.062602043151855
2015-10-08,14.069903373718262
2015-10-09,14.069903373718262
2015-10-12,14.069903373718262
2015-10-13,14.069903373718262
2015-10-14,14.091818809509277
2015-10-15,14.084516525268555
2015-10-16,14.04798412322998
2015-10-19,14.04798412322998
2015-10-20,14.00415325164795
2015-10-21,14.03337287902832
2015-10-22,14.040680885314941
2015-10-23,14.026066780090332
2015-10-26,14.011463165283203
2015-10-27,14.040680885314941
2015-10-28,14.040680885314941
2015-10-29,13.96032428741455
2015-10-30,14.011463165283203
2015-11-02,13.96032428741455
2015-11-03,13.967631340026855
2015-11-04,13.923792839050293
2015-11-05,13.9091796875
2015-11-06,13.850740432739258
2015-11-09,13.879968643188477
2015-11-10,13.894573211669922
2015-11-11,13.894573211669922
2015-11-12,13.894573211669922
2015-11-13,13.887266159057617
2015-11-16,13.894573211669922
2015-11-17,13.887266159057617
2015-11-18,13.887266159057617
2015-11-19,13.887266159057617
2015-11-20,13.916486740112305
2015-11-23,13.931103706359863
2015-11-24,13.953019142150879
2015-11-25,13.96032428741455
2015-11-27,13.989541053771973
2015-11-30,13.96032428741455
2015-12-01,13.989541053771973
2015-12-02,13.945711135864258
2015-12-03,13.894573211669922
2015-12-04,13.938406944274902
2015-12-07,13.916486740112305
2015-12-08,13.894573211669922
2015-12-09,13.894573211669922
2015-12-10,13.86535358428955
2015-12-11,13.9091796875
2015-12-14,13.850740432739258
2015-12-15,13.81422233581543
2015-12-16,13.777693748474121
2015-12-17,13.799605369567871
2015-12-18,13.86535358428955
2015-12-21,13.850740432739258
2015-12-22,13.828824996948242
2015-12-23,13.81422233581543
2015-12-24,13.858051300048828
2015-12-28,13.858051300048828
2015-12-29,13.86682415008545
2015-12-30,13.86682415008545
2015-12-31,14.020332336425781
2016-01-04,13.888753890991211
2016-01-05,13.90336799621582
2016-01-06,13.917987823486328
2016-01-07,13.91068172454834
2016-01-08,13.961851119995117
2016-01-11,13.932611465454102
2016-01-12,13.90336799621582
2016-01-13,13.932611465454102
2016-01-14,13.90336799621582
2016-01-15,13.932611465454102
2016-01-19,13.91068172454834
2016-01-20,13.932611465454102
2016-01-21,13.917987823486328
2016-01-22,13.917987823486328
2016-01-25,13.939916610717773
2016-01-26,13.95453929901123
2016-01-27,13.961851119995117
2016-01-28,13.969157218933105
2016-01-29,14.034948348999023
2016-02-01,14.034948348999023
2016-02-02,14.034948348999023
2016-02-03,14.071504592895508
2016-02-04,14.042251586914062
2016-02-05,14.020332336425781
2016-02-08,14.034948348999023
2016-02-09,14.005706787109375
2016-02-10,14.034948348999023
2016-02-11,14.064186096191406
2016-02-12,14.064186096191406
2016-02-16,14.005706787109375
2016-02-17,14.020332336425781
2016-02-18,14.042251586914062
2016-02-19,14.034948348999023
2016-02-22,14.071504592895508
2016-02-23,14.078804016113281
2016-02-24,14.10804271697998
2016-02-25,14.195758819580078
2016-02-26,14.217687606811523
2016-02-29,14.195758819580078
2016-03-01,14.18845272064209
2016-03-02,14.203072547912598
2016-03-03,14.18113899230957
2016-03-04,14.151908874511719
2016-03-07,14.129975318908691
2016-03-08,14.159215927124023
2016-03-09,14.166519165039062
2016-03-10,14.144599914550781
2016-03-11,14.129975318908691
2016-03-14,14.129975318908691
2016-03-15,14.071504592895508
2016-03-16,14.173837661743164
2016-03-17,14.232316017150879
2016-03-18,14.283483505249023
2016-03-21,14.2396240234375
2016-03-22,14.2396240234375
2016-03-23,14.246929168701172
2016-03-24,14.232316017150879
2016-03-28,14.21038818359375
2016-03-29,14.34926700592041
2016-03-30,14.312715530395508
2016-03-31,14.37120246887207
2016-04-01,14.385818481445312
2016-04-04,14.385818481445312
2016-04-05,14.37120246887207
2016-04-06,14.34926700592041
2016-04-07,14.37120246887207
2016-04-08,14.407752990722656
2016-04-11,14.356586456298828
2016-04-12,14.327341079711914
2016-04-13,14.320030212402344
2016-04-14,14.290789604187012
2016-04-15,14.305414199829102
2016-04-18,14.290789604187012
2016-04-19,14.356586456298828
2016-04-20,14.356586456298828
2016-04-21,14.290789604187012
2016-04-22,14.27617359161377
2016-04-25,14.305414199829102
2016-04-26,14.305414199829102
2016-04-27,14.3346529006958
2016-04-28,14.37851619720459
2016-04-29,14.407752990722656
2016-05-02,14.36388874053955
2016-05-03,14.400445938110352
2016-05-04,14.37851619720459
2016-05-05,14.385818481445312
2016-05-06,14.385818481445312
2016-05-09,14.422364234924316
2016-05-10,14.400445938110352
2016-05-11,14.415061950683594
2016-05-12,14.415061950683594
2016-05-13,14.422364234924316
2016-05-16,14.444295883178711
2016-05-17,14.415061950683594
2016-05-18,14.27617359161377
2016-05-19,14.3346529006958
2016-05-20,14.298102378845215
2016-05-23,14.320030212402344
2016-05-24,14.305414199829102
2016-05-25,14.356586456298828
2016-05-26,14.37120246887207
2016-05-27,14.37120246887207
2016-05-31,14.341958999633789
2016-06-01,14.34926700592041
2016-06-02,14.320030212402344
2016-06-03,14.407752990722656
2016-06-06,14.458922386169434
2016-06-07,14.488155364990234
2016-06-08,14.510087966918945
2016-06-09,14.502781867980957
2016-06-10,14.568560600280762
2016-06-13,14.53201961517334
2016-06-14,14.510087966918945
2016-06-15,14.553950309753418
2016-06-16,14.524706840515137
2016-06-17,14.488155364990234
2016-06-20,14.436985969543457
2016-06-21,14.45161247253418
2016-06-22,14.458922386169434
2016-06-23,14.458922386169434
2016-06-24,14.502781867980957
2016-06-27,14.488155364990234
2016-06-28,14.568560600280762
2016-06-29,14.590497016906738
2016-06-30,14.692845344543457
2016-07-01,14.583186149597168
2016-07-05,14.729379653930664
2016-07-06,14.802481651306152
2016-07-07,14.619742393493652
2016-07-08,14.685527801513672
2016-07-11,14.678216934204102
2016-07-12,14.634358406066895
2016-07-13,14.65627670288086
2016-07-14,14.65627670288086
2016-07-15,14.561261177062988
2016-07-18,14.619742393493652
2016-07-19,14.59780502319336
2016-07-20,14.59780502319336
2016-07-21,14.590497016906738
2016-07-22,14.590497016906738
2016-07-25,14.590497016906738
2016-07-26,14.546639442443848
2016-07-27,14.546639442443848
2016-07-28,14.546639442443848
2016-07-29,14.57588005065918
2016-08-01,14.596396446228027
2016-08-02,14.508463859558105
2016-08-03,14.508463859558105
2016-08-04,14.530447959899902
2016-08-05,14.5524263381958
2016-08-08,14.464494705200195
2016-08-09,14.523116111755371
2016-08-10,14.530447959899902
2016-08-11,14.457162857055664
2016-08-12,14.493812561035156
2016-08-15,14.493812561035156
2016-08-16,14.449845314025879
2016-08-17,14.493812561035156
2016-08-18,14.603716850280762
2016-08-19,14.486483573913574
2016-08-22,14.486483573913574
2016-08-23,14.5451021194458
2016-08-24,14.493812561035156
2016-08-25,14.530447959899902
2016-08-26,14.479151725769043
2016-08-29,14.471820831298828
2016-08-30,14.493812561035156
2016-08-31,14.479151725769043
2016-09-01,14.56317138671875
2016-09-02,14.474737167358398
2016-09-06,14.504209518432617
2016-09-07,14.585289001464844
2016-09-08,14.504209518432617
2016-09-09,14.415771484375
2016-09-12,14.474737167358398
2016-09-13,14.371549606323242
2016-09-14,14.474737167358398
2016-09-15,14.459991455078125
2016-09-16,14.459991455078125
2016-09-19,14.459991455078125
2016-09-20,14.40839958190918
2016-09-21,14.467357635498047
2016-09-22,14.504209518432617
2016-09-23,14.570544242858887
2016-09-26,14.622136116027832
2016-09-27,14.622136116027832
2016-09-28,14.636869430541992
2016-09-29,14.636869430541992
2016-09-30,14.57791519165039
2016-10-03,14.555795669555664
2016-10-04,14.555795669555664
2016-10-05,14.511592864990234
2016-10-06,14.533695220947266
2016-10-07,14.533695220947266
2016-10-10,14.533695220947266
2016-10-11,14.548428535461426
2016-10-12,14.496849060058594
2016-10-13,14.526323318481445
2016-10-14,14.555795669555664
2016-10-17,14.555795669555664
2016-10-18,14.57791519165039
2016-10-19,14.622136116027832
2016-10-20,14.614764213562012
2016-10-21,14.607389450073242
2016-10-24,14.570544242858887
2016-10-25,14.607389450073242
2016-10-26,14.570544242858887
2016-10-27,14.533695220947266
2016-10-28,14.57791519165039
2016-10-31,14.600015640258789
2016-11-01,14.57791519165039
2016-11-02,14.570544242858887
2016-11-03,14.57791519165039
2016-11-04,14.570544242858887
2016-11-07,14.56317138671875
2016-11-08,14.585289001464844
2016-11-09,14.526323318481445
2016-11-10,14.504209518432617
2016-11-11,14.504209518432617
2016-11-14,14.386293411254883
2016-11-15,14.401034355163574
2016-11-16,14.415771484375
2016-11-17,14.415771484375
2016-11-18,14.386293411254883
2016-11-21,14.393662452697754
2016-11-22,14.393662452697754
2016-11-23,14.364178657531738
2016-11-25,14.356809616088867
2016-11-28,14.371549606323242
2016-11-29,14.349444389343262
2016-11-30,14.386293411254883
2016-12-01,14.326542854309082
2016-12-02,14.378174781799316
2016-12-05,14.415064811706543
2016-12-06,14.363420486450195
2016-12-07,14.422435760498047
2016-12-08,14.407681465148926
2016-12-09,14.392934799194336
2016-12-12,14.370798110961914
2016-12-13,14.370798110961914
2016-12-14,14.289655685424805
2016-12-15,14.24538516998291
2016-12-16,14.2158842086792
2016-12-19,14.238005638122559
2016-12-20,14.282272338867188
2016-12-21,14.289655685424805
2016-12-22,14.260143280029297
2016-12-23,14.22325611114502
2016-12-27,14.319157600402832
2016-12-28,14.327281951904297
2016-12-29,14.349442481994629
2016-12-30,14.290365219116211
2017-01-03,14.415905952453613
2017-01-04,14.415905952453613
2017-01-05,14.430680274963379
2017-01-06,14.44544792175293
2017-01-09,14.452829360961914
2017-01-10,14.452829360961914
2017-01-11,14.452829360961914
2017-01-12,14.48237419128418
2017-01-13,14.452829360961914
2017-01-17,14.44544792175293
2017-01-18,14.474991798400879
2017-01-19,14.415905952453613
2017-01-20,14.497136116027832
2017-01-23,14.48237419128418
2017-01-24,14.452829360961914
2017-01-25,14.44544792175293
2017-01-26,14.408519744873047
2017-01-27,14.497136116027832
2017-01-30,14.497136116027832
2017-01-31,14.519295692443848
2017-02-01,14.452829360961914
2017-02-02,14.48975944519043
2017-02-03,14.48975944519043
2017-02-06,14.548842430114746
2017-02-07,14.497136116027832
2017-02-08,14.519295692443848
2017-02-09,14.504526138305664
2017-02-10,14.511913299560547
2017-02-13,14.460210800170898
2017-02-14,14.504526138305664
2017-02-15,14.44544792175293
2017-02-16,14.452829360961914
2017-02-17,14.474991798400879
2017-02-21,14.534064292907715
2017-02-22,14.548842430114746
2017-02-23,14.578383445739746
2017-02-24,14.578383445739746
2017-02-27,14.526688575744629
2017-02-28,14.511913299560547
2017-03-01,14.452829360961914
2017-03-02,14.415905952453613
2017-03-03,14.467606544494629
2017-03-06,14.452829360961914
2017-03-07,14.474991798400879
2017-03-08,14.504526138305664
2017-03-09,14.401137351989746
2017-03-10,14.39374828338623
2017-03-13,14.334668159484863
2017-03-14,14.37898063659668
2017-03-15,14.37898063659668
2017-03-16,14.44544792175293
2017-03-17,14.48975944519043
2017-03-20,14.48237419128418
2017-03-21,14.511913299560547
2017-03-22,14.504526138305664
2017-03-23,14.511913299560547
2017-03-24,14.504526138305664
2017-03-27,14.578383445739746
2017-03-28,14.511913299560547
2017-03-29,14.548842430114746
2017-03-30,14.504526138305664
2017-03-31,14.534064292907715
2017-04-03,14.560758590698242
2017-04-04,14.568166732788086
2017-04-05,14.590413093566895
2017-04-06,14.583003044128418
2017-04-07,14.575582504272461
2017-04-10,14.52369213104248
2017-04-11,14.575582504272461
2017-04-12,14.62006664276123
2017-04-13,14.627485275268555
2017-04-17,14.605240821838379
2017-04-18,14.605240821838379
2017-04-19,14.590413093566895
2017-04-20,14.597833633422852
2017-04-21,14.568166732788086
2017-04-24,14.583003044128418
2017-04-25,14.568166732788086
2017-04-26,14.575582504272461
2017-04-27,14.590413093566895
2017-04-28,14.597833633422852
2017-05-01,14.618645668029785
2017-05-02,14.559164047241211
2017-05-03,14.551724433898926
2017-05-04,14.499679565429688
2017-05-05,14.49223804473877
2017-05-08,14.49223804473877
2017-05-09,14.44762897491455
2017-05-10,14.469931602478027
2017-05-11,14.484804153442383
2017-05-12,14.499679565429688
2017-05-15,14.514549255371094
2017-05-16,14.484804153442383
2017-05-17,14.5740385055542
2017-05-18,14.581470489501953
2017-05-19,14.588907241821289
2017-05-22,14.566594123840332
2017-05-23,14.551724433898926
2017-05-24,14.50711441040039
2017-05-25,14.544295310974121
2017-05-26,14.5740385055542
2017-05-30,14.5740385055542
2017-05-31,14.588907241821289
2017-06-01,14.600065231323242
2017-06-02,14.585184097290039
2017-06-05,14.622393608093262
2017-06-06,14.62983512878418
2017-06-07,14.600065231323242
2017-06-08,14.600065231323242
2017-06-09,14.592622756958008
2017-06-12,14.562856674194336
2017-06-13,14.54053783416748
2017-06-14,14.54053783416748
2017-06-15,14.458686828613281
2017-06-16,14.510764122009277
2017-06-19,14.495882987976074
2017-06-20,14.488447189331055
2017-06-21,14.495882987976074
2017-06-22,14.547972679138184
2017-06-23,14.547972679138184
2017-06-26,14.592622756958008
2017-06-27,14.510764122009277
2017-06-28,14.518211364746094
2017-06-29,14.473562240600586
2017-06-30,14.458686828613281
2017-07-03,14.468381881713867
2017-07-05,14.468381881713867
2017-07-06,14.475838661193848
2017-07-07,14.431066513061523
2017-07-10,14.438533782958984
2017-07-11,14.460918426513672
2017-07-12,14.498233795166016
2017-07-13,14.498233795166016
2017-07-14,14.498233795166016
2017-07-17,14.498233795166016
2017-07-18,14.557924270629883
2017-07-19,14.542998313903809
2017-07-20,14.513150215148926
2017-07-21,14.550453186035156
2017-07-24,14.535531997680664
2017-07-25,14.498233795166016
2017-07-26,14.550453186035156
2017-07-27,14.528075218200684
2017-07-28,14.542998313903809
2017-07-31,14.542998313903809
2017-08-01,14.547475814819336
2017-08-02,14.562411308288574
2017-08-03,14.569876670837402
2017-08-04,14.562411308288574
2017-08-07,14.562411308288574
2017-08-08,14.577348709106445
2017-08-09,14.607222557067871
2017-08-10,14.622161865234375
2017-08-11,14.637096405029297
2017-08-14,14.569876670837402
2017-08-15,14.554949760437012
2017-08-16,14.592293739318848
2017-08-17,14.599750518798828
2017-08-18,14.592293739318848
2017-08-21,14.58481502532959
2017-08-22,14.577348709106445
2017-08-23,14.607222557067871
2017-08-24,14.562411308288574
2017-08-25,14.592293739318848
2017-08-28,14.592293739318848
2017-08-29,14.622161865234375
2017-08-30,14.599750518798828
2017-08-31,14.659496307373047
2017-09-01,14.626608848571777
2017-09-05,14.708823204040527
2017-09-06,14.69388198852539
2017-09-07,14.716304779052734
2017-09-08,14.746191024780273
2017-09-11,14.686399459838867
2017-09-12,14.69388198852539
2017-09-13,14.656510353088379
2017-09-14,14.678923606872559
2017-09-15,14.671456336975098
2017-09-18,14.671456336975098
2017-09-19,14.64903450012207
2017-09-20,14.61913776397705
2017-09-21,14.589239120483398
2017-09-22,14.626608848571777
2017-09-25,14.64903450012207
2017-09-26,14.64903450012207
2017-09-27,14.611660957336426
2017-09-28,14.626608848571777
2017-09-29,14.59671401977539
2017-10-02,14.55186653137207
2017-10-03,14.581762313842773
2017-10-04,14.589239120483398
2017-10-05,14.581762313842773
2017-10-06,14.574291229248047
2017-10-09,14.59671401977539
2017-10-10,14.59671401977539
2017-10-11,14.626608848571777
2017-10-12,14.641558647155762
2017-10-13,14.61913776397705
2017-10-16,14.59671401977539
2017-10-17,14.589239120483398
2017-10-18,14.56682300567627
2017-10-19,14.581762313842773
2017-10-20,14.559345245361328
2017-10-23,14.581762313842773
2017-10-24,14.55186653137207
2017-10-25,14.55186653137207
2017-10-26,14.544397354125977
2017-10-27,14.56682300567627
2017-10-30,14.604195594787598
2017-10-31,14.59671401977539
2017-11-01,14.619181632995605
2017-11-02,14.619181632995605
2017-11-03,14.619181632995605
2017-11-06,14.649141311645508
2017-11-07,14.656627655029297
2017-11-08,14.656627655029297
2017-11-09,14.64164924621582
2017-11-10,14.604202270507812
2017-11-13,14.611688613891602
2017-11-14,14.611688613891602
2017-11-15,14.64164924621582
2017-11-16,14.619181632995605
2017-11-17,14.62667179107666
2017-11-20,14.604202270507812
2017-11-21,14.604202270507812
2017-11-22,14.63416862487793
2017-11-24,14.62667179107666
2017-11-27,14.63416862487793
2017-11-28,14.619181632995605
2017-11-29,14.604202270507812
2017-11-30,14.581731796264648
2017-12-01,14.596041679382324
2017-12-04,14.618618965148926
2017-12-05,14.611093521118164
2017-12-06,14.63367748260498
2017-12-07,14.618618965148926
2017-12-08,14.626152038574219
2017-12-11,14.618618965148926
2017-12-12,14.618618965148926
2017-12-13,14.63367748260498
2017-12-14,14.63367748260498
2017-12-15,14.63367748260498
2017-12-18,14.611093521118164
2017-12-19,14.585267066955566
2017-12-20,14.55488395690918
2017-12-21,14.577672958374023
2017-12-22,14.585267066955566
2017-12-26,14.59285831451416
2017-12-27,14.638445854187012
2017-12-28,14.638445854187012
2017-12-29,14.653633117675781
2018-01-02,14.638445854187012
2018-01-03,14.638445854187012
2018-01-04,14.638445854187012
2018-01-05,14.653633117675781
2018-01-08,14.623249053955078
2018-01-09,14.608057022094727
2018-01-10,14.615649223327637
2018-01-11,14.59285831451416
2018-01-12,14.600452423095703
2018-01-16,14.608057022094727
2018-01-17,14.600452423095703
2018-01-18,14.585267066955566
2018-01-19,14.57007122039795
2018-01-22,14.57007122039795
2018-01-23,14.59285831451416
2018-01-24,14.59285831451416
2018-01-25,14.59285831451416
2018-01-26,14.585267066955566
2018-01-29,14.56247329711914
2018-01-30,14.532095909118652
2018-01-31,14.547274589538574
2018-02-01,14.418147087097168
2018-02-02,14.486509323120117
2018-02-05,14.539693832397461
2018-02-06,14.47891616821289
2018-02-07,14.47891616821289
2018-02-08,14.47891616821289
2018-02-09,14.448530197143555
2018-02-12,14.433344841003418
2018-02-13,14.47131633758545
2018-02-14,14.425741195678711
2018-02-15,14.463717460632324
2018-02-16,14.47891616821289
2018-02-20,14.47131633758545
2018-02-21,14.440930366516113
2018-02-22,14.47131633758545
2018-02-23,14.47131633758545
2018-02-26,14.547274589538574
2018-02-27,14.47891616821289
2018-02-28,14.49411392211914
2018-03-01,14.52449893951416
2018-03-02,14.516904830932617
2018-03-05,14.516904830932617
2018-03-06,14.509299278259277
2018-03-07,14.516904830932617
2018-03-08,14.532095909118652
2018-03-09,14.501708030700684
2018-03-12,14.509299278259277
2018-03-13,14.49411392211914
2018-03-14,14.532095909118652
2018-03-15,14.52449893951416
2018-03-16,14.516904830932617
2018-03-19,14.501708030700684
2018-03-20,14.49411392211914
2018-03-21,14.516904830932617
2018-03-22,14.539693832397461
2018-03-23,14.547274589538574
2018-03-26,14.532095909118652
2018-03-27,14.577672958374023
2018-03-28,14.56247329711914
2018-03-29,14.577672958374023
2018-04-02,14.577672958374023
2018-04-03,14.585267066955566
2018-04-04,14.585267066955566
2018-04-05,14.55488395690918
2018-04-06,14.577672958374023
2018-04-09,14.57007122039795
2018-04-10,14.585267066955566
2018-04-11,14.615649223327637
2018-04-12,14.585267066955566
2018-04-13,14.600452423095703
2018-04-16,14.585267066955566
2018-04-17,14.615649223327637
2018-04-18,14.600452423095703
2018-04-19,14.577672958374023
2018-04-20,14.547274589538574
2018-04-23,14.539693832397461
2018-04-24,14.52449893951416
2018-04-25,14.501708030700684
2018-04-26,14.516904830932617
2018-04-27,14.547274589538574
2018-04-30,14.56247329711914
2018-05-01,14.532095909118652
2018-05-02,14.547274589538574
2018-05-03,14.56247329711914
2018-05-04,14.55488395690918
2018-05-07,14.57007122039795
2018-05-08,14.55488395690918
2018-05-09,14.55488395690918
2018-05-10,14.55488395690918
2018-05-11,14.55488395690918
2018-05-14,14.539693832397461
2018-05-15,14.49411392211914
2018-05-16,14.49411392211914
2018-05-17,14.486509323120117
2018-05-18,14.509299278259277
2018-05-21,14.52449893951416
2018-05-22,14.501708030700684
2018-05-23,14.55488395690918
2018-05-24,14.55488395690918
2018-05-25,14.547274589538574
2018-05-29,14.638445854187012
2018-05-30,14.608057022094727
2018-05-31,14.623249053955078
2018-06-01,14.595837593078613
2018-06-04,14.572999000549316
2018-06-05,14.603453636169434
2018-06-06,14.565387725830078
2018-06-07,14.588227272033691
2018-06-08,14.588227272033691
2018-06-11,14.588227272033691
2018-06-12,14.580607414245605
2018-06-13,14.580607414245605
2018-06-14,14.580607414245605
2018-06-15,14.61107063293457
2018-06-18,14.603453636169434
2018-06-19,14.63390827178955
2018-06-20,14.603453636169434
2018-06-21,14.61107063293457
2018-06-22,14.641519546508789
2018-06-25,14.63390827178955
2018-06-26,14.656750679016113
2018-06-27,14.679593086242676
2018-06-28,14.679593086242676
2018-06-29,14.67198657989502
2018-07-02,14.677327156066895
2018-07-03,14.692618370056152
2018-07-05,14.707901000976562
2018-07-06,14.715548515319824
2018-07-09,14.692618370056152
2018-07-10,14.68497085571289
2018-07-11,14.68497085571289
2018-07-12,14.677327156066895
2018-07-13,14.692618370056152
2018-07-16,14.677327156066895
2018-07-17,14.662034034729004
2018-07-18,14.639105796813965
2018-07-19,14.662034034729004
2018-07-20,14.639105796813965
2018-07-23,14.593246459960938
2018-07-24,14.608529090881348
2018-07-25,14.593246459960938
2018-07-26,14.600882530212402
2018-07-27,14.608529090881348
2018-07-30,14.61617374420166
2018-07-31,14.600882530212402
2018-08-01,14.587065696716309
2018-08-02,14.602418899536133
2018-08-03,14.617774963378906
2018-08-06,14.633130073547363
2018-08-07,14.633130073547363
2018-08-08,14.617774963378906
2018-08-09,14.640799522399902
2018-08-10,14.671515464782715
2018-08-13,14.671515464782715
2018-08-14,14.663835525512695
2018-08-15,14.671515464782715
2018-08-16,14.679193496704102
2018-08-17,14.679193496704102
2018-08-20,14.709908485412598
2018-08-21,14.694546699523926
2018-08-22,14.709908485412598
2018-08-23,14.71757984161377
2018-08-24,14.740612030029297
2018-08-27,14.73293685913086
2018-08-28,14.694546699523926
2018-08-29,14.686873435974121
2018-08-30,14.709908485412598
2018-08-31,14.694546699523926
2018-09-04,14.699163436889648
2018-09-05,14.691471099853516
2018-09-06,14.699163436889648
2018-09-07,14.653011322021484
2018-09-10,14.653011322021484
2018-09-11,14.637621879577637
2018-09-12,14.645320892333984
2018-09-13,14.629936218261719
2018-09-14,14.614554405212402
2018-09-17,14.629936218261719
2018-09-18,14.606860160827637
2018-09-19,14.606860160827637
2018-09-20,14.599169731140137
2018-09-21,14.599169731140137
2018-09-24,14.599169731140137
2018-09-25,14.599169731140137
2018-09-26,14.614554405212402
2018-09-27,14.606860160827637
2018-09-28,14.606860160827637
2018-10-01,14.603784561157227
2018-10-02,14.611474990844727
2018-10-03,14.56531047821045
2018-10-04,14.542226791381836
2018-10-05,14.503761291503906
2018-10-08,14.519152641296387
2018-10-09,14.526847839355469
2018-10-10,14.53453254699707
2018-10-11,14.526847839355469
2018-10-12,14.519152641296387
2018-10-15,14.53453254699707
2018-10-16,14.526847839355469
2018-10-17,14.496071815490723
2018-10-18,14.511451721191406
2018-10-19,14.503761291503906
2018-10-22,14.496071815490723
2018-10-23,14.496071815490723
2018-10-24,14.519152641296387
2018-10-25,14.503761291503906
2018-10-26,14.549922943115234
2018-10-29,14.542226791381836
2018-10-30,14.503761291503906
2018-10-31,14.488371849060059
2018-11-01,14.492217063903809
2018-11-02,14.438319206237793
2018-11-05,14.453722953796387
2018-11-06,14.461421012878418
2018-11-07,14.446022987365723
2018-11-08,14.438319206237793
2018-11-09,14.461421012878418
2018-11-12,14.484521865844727
2018-11-13,14.476819038391113
2018-11-14,14.476819038391113
2018-11-15,14.492217063903809
2018-11-16,14.530728340148926
2018-11-19,14.538423538208008
2018-11-20,14.523022651672363
2018-11-21,14.50762939453125
2018-11-23,14.492217063903809
2018-11-26,14.484521865844727
2018-11-27,14.453722953796387
2018-11-28,14.476819038391113
2018-11-29,14.538423538208008
2018-11-30,14.538423538208008
2018-12-03,14.55153751373291
2018-12-04,14.559249877929688
2018-12-06,14.574662208557129
2018-12-07,14.590088844299316
2018-12-10,14.55153751373291
2018-12-11,14.505266189575195
2018-12-12,14.505266189575195
2018-12-13,14.520684242248535
2018-12-14,14.520684242248535
2018-12-17,14.543819427490234
2018-12-18,14.543819427490234
2018-12-19,14.568592071533203
2018-12-20,14.537631034851074
2018-12-21,14.545374870300293
2018-12-24,14.537631034851074
2018-12-26,14.545374870300293
2018-12-27,14.545374870300293
2018-12-28,14.576334953308105
2018-12-31,14.607303619384766
2019-01-02,14.622781753540039
2019-01-03,14.692449569702148
2019-01-04,14.661486625671387
2019-01-07,14.653738975524902
2019-01-08,14.653738975524902
2019-01-09,14.676969528198242
2019-01-10,14.669227600097656
2019-01-11,14.692449569702148
2019-01-14,14.669227600097656
2019-01-15,14.669227600097656
2019-01-16,14.661486625671387
2019-01-17,14.653738975524902
2019-01-18,14.630517959594727
2019-01-22,14.622781753540039
2019-01-23,14.622781753540039
2019-01-24,14.646005630493164
2019-01-25,14.622781753540039
2019-01-28,14.615039825439453
2019-01-29,14.638262748718262
2019-01-30,14.715672492980957
2019-01-31,14.77759838104248
2019-02-01,14.738887786865234
2019-02-04,14.707924842834473
2019-02-05,14.723411560058594
2019-02-06,14.715672492980957
2019-02-07,14.723411560058594
2019-02-08,14.738887786865234
2019-02-11,14.715672492980957
2019-02-12,14.715672492980957
2019-02-13,14.723411560058594
2019-02-14,14.754377365112305
2019-02-15,14.754377365112305
2019-02-19,14.769856452941895
2019-02-20,14.77759838104248
2019-02-21,14.762115478515625
2019-02-22,14.793081283569336
2019-02-25,14.785340309143066
2019-02-26,14.793081283569336
2019-02-27,14.785340309143066
2019-02-28,14.762115478515625
2019-03-01,14.746630668640137
2019-03-04,14.762115478515625
2019-03-05,14.754377365112305
2019-03-06,14.769856452941895
2019-03-07,14.800826072692871
2019-03-08,14.816305160522461
2019-03-11,14.816305160522461
2019-03-12,14.839520454406738
2019-03-13,14.847265243530273
2019-03-14,14.855009078979492
2019-03-15,14.870488166809082
2019-03-18,14.878227233886719
2019-03-19,14.870488166809082
2019-03-20,14.947903633117676
2019-03-21,14.94015884399414
2019-03-22,14.971123695373535
2019-03-25,14.971123695373535
2019-03-26,14.955645561218262
2019-03-27,14.971123695373535
2019-03-28,14.955645561218262
2019-03-29,14.971123695373535
2019-04-01,14.94166088104248
2019-04-02,14.94941520690918
2019-04-03,14.926149368286133
2019-04-04,14.933900833129883
2019-04-05,14.94166088104248
2019-04-08,14.933900833129883
2019-04-09,14.94166088104248
2019-04-10,14.995932579040527
2019-04-11,14.964919090270996
2019-04-12,14.94166088104248
2019-04-15,14.94941520690918
2019-04-16,14.926149368286133
2019-04-17,14.933900833129883
2019-04-18,14.94941520690918
2019-04-22,14.94166088104248
2019-04-23,14.972671508789062
2019-04-24,15.003692626953125
2019-04-25,15.011442184448242
2019-04-26,15.026951789855957
2019-04-29,15.011442184448242
2019-04-30,15.026951789855957
2019-05-01,15.004376411437988
2019-05-02,14.93429183959961
2019-05-03,14.973221778869629
2019-05-06,15.004376411437988
2019-05-07,15.004376411437988
2019-05-08,14.981011390686035
2019-05-09,14.988800048828125
2019-05-10,15.004376411437988
2019-05-13,15.051092147827148
2019-05-14,15.051092147827148
2019-05-15,15.08223819732666
2019-05-16,15.074444770812988
2019-05-17,15.051092147827148
2019-05-20,15.035518646240234
2019-05-21,15.019939422607422
2019-05-22,15.027726173400879
2019-05-23,15.051092147827148
2019-05-24,15.051092147827148
2019-05-28,15.074444770812988
2019-05-29,15.090018272399902
2019-05-30,15.128962516784668
2019-05-31,15.191242218017578
2019-06-03,15.241364479064941
2019-06-04,15.241364479064941
2019-06-05,15.249202728271484
2019-06-06,15.241364479064941
2019-06-07,15.272704124450684
2019-06-10,15.217880249023438
2019-06-11,15.210047721862793
2019-06-12,15.210047721862793
2019-06-13,15.233539581298828
2019-06-14,15.202214241027832
2019-06-17,15.178714752197266
2019-06-18,15.233539581298828
2019-06-19,15.296194076538086
2019-06-20,15.374513626098633
2019-06-21,15.31969165802002
2019-06-24,15.351025581359863
2019-06-25,15.327526092529297
2019-06-26,15.311859130859375
2019-06-27,15.327526092529297
2019-06-28,15.343194007873535
2019-07-01,15.329795837402344
2019-07-02,15.337678909301758
2019-07-03,15.361299514770508
2019-07-05,15.314057350158691
2019-07-08,15.306185722351074
2019-07-09,15.306185722351074
2019-07-10,15.361299514770508
2019-07-11,15.337678909301758
2019-07-12,15.345547676086426
2019-07-15,15.369179725646973
2019-07-16,15.353425025939941
2019-07-17,15.369179725646973
2019-07-18,15.408544540405273
2019-07-19,15.377047538757324
2019-07-22,15.384918212890625
2019-07-23,15.384918212890625
2019-07-24,15.384918212890625
2019-07-25,15.369179725646973
2019-07-26,15.353425025939941
2019-07-29,15.353425025939941
2019-07-30,15.353425025939941
2019-07-31,15.369179725646973
2019-08-01,15.41336441040039
2019-08-02,15.429145812988281
2019-08-05,15.460721969604492
2019-08-06,15.484397888183594
2019-08-07,15.484397888183594
2019-08-08,15.515962600708008
2019-08-09,15.492284774780273
2019-08-12,15.531756401062012
2019-08-13,15.508074760437012
2019-08-14,15.515962600708008
2019-08-15,15.555423736572266
2019-08-16,15.53963851928711
2019-08-19,15.508074760437012
2019-08-20,15.531756401062012
2019-08-21,15.508074760437012
2019-08-22,15.484397888183594
2019-08-23,15.53963851928711
2019-08-26,15.547533988952637
2019-08-27,15.579100608825684
2019-08-28,15.594886779785156
2019-08-29,15.594886779785156
2019-08-30,15.555423736572266
2019-09-03,15.540425300598145
2019-09-04,15.58780288696289
2019-09-05,15.540425300598145
2019-09-06,15.540425300598145
2019-09-09,15.508835792541504
2019-09-10,15.453566551208496
2019-09-11,15.429869651794434
2019-09-12,15.429869651794434
2019-09-13,15.374592781066895
2019-09-16,15.421977996826172
2019-09-17,15.437773704528809
2019-09-18,15.398276329040527
2019-09-19,15.40617847442627
2019-09-20,15.461459159851074
2019-09-23,15.485150337219238
2019-09-24,15.508835792541504
2019-09-25,15.453566551208496
2019-09-26,15.453566551208496
2019-09-27,15.437773704528809
2019-09-30,15.453566551208496
2019-10-01,15.46622371673584
2019-10-02,15.489952087402344
2019-10-03,15.529504776000977
2019-10-04,15.553244590759277
2019-10-07,15.521592140197754
2019-10-08,15.50577449798584
2019-10-09,15.497858047485352
2019-10-10,15.46622371673584
2019-10-11,15.434571266174316
2019-10-14,15.450397491455078
2019-10-15,15.402922630310059
2019-10-16,15.44249439239502
2019-10-17,15.458306312561035
2019-10-18,15.46622371673584
2019-10-21,15.434571266174316
2019-10-22,15.450397491455078
2019-10-23,15.46622371673584
2019-10-24,15.474130630493164
2019-10-25,15.474130630493164
2019-10-28,15.42665958404541
2019-10-29,15.410839080810547
2019-10-30,15.434571266174316
2019-10-31,15.474130630493164
2019-11-01,15.493911743164062
2019-11-04,15.493911743164062
2019-11-05,15.454347610473633
2019-11-06,15.486001968383789
2019-11-07,15.4306001663208
2019-11-08,15.4306001663208
2019-11-11,15.4306001663208
2019-11-12,15.438516616821289
2019-11-13,15.446436882019043
2019-11-14,15.462261199951172
2019-11-15,15.438516616821289
2019-11-18,15.470172882080078
2019-11-19,15.486001968383789
2019-11-20,15.509749412536621
2019-11-21,15.493911743164062
2019-11-22,15.486001968383789
2019-11-25,15.501822471618652
2019-11-26,15.517657279968262
2019-11-27,15.501822471618652
2019-11-29,15.470172882080078
2019-12-02,15.470173835754395
2019-12-03,15.533547401428223
2019-12-04,15.533547401428223
2019-12-05,15.51769733428955
2019-12-06,15.51769733428955
2019-12-09,15.51769733428955
2019-12-10,15.51769733428955
2019-12-11,15.557313919067383
2019-12-12,15.50977897644043
2019-12-13,15.541468620300293
2019-12-16,15.533547401428223
2019-12-17,15.549386024475098
2019-12-18,15.533547401428223
2019-12-19,15.557313919067383
2019-12-20,15.54777717590332
2019-12-23,15.539837837219238
2019-12-24,15.55571174621582
2019-12-26,15.563669204711914
2019-12-27,15.571601867675781
2019-12-30,15.579545974731445
2019-12-31,15.571601867675781
2020-01-02,15.627192497253418
2020-01-03,15.68277359008789
2020-01-06,15.658952713012695
2020-01-07,15.63512897491455
2020-01-08,15.619248390197754
2020-01-09,15.61130428314209
2020-01-10,15.627192497253418
2020-01-13,15.63512897491455
2020-01-14,15.643068313598633
2020-01-15,15.658952713012695
2020-01-16,15.643068313598633
2020-01-17,15.627192497253418
2020-01-21,15.66688060760498
2020-01-22,15.658952713012695
2020-01-23,15.66688060760498
2020-01-24,15.674826622009277
2020-01-27,15.698651313781738
2020-01-28,15.690711975097656
2020-01-29,15.730415344238281
2020-01-30,15.74629020690918
2020-01-31,15.793936729431152
2020-02-03,15.755011558532715
2020-02-04,15.71528148651123
2020-02-05,15.699389457702637
2020-02-06,15.7073392868042
2020-02-07,15.755011558532715
2020-02-10,15.770898818969727
2020-02-11,15.739124298095703
2020-02-12,15.739124298095703
2020-02-13,15.755011558532715
2020-02-14,15.762951850891113
2020-02-18,15.778844833374023
2020-02-19,15.770898818969727
2020-02-20,15.778844833374023
2020-02-21,15.81856632232666
2020-02-24,15.866243362426758
2020-02-25,15.850351333618164
2020-02-26,15.850351333618164
2020-02-27,15.882125854492188
2020-02-28,15.890071868896484
2020-03-02,15.898019790649414
2020-03-03,16.0251407623291
2020-03-04,16.033082962036133
2020-03-05,16.06486701965332
2020-03-06,16.033082962036133
2020-03-09,15.858298301696777
2020-03-10,15.619945526123047
2020-03-11,15.2862548828125
2020-03-12,15.175012588500977
2020-03-13,15.341867446899414
2020-03-16,15.119403839111328
2020-03-17,14.841329574584961
2020-03-18,14.785717010498047
2020-03-19,14.865166664123535
2020-03-20,15.2862548828125
2020-03-23,15.476930618286133
2020-03-24,15.476930618286133
2020-03-25,15.596102714538574
2020-03-26,15.65172290802002
2020-03-27,15.66761589050293
2020-03-30,15.675558090209961
2020-03-31,15.596102714538574
2020-04-01,15.65666675567627
2020-04-02,15.800076484680176
2020-04-03,15.879756927490234
2020-04-06,15.943503379821777
2020-04-07,15.863821983337402
2020-04-08,15.871790885925293
2020-04-09,16.015220642089844
2020-04-13,15.983342170715332
2020-04-14,16.03912353515625
2020-04-15,16.02318000793457
2020-04-16,15.919600486755371
2020-04-17,15.863821983337402
2020-04-20,15.816020965576172
2020-04-21,15.831950187683105
2020-04-22,15.887733459472656
2020-04-23,15.903666496276855
2020-04-24,15.951472282409668
2020-04-27,15.951472282409668
2020-04-28,15.983342170715332
2020-04-29,15.999272346496582
2020-04-30,15.919600486755371
2020-05-01,15.918794631958008
2020-05-04,15.93478775024414
2020-05-05,15.958748817443848
2020-05-06,15.92678451538086
2020-05-07,15.990721702575684
2020-05-08,15.990721702575684
2020-05-11,15.966750144958496
2020-05-12,15.966750144958496
2020-05-13,15.982733726501465
2020-05-14,15.990721702575684
2020-05-15,15.998710632324219
2020-05-18,16.01469612121582
2020-05-19,16.01469612121582
2020-05-20,16.054656982421875
2020-05-21,16.046655654907227
2020-05-22,16.06264305114746
2020-05-26,16.03067970275879
2020-05-27,16.038673400878906
2020-05-28,16.07063865661621
2020-05-29,16.0786190032959
2020-06-01,16.10260581970215
2020-06-02,16.0946044921875
2020-06-03,16.06264305114746
2020-06-04,16.03067970275879
2020-06-05,16.03067970275879
2020-06-08,16.054656982421875
2020-06-09,16.086626052856445
2020-06-10,16.17452621459961
2020-06-11,16.142559051513672
2020-06-12,16.126577377319336
2020-06-15,16.13456153869629
2020-06-16,16.150550842285156
2020-06-17,16.126577377319336
2020-06-18,16.17452621459961
2020-06-19,16.198497772216797
2020-06-22,16.22246742248535
2020-06-23,16.238454818725586
2020-06-24,16.206483840942383
2020-06-25,16.214479446411133
2020-06-26,16.22246742248535
2020-06-29,16.25443458557129
2020-06-30,16.24643898010254
2020-07-01,16.238454818725586
2020-07-02,16.286399841308594
2020-07-06,16.302383422851562
2020-07-07,16.302383422851562
2020-07-08,16.286399841308594
2020-07-09,16.302383422851562
2020-07-10,16.286399841308594
2020-07-13,16.31037712097168
2020-07-14,16.31836700439453
2020-07-15,16.31836700439453
2020-07-16,16.334348678588867
2020-07-17,16.358325958251953
2020-07-20,16.374300003051758
2020-07-21,16.41426658630371
2020-07-22,16.41426658630371
2020-07-23,16.39828872680664
2020-07-24,16.38230323791504
2020-07-27,16.374300003051758
2020-07-28,16.39828872680664
2020-07-29,16.422250747680664
2020-07-30,16.438236236572266
2020-07-31,16.47020721435547
2020-08-03,16.49417495727539
2020-08-04,16.526142120361328
2020-08-05,16.55011749267578
2020-08-06,16.558115005493164
2020-08-07,16.534137725830078
2020-08-10,16.51815414428711
2020-08-11,16.502172470092773
2020-08-12,16.534137725830078
2020-08-13,16.510160446166992
2020-08-14,16.510160446166992
2020-08-17,16.534137725830078
2020-08-18,16.574087142944336
2020-08-19,16.534137725830078
2020-08-20,16.534137725830078
2020-08-21,16.558115005493164
2020-08-24,16.590078353881836
2020-08-25,16.598068237304688
2020-08-26,16.630033493041992
2020-08-27,16.606060028076172
2020-08-28,16.654001235961914
2020-08-31,16.677978515625
2020-09-01,16.681995391845703
2020-09-02,16.65793800354004
2020-09-03,16.625879287719727
2020-09-04,16.60182762145996
2020-09-08,16.60984230041504
2020-09-09,16.617855072021484
2020-09-10,16.625879287719727
2020-09-11,16.625879287719727
2020-09-14,16.617855072021484
2020-09-15,16.625879287719727
2020-09-16,16.64191436767578
2020-09-17,16.64191436767578
2020-09-18,16.63389015197754
2020-09-21,16.59380531311035
2020-09-22,16.60182762145996
2020-09-23,16.585798263549805
2020-09-24,16.569759368896484
2020-09-25,16.585798263549805
2020-09-28,16.625879287719727
2020-09-29,16.64191436767578
2020-09-30,16.617855072021484
2020-10-01,16.628318786621094
2020-10-02,16.620269775390625
2020-10-05,16.612228393554688
2020-10-06,16.612228393554688
2020-10-07,16.620269775390625
2020-10-08,16.66051483154297
2020-10-09,16.6524658203125
2020-10-12,16.66051483154297
2020-10-13,16.6444149017334
2020-10-14,16.6524658203125
2020-10-15,16.6444149017334
2020-10-16,16.6524658203125
2020-10-19,16.636367797851562
2020-10-20,16.636367797851562
2020-10-21,16.636367797851562
2020-10-22,16.628318786621094
2020-10-23,16.628318786621094
2020-10-26,16.636367797851562
2020-10-27,16.6444149017334
2020-10-28,16.628318786621094
2020-10-29,16.588077545166016
2020-10-30,16.555879592895508
2020-11-02,16.58815574645996
2020-11-03,16.58009147644043
2020-11-04,16.58815574645996
2020-11-05,16.596214294433594
2020-11-06,16.555889129638672
2020-11-09,16.54781723022461
2020-11-10,16.563949584960938
2020-11-11,16.572021484375
2020-11-12,16.58815574645996
2020-11-13,16.58815574645996
2020-11-16,16.58815574645996
2020-11-17,16.58815574645996
2020-11-18,16.596214294433594
2020-11-19,16.596214294433594
2020-11-20,16.612361907958984
2020-11-23,16.596214294433594
2020-11-24,16.628498077392578
2020-11-25,16.644636154174805
2020-11-27,16.668838500976562
2020-11-30,16.684974670410156
2020-12-01,16.6583309173584
2020-12-02,16.682552337646484
2020-12-03,16.722923278808594
2020-12-04,16.731002807617188
2020-12-07,16.755226135253906
2020-12-08,16.7632999420166
2020-12-09,16.7632999420166
2020-12-10,16.771379470825195
2020-12-11,16.77945327758789
2020-12-14,16.787521362304688
2020-12-15,16.81175422668457
2020-12-16,16.827899932861328
2020-12-17,16.835981369018555
2020-12-18,16.83677864074707
2020-12-21,16.828702926635742
2020-12-22,16.844863891601562
2020-12-23,16.844863891601562
2020-12-24,16.852956771850586
2020-12-28,16.861024856567383
2020-12-29,16.852956771850586
2020-12-30,16.869112014770508
2020-12-31,16.901447296142578
2021-01-04,16.9176082611084
2021-01-05,16.9176082611084
2021-01-06,16.901447296142578
2021-01-07,16.909526824951172
2021-01-08,16.869112014770508
2021-01-11,16.83677864074707
2021-01-12,16.852956771850586
2021-01-13,16.861024856567383
2021-01-14,16.877187728881836
2021-01-15,16.909526824951172
2021-01-19,16.933780670166016
2021-01-20,16.941858291625977
2021-01-21,16.990358352661133
2021-01-22,16.96611785888672
2021-01-25,16.990358352661133
2021-01-26,16.990358352661133
2021-01-27,16.990358352661133
2021-01-28,17.00652313232422
2021-01-29,16.998443603515625
2021-02-01,16.982276916503906
2021-02-02,16.998443603515625
2021-02-03,17.00652313232422
2021-02-04,16.998443603515625
2021-02-05,17.00652313232422
2021-02-08,17.014604568481445
2021-02-09,17.022687911987305
2021-02-10,17.03076934814453
2021-02-11,17.03885841369629
2021-02-12,17.022687911987305
2021-02-16,16.974185943603516
2021-02-17,16.95802116394043
2021-02-18,16.909526824951172
2021-02-19,16.869112014770508
2021-02-22,16.901447296142578
2021-02-23,16.909526824951172
2021-02-24,16.9176082611084
2021-02-25,16.731704711914062
2021-02-26,16.852956771850586
2021-03-01,16.854570388793945
2021-03-02,16.919231414794922
2021-03-03,16.894981384277344
2021-03-04,16.846481323242188
2021-03-05,16.854570388793945
2021-03-08,16.773725509643555
2021-03-09,16.83031463623047
2021-03-10,16.88690185546875
2021-03-11,16.935405731201172
2021-03-12,16.86264419555664
2021-03-15,16.894981384277344
2021-03-16,16.927318572998047
2021-03-17,16.927318572998047
2021-03-18,16.838396072387695
2021-03-19,16.83031463623047
2021-03-22,16.870729446411133
2021-03-23,16.88690185546875
2021-03-24,16.911148071289062
2021-03-25,16.919231414794922
2021-03-26,16.935405731201172
2021-03-29,16.9030704498291
2021-03-30,16.878807067871094
2021-03-31,16.870729446411133
2021-04-01,16.915315628051758
2021-04-05,16.882890701293945
2021-04-06,16.907201766967773
2021-04-07,16.931520462036133
2021-04-08,16.947738647460938
2021-04-09,16.931520462036133
2021-04-12,16.92340660095215
2021-04-13,16.963943481445312
2021-04-14,16.9720401763916
2021-04-15,17.02067756652832
2021-04-16,17.02067756652832
2021-04-19,17.012571334838867
2021-04-20,17.02067756652832
2021-04-21,17.02067756652832
2021-04-22,17.028779983520508
2021-04-23,17.036884307861328
2021-04-26,17.044992446899414
2021-04-27,17.044992446899414
2021-04-28,17.101728439331055
2021-04-29,17.109838485717773
2021-04-30,17.109838485717773
2021-05-03,17.16188621520996
2021-05-04,17.178152084350586
2021-05-05,17.251358032226562
2021-05-06,17.235092163085938
2021-05-07,17.26762580871582
2021-05-10,17.28388786315918
2021-05-11,17.25949478149414
2021-05-12,17.243221282958984
2021-05-13,17.235092163085938
2021-05-14,17.275754928588867
2021-05-17,17.29202651977539
2021-05-18,17.300161361694336
2021-05-19,17.19441795349121
2021-05-20,17.19441795349121
2021-05-21,17.210691452026367
2021-05-24,17.251358032226562
2021-05-25,17.26762580871582
2021-05-26,17.243221282958984
2021-05-27,17.243221282958984
2021-05-28,17.251358032226562
2021-06-01,17.2464542388916
2021-06-02,17.270971298217773
2021-06-03,17.221925735473633
2021-06-04,17.27914810180664
2021-06-07,17.2546329498291
2021-06-08,17.238271713256836
2021-06-09,17.221925735473633
2021-06-10,17.30367088317871
2021-06-11,17.2464542388916
2021-06-14,17.238271713256836
2021-06-15,17.26279640197754
2021-06-16,17.115671157836914
2021-06-17,17.156543731689453
2021-06-18,17.140199661254883
2021-06-21,17.14837074279785
2021-06-22,17.221925735473633
2021-06-23,17.23011016845703
2021-06-24,17.213754653930664
2021-06-25,17.23011016845703
2021-06-28,17.238271713256836
2021-06-29,17.2464542388916
2021-06-30,17.27914810180664
2021-07-01,17.274215698242188
2021-07-02,17.331785202026367
2021-07-06,17.35647201538086
2021-07-07,17.340024948120117
2021-07-08,17.340024948120117
2021-07-09,17.35647201538086
2021-07-12,17.38114356994629
2021-07-13,17.414052963256836
2021-07-14,17.4387264251709
2021-07-15,17.4798583984375
2021-07-16,17.4798583984375
2021-07-19,17.446958541870117
2021-07-20,17.463407516479492
2021-07-21,17.463407516479492
2021-07-22,17.488086700439453
2021-07-23,17.545665740966797
2021-07-26,17.61147117614746
2021-07-27,17.61147117614746
2021-07-28,17.660829544067383
2021-07-29,17.64436912536621
2021-07-30,17.677274703979492
2021-08-02,17.66734504699707
2021-08-03,17.692171096801758
2021-08-04,17.63425064086914
2021-08-05,17.59287452697754
2021-08-06,17.56804656982422
2021-08-09,17.551498413085938
2021-08-10,17.55977439880371
2021-08-11,17.59287452697754
2021-08-12,17.584596633911133
2021-08-13,17.609420776367188
2021-08-16,17.63425064086914
2021-08-17,17.60114860534668
2021-08-18,17.57631492614746
2021-08-19,17.55977439880371
2021-08-20,17.5101261138916
2021-08-23,17.56804656982422
2021-08-24,17.57631492614746
2021-08-25,17.584596633911133
2021-08-26,17.57631492614746
2021-08-27,17.66734504699707
2021-08-30,17.66734504699707
2021-08-31,17.63425064086914
2021-09-01,17.631750106811523
2021-09-02,17.648405075073242
2021-09-03,17.640073776245117
2021-09-07,17.631750106811523
2021-09-08,17.665063858032227
2021-09-09,17.71503257751465
2021-09-10,17.681716918945312
2021-09-13,17.681716918945312
2021-09-14,17.681716918945312
2021-09-15,17.681716918945312
2021-09-16,17.656734466552734
2021-09-17,17.631750106811523
2021-09-20,17.631750106811523
2021-09-21,17.6234188079834
2021-09-22,17.58177947998047
2021-09-23,17.565114974975586
2021-09-24,17.540128707885742
2021-09-27,17.556795120239258
2021-09-28,17.548460006713867
2021-09-29,17.540128707885742
2021-09-30,17.573444366455078
2021-10-01,17.602685928344727
2021-10-04,17.611042022705078
2021-10-05,17.64446449279785
2021-10-06,17.619396209716797
2021-10-07,17.619396209716797
2021-10-08,17.619396209716797
2021-10-11,17.619396209716797
2021-10-12,17.611042022705078
2021-10-13,17.661165237426758
2021-10-14,17.686233520507812
2021-10-15,17.661165237426758
2021-10-18,17.627748489379883
2021-10-19,17.611042022705078
2021-10-20,17.652814865112305
2021-10-21,17.677879333496094
2021-10-22,17.6945858001709
2021-10-25,17.74471092224121
2021-10-26,17.778133392333984
2021-10-27,17.80319595336914
2021-10-28,17.6945858001709
2021-10-29,17.6945858001709
2021-11-01,17.656982421875
2021-11-02,17.682052612304688
2021-11-03,17.690406799316406
2021-11-04,17.757253646850586
2021-11-05,17.790685653686523
2021-11-08,17.807403564453125
2021-11-09,17.87424659729004
2021-11-10,17.849180221557617
2021-11-11,17.840818405151367
2021-11-12,17.85753059387207
2021-11-15,17.88260841369629
2021-11-16,17.890966415405273
2021-11-17,17.907669067382812
2021-11-18,17.899320602416992
2021-11-19,17.824108123779297
2021-11-22,17.732189178466797
2021-11-23,17.715482711791992
2021-11-24,17.7489013671875
2021-11-26,17.790685653686523
2021-11-29,17.773967742919922
2021-11-30,17.740543365478516
2021-12-01,17.672794342041016
2021-12-02,17.681161880493164
2021-12-03,17.714618682861328
2021-12-06,17.68952178955078
2021-12-07,17.722984313964844
2021-12-08,17.731355667114258
2021-12-09,17.6644344329834
2021-12-10,17.68952178955078
2021-12-13,17.681161880493164
2021-12-14,17.62261390686035
2021-12-15,17.656070709228516
2021-12-16,17.70625114440918
2021-12-17,17.686857223510742
2021-12-20,17.686857223510742
2021-12-21,17.695289611816406
2021-12-22,17.720600128173828
2021-12-23,17.703725814819336
2021-12-27,17.754331588745117
2021-12-28,17.76276206970215
2021-12-29,17.788063049316406
2021-12-30,17.830242156982422
2021-12-31,17.813369750976562
2022-01-03,17.788063049316406
2022-01-04,17.76276206970215
2022-01-05,17.66155242919922
2022-01-06,17.59408187866211
2022-01-07,17.57720184326172
2022-01-10,17.57720184326172
2022-01-11,17.678421020507812
2022-01-12,17.60251235961914
2022-01-13,17.60251235961914
2022-01-14,17.551904678344727
2022-01-18,17.492862701416016
2022-01-19,17.467561721801758
2022-01-20,17.47599983215332
2022-01-21,17.543468475341797
2022-01-24,17.57720184326172
2022-01-25,17.57720184326172
2022-01-26,17.48442840576172
2022-01-27,17.501300811767578
2022-01-28,17.568771362304688
2022-01-31,17.59408187866211
2022-02-01,17.535764694213867
2022-02-02,17.544219970703125
2022-02-03,17.46816062927246
2022-02-04,17.40055274963379
2022-02-07,17.383651733398438
2022-02-08,17.366741180419922
2022-02-09,17.383651733398438
2022-02-10,17.282230377197266
2022-02-11,17.434358596801758
2022-02-14,17.4259033203125
2022-02-15,17.366741180419922
2022-02-16,17.37519645690918
2022-02-17,17.434358596801758
2022-02-18,17.46816062927246
2022-02-22,17.493513107299805
2022-02-23,17.535764694213867
2022-02-24,17.61182403564453
2022-02-25,17.578014373779297
2022-02-28,17.78084373474121
2022-03-01,17.900115966796875
2022-03-02,17.82398223876953
2022-03-03,17.790151596069336
2022-03-04,17.900115966796875
2022-03-07,17.967796325683594
2022-03-08,18.018552780151367
2022-03-09,17.88320541381836
2022-03-10,17.891664505004883
2022-03-11,17.97625732421875
2022-03-14,17.83245086669922
2022-03-15,17.747852325439453
2022-03-16,17.63788414001465
2022-03-17,17.815526962280273
2022-03-18,17.781681060791016
2022-03-21,17.671716690063477
2022-03-22,17.620960235595703
2022-03-23,17.756315231323242
2022-03-24,17.697092056274414
2022-03-25,17.61250114440918
2022-03-28,17.570201873779297
2022-03-29,17.494064331054688
2022-03-30,17.55328369140625
2022-03-31,17.494064331054688
2022-04-01,17.39444923400879
2022-04-04,17.385942459106445
2022-04-05,17.29228401184082
2022-04-06,17.258228302001953
2022-04-07,17.258228302001953
2022-04-08,17.29228401184082
2022-04-11,17.300798416137695
2022-04-12,17.317827224731445
2022-04-13,17.300798416137695
2022-04-14,17.300798416137695
2022-04-18,17.300798416137695
2022-04-19,17.224170684814453
2022-04-20,17.309310913085938
2022-04-21,17.368907928466797
2022-04-22,17.334850311279297
2022-04-25,17.334850311279297
2022-04-26,17.377426147460938
2022-04-27,17.377426147460938
2022-04-28,17.419998168945312
2022-04-29,17.317827224731445
2022-05-02,17.133455276489258
2022-05-03,17.167760848999023
2022-05-04,17.279232025146484
2022-05-05,17.167760848999023
2022-05-06,17.159181594848633
2022-05-09,17.090585708618164
2022-05-10,17.030553817749023
2022-05-11,17.142030715942383
2022-05-12,17.11630630493164
2022-05-13,17.193479537963867
2022-05-16,17.227783203125
2022-05-17,17.167760848999023
2022-05-18,17.236358642578125
2022-05-19,17.21921157836914
2022-05-20,17.21921157836914
2022-05-23,17.18490982055664
2022-05-24,17.253511428833008
2022-05-25,17.279232025146484
2022-05-26,17.339263916015625
2022-05-27,17.390716552734375
2022-05-31,17.313539505004883
2022-06-01,17.216394424438477
2022-06-02,17.277103424072266
2022-06-03,17.329151153564453
2022-06-06,17.268444061279297
2022-06-07,17.29445457458496
2022-06-08,17.277103424072266
2022-06-09,17.268444061279297
2022-06-10,17.20772933959961
2022-06-13,16.982221603393555
2022-06-14,16.7653865814209
2022-06-15,16.973546981811523
2022-06-16,16.9128360748291
2022-06-17,16.904165267944336
2022-06-21,16.869468688964844
2022-06-22,16.938852310180664
2022-06-23,16.990888595581055
2022-06-24,17.01691436767578
2022-06-27,16.921506881713867
2022-06-28,16.886810302734375
2022-06-29,16.860797882080078
2022-06-30,16.87813949584961
2022-07-01,17.09939956665039
2022-07-05,17.05583953857422
2022-07-06,16.91646385192871
2022-07-07,16.890335083007812
2022-07-08,16.91646385192871
2022-07-11,16.93389320373535
2022-07-12,16.91646385192871
2022-07-13,16.942604064941406
2022-07-14,16.907756805419922
2022-07-15,17.00357437133789
2022-07-18,17.00357437133789
2022-07-19,16.986154556274414
2022-07-20,16.977441787719727
2022-07-21,17.047130584716797
2022-07-22,17.160367965698242
2022-07-25,17.151662826538086
2022-07-26,17.160367965698242
2022-07-27,17.247480392456055
2022-07-28,17.412986755371094
2022-07-29,17.491384506225586
2022-08-01,17.482589721679688
2022-08-02,17.31559181213379
2022-08-03,17.350749969482422
2022-08-04,17.37712287902832
2022-08-05,17.22769546508789
2022-08-08,17.289222717285156
2022-08-09,17.271650314331055
2022-08-10,17.254064559936523
2022-08-11,17.254064559936523
2022-08-12,17.289222717285156
2022-08-15,17.31559181213379
2022-08-16,17.280433654785156
2022-08-17,17.245281219482422
2022-08-18,17.306804656982422
2022-08-19,17.280433654785156
2022-08-22,17.262849807739258
2022-08-23,17.298015594482422
2022-08-24,17.298015594482422
2022-08-25,17.333171844482422
2022-08-26,17.298015594482422
2022-08-29,17.245281219482422
2022-08-30,17.201322555541992
2022-08-31,17.08706283569336
2022-09-01,16.975845336914062
2022-09-02,17.04703140258789
2022-09-06,16.966949462890625
2022-09-07,16.984743118286133
2022-09-08,16.93136215209961
2022-09-09,16.94025421142578
2022-09-12,16.913564682006836
2022-09-13,16.860179901123047
2022-09-14,16.886878967285156
2022-09-15,16.806795120239258
2022-09-16,16.780109405517578
2022-09-19,16.700035095214844
2022-09-20,16.67333984375
2022-09-21,16.682233810424805
2022-09-22,16.530982971191406
2022-09-23,16.45981216430664
2022-09-26,16.264074325561523
2022-09-27,16.23737907409668
2022-09-28,16.468704223632812
2022-09-29,16.281862258911133
2022-09-30,16.2017879486084
2022-10-03,16.38862419128418
2022-10-04,16.442014694213867
2022-10-05,16.353042602539062
2022-10-06,16.31745719909668
2022-10-07,16.31745719909668
2022-10-10,16.27297019958496
2022-10-11,16.32634735107422
2022-10-12,16.32634735107422
2022-10-13,16.32634735107422
2022-10-14,16.31745719909668
2022-10-17,16.353042602539062
2022-10-18,16.32634735107422
2022-10-19,16.25517463684082
2022-10-20,16.24627685546875
2022-10-21,16.32634735107422
2022-10-24,16.353042602539062
2022-10-25,16.379728317260742
2022-10-26,16.370834350585938
2022-10-27,16.45981216430664
2022-10-28,16.42422103881836
2022-10-31,16.397533416748047
2022-11-01,16.397533416748047
2022-11-02,16.379728317260742
2022-11-03,16.23737907409668
2022-11-04,16.29076385498047
2022-11-07,16.31745719909668
2022-11-08,16.32634735107422
2022-11-09,16.30855941772461
2022-11-10,16.486501693725586
2022-11-11,16.486501693725586
2022-11-14,16.397533416748047
2022-11-15,16.45090675354004
2022-11-16,16.486501693725586
2022-11-17,16.397533416748047
2022-11-18,16.32634735107422
2022-11-21,16.397533416748047
2022-11-22,16.42422103881836
2022-11-23,16.47760581970215
2022-11-25,16.468704223632812
2022-11-28,16.45090675354004
2022-11-29,16.415325164794922
2022-11-30,16.602163314819336
2022-12-01,16.71532440185547
2022-12-02,16.78660774230957
2022-12-05,16.635133743286133
2022-12-06,16.635133743286133
2022-12-07,16.661861419677734
2022-12-08,16.652950286865234
2022-12-09,16.56385040283203
2022-12-12,16.57276153564453
2022-12-13,16.635133743286133
2022-12-14,16.608400344848633
2022-12-15,16.5994930267334
2022-12-16,16.546037673950195
2022-12-19,16.524614334106445
2022-12-20,16.51569175720215
2022-12-21,16.587074279785156
2022-12-22,16.524614334106445
2022-12-23,16.50677490234375
2022-12-27,16.4532413482666
2022-12-28,16.4532413482666
2022-12-29,16.480009078979492
2022-12-30,16.462158203125
2023-01-03,16.480009078979492
2023-01-04,16.48892593383789
2023-01-05,16.471073150634766
2023-01-06,16.587074279785156
2023-01-09,16.61384391784668
2023-01-10,16.578149795532227
2023-01-11,16.61384391784668
2023-01-12,16.711992263793945
2023-01-13,16.640607833862305
2023-01-17,16.61384391784668
2023-01-18,16.69414710998535
2023-01-19,16.75660514831543
2023-01-20,16.69414710998535
2023-01-23,16.69414710998535
2023-01-24,16.72983741760254
2023-01-25,16.76552391052246
2023-01-26,16.774446487426758
2023-01-27,16.738759994506836
2023-01-30,16.676300048828125
2023-01-31,16.69414710998535
2023-02-01,16.79229164123535
2023-02-02,16.774446487426758
2023-02-03,16.658456802368164
2023-02-06,16.578149795532227
2023-02-07,16.631689071655273
2023-02-08,16.69414710998535
2023-02-09,16.640607833862305
2023-02-10,16.60492515563965
2023-02-13,16.61384391784668
2023-02-14,16.560302734375
2023-02-15,16.560302734375
2023-02-16,16.551387786865234
2023-02-17,16.560302734375
2023-02-21,16.50677490234375
2023-02-22,16.497846603393555
2023-02-23,16.542465209960938
2023-02-24,16.462158203125
2023-02-27,16.48892593383789
2023-02-28,16.53353500366211
2023-03-01,16.48892593383789
2023-03-02,16.497846603393555
2023-03-03,16.60492515563965
2023-03-06,16.569231033325195
2023-03-07,16.444316864013672
2023-03-08,16.399700164794922
2023-03-09,16.444316864013672
2023-03-10,16.587074279785156
2023-03-13,16.7476806640625
2023-03-14,16.69414710998535
2023-03-15,16.854755401611328
2023-03-16,16.703065872192383
2023-03-17,16.76552391052246
2023-03-20,16.76552391052246
2023-03-21,16.720911026000977
2023-03-22,16.917207717895508
2023-03-23,16.97074317932129
2023-03-24,16.92613410949707
2023-03-27,16.82798194885254
2023-03-28,16.863672256469727
2023-03-29,16.88152503967285
2023-03-30,16.908288955688477
2023-03-31,16.979665756225586
2023-04-03,17.009336471557617
2023-04-04,17.05428695678711
2023-04-05,17.081254959106445
2023-04-06,17.099241256713867
2023-04-10,17.000347137451172
2023-04-11,17.009336471557617
2023-04-12,17.000347137451172
2023-04-13,16.98236656188965
2023-04-14,16.928422927856445
2023-04-17,16.883474349975586
2023-04-18,16.89246368408203
2023-04-19,16.883474349975586
2023-04-20,16.91943359375
2023-04-21,16.91943359375
2023-04-24,16.98236656188965
2023-04-25,17.063278198242188
2023-04-26,17.01832389831543
2023-04-27,16.95539665222168
2023-04-28,17.009336471557617
2023-05-01,16.89998435974121
2023-05-02,17.008432388305664
2023-05-03,17.080732345581055
2023-05-04,17.080732345581055
2023-05-05,17.044578552246094
2023-05-08,17.01746940612793
2023-05-09,16.9993896484375
2023-05-10,17.026504516601562
2023-05-11,17.044578552246094
2023-05-12,16.981319427490234
2023-05-15,16.981319427490234
2023-05-16,16.927091598510742
2023-05-17,16.927091598510742
2023-05-18,16.88191032409668
2023-05-19,16.84575843811035
2023-05-22,16.82768440246582
2023-05-23,16.84575843811035
2023-05-24,16.800575256347656
2023-05-25,16.71923828125
2023-05-26,16.73731231689453
2023-05-30,16.791528701782227
2023-05-31,16.80961036682129
2023-06-01,16.831361770629883
2023-06-02,16.758848190307617
2023-06-05,16.795108795166016
2023-06-06,16.786041259765625
2023-06-07,16.749784469604492
2023-06-08,16.804170608520508
2023-06-09,16.758848190307617
2023-06-12,16.76791763305664
2023-06-13,16.68634033203125
2023-06-14,16.713533401489258
2023-06-15,16.804170608520508
2023-06-16,16.76791763305664
2023-06-20,16.786041259765625
2023-06-21,16.786041259765625
2023-06-22,16.740724563598633
2023-06-23,16.76791763305664
2023-06-26,16.76791763305664
2023-06-27,16.731657028198242
2023-06-28,16.76791763305664
2023-06-29,16.68634033203125
2023-06-30,16.731657028198242
2023-07-03,16.70433807373047
2023-07-05,16.667905807495117
2023-07-06,16.5859317779541
2023-07-07,16.60414695739746
2023-07-10,16.649686813354492
2023-07-11,16.622360229492188
2023-07-12,16.76808738708496
2023-07-13,16.84095573425293
2023-07-14,16.77720069885254
2023-07-17,16.78631019592285
2023-07-18,16.77720069885254
2023-07-19,16.804527282714844
2023-07-20,16.795413970947266
2023-07-21,16.813636779785156
2023-07-24,16.804527282714844
2023-07-25,16.78631019592285
2023-07-26,16.82274627685547
2023-07-27,16.731658935546875
2023-07-28,16.77720069885254
2023-07-31,16.804527282714844
2023-08-01,16.736051559448242
2023-08-02,16.717784881591797
2023-08-03,16.66300392150879
2023-08-04,16.79082679748535
2023-08-07,16.8090877532959
2023-08-08,16.8090877532959
2023-08-09,16.799959182739258
2023-08-10,16.72692108154297
2023-08-11,16.717784881591797
2023-08-14,16.68126678466797
2023-08-15,16.644742965698242
2023-08-16,16.59909439086914
2023-08-17,16.61735725402832
2023-08-18,16.626476287841797
2023-08-21,16.59909439086914
2023-08-22,16.60822296142578
2023-08-23,16.690397262573242
2023-08-24,16.66300392150879
2023-08-25,16.644742965698242
2023-08-28,16.66300392150879
2023-08-29,16.717784881591797
2023-08-30,16.70865821838379
2023-08-31,16.74517822265625
2023-09-01,16.699377059936523
2023-09-05,16.681058883666992
2023-09-06,16.6444149017334
2023-09-07,16.699377059936523
2023-09-08,16.708538055419922
2023-09-11,16.717700958251953
2023-09-12,16.726858139038086
2023-09-13,16.736019134521484
2023-09-14,16.717700958251953
2023-09-15,16.699377059936523
2023-09-18,16.717700958251953
2023-09-19,16.681058883666992
2023-09-20,16.6444149017334
2023-09-21,16.61693572998047
2023-09-22,16.65357208251953
2023-09-25,16.580291748046875
2023-09-26,16.552804946899414
2023-09-27,16.53448486328125
2023-09-28,16.589448928833008
2023-09-29,16.561973571777344
2023-10-02,16.50231170654297
2023-10-03,16.428884506225586
2023-10-04,16.456424713134766
2023-10-05,16.483957290649414
2023-10-06,16.43806266784668
2023-10-09,16.55738067626953
2023-10-10,16.548206329345703
2023-10-11,16.58491325378418
2023-10-12,16.548206329345703
2023-10-13,16.621623992919922
2023-10-16,16.58491325378418
2023-10-17,16.511486053466797
2023-10-18,16.50231170654297
2023-10-19,16.511486053466797
2023-10-20,16.55738067626953
2023-10-23,16.548206329345703
2023-10-24,16.539026260375977
2023-10-25,16.511486053466797
2023-10-26,16.566556930541992
2023-10-27,16.612451553344727
2023-10-30,16.58491325378418
2023-10-31,16.55738067626953
2023-11-01,16.6560001373291
2023-11-02,16.68366241455078
2023-11-03,16.766620635986328
2023-11-06,16.72974967956543
2023-11-07,16.73896598815918
2023-11-08,16.73896598815918
2023-11-09,16.6560001373291
2023-11-10,16.66522789001465
2023-11-13,16.6560001373291
2023-11-14,16.775835037231445
2023-11-15,16.720535278320312
2023-11-16,16.766620635986328
2023-11-17,16.775835037231445
2023-11-20,16.812707901000977
2023-11-21,16.794269561767578
2023-11-22,16.794269561767578
2023-11-24,16.75739860534668
2023-11-27,16.775835037231445
2023-11-28,16.849573135375977
2023-11-29,16.904878616333008
2023-11-30,16.868009567260742
2023-12-01,16.942922592163086
2023-12-04,16.88743782043457
2023-12-05,16.933673858642578
2023-12-06,16.924428939819336
2023-12-07,16.933673858642578
2023-12-08,16.896678924560547
2023-12-11,16.88743782043457
2023-12-12,16.88743782043457
2023-12-13,17.072397232055664
2023-12-14,17.201873779296875
2023-12-15,17.155628204345703
2023-12-18,17.137136459350586
2023-12-19,17.137136459350586
2023-12-20,17.1926326751709
2023-12-21,17.183380126953125
2023-12-22,17.12788963317871
2023-12-26,17.16488265991211
2023-12-27,17.2296199798584
2023-12-28,17.1926326751709
2023-12-29,17.1926326751709
2024-01-02,17.16488265991211
2024-01-03,17.1926326751709
2024-01-04,17.137136459350586
2024-01-05,17.10014533996582
2024-01-08,17.12788963317871
2024-01-09,17.12788963317871
2024-01-10,17.11863899230957
2024-01-11,17.183380126953125
2024-01-12,17.257366180419922
2024-01-16,17.183380126953125
2024-01-17,17.155628204345703
2024-01-18,17.16488265991211
2024-01-19,17.146385192871094
2024-01-22,17.155628204345703
2024-01-23,17.137136459350586
2024-01-24,17.10014533996582
2024-01-25,17.16488265991211
2024-01-26,17.146385192871094
2024-01-29,17.1926326751709
2024-01-30,17.17413330078125
2024-01-31,17.257366180419922
2024-02-01,17.257366180419922
2024-02-02,17.137136459350586
2024-02-05,17.072397232055664
2024-02-06,17.137136459350586
2024-02-07,17.109390258789062
2024-02-08,17.10014533996582
2024-02-09,17.072397232055664
2024-02-12,17.081645965576172
2024-02-13,17.016910552978516
2024-02-14,17.05390167236328
2024-02-15,17.081645965576172
2024-02-16,17.06315040588379
2024-02-20,17.081645965576172
2024-02-21,17.06315040588379
2024-02-22,17.026159286499023
2024-02-23,17.044652938842773
2024-02-26,17.05390167236328
2024-02-27,17.044652938842773
2024-02-28,17.081645965576172
2024-02-29,17.11863899230957
2024-03-01,17.183380126953125
2024-03-04,17.16488265991211
2024-03-05,17.1926326751709
2024-03-06,17.211124420166016
2024-03-07,17.22037124633789
2024-03-08,17.238868713378906
2024-03-11,17.211124420166016
2024-03-12,17.1926326751709
2024-03-13,17.16488265991211
2024-03-14,17.10014533996582
2024-03-15,17.10014533996582
2024-03-18,17.081645965576172
2024-03-19,17.109390258789062
2024-03-20,17.16488265991211
2024-03-21,17.1926326751709
2024-03-22,17.2296199798584
2024-03-25,17.201873779296875
2024-03-26,17.211124420166016
2024-03-27,17.238868713378906
2024-03-28,17.238868713378906
2024-04-01,17.16444206237793
2024-04-02,17.16444206237793
2024-04-03,17.183048248291016
2024-04-04,17.220260620117188
2024-04-05,17.19234848022461
2024-04-08,17.16444206237793
2024-04-09,17.19234848022461
2024-04-10,17.080720901489258
2024-04-11,17.080720901489258
2024-04-12,17.117923736572266
2024-04-15,17.099319458007812
2024-04-16,17.062108993530273
2024-04-17,17.099319458007812
2024-04-18,17.071407318115234
2024-04-19,17.099319458007812
2024-04-22,17.099319458007812
2024-04-23,17.117923736572266
2024-04-24,17.09001922607422
2024-04-25,17.071407318115234
2024-04-26,17.099319458007812
2024-04-29,17.108617782592773
2024-04-30,17.062108993530273
2024-05-01,17.085512161254883
2024-05-02,17.151042938232422
2024-05-03,17.18849754333496
2024-05-06,17.18849754333496
2024-05-07,17.179126739501953
2024-05-08,17.179126739501953
2024-05-09,17.21657371520996
2024-05-10,17.207218170166016
2024-05-13,17.207218170166016
2024-05-14,17.23530387878418
2024-05-15,17.291475296020508
2024-05-16,17.272750854492188
2024-05-17,17.254024505615234
2024-05-20,17.263389587402344
2024-05-21,17.28211212158203
2024-05-22,17.28211212158203
2024-05-23,17.22593879699707
2024-05-24,17.254024505615234
2024-05-28,17.22593879699707
2024-05-29,17.197856903076172
2024-05-30,17.254024505615234
2024-05-31,17.291475296020508
2024-06-03,17.33296775817871
2024-06-04,17.370689392089844
2024-06-05,17.39898109436035
2024-06-06,17.39898109436035
2024-06-07,17.295244216918945
2024-06-10,17.285818099975586
2024-06-11,17.314111709594727
2024-06-12,17.33296775817871
2024-06-13,17.38011932373047
2024-06-14,17.38011932373047
2024-06-17,17.370689392089844
2024-06-18,17.427270889282227
2024-06-20,17.427270889282227
2024-06-21,17.427270889282227
2024-06-24,17.427270889282227
2024-06-25,17.427270889282227
2024-06-26,17.408409118652344
2024-06-27,17.436702728271484
2024-06-28,17.427270889282227
2024-07-01,17.38558006286621
2024-07-02,17.4045352935791
2024-07-03,17.44243049621582
2024-07-05,17.508752822875977
2024-07-08,17.4992733001709
2024-07-09,17.48980140686035
2024-07-10,17.508752822875977
2024-07-11,17.54665184020996
2024-07-12,17.56559944152832
2024-07-15,17.56559944152832
2024-07-16,17.59402084350586
2024-07-17,17.603498458862305
2024-07-18,17.5750675201416
2024-07-19,17.54665184020996
2024-07-22,17.53717613220215
2024-07-23,17.53717613220215
2024-07-24,17.5277042388916
2024-07-25,17.54665184020996
2024-07-26,17.5750675201416
2024-07-29,17.584548950195312
2024-07-30,17.59402084350586
2024-07-31,17.679288864135742
2024-08-01,17.694486618041992
2024-08-02,17.751480102539062
2024-08-05,17.770471572875977
2024-08-06,17.7039852142334
2024-08-07,17.675493240356445
2024-08-08,17.665996551513672
2024-08-09,17.694486618041992
2024-08-12,17.72298240661621
2024-08-13,17.770471572875977
2024-08-14,17.751480102539062
2024-08-15,17.713483810424805
2024-08-16,17.7039852142334
2024-08-19,17.7039852142334
2024-08-20,17.760974884033203
2024-08-21,17.789464950561523
2024-08-22,17.751480102539062
2024-08-23,17.827457427978516
2024-08-26,17.836957931518555
2024-08-27,17.846454620361328
2024-08-28,17.846454620361328
2024-08-29,17.827457427978516
2024-08-30,17.798967361450195
2024-09-03,17.798009872436523
2024-09-04,17.82652473449707
2024-09-05,17.845523834228516
2024-09-06,17.87403678894043
2024-09-09,17.87403678894043
2024-09-10,17.921546936035156
2024-09-11,17.931047439575195
2024-09-12,17.950048446655273
2024-09-13,17.99756622314453
2024-09-16,18.01656723022461
2024-09-17,18.026071548461914
2024-09-18,17.978559494018555
2024-09-19,18.035579681396484
2024-09-20,18.035579681396484
2024-09-23,18.01656723022461
2024-09-24,18.0640811920166
2024-09-25,18.026071548461914
2024-09-26,17.99756622314453
2024-09-27,18.026071548461914
2024-09-30,18.00706672668457
2024-10-01,18.06133460998535
2024-10-02,18.06133460998535
2024-10-03,18.00421142578125
2024-10-04,17.889963150024414
2024-10-07,17.889963150024414
2024-10-08,17.899478912353516
2024-10-09,17.880434036254883
2024-10-10,17.93756675720215
2024-10-11,17.93756675720215
2024-10-14,17.92804718017578
2024-10-15,17.91851806640625
2024-10-16,17.91851806640625
2024-10-17,17.889963150024414
2024-10-18,17.91851806640625
2024-10-21,17.851877212524414
2024-10-22,17.851877212524414
2024-10-23,17.804271697998047
2024-10-24,17.813791275024414
2024-10-25,17.79474639892578
2024-10-28,17.75666618347168
2024-10-29,17.78523063659668
2024-10-30,17.78523063659668
2024-10-31,17.78523063659668
2024-11-01,17.735671997070312
2024-11-04,17.735671997070312
2024-11-05,17.75472640991211
2024-11-06,17.773792266845703
2024-11-07,17.802383422851562
2024-11-08,17.830974578857422
2024-11-11,17.773792266845703
2024-11-12,17.726144790649414
2024-11-13,17.71661376953125
2024-11-14,17.707077026367188
2024-11-15,17.71661376953125
2024-11-18,17.764265060424805
2024-11-19,17.783321380615234
2024-11-20,17.773792266845703
2024-11-21,17.764265060424805
2024-11-22,17.773792266845703
2024-11-25,17.821441650390625
2024-11-26,17.783321380615234
2024-11-27,17.830974578857422
2024-11-29,17.869091033935547
2024-12-02,17.861454010009766
2024-12-03,17.861454010009766
2024-12-04,17.909210205078125
2024-12-05,17.880556106567383
2024-12-06,17.909210205078125
2024-12-09,17.880556106567383
2024-12-10,17.890104293823242
2024-12-11,17.871004104614258
2024-12-12,17.842350006103516
2024-12-13,17.804141998291016
2024-12-16,17.804141998291016
2024-12-17,17.775489807128906
2024-12-18,17.67997169494629
2024-12-19,17.645469665527344
2024-12-20,17.674222946166992
2024-12-23,17.674222946166992
2024-12-24,17.683807373046875
2024-12-26,17.683807373046875
2024-12-27,17.674222946166992
2024-12-30,17.72214698791504
2024-12-31,17.72214698791504
2025-01-02,17.741313934326172
2025-01-03,17.72214698791504
2025-01-06,17.702972412109375
2025-01-07,17.702972412109375
2025-01-08,17.73172950744629
2025-01-10,17.693389892578125
2025-01-13,17.693389892578125
2025-01-14,17.702972412109375
2025-01-15,17.808406829833984
2025-01-16,17.827579498291016
2025-01-17,17.827579498291016
2025-01-21,17.8179931640625
2025-01-22,17.7988224029541
2025-01-23,17.827579498291016
2025-01-24,17.84674835205078
2025-01-27,17.885086059570312
2025-01-28,17.913841247558594
2025-01-29,17.89466667175293
2025-01-30,17.913841247558594
2025-01-31,17.933012008666992
2025-02-03,17.96272087097168
2025-02-04,17.98189353942871
2025-02-05,18.020235061645508
2025-02-06,18.001060485839844
2025-02-07,17.953136444091797
2025-02-10,17.98189353942871
2025-02-11,17.98189353942871
2025-02-12,17.914794921875
2025-02-13,17.97231101989746
2025-02-14,18.010650634765625
2025-02-18,17.97231101989746
2025-02-19,18.001060485839844
2025-02-20,18.029821395874023
2025-02-21,18.048992156982422
2025-02-24,18.077743530273438
2025-02-25,18.125673294067383
2025-02-26,18.135257720947266
2025-02-27,18.144845962524414
2025-02-28,18.23111343383789
2025-03-03,18.256052017211914
2025-03-04,18.23686408996582
2025-03-05,18.16012191772461
2025-03-06,18.150524139404297
2025-03-07,18.150524139404297
2025-03-10,18.227270126342773
2025-03-11,18.17930793762207
2025-03-12,18.17930793762207
2025-03-13,18.17930793762207
2025-03-14,18.140932083129883
2025-03-17,18.150524139404297
2025-03-18,18.16971778869629
2025-03-19,18.217681884765625
2025-03-20,18.256052017211914
2025-03-21,18.256052017211914
2025-03-24,18.227270126342773
2025-03-25,18.256052017211914
2025-03-26,18.2464599609375
2025-03-27,18.284832000732422
2025-03-28,18.371173858642578
2025-03-31,18.409547805786133
2025-04-01,18.40665626525879
2025-04-02,18.38737678527832
2025-04-03,18.522296905517578
2025-04-04,18.4548397064209
2025-04-07,18.31028175354004
2025-04-08,18.329559326171875
2025-04-09,18.31991958618164
2025-04-10,18.175365447998047
2025-04-11,18.146455764770508
2025-04-14,18.22355079650879
2025-04-15,18.22355079650879
2025-04-16,18.252466201782227
2025-04-17,18.31028175354004
2025-04-21,18.262100219726562
2025-04-22,18.31991958618164
2025-04-23,18.329559326171875
2025-04-24,18.39701271057129
2025-04-25,18.416290283203125
2025-04-28,18.483749389648438
2025-04-29,18.483749389648438
2025-04-30,18.522296905517578
2025-05-01,18.475791931152344
2025-05-02,18.388599395751953
2025-05-05,18.378910064697266
2025-05-06,18.427352905273438
2025-05-07,18.44672966003418
2025-05-08,18.398284912109375
2025-05-09,18.407974243164062
2025-05-12,18.282024383544922
2025-05-13,18.31109046936035
2025-05-14,18.30139923095703
2025-05-15,18.35953140258789
2025-05-16,18.378910064697266
2025-05-19,18.378910064697266
2025-05-20,18.378910064697266
2025-05-21,18.330467224121094
2025-05-22,18.349843978881836
2025-05-23,18.378910064697266
2025-05-27,18.407974243164062
2025-05-28,18.378910064697266
2025-05-29,18.407974243164062
2025-05-30,18.456417083740234
2025-06-02,18.417539596557617
2025-06-03,18.388383865356445
2025-06-04,18.446699142456055
2025-06-05,18.388383865356445
2025-06-06,18.3300724029541
2025-06-09,18.349506378173828
2025-06-10,18.3300724029541
2025-06-11,18.378665924072266
2025-06-12,18.388383865356445
2025-06-13,18.398103713989258
2025-06-16,18.378665924072266
2025-06-17,18.436979293823242
2025-06-18,18.466135025024414
2025-06-20,18.48557472229004
2025-06-23,18.50501251220703
2025-06-24,18.514732360839844
2025-06-25,18.543888092041016
2025-06-26,18.582763671875
2025-06-27,18.56332778930664
2025-06-30,18.602201461791992
2025-07-01,18.57586097717285
2025-07-02,18.57586097717285
2025-07-03,18.566104888916016
2025-07-07,18.556346893310547
2025-07-08,18.546592712402344
2025-07-09,18.59537124633789
2025-07-10,18.585615158081055
2025-07-11,18.59537124633789
2025-07-14,18.605127334594727
2025-07-15,18.57586097717285
2025-07-16,18.634395599365234
2025-07-17,18.634395599365234
2025-07-18,18.65390968322754
2025-07-21,18.683181762695312
2025-07-22,18.71245002746582
2025-07-23,18.644153594970703
2025-07-24,18.65390968322754
2025-07-25,18.65390968322754
2025-07-28,18.65390968322754
2025-07-29,18.71245002746582
2025-07-30,18.673419952392578
2025-07-31,18.634395599365234
2025-08-01,18.748886108398438
2025-08-04,18.78803062438965
2025-08-05,18.778242111206055
2025-08-06,18.768457412719727
2025-08-07,18.778242111206055
2025-08-08,18.768457412719727
2025-08-11,18.78803062438965
2025-08-12,18.778242111206055
2025-08-13,18.817384719848633
2025-08-14,18.778242111206055
2025-08-15,18.75867462158203
2025-08-18,18.748886108398438
2025-08-19,18.768457412719727
2025-08-20,18.778242111206055
2025-08-21,18.778242111206055
2025-08-22,18.885883331298828
2025-08-25,18.866313934326172
2025-08-26,18.925025939941406
2025-08-27,18.973955154418945
2025-08-28,18.954381942749023
2025-08-29,18.96416473388672
2025-09-02,18.929765701293945
2025-09-03,18.959253311157227
2025-09-04,18.969079971313477
2025-09-05,19.01822280883789
2025-09-08,19.028051376342773
2025-09-09,19.01822280883789
2025-09-10,19.028051376342773
2025-09-11,19.037879943847656
2025-09-12,19.01822280883789
2025-09-15,19.01822280883789
2025-09-16,19.04770851135254
2025-09-17,19.01822280883789
2025-09-18,18.998565673828125
2025-09-19,18.97890853881836
2025-09-22,18.969079971313477
2025-09-23,18.97890853881836
2025-09-24,18.969079971313477
2025-09-25,18.929765701293945
2025-09-26,18.929765701293945
2025-09-29,18.939598083496094
2025-09-30,18.959253311157227
2025-10-01,18.976001739501953
2025-10-02,18.976001739501953
2025-10-03,18.946443557739258
2025-10-06,18.93659210205078
2025-10-07,18.976001739501953
2025-10-08,18.976001739501953
2025-10-09,18.966150283813477
2025-10-10,19.015411376953125
2025-10-13,19.04496955871582
2025-10-14,19.0252628326416
2025-10-15,19.015411376953125
2025-10-16,19.04496955871582
2025-10-17,19.0252628326416
2025-10-20,19.0252628326416
2025-10-21,19.064674377441406
2025-10-22,19.084381103515625
2025-10-23,19.04496955871582
2025-10-24,19.04496955871582
2025-10-27,19.03511619567871
2025-10-28,19.04496955871582
2025-10-29,18.946443557739258
2025-10-30,18.956295013427734
2025-10-31,18.976001739501953
2025-11-03,18.96908187866211
2025-11-04,18.97896957397461
2025-11-05,18.92954444885254
2025-11-06,18.959197998046875
2025-11-07,18.98885154724121
2025-11-10,18.96908187866211
2025-11-11,19.028392791748047
2025-11-12,18.98885154724121
2025-11-13,18.97896957397461
2025-11-14,18.96908187866211
2025-11-17,18.96908187866211
2025-11-18,18.98885154724121
2025-11-19,18.96908187866211
2025-11-20,18.97896957397461
2025-11-21,19.018505096435547
2025-11-24,19.018505096435547
2025-11-25,19.03827667236328
2025-11-26,19.06793212890625
2025-11-28,19.04816246032715
2025-12-01,19.004518508911133
2025-12-02,19.004518508911133
2025-12-03,19.03427505493164
2025-12-04,19.024356842041016
2025-12-05,19.004518508911133
2025-12-08,18.974761962890625
2025-12-09,18.935087203979492
2025-12-10,18.994600296020508
2025-12-11,18.994600296020508
2025-12-12,18.974761962890625
2025-12-15,18.96484375
2025-12-16,18.954925537109375
2025-12-17,18.98468017578125
2025-12-18,19.01055908203125
2025-12-19,18.980697631835938
2025-12-22,18.960792541503906
2025-12-23,18.960792541503906
2025-12-24,18.990652084350586
2025-12-26,19.0006046295166
2025-12-29,19.01055908203125
2025-12-30,19.020511627197266
2025-12-31,18.990652084350586
2026-01-02,18.990652084350586
2026-01-05,19.01055908203125
2026-01-06,19.020511627197266
2026-01-07,19.040416717529297
2026-01-08,19.020511627197266
2026-01-09,19.020511627197266
2026-01-12,19.020511627197266
2026-01-13,19.03046417236328
2026-01-14,19.06032371520996
2026-01-15,19.01055908203125
2026-01-16,19.0006046295166
2026-01-20,18.970745086669922
2026-01-21,19.01055908203125
2026-01-22,18.990652084350586
2026-01-23,19.03046417236328
2026-01-26,19.03046417236328
2026-01-27,19.050369262695312
2026-01-28,19.070276260375977
2026-01-29,19.09018325805664
2026-01-30,19.100135803222656
2026-02-02,19.06032371520996
2026-02-03,19.080230712890625
2026-02-04,19.050369262695312
2026-02-05,19.09018325805664
2026-02-06,19.100135803222656
2026-02-09,19.110090255737305
2026-02-10,19.149900436401367
2026-02-11,19.110090255737305
2026-02-12,19.15985679626465
2026-02-13,19.179763793945312
2026-02-17,19.13994789123535
2026-02-18,19.149900436401367
2026-02-19,19.149900436401367
2026-02-20,19.149900436401367
2026-02-23,19.169809341430664
2026-02-24,19.169809341430664
2026-02-25,19.179763793945312
2026-02-26,19.229528427124023
2026-02-27,19.259387969970703
2026-03-02,19.210590362548828
2026-03-03,19.20063018798828
2026-03-04,19.18071174621582
2026-03-05,19.18071174621582
2026-03-06,19.230504989624023
2026-03-09,19.24046516418457
2026-03-10,19.210590362548828
2026-03-11,19.20063018798828
2026-03-12,19.170753479003906
2026-03-13,19.16079330444336
2026-03-16,19.210590362548828
2026-03-17,19.26038360595703
2026-03-18,19.230504989624023
2026-03-19,19.190671920776367
2026-03-20,19.101041793823242
2026-03-23,19.08112335205078
2026-03-24,19.021371841430664
2026-03-25,19.051246643066406
2026-03-26,19.011411666870117
2026-03-27,19.031330108642578
2026-03-30,19.101041793823242
2026-03-31,19.111000061035156
2026-04-01,19.100000381469727
2026-04-02,19.170000076293945
2026-04-06,19.15999984741211
2026-04-07,19.165000915527344
