Date,Close
2014-07-18,11.399999618530273
2014-07-21,11.600000381469727
2014-07-22,11.199999809265137
2014-07-23,11.15999984741211
2014-07-24,10.670000076293945
2014-07-25,10.520000457763672
2014-07-28,10.170000076293945
2014-07-29,10.300000190734863
2014-07-30,10.210000038146973
2014-07-31,10.0
2014-08-01,9.899999618530273
2014-08-04,10.029999732971191
2014-08-05,9.710000038146973
2014-08-06,9.6899995803833
2014-08-07,10.050000190734863
2014-08-08,10.210000038146973
2014-08-11,10.140000343322754
2014-08-12,9.800000190734863
2014-08-13,9.539999961853027
2014-08-14,9.529999732971191
2014-08-15,9.050000190734863
2014-08-18,8.65999984741211
2014-08-19,8.579999923706055
2014-08-20,8.789999961853027
2014-08-21,9.119999885559082
2014-08-22,9.100000381469727
2014-08-25,9.170000076293945
2014-08-26,9.020000457763672
2014-08-27,9.069999694824219
2014-08-28,8.880000114440918
2014-08-29,8.949999809265137
2014-09-02,8.699999809265137
2014-09-03,8.5600004196167
2014-09-04,8.5
2014-09-05,8.630000114440918
2014-09-08,8.569999694824219
2014-09-09,8.5
2014-09-10,8.710000038146973
2014-09-11,8.739999771118164
2014-09-12,8.529999732971191
2014-09-15,8.579999923706055
2014-09-16,8.460000038146973
2014-09-17,8.449999809265137
2014-09-18,8.0600004196167
2014-09-19,7.849999904632568
2014-09-22,7.800000190734863
2014-09-23,8.170000076293945
2014-09-24,8.539999961853027
2014-09-25,8.289999961853027
2014-09-26,8.739999771118164
2014-09-29,8.579999923706055
2014-09-30,8.5
2014-10-01,8.100000381469727
2014-10-02,8.079999923706055
2014-10-03,8.050000190734863
2014-10-06,7.650000095367432
2014-10-07,7.510000228881836
2014-10-08,7.429999828338623
2014-10-09,7.369999885559082
2014-10-10,6.789999961853027
2014-10-13,6.849999904632568
2014-10-14,6.900000095367432
2014-10-15,6.820000171661377
2014-10-16,6.96999979019165
2014-10-17,6.989999771118164
2014-10-20,7.019999980926514
2014-10-21,7.099999904632568
2014-10-22,7.190000057220459
2014-10-23,6.900000095367432
2014-10-24,7.050000190734863
2014-10-27,7.090000152587891
2014-10-28,7.179999828338623
2014-10-29,7.099999904632568
2014-10-30,7.010000228881836
2014-10-31,6.659999847412109
2014-11-03,6.659999847412109
2014-11-04,6.579999923706055
2014-11-05,6.510000228881836
2014-11-06,6.75
2014-11-07,6.539999961853027
2014-11-10,6.349999904632568
2014-11-11,6.070000171661377
2014-11-12,6.5
2014-11-13,6.699999809265137
2014-11-14,6.420000076293945
2014-11-17,6.300000190734863
2014-11-18,6.309999942779541
2014-11-19,6.300000190734863
2014-11-20,6.239999771118164
2014-11-21,6.269999980926514
2014-11-24,6.260000228881836
2014-11-25,6.199999809265137
2014-11-26,6.150000095367432
2014-11-28,6.070000171661377
2014-12-01,5.760000228881836
2014-12-02,5.929999828338623
2014-12-03,5.909999847412109
2014-12-04,5.829999923706055
2014-12-05,5.840000152587891
2014-12-08,5.659999847412109
2014-12-09,5.650000095367432
2014-12-10,5.510000228881836
2014-12-11,5.519999980926514
2014-12-12,5.369999885559082
2014-12-15,5.360000133514404
2014-12-16,5.349999904632568
2014-12-17,5.559999942779541
2014-12-18,5.789999961853027
2014-12-19,6.230000019073486
2014-12-22,6.510000228881836
2014-12-23,6.800000190734863
2014-12-24,6.789999961853027
2014-12-26,6.860000133514404
2014-12-29,6.980000019073486
2014-12-30,6.829999923706055
2014-12-31,6.929999828338623
2015-01-02,7.179999828338623
2015-01-05,6.860000133514404
2015-01-06,6.760000228881836
2015-01-07,6.960000038146973
2015-01-08,7.070000171661377
2015-01-09,7.239999771118164
2015-01-12,7.440000057220459
2015-01-13,7.550000190734863
2015-01-14,7.389999866485596
2015-01-15,7.46999979019165
2015-01-16,7.389999866485596
2015-01-20,7.570000171661377
2015-01-21,7.489999771118164
2015-01-22,7.590000152587891
2015-01-23,7.519999980926514
2015-01-26,7.360000133514404
2015-01-27,7.230000019073486
2015-01-28,7.21999979019165
2015-01-29,7.25
2015-01-30,7.099999904632568
2015-02-02,6.940000057220459
2015-02-03,6.78000020980835
2015-02-04,6.940000057220459
2015-02-05,7.260000228881836
2015-02-06,7.070000171661377
2015-02-09,6.699999809265137
2015-02-10,6.909999847412109
2015-02-11,7.090000152587891
2015-02-12,7.210000038146973
2015-02-13,7.170000076293945
2015-02-17,7.260000228881836
2015-02-18,7.730000019073486
2015-02-19,7.889999866485596
2015-02-20,7.989999771118164
2015-02-23,7.909999847412109
2015-02-24,7.880000114440918
2015-02-25,7.789999961853027
2015-02-26,7.71999979019165
2015-02-27,7.610000133514404
2015-03-02,8.069999694824219
2015-03-03,8.140000343322754
2015-03-04,8.119999885559082
2015-03-05,8.0
2015-03-06,7.989999771118164
2015-03-09,8.010000228881836
2015-03-10,7.980000019073486
2015-03-11,7.989999771118164
2015-03-12,8.020000457763672
2015-03-13,7.869999885559082
2015-03-16,7.989999771118164
2015-03-17,7.949999809265137
2015-03-18,7.949999809265137
2015-03-19,7.820000171661377
2015-03-20,8.25
2015-03-23,8.40999984741211
2015-03-24,8.470000267028809
2015-03-25,8.329999923706055
2015-03-26,8.279999732971191
2015-03-27,8.3100004196167
2015-03-30,8.119999885559082
2015-03-31,8.0
2015-04-01,8.050000190734863
2015-04-02,7.980000019073486
2015-04-06,8.130000114440918
2015-04-07,8.199999809265137
2015-04-08,8.220000267028809
2015-04-09,8.220000267028809
2015-04-10,8.34000015258789
2015-04-13,8.399999618530273
2015-04-14,8.239999771118164
2015-04-15,8.369999885559082
2015-04-16,8.369999885559082
2015-04-17,8.199999809265137
2015-04-20,8.119999885559082
2015-04-21,8.100000381469727
2015-04-22,8.180000305175781
2015-04-23,8.300000190734863
2015-04-24,8.09000015258789
2015-04-27,8.09000015258789
2015-04-28,8.119999885559082
2015-04-29,7.849999904632568
2015-04-30,7.409999847412109
2015-05-01,7.739999771118164
2015-05-04,7.909999847412109
2015-05-05,7.980000019073486
2015-05-06,8.039999961853027
2015-05-07,8.039999961853027
2015-05-08,8.229999542236328
2015-05-11,8.079999923706055
2015-05-12,8.039999961853027
2015-05-13,7.980000019073486
2015-05-14,8.239999771118164
2015-05-15,8.180000305175781
2015-05-18,8.180000305175781
2015-05-19,8.329999923706055
2015-05-20,8.260000228881836
2015-05-21,8.289999961853027
2015-05-22,8.329999923706055
2015-05-26,8.300000190734863
2015-05-27,8.380000114440918
2015-05-28,8.4399995803833
2015-05-29,8.380000114440918
2015-06-01,8.369999885559082
2015-06-02,8.300000190734863
2015-06-03,8.300000190734863
2015-06-04,8.010000228881836
2015-06-05,8.039999961853027
2015-06-08,8.0
2015-06-09,8.039999961853027
2015-06-10,8.149999618530273
2015-06-11,8.140000343322754
2015-06-12,8.119999885559082
2015-06-15,8.300000190734863
2015-06-16,8.489999771118164
2015-06-17,8.460000038146973
2015-06-18,8.430000305175781
2015-06-19,8.319999694824219
2015-06-22,8.449999809265137
2015-06-23,8.5
2015-06-24,8.470000267028809
2015-06-25,8.470000267028809
2015-06-26,8.359999656677246
2015-06-29,8.1899995803833
2015-06-30,8.239999771118164
2015-07-01,8.34000015258789
2015-07-02,8.25
2015-07-06,8.0
2015-07-07,8.0
2015-07-08,8.029999732971191
2015-07-09,8.170000076293945
2015-07-10,8.130000114440918
2015-07-13,8.359999656677246
2015-07-14,8.430000305175781
2015-07-15,8.420000076293945
2015-07-16,8.4399995803833
2015-07-17,8.630000114440918
2015-07-20,8.399999618530273
2015-07-21,8.489999771118164
2015-07-22,8.470000267028809
2015-07-23,8.460000038146973
2015-07-24,7.78000020980835
2015-07-27,7.650000095367432
2015-07-28,7.550000190734863
2015-07-29,7.570000171661377
2015-07-30,7.650000095367432
2015-07-31,7.71999979019165
2015-08-03,7.78000020980835
2015-08-04,7.590000152587891
2015-08-05,8.40999984741211
2015-08-06,8.149999618530273
2015-08-07,8.020000457763672
2015-08-10,8.199999809265137
2015-08-11,8.319999694824219
2015-08-12,8.569999694824219
2015-08-13,8.479999542236328
2015-08-14,8.4399995803833
2015-08-17,8.40999984741211
2015-08-18,8.029999732971191
2015-08-19,7.769999980926514
2015-08-20,7.010000228881836
2015-08-21,7.210000038146973
2015-08-24,7.03000020980835
2015-08-25,7.0
2015-08-26,7.289999961853027
2015-08-27,7.210000038146973
2015-08-28,7.150000095367432
2015-08-31,7.0
2015-09-01,6.829999923706055
2015-09-02,7.179999828338623
2015-09-03,7.260000228881836
2015-09-04,7.190000057220459
2015-09-08,7.460000038146973
2015-09-09,7.440000057220459
2015-09-10,7.679999828338623
2015-09-11,7.760000228881836
2015-09-14,8.010000228881836
2015-09-15,7.71999979019165
2015-09-16,7.829999923706055
2015-09-17,8.15999984741211
2015-09-18,8.0600004196167
2015-09-21,8.15999984741211
2015-09-22,8.220000267028809
2015-09-23,8.149999618530273
2015-09-24,8.220000267028809
2015-09-25,8.25
2015-09-28,8.050000190734863
2015-09-29,7.710000038146973
2015-09-30,7.550000190734863
2015-10-01,7.519999980926514
2015-10-02,7.570000171661377
2015-10-05,7.639999866485596
2015-10-06,7.309999942779541
2015-10-07,7.590000152587891
2015-10-08,7.730000019073486
2015-10-09,7.659999847412109
2015-10-12,7.679999828338623
2015-10-13,7.489999771118164
2015-10-14,7.5
2015-10-15,7.650000095367432
2015-10-16,7.28000020980835
2015-10-19,7.21999979019165
2015-10-20,7.320000171661377
2015-10-21,6.909999847412109
2015-10-22,6.929999828338623
2015-10-23,6.860000133514404
2015-10-26,6.809999942779541
2015-10-27,6.639999866485596
2015-10-28,6.400000095367432
2015-10-29,6.400000095367432
2015-10-30,6.570000171661377
2015-11-02,7.0
2015-11-03,6.96999979019165
2015-11-04,7.489999771118164
2015-11-05,7.420000076293945
2015-11-06,7.440000057220459
2015-11-09,7.590000152587891
2015-11-10,7.489999771118164
2015-11-11,7.25
2015-11-12,7.340000152587891
2015-11-13,7.269999980926514
2015-11-16,7.28000020980835
2015-11-17,7.409999847412109
2015-11-18,7.579999923706055
2015-11-19,7.619999885559082
2015-11-20,7.550000190734863
2015-11-23,8.119999885559082
2015-11-24,8.300000190734863
2015-11-25,8.1899995803833
2015-11-27,8.079999923706055
2015-11-30,8.180000305175781
2015-12-01,8.470000267028809
2015-12-02,8.510000228881836
2015-12-03,8.449999809265137
2015-12-04,8.630000114440918
2015-12-07,8.630000114440918
2015-12-08,8.699999809265137
2015-12-09,8.699999809265137
2015-12-10,8.6899995803833
2015-12-11,8.210000038146973
2015-12-14,8.279999732971191
2015-12-15,8.449999809265137
2015-12-16,8.489999771118164
2015-12-17,8.489999771118164
2015-12-18,8.529999732971191
2015-12-21,8.930000305175781
2015-12-22,9.029999732971191
2015-12-23,9.380000114440918
2015-12-24,9.460000038146973
2015-12-28,9.699999809265137
2015-12-29,9.850000381469727
2015-12-30,9.899999618530273
2015-12-31,9.760000228881836
2016-01-04,9.300000190734863
2016-01-05,9.270000457763672
2016-01-06,8.920000076293945
2016-01-07,8.619999885559082
2016-01-08,8.5
2016-01-11,8.6899995803833
2016-01-12,8.489999771118164
2016-01-13,8.25
2016-01-14,8.350000381469727
2016-01-15,8.15999984741211
2016-01-19,7.849999904632568
2016-01-20,8.020000457763672
2016-01-21,8.020000457763672
2016-01-22,8.0
2016-01-25,7.820000171661377
2016-01-26,8.0
2016-01-27,7.880000114440918
2016-01-28,8.039999961853027
2016-01-29,8.3100004196167
2016-02-01,8.300000190734863
2016-02-02,8.260000228881836
2016-02-03,8.5600004196167
2016-02-04,8.6899995803833
2016-02-05,8.569999694824219
2016-02-08,8.510000228881836
2016-02-09,8.630000114440918
2016-02-10,8.5
2016-02-11,8.369999885559082
2016-02-12,9.640000343322754
2016-02-16,9.65999984741211
2016-02-17,9.729999542236328
2016-02-18,9.489999771118164
2016-02-19,9.390000343322754
2016-02-22,9.180000305175781
2016-02-23,8.710000038146973
2016-02-24,8.899999618530273
2016-02-25,9.069999694824219
2016-02-26,9.149999618530273
2016-02-29,9.079999923706055
2016-03-01,9.470000267028809
2016-03-02,9.510000228881836
2016-03-03,9.59000015258789
2016-03-04,9.449999809265137
2016-03-07,9.489999771118164
2016-03-08,9.449999809265137
2016-03-09,9.470000267028809
2016-03-10,9.510000228881836
2016-03-11,9.6899995803833
2016-03-14,9.619999885559082
2016-03-15,9.460000038146973
2016-03-16,9.510000228881836
2016-03-17,9.489999771118164
2016-03-18,9.579999923706055
2016-03-21,9.460000038146973
2016-03-22,9.5
2016-03-23,9.350000381469727
2016-03-24,9.359999656677246
2016-03-28,9.289999961853027
2016-03-29,9.670000076293945
2016-03-30,9.640000343322754
2016-03-31,9.850000381469727
2016-04-01,9.710000038146973
2016-04-04,9.65999984741211
2016-04-05,9.5600004196167
2016-04-06,9.609999656677246
2016-04-07,9.539999961853027
2016-04-08,9.59000015258789
2016-04-11,9.779999732971191
2016-04-12,9.930000305175781
2016-04-13,10.699999809265137
2016-04-14,11.710000038146973
2016-04-15,11.670000076293945
2016-04-18,11.890000343322754
2016-04-19,12.0600004196167
2016-04-20,12.260000228881836
2016-04-21,12.359999656677246
2016-04-22,12.5600004196167
2016-04-25,12.390000343322754
2016-04-26,12.890000343322754
2016-04-27,12.65999984741211
2016-04-28,12.5600004196167
2016-04-29,12.470000267028809
2016-05-02,12.550000190734863
2016-05-03,12.569999694824219
2016-05-04,12.739999771118164
2016-05-05,12.75
2016-05-06,14.399999618530273
2016-05-09,15.149999618530273
2016-05-10,15.0600004196167
2016-05-11,15.279999732971191
2016-05-12,15.75
2016-05-13,15.75
2016-05-16,15.600000381469727
2016-05-17,14.670000076293945
2016-05-18,15.199999809265137
2016-05-19,15.460000038146973
2016-05-20,15.920000076293945
2016-05-23,15.699999809265137
2016-05-24,15.649999618530273
2016-05-25,15.770000457763672
2016-05-26,15.119999885559082
2016-05-27,14.739999771118164
2016-05-31,15.119999885559082
2016-06-01,14.359999656677246
2016-06-02,13.829999923706055
2016-06-03,13.779999732971191
2016-06-06,13.350000381469727
2016-06-07,13.180000305175781
2016-06-08,13.279999732971191
2016-06-09,12.930000305175781
2016-06-10,12.859999656677246
2016-06-13,12.670000076293945
2016-06-14,13.170000076293945
2016-06-15,13.0
2016-06-16,12.979999542236328
2016-06-17,12.979999542236328
2016-06-20,12.760000228881836
2016-06-21,13.039999961853027
2016-06-22,12.90999984741211
2016-06-23,13.020000457763672
2016-06-24,12.850000381469727
2016-06-27,12.579999923706055
2016-06-28,12.720000267028809
2016-06-29,13.029999732971191
2016-06-30,13.25
2016-07-01,13.520000457763672
2016-07-05,13.710000038146973
2016-07-06,14.170000076293945
2016-07-07,14.279999732971191
2016-07-08,14.779999732971191
2016-07-11,14.390000343322754
2016-07-12,14.210000038146973
2016-07-13,14.359999656677246
2016-07-14,14.430000305175781
2016-07-15,14.6899995803833
2016-07-18,15.210000038146973
2016-07-19,15.34000015258789
2016-07-20,15.229999542236328
2016-07-21,15.279999732971191
2016-07-22,15.460000038146973
2016-07-25,15.1899995803833
2016-07-26,15.100000381469727
2016-07-27,14.890000343322754
2016-07-28,14.930000305175781
2016-07-29,15.079999923706055
2016-08-01,15.079999923706055
2016-08-02,15.720000267028809
2016-08-03,15.039999961853027
2016-08-04,15.0
2016-08-05,14.989999771118164
2016-08-08,14.949999809265137
2016-08-09,15.010000228881836
2016-08-10,14.970000267028809
2016-08-11,14.949999809265137
2016-08-12,14.65999984741211
2016-08-15,14.869999885559082
2016-08-16,14.979999542236328
2016-08-17,14.800000190734863
2016-08-18,14.930000305175781
2016-08-19,14.710000038146973
2016-08-22,14.859999656677246
2016-08-23,14.699999809265137
2016-08-24,14.699999809265137
2016-08-25,14.880000114440918
2016-08-26,14.90999984741211
2016-08-29,14.789999961853027
2016-08-30,15.029999732971191
2016-08-31,15.029999732971191
2016-09-01,15.010000228881836
2016-09-02,15.039999961853027
2016-09-06,15.180000305175781
2016-09-07,15.289999961853027
2016-09-08,15.970000267028809
2016-09-09,16.06999969482422
2016-09-12,16.829999923706055
2016-09-13,16.649999618530273
2016-09-14,16.790000915527344
2016-09-15,16.790000915527344
2016-09-16,16.270000457763672
2016-09-19,16.31999969482422
2016-09-20,16.139999389648438
2016-09-21,16.739999771118164
2016-09-22,16.93000030517578
2016-09-23,16.610000610351562
2016-09-26,16.31999969482422
2016-09-27,16.719999313354492
2016-09-28,16.8700008392334
2016-09-29,16.3799991607666
2016-09-30,16.899999618530273
2016-10-03,16.510000228881836
2016-10-04,16.059999465942383
2016-10-05,15.979999542236328
2016-10-06,16.06999969482422
2016-10-07,16.040000915527344
2016-10-10,16.290000915527344
2016-10-11,16.06999969482422
2016-10-12,15.989999771118164
2016-10-13,15.949999809265137
2016-10-14,16.520000457763672
2016-10-17,16.829999923706055
2016-10-18,16.440000534057617
2016-10-19,16.18000030517578
2016-10-20,16.219999313354492
2016-10-21,16.010000228881836
2016-10-24,16.270000457763672
2016-10-25,16.309999465942383
2016-10-26,16.229999542236328
2016-10-27,16.229999542236328
2016-10-28,16.010000228881836
2016-10-31,16.190000534057617
2016-11-01,15.5600004196167
2016-11-02,14.9399995803833
2016-11-03,14.970000267028809
2016-11-04,15.0600004196167
2016-11-07,14.8100004196167
2016-11-08,14.75
2016-11-09,15.449999809265137
2016-11-10,16.149999618530273
2016-11-11,17.18000030517578
2016-11-14,16.760000228881836
2016-11-15,16.520000457763672
2016-11-16,16.5
2016-11-17,16.75
2016-11-18,16.649999618530273
2016-11-21,16.729999542236328
2016-11-22,16.989999771118164
2016-11-23,16.75
2016-11-25,16.729999542236328
2016-11-28,16.860000610351562
2016-11-29,16.889999389648438
2016-11-30,16.649999618530273
2016-12-01,16.489999771118164
2016-12-02,15.529999732971191
2016-12-05,15.859999656677246
2016-12-06,15.649999618530273
2016-12-07,15.65999984741211
2016-12-08,15.859999656677246
2016-12-09,16.43000030517578
2016-12-12,16.510000228881836
2016-12-13,16.229999542236328
2016-12-14,15.899999618530273
2016-12-15,15.989999771118164
2016-12-16,15.770000457763672
2016-12-19,15.600000381469727
2016-12-20,16.020000457763672
2016-12-21,15.770000457763672
2016-12-22,15.729999542236328
2016-12-23,15.649999618530273
2016-12-27,15.800000190734863
2016-12-28,15.649999618530273
2016-12-29,15.789999961853027
2016-12-30,15.520000457763672
2017-01-03,15.6899995803833
2017-01-04,15.899999618530273
2017-01-05,15.890000343322754
2017-01-06,16.06999969482422
2017-01-09,15.720000267028809
2017-01-10,15.239999771118164
2017-01-11,14.699999809265137
2017-01-12,14.09000015258789
2017-01-13,14.25
2017-01-17,13.90999984741211
2017-01-18,14.0600004196167
2017-01-19,13.920000076293945
2017-01-20,14.229999542236328
2017-01-23,14.4399995803833
2017-01-24,15.020000457763672
2017-01-25,15.5
2017-01-26,15.850000381469727
2017-01-27,16.18000030517578
2017-01-30,15.979999542236328
2017-01-31,15.989999771118164
2017-02-01,16.100000381469727
2017-02-02,16.06999969482422
2017-02-03,16.43000030517578
2017-02-06,16.420000076293945
2017-02-07,16.360000610351562
2017-02-08,16.260000228881836
2017-02-09,16.84000015258789
2017-02-10,16.84000015258789
2017-02-13,16.5
2017-02-14,16.530000686645508
2017-02-15,16.989999771118164
2017-02-16,16.399999618530273
2017-02-17,16.1299991607666
2017-02-21,16.059999465942383
2017-02-22,16.0
2017-02-23,16.18000030517578
2017-02-24,16.270000457763672
2017-02-27,15.710000038146973
2017-02-28,15.550000190734863
2017-03-01,15.539999961853027
2017-03-02,15.329999923706055
2017-03-03,15.069999694824219
2017-03-06,14.770000457763672
2017-03-07,14.510000228881836
2017-03-08,14.239999771118164
2017-03-09,14.25
2017-03-10,14.170000076293945
2017-03-13,14.199999809265137
2017-03-14,14.220000267028809
2017-03-15,14.369999885559082
2017-03-16,14.770000457763672
2017-03-17,14.789999961853027
2017-03-20,14.850000381469727
2017-03-21,14.649999618530273
2017-03-22,14.25
2017-03-23,14.399999618530273
2017-03-24,14.369999885559082
2017-03-27,14.210000038146973
2017-03-28,14.210000038146973
2017-03-29,14.199999809265137
2017-03-30,14.170000076293945
2017-03-31,14.220000267028809
2017-04-03,14.390000343322754
2017-04-04,14.479999542236328
2017-04-05,14.430000305175781
2017-04-06,14.739999771118164
2017-04-07,14.8100004196167
2017-04-10,14.760000228881836
2017-04-11,14.75
2017-04-12,14.649999618530273
2017-04-13,14.460000038146973
2017-04-17,14.449999809265137
2017-04-18,14.630000114440918
2017-04-19,14.729999542236328
2017-04-20,14.84000015258789
2017-04-21,15.34000015258789
2017-04-24,15.4399995803833
2017-04-25,15.699999809265137
2017-04-26,15.789999961853027
2017-04-27,15.869999885559082
2017-04-28,15.890000343322754
2017-05-01,16.25
2017-05-02,16.479999542236328
2017-05-03,16.399999618530273
2017-05-04,17.969999313354492
2017-05-05,17.010000228881836
2017-05-08,16.81999969482422
2017-05-09,16.639999389648438
2017-05-10,16.559999465942383
2017-05-11,16.479999542236328
2017-05-12,16.84000015258789
2017-05-15,16.93000030517578
2017-05-16,16.940000534057617
2017-05-17,16.799999237060547
2017-05-18,17.049999237060547
2017-05-19,16.850000381469727
2017-05-22,16.950000762939453
2017-05-23,16.979999542236328
2017-05-24,17.020000457763672
2017-05-25,17.18000030517578
2017-05-26,18.829999923706055
2017-05-30,20.049999237060547
2017-05-31,20.34000015258789
2017-06-01,20.969999313354492
2017-06-02,21.65999984741211
2017-06-05,21.479999542236328
2017-06-06,20.969999313354492
2017-06-07,21.350000381469727
2017-06-08,21.399999618530273
2017-06-09,21.420000076293945
2017-06-12,21.31999969482422
2017-06-13,21.190000534057617
2017-06-14,20.93000030517578
2017-06-15,20.799999237060547
2017-06-16,20.479999542236328
2017-06-19,20.56999969482422
2017-06-20,20.81999969482422
2017-06-21,21.040000915527344
2017-06-22,21.25
2017-06-23,22.299999237060547
2017-06-26,22.6200008392334
2017-06-27,22.6299991607666
2017-06-28,23.15999984741211
2017-06-29,22.360000610351562
2017-06-30,22.3799991607666
2017-07-03,22.40999984741211
2017-07-05,22.399999618530273
2017-07-06,22.229999542236328
2017-07-07,22.200000762939453
2017-07-10,22.059999465942383
2017-07-11,22.110000610351562
2017-07-12,22.940000534057617
2017-07-13,22.93000030517578
2017-07-14,22.75
2017-07-17,22.690000534057617
2017-07-18,22.6200008392334
2017-07-19,22.649999618530273
2017-07-20,22.299999237060547
2017-07-21,22.489999771118164
2017-07-24,23.739999771118164
2017-07-25,23.719999313354492
2017-07-26,23.68000030517578
2017-07-27,24.639999389648438
2017-07-28,24.3700008392334
2017-07-31,23.81999969482422
2017-08-01,23.299999237060547
2017-08-02,23.8700008392334
2017-08-03,23.239999771118164
2017-08-04,23.149999618530273
2017-08-07,22.889999389648438
2017-08-08,22.809999465942383
2017-08-09,22.600000381469727
2017-08-10,22.399999618530273
2017-08-11,22.5
2017-08-14,22.8700008392334
2017-08-15,22.56999969482422
2017-08-16,22.559999465942383
2017-08-17,22.270000457763672
2017-08-18,22.100000381469727
2017-08-21,22.219999313354492
2017-08-22,22.670000076293945
2017-08-23,22.739999771118164
2017-08-24,22.270000457763672
2017-08-25,21.860000610351562
2017-08-28,22.639999389648438
2017-08-29,22.5
2017-08-30,22.270000457763672
2017-08-31,21.8799991607666
2017-09-01,21.71500015258789
2017-09-05,21.190000534057617
2017-09-06,21.15999984741211
2017-09-07,21.0
2017-09-08,21.969999313354492
2017-09-11,22.530000686645508
2017-09-12,22.329999923706055
2017-09-13,22.729999542236328
2017-09-14,22.860000610351562
2017-09-15,23.260000228881836
2017-09-18,23.139999389648438
2017-09-19,23.25
2017-09-20,23.5
2017-09-21,23.68000030517578
2017-09-22,23.649999618530273
2017-09-25,24.270000457763672
2017-09-26,25.420000076293945
2017-09-27,26.93000030517578
2017-09-28,26.420000076293945
2017-09-29,26.40999984741211
2017-10-02,26.079999923706055
2017-10-03,26.829999923706055
2017-10-04,28.020000457763672
2017-10-05,27.079999923706055
2017-10-06,27.049999237060547
2017-10-09,27.25
2017-10-10,28.1200008392334
2017-10-11,28.049999237060547
2017-10-12,28.06999969482422
2017-10-13,27.889999389648438
2017-10-16,28.030000686645508
2017-10-17,28.020000457763672
2017-10-18,28.190000534057617
2017-10-19,28.389999389648438
2017-10-20,28.5
2017-10-23,28.149999618530273
2017-10-24,27.989999771118164
2017-10-25,27.969999313354492
2017-10-26,28.020000457763672
2017-10-27,27.920000076293945
2017-10-30,27.549999237060547
2017-10-31,28.15999984741211
2017-11-01,28.049999237060547
2017-11-02,27.959999084472656
2017-11-03,31.719999313354492
2017-11-06,32.68000030517578
2017-11-07,31.290000915527344
2017-11-08,30.3700008392334
2017-11-09,29.979999542236328
2017-11-10,30.190000534057617
2017-11-13,31.270000457763672
2017-11-14,31.1299991607666
2017-11-15,30.690000534057617
2017-11-16,30.549999237060547
2017-11-17,30.389999389648438
2017-11-20,30.100000381469727
2017-11-21,29.520000457763672
2017-11-22,29.549999237060547
2017-11-24,29.93000030517578
2017-11-27,30.110000610351562
2017-11-28,30.6200008392334
2017-11-29,30.040000915527344
2017-11-30,29.780000686645508
2017-12-01,28.940000534057617
2017-12-04,28.56999969482422
2017-12-05,28.719999313354492
2017-12-06,29.479999542236328
2017-12-07,29.950000762939453
2017-12-08,29.75
2017-12-11,29.6299991607666
2017-12-12,30.1299991607666
2017-12-13,31.65999984741211
2017-12-14,31.709999084472656
2017-12-15,32.130001068115234
2017-12-18,32.33000183105469
2017-12-19,32.15999984741211
2017-12-20,30.989999771118164
2017-12-21,30.350000381469727
2017-12-22,29.8799991607666
2017-12-26,30.139999389648438
2017-12-27,29.90999984741211
2017-12-28,29.75
2017-12-29,29.270000457763672
2018-01-02,28.940000534057617
2018-01-03,29.6299991607666
2018-01-04,31.190000534057617
2018-01-05,32.13999938964844
2018-01-08,32.209999084472656
2018-01-09,31.90999984741211
2018-01-10,32.15999984741211
2018-01-11,35.040000915527344
2018-01-12,34.380001068115234
2018-01-16,33.93000030517578
2018-01-17,34.09000015258789
2018-01-18,33.83000183105469
2018-01-19,33.7599983215332
2018-01-22,33.61000061035156
2018-01-23,34.25
2018-01-24,34.439998626708984
2018-01-25,34.9900016784668
2018-01-26,35.599998474121094
2018-01-29,36.75
2018-01-30,35.15999984741211
2018-01-31,34.91999816894531
2018-02-01,34.099998474121094
2018-02-02,33.810001373291016
2018-02-05,32.810001373291016
2018-02-06,32.34000015258789
2018-02-07,32.04999923706055
2018-02-08,31.440000534057617
2018-02-09,31.530000686645508
2018-02-12,31.149999618530273
2018-02-13,31.270000457763672
2018-02-14,31.139999389648438
2018-02-15,29.68000030517578
2018-02-16,28.290000915527344
2018-02-20,28.010000228881836
2018-02-21,28.610000610351562
2018-02-22,28.639999389648438
2018-02-23,30.399999618530273
2018-02-26,29.780000686645508
2018-02-27,29.690000534057617
2018-02-28,29.6299991607666
2018-03-01,30.049999237060547
2018-03-02,31.59000015258789
2018-03-05,31.729999542236328
2018-03-06,31.420000076293945
2018-03-07,31.350000381469727
2018-03-08,32.779998779296875
2018-03-09,35.79999923706055
2018-03-12,36.540000915527344
2018-03-13,35.09000015258789
2018-03-14,35.119998931884766
2018-03-15,34.119998931884766
2018-03-16,31.3700008392334
2018-03-19,31.31999969482422
2018-03-20,31.25
2018-03-21,30.979999542236328
2018-03-22,29.68000030517578
2018-03-23,28.959999084472656
2018-03-26,30.110000610351562
2018-03-27,29.200000762939453
2018-03-28,28.700000762939453
2018-03-29,29.889999389648438
2018-04-02,28.6200008392334
2018-04-03,28.809999465942383
2018-04-04,27.8700008392334
2018-04-05,26.639999389648438
2018-04-06,27.020000457763672
2018-04-09,26.18000030517578
2018-04-10,26.110000610351562
2018-04-11,26.790000915527344
2018-04-12,26.469999313354492
2018-04-13,26.790000915527344
2018-04-16,27.399999618530273
2018-04-17,28.100000381469727
2018-04-18,28.700000762939453
2018-04-19,28.93000030517578
2018-04-20,27.739999771118164
2018-04-23,26.479999542236328
2018-04-24,26.139999389648438
2018-04-25,26.18000030517578
2018-04-26,26.510000228881836
2018-04-27,26.0
2018-04-30,26.280000686645508
2018-05-01,27.579999923706055
2018-05-02,27.709999084472656
2018-05-03,26.75
2018-05-04,26.65999984741211
2018-05-07,26.770000457763672
2018-05-08,26.780000686645508
2018-05-09,26.760000228881836
2018-05-10,27.3799991607666
2018-05-11,28.420000076293945
2018-05-14,27.360000610351562
2018-05-15,27.59000015258789
2018-05-16,27.739999771118164
2018-05-17,28.229999542236328
2018-05-18,29.360000610351562
2018-05-21,30.579999923706055
2018-05-22,30.149999618530273
2018-05-23,30.09000015258789
2018-05-24,30.649999618530273
2018-05-25,31.649999618530273
2018-05-29,32.119998931884766
2018-05-30,32.58000183105469
2018-05-31,31.770000457763672
2018-06-01,32.470001220703125
2018-06-04,32.59000015258789
2018-06-05,33.0099983215332
2018-06-06,34.209999084472656
2018-06-07,35.130001068115234
2018-06-08,35.380001068115234
2018-06-11,35.33000183105469
2018-06-12,36.08000183105469
2018-06-13,37.0099983215332
2018-06-14,38.400001525878906
2018-06-15,39.15999984741211
2018-06-18,39.79999923706055
2018-06-19,40.27000045776367
2018-06-20,41.06999969482422
2018-06-21,40.060001373291016
2018-06-22,39.79999923706055
2018-06-25,39.33000183105469
2018-06-26,39.27000045776367
2018-06-27,38.650001525878906
2018-06-28,38.59000015258789
2018-06-29,38.599998474121094
2018-07-02,38.40999984741211
2018-07-03,38.27000045776367
2018-07-05,38.38999938964844
2018-07-06,38.880001068115234
2018-07-09,39.68000030517578
2018-07-10,39.61000061035156
2018-07-11,39.459999084472656
2018-07-12,40.13999938964844
2018-07-13,40.810001373291016
2018-07-16,41.09000015258789
2018-07-17,43.7400016784668
2018-07-18,44.43000030517578
2018-07-19,46.16999816894531
2018-07-20,45.959999084472656
2018-07-23,45.77000045776367
2018-07-24,45.630001068115234
2018-07-25,45.439998626708984
2018-07-26,44.529998779296875
2018-07-27,41.400001525878906
2018-07-30,40.33000183105469
2018-07-31,41.599998474121094
2018-08-01,41.2400016784668
2018-08-02,40.0
2018-08-03,39.75
2018-08-06,38.91999816894531
2018-08-07,38.150001525878906
2018-08-08,37.790000915527344
2018-08-09,38.41999816894531
2018-08-10,38.650001525878906
2018-08-13,38.150001525878906
2018-08-14,38.689998626708984
2018-08-15,37.9900016784668
2018-08-16,39.665000915527344
2018-08-17,38.22999954223633
2018-08-20,38.84000015258789
2018-08-21,39.16999816894531
2018-08-22,38.86000061035156
2018-08-23,37.43000030517578
2018-08-24,37.2599983215332
2018-08-27,36.08000183105469
2018-08-28,37.150001525878906
2018-08-29,37.220001220703125
2018-08-30,39.029998779296875
2018-08-31,38.189998626708984
2018-09-04,39.310001373291016
2018-09-05,36.290000915527344
2018-09-06,37.369998931884766
2018-09-07,36.4900016784668
2018-09-10,34.41999816894531
2018-09-11,35.45000076293945
2018-09-12,34.56999969482422
2018-09-13,34.33000183105469
2018-09-14,34.20000076293945
2018-09-17,33.959999084472656
2018-09-18,34.18000030517578
2018-09-19,33.529998779296875
2018-09-20,33.57500076293945
2018-09-21,34.95000076293945
2018-09-24,35.18000030517578
2018-09-25,36.09000015258789
2018-09-26,32.43000030517578
2018-09-27,34.91999816894531
2018-09-28,35.72999954223633
2018-10-01,32.2599983215332
2018-10-02,31.940000534057617
2018-10-03,32.400001525878906
2018-10-04,30.670000076293945
2018-10-05,30.600000381469727
2018-10-08,30.200000762939453
2018-10-09,30.3700008392334
2018-10-10,28.389999389648438
2018-10-11,28.440000534057617
2018-10-12,29.6299991607666
2018-10-15,28.1200008392334
2018-10-16,29.850000381469727
2018-10-17,30.469999313354492
2018-10-18,29.270000457763672
2018-10-19,27.079999923706055
2018-10-22,27.8700008392334
2018-10-23,27.25
2018-10-24,26.739999771118164
2018-10-25,25.56999969482422
2018-10-26,25.850000381469727
2018-10-29,25.709999084472656
2018-10-30,25.540000915527344
2018-10-31,25.260000228881836
2018-11-01,23.329999923706055
2018-11-02,25.229999542236328
2018-11-05,25.690000534057617
2018-11-06,26.639999389648438
2018-11-07,26.979999542236328
2018-11-08,26.790000915527344
2018-11-09,27.790000915527344
2018-11-12,25.34000015258789
2018-11-13,24.889999389648438
2018-11-14,23.700000762939453
2018-11-15,24.290000915527344
2018-11-16,25.950000762939453
2018-11-19,26.219999313354492
2018-11-20,26.469999313354492
2018-11-21,26.579999923706055
2018-11-23,26.670000076293945
2018-11-26,26.950000762939453
2018-11-27,26.90999984741211
2018-11-28,28.6299991607666
2018-11-29,28.770000457763672
2018-11-30,29.93000030517578
2018-12-03,29.770000457763672
2018-12-04,27.760000228881836
2018-12-06,28.329999923706055
2018-12-07,26.6299991607666
2018-12-10,26.309999465942383
2018-12-11,26.3799991607666
2018-12-12,26.760000228881836
2018-12-13,25.719999313354492
2018-12-14,24.190000534057617
2018-12-17,23.479999542236328
2018-12-18,23.59000015258789
2018-12-19,23.31999969482422
2018-12-20,23.75
2018-12-21,23.6299991607666
2018-12-24,22.59000015258789
2018-12-26,24.020000457763672
2018-12-27,24.739999771118164
2018-12-28,25.139999389648438
2018-12-31,25.459999084472656
2019-01-02,25.530000686645508
2019-01-03,24.31999969482422
2019-01-04,25.610000610351562
2019-01-07,26.18000030517578
2019-01-08,26.639999389648438
2019-01-09,27.309999465942383
2019-01-10,27.670000076293945
2019-01-11,27.100000381469727
2019-01-14,27.510000228881836
2019-01-15,27.860000610351562
2019-01-16,28.520000457763672
2019-01-17,27.899999618530273
2019-01-18,28.139999389648438
2019-01-22,27.0
2019-01-23,25.75
2019-01-24,25.450000762939453
2019-01-25,25.329999923706055
2019-01-28,25.8799991607666
2019-01-29,24.809999465942383
2019-01-30,25.690000534057617
2019-01-31,26.549999237060547
2019-02-01,27.239999771118164
2019-02-04,27.59000015258789
2019-02-05,27.889999389648438
2019-02-06,28.350000381469727
2019-02-07,28.3700008392334
2019-02-08,28.34000015258789
2019-02-11,28.3799991607666
2019-02-12,28.989999771118164
2019-02-13,28.639999389648438
2019-02-14,27.610000610351562
2019-02-15,29.260000228881836
2019-02-19,28.75
2019-02-20,29.760000228881836
2019-02-21,29.81999969482422
2019-02-22,29.93000030517578
2019-02-25,29.6200008392334
2019-02-26,29.860000610351562
2019-02-27,31.059999465942383
2019-02-28,30.350000381469727
2019-03-01,31.579999923706055
2019-03-04,29.889999389648438
2019-03-05,30.18000030517578
2019-03-06,26.549999237060547
2019-03-07,27.799999237060547
2019-03-08,27.84000015258789
2019-03-11,29.5
2019-03-12,30.219999313354492
2019-03-13,29.639999389648438
2019-03-14,29.770000457763672
2019-03-15,30.729999542236328
2019-03-18,30.040000915527344
2019-03-19,30.440000534057617
2019-03-20,30.0
2019-03-21,31.739999771118164
2019-03-22,29.719999313354492
2019-03-25,29.540000915527344
2019-03-26,30.190000534057617
2019-03-27,30.290000915527344
2019-03-28,31.510000228881836
2019-03-29,32.7400016784668
2019-04-01,33.34000015258789
2019-04-02,34.7400016784668
2019-04-03,33.08000183105469
2019-04-04,32.459999084472656
2019-04-05,33.029998779296875
2019-04-08,32.560001373291016
2019-04-09,33.599998474121094
2019-04-10,34.06999969482422
2019-04-11,35.63999938964844
2019-04-12,35.29999923706055
2019-04-15,35.4900016784668
2019-04-16,34.70000076293945
2019-04-17,33.59000015258789
2019-04-18,33.20000076293945
2019-04-22,32.86000061035156
2019-04-23,32.9900016784668
2019-04-24,33.040000915527344
2019-04-25,32.63999938964844
2019-04-26,32.84000015258789
2019-04-29,33.25
2019-04-30,32.79999923706055
2019-05-01,33.189998626708984
2019-05-02,32.65999984741211
2019-05-03,32.7400016784668
2019-05-06,34.130001068115234
2019-05-07,32.54999923706055
2019-05-08,31.690000534057617
2019-05-09,32.150001525878906
2019-05-10,31.43000030517578
2019-05-13,30.190000534057617
2019-05-14,32.0099983215332
2019-05-15,32.220001220703125
2019-05-16,33.02000045776367
2019-05-17,31.8700008392334
2019-05-20,30.65999984741211
2019-05-21,30.969999313354492
2019-05-22,30.709999084472656
2019-05-23,29.989999771118164
2019-05-24,29.950000762939453
2019-05-28,30.43000030517578
2019-05-29,30.989999771118164
2019-05-30,31.229999542236328
2019-05-31,29.329999923706055
2019-06-03,29.350000381469727
2019-06-04,31.25
2019-06-05,31.799999237060547
2019-06-06,31.899999618530273
2019-06-07,32.349998474121094
2019-06-10,33.459999084472656
2019-06-11,32.36000061035156
2019-06-12,33.189998626708984
2019-06-13,33.810001373291016
2019-06-14,34.13999938964844
2019-06-17,34.459999084472656
2019-06-18,33.97999954223633
2019-06-19,35.689998626708984
2019-06-20,36.79999923706055
2019-06-21,35.02000045776367
2019-06-24,33.79999923706055
2019-06-25,33.45000076293945
2019-06-26,32.810001373291016
2019-06-27,34.810001373291016
2019-06-28,36.130001068115234
2019-07-01,35.68000030517578
2019-07-02,35.650001525878906
2019-07-03,35.619998931884766
2019-07-05,35.16999816894531
2019-07-08,35.15999984741211
2019-07-09,33.619998931884766
2019-07-10,34.15999984741211
2019-07-11,34.459999084472656
2019-07-12,34.459999084472656
2019-07-15,34.099998474121094
2019-07-16,33.15999984741211
2019-07-17,32.5099983215332
2019-07-18,33.02000045776367
2019-07-19,33.2400016784668
2019-07-22,33.16999816894531
2019-07-23,33.209999084472656
2019-07-24,34.11000061035156
2019-07-25,33.54999923706055
2019-07-26,33.36000061035156
2019-07-29,33.02000045776367
2019-07-30,32.41999816894531
2019-07-31,32.15999984741211
2019-08-01,31.860000610351562
2019-08-02,31.450000762939453
2019-08-05,30.0
2019-08-06,30.969999313354492
2019-08-07,31.079999923706055
2019-08-08,32.66999816894531
2019-08-09,30.489999771118164
2019-08-12,30.360000610351562
2019-08-13,31.200000762939453
2019-08-14,29.489999771118164
2019-08-15,29.190000534057617
2019-08-16,26.329999923706055
2019-08-19,24.809999465942383
2019-08-20,24.469999313354492
2019-08-21,24.450000762939453
2019-08-22,25.15999984741211
2019-08-23,25.059999465942383
2019-08-26,25.610000610351562
2019-08-27,24.420000076293945
2019-08-28,24.600000381469727
2019-08-29,24.479999542236328
2019-08-30,24.09000015258789
2019-09-03,23.670000076293945
2019-09-04,23.639999389648438
2019-09-05,23.940000534057617
2019-09-06,23.760000228881836
2019-09-09,24.389999389648438
2019-09-10,25.290000915527344
2019-09-11,26.829999923706055
2019-09-12,26.559999465942383
2019-09-13,27.020000457763672
2019-09-16,27.860000610351562
2019-09-17,27.5
2019-09-18,27.09000015258789
2019-09-19,26.969999313354492
2019-09-20,26.860000610351562
2019-09-23,27.18000030517578
2019-09-24,26.549999237060547
2019-09-25,26.190000534057617
2019-09-26,25.68000030517578
2019-09-27,25.170000076293945
2019-09-30,25.420000076293945
2019-10-01,24.329999923706055
2019-10-02,23.549999237060547
2019-10-03,22.90999984741211
2019-10-04,22.25
2019-10-07,22.219999313354492
2019-10-08,21.520000457763672
2019-10-09,21.299999237060547
2019-10-10,21.219999313354492
2019-10-11,21.6299991607666
2019-10-14,21.75
2019-10-15,22.780000686645508
2019-10-16,22.670000076293945
2019-10-17,22.399999618530273
2019-10-18,22.309999465942383
2019-10-21,22.6200008392334
2019-10-22,22.56999969482422
2019-10-23,22.139999389648438
2019-10-24,22.0
2019-10-25,22.790000915527344
2019-10-28,23.299999237060547
2019-10-29,23.239999771118164
2019-10-30,23.520000457763672
2019-10-31,23.700000762939453
2019-11-01,23.75
2019-11-04,24.0
2019-11-05,24.040000915527344
2019-11-06,29.6200008392334
2019-11-07,30.420000076293945
2019-11-08,31.479999542236328
2019-11-11,31.219999313354492
2019-11-12,31.524999618530273
2019-11-13,31.469999313354492
2019-11-14,31.06999969482422
2019-11-15,32.349998474121094
2019-11-18,33.38999938964844
2019-11-19,34.43000030517578
2019-11-20,34.38999938964844
2019-11-21,34.25
2019-11-22,33.790000915527344
2019-11-25,34.56999969482422
2019-11-26,34.720001220703125
2019-11-27,34.060001373291016
2019-11-29,34.08000183105469
2019-12-02,33.36000061035156
2019-12-03,32.38999938964844
2019-12-04,32.66999816894531
2019-12-05,32.59000015258789
2019-12-06,33.09000015258789
2019-12-09,33.84000015258789
2019-12-10,33.90999984741211
2019-12-11,33.75
2019-12-12,34.36000061035156
2019-12-13,35.290000915527344
2019-12-16,34.935001373291016
2019-12-17,34.970001220703125
2019-12-18,35.0
2019-12-19,36.099998474121094
2019-12-20,36.630001068115234
2019-12-23,36.5099983215332
2019-12-24,36.619998931884766
2019-12-26,36.369998931884766
2019-12-27,36.40999984741211
2019-12-30,36.7599983215332
2019-12-31,37.459999084472656
2020-01-02,36.2400016784668
2020-01-03,36.08000183105469
2020-01-06,36.02000045776367
2020-01-07,37.21500015258789
2020-01-08,37.08000183105469
2020-01-09,34.47999954223633
2020-01-10,31.229999542236328
2020-01-13,30.649999618530273
2020-01-14,30.920000076293945
2020-01-15,31.729999542236328
2020-01-16,32.20000076293945
2020-01-17,32.790000915527344
2020-01-21,31.969999313354492
2020-01-22,33.345001220703125
2020-01-23,33.584999084472656
2020-01-24,33.81999969482422
2020-01-27,32.0
2020-01-28,32.189998626708984
2020-01-29,32.31999969482422
2020-01-30,32.540000915527344
2020-01-31,31.920000076293945
2020-02-03,32.470001220703125
2020-02-04,33.09000015258789
2020-02-05,33.810001373291016
2020-02-06,33.470001220703125
2020-02-07,33.0
2020-02-10,34.099998474121094
2020-02-11,35.15999984741211
2020-02-12,35.599998474121094
2020-02-13,36.27000045776367
2020-02-14,29.399999618530273
2020-02-18,32.28499984741211
2020-02-19,33.25
2020-02-20,33.755001068115234
2020-02-21,32.900001525878906
2020-02-24,32.599998474121094
2020-02-25,31.270000457763672
2020-02-26,31.649999618530273
2020-02-27,29.81999969482422
2020-02-28,30.739999771118164
2020-03-02,31.520000457763672
2020-03-03,31.520000457763672
2020-03-04,32.20000076293945
2020-03-05,30.950000762939453
2020-03-06,31.100000381469727
2020-03-09,29.8799991607666
2020-03-10,28.670000076293945
2020-03-11,26.040000915527344
2020-03-12,25.469999313354492
2020-03-13,27.540000915527344
2020-03-16,28.049999237060547
2020-03-17,27.700000762939453
2020-03-18,26.610000610351562
2020-03-19,25.850000381469727
2020-03-20,23.84000015258789
2020-03-23,26.010000228881836
2020-03-24,28.920000076293945
2020-03-25,25.915000915527344
2020-03-26,28.309999465942383
2020-03-27,26.559999465942383
2020-03-30,25.600000381469727
2020-03-31,26.030000686645508
2020-04-01,24.579999923706055
2020-04-02,24.770000457763672
2020-04-03,24.5
2020-04-06,26.829999923706055
2020-04-07,26.690000534057617
2020-04-08,29.18000030517578
2020-04-09,31.079999923706055
2020-04-13,29.3700008392334
2020-04-14,31.31999969482422
2020-04-15,30.690000534057617
2020-04-16,32.68000030517578
2020-04-17,30.719999313354492
2020-04-20,31.31999969482422
2020-04-21,29.959999084472656
2020-04-22,30.059999465942383
2020-04-23,29.979999542236328
2020-04-24,29.649999618530273
2020-04-27,30.3799991607666
2020-04-28,33.459999084472656
2020-04-29,33.58000183105469
2020-04-30,29.90999984741211
2020-05-01,28.18000030517578
2020-05-04,28.260000228881836
2020-05-05,28.899999618530273
2020-05-06,28.799999237060547
2020-05-07,29.530000686645508
2020-05-08,29.940000534057617
2020-05-11,30.1299991607666
2020-05-12,28.100000381469727
2020-05-13,26.209999084472656
2020-05-14,25.8799991607666
2020-05-15,27.690000534057617
2020-05-18,29.149999618530273
2020-05-19,29.489999771118164
2020-05-20,29.899999618530273
2020-05-21,31.18000030517578
2020-05-22,30.969999313354492
2020-05-26,33.209999084472656
2020-05-27,32.939998626708984
2020-05-28,31.469999313354492
2020-05-29,30.1200008392334
2020-06-01,31.520000457763672
2020-06-02,32.560001373291016
2020-06-03,34.599998474121094
2020-06-04,34.38999938964844
2020-06-05,35.66999816894531
2020-06-08,36.15999984741211
2020-06-09,35.959999084472656
2020-06-10,35.79999923706055
2020-06-11,31.690000534057617
2020-06-12,35.2599983215332
2020-06-15,36.59000015258789
2020-06-16,38.75
2020-06-17,37.88999938964844
2020-06-18,38.29999923706055
2020-06-19,38.27000045776367
2020-06-22,40.540000915527344
2020-06-23,41.540000915527344
2020-06-24,41.36000061035156
2020-06-25,42.7400016784668
2020-06-26,41.790000915527344
2020-06-29,42.290000915527344
2020-06-30,42.689998626708984
2020-07-01,45.150001525878906
2020-07-02,42.88999938964844
2020-07-06,44.349998474121094
2020-07-07,43.849998474121094
2020-07-08,45.90999984741211
2020-07-09,45.56999969482422
2020-07-10,47.369998931884766
2020-07-13,45.97999954223633
2020-07-14,47.88999938964844
2020-07-15,48.58000183105469
2020-07-16,48.88999938964844
2020-07-17,49.45000076293945
2020-07-20,49.93000030517578
2020-07-21,49.70000076293945
2020-07-22,49.90999984741211
2020-07-23,51.88999938964844
2020-07-24,52.70000076293945
2020-07-27,49.72999954223633
2020-07-28,48.93000030517578
2020-07-29,50.5
2020-07-30,50.439998626708984
2020-07-31,50.56999969482422
2020-08-03,50.5099983215332
2020-08-04,52.81999969482422
2020-08-05,64.80000305175781
2020-08-06,74.47000122070312
2020-08-07,70.2300033569336
2020-08-10,68.33999633789062
2020-08-11,62.5099983215332
2020-08-12,60.08000183105469
2020-08-13,59.970001220703125
2020-08-14,60.5
2020-08-17,61.0
2020-08-18,59.79999923706055
2020-08-19,59.38999938964844
2020-08-20,59.0099983215332
2020-08-21,57.849998474121094
2020-08-24,57.459999084472656
2020-08-25,57.31999969482422
2020-08-26,64.62000274658203
2020-08-27,64.91999816894531
2020-08-28,65.98999786376953
2020-08-31,62.72999954223633
2020-09-01,68.0199966430664
2020-09-02,68.86000061035156
2020-09-03,66.5
2020-09-04,67.62000274658203
2020-09-08,66.43000030517578
2020-09-09,70.56999969482422
2020-09-10,71.12000274658203
2020-09-11,70.4000015258789
2020-09-14,71.52999877929688
2020-09-15,71.66999816894531
2020-09-16,72.11000061035156
2020-09-17,70.18000030517578
2020-09-18,69.33000183105469
2020-09-21,69.04000091552734
2020-09-22,69.81999969482422
2020-09-23,69.54000091552734
2020-09-24,70.5
2020-09-25,73.18000030517578
2020-09-28,72.5
2020-09-29,78.68000030517578
2020-09-30,78.9000015258789
2020-10-01,81.16000366210938
2020-10-02,83.37000274658203
2020-10-05,87.23999786376953
2020-10-06,86.37000274658203
2020-10-07,86.87000274658203
2020-10-08,87.19999694824219
2020-10-09,89.9800033569336
2020-10-12,91.78500366210938
2020-10-13,89.94000244140625
2020-10-14,90.5999984741211
2020-10-15,92.98999786376953
2020-10-16,92.4800033569336
2020-10-19,93.30000305175781
2020-10-20,86.44999694824219
2020-10-21,78.94000244140625
2020-10-22,74.2300033569336
2020-10-23,74.9000015258789
2020-10-26,73.19999694824219
2020-10-27,72.66000366210938
2020-10-28,71.5
2020-10-29,72.05999755859375
2020-10-30,71.54000091552734
2020-11-02,78.20999908447266
2020-11-03,84.0999984741211
2020-11-04,90.05999755859375
2020-11-05,90.68000030517578
2020-11-06,91.75
2020-11-09,85.18000030517578
2020-11-10,82.06999969482422
2020-11-11,84.5
2020-11-12,83.7699966430664
2020-11-13,86.87000274658203
2020-11-16,90.0999984741211
2020-11-17,92.75
2020-11-18,95.2699966430664
2020-11-19,96.19000244140625
2020-11-20,95.93000030517578
2020-11-23,96.08999633789062
2020-11-24,95.62000274658203
2020-11-25,95.33000183105469
2020-11-27,98.0
2020-11-30,101.37999725341797
2020-12-01,96.5199966430664
2020-12-02,94.05000305175781
2020-12-03,94.83000183105469
2020-12-04,95.9000015258789
2020-12-07,99.02999877929688
2020-12-08,102.30000305175781
2020-12-09,101.01000213623047
2020-12-10,99.87000274658203
2020-12-11,103.16999816894531
2020-12-14,103.37000274658203
2020-12-15,110.19000244140625
2020-12-16,110.58000183105469
2020-12-17,115.08999633789062
2020-12-18,117.0199966430664
2020-12-21,117.12000274658203
2020-12-22,122.08000183105469
2020-12-23,121.02999877929688
2020-12-24,120.6500015258789
2020-12-28,119.83999633789062
2020-12-29,118.04000091552734
2020-12-30,121.33999633789062
2020-12-31,119.70999908447266
2021-01-04,114.44000244140625
2021-01-05,116.45999908447266
2021-01-06,117.08000183105469
2021-01-07,118.77999877929688
2021-01-08,116.0
2021-01-11,116.97000122070312
2021-01-12,112.5
2021-01-13,116.36000061035156
2021-01-14,121.66999816894531
2021-01-15,117.44999694824219
2021-01-19,120.41000366210938
2021-01-20,117.6500015258789
2021-01-21,115.66000366210938
2021-01-22,118.06999969482422
2021-01-25,117.87999725341797
2021-01-26,119.08999633789062
2021-01-27,118.51000213623047
2021-01-28,116.11000061035156
2021-01-29,112.19999694824219
2021-02-01,113.22000122070312
2021-02-02,118.12999725341797
2021-02-03,116.97000122070312
2021-02-04,118.91000366210938
2021-02-05,119.22000122070312
2021-02-08,123.86000061035156
2021-02-09,119.76000213623047
2021-02-10,119.9800033569336
2021-02-11,106.37999725341797
2021-02-12,107.86000061035156
2021-02-16,106.16999816894531
2021-02-17,104.80000305175781
2021-02-18,103.88999938964844
2021-02-19,106.68000030517578
2021-02-22,105.41999816894531
2021-02-23,97.9800033569336
2021-02-24,102.0
2021-02-25,94.72000122070312
2021-02-26,96.76000213623047
2021-03-01,101.77999877929688
2021-03-02,95.91000366210938
2021-03-03,91.56999969482422
2021-03-04,86.02999877929688
2021-03-05,85.87999725341797
2021-03-08,82.2699966430664
2021-03-09,87.3499984741211
2021-03-10,89.63999938964844
2021-03-11,94.51000213623047
2021-03-12,93.2300033569336
2021-03-15,89.93000030517578
2021-03-16,90.08999633789062
2021-03-17,90.91999816894531
2021-03-18,79.7300033569336
2021-03-19,80.33000183105469
2021-03-22,80.43000030517578
2021-03-23,78.33000183105469
2021-03-24,74.95999908447266
2021-03-25,76.7699966430664
2021-03-26,76.06999969482422
2021-03-29,73.55999755859375
2021-03-30,74.54000091552734
2021-03-31,76.20999908447266
2021-04-01,78.37999725341797
2021-04-05,72.7699966430664
2021-04-06,75.38999938964844
2021-04-07,72.0
2021-04-08,75.0999984741211
2021-04-09,75.62000274658203
2021-04-12,75.5999984741211
2021-04-13,77.2699966430664
2021-04-14,76.37999725341797
2021-04-15,79.0
2021-04-16,81.19000244140625
2021-04-19,81.13999938964844
2021-04-20,78.13999938964844
2021-04-21,80.93000030517578
2021-04-22,80.69999694824219
2021-04-23,82.66000366210938
2021-04-26,85.62000274658203
2021-04-27,83.52999877929688
2021-04-28,83.87999725341797
2021-04-29,82.5199966430664
2021-04-30,81.0999984741211
2021-05-03,81.70999908447266
2021-05-04,76.69000244140625
2021-05-05,77.11000061035156
2021-05-06,78.12000274658203
2021-05-07,83.27999877929688
2021-05-10,75.38999938964844
2021-05-11,76.11000061035156
2021-05-12,74.70999908447266
2021-05-13,75.02999877929688
2021-05-14,78.0199966430664
2021-05-17,77.30000305175781
2021-05-18,76.52999877929688
2021-05-19,75.83999633789062
2021-05-20,78.58000183105469
2021-05-21,78.08000183105469
2021-05-24,81.55999755859375
2021-05-25,83.41000366210938
2021-05-26,89.87000274658203
2021-05-27,88.0199966430664
2021-05-28,90.16999816894531
2021-06-01,87.69999694824219
2021-06-02,87.16000366210938
2021-06-03,87.30999755859375
2021-06-04,87.80000305175781
2021-06-07,92.79000091552734
2021-06-08,96.56999969482422
2021-06-09,94.94000244140625
2021-06-10,93.91999816894531
2021-06-11,95.55000305175781
2021-06-14,99.0
2021-06-15,100.1500015258789
2021-06-16,99.6500015258789
2021-06-17,100.58999633789062
2021-06-18,104.61000061035156
2021-06-21,105.80000305175781
2021-06-22,108.69000244140625
2021-06-23,110.8499984741211
2021-06-24,114.3499984741211
2021-06-25,112.1500015258789
2021-06-28,114.44999694824219
2021-06-29,116.69999694824219
2021-06-30,115.0999984741211
2021-07-01,116.88999938964844
2021-07-02,115.51000213623047
2021-07-06,120.29000091552734
2021-07-07,118.33999633789062
2021-07-08,112.94000244140625
2021-07-09,113.01000213623047
2021-07-12,110.58999633789062
2021-07-13,108.62000274658203
2021-07-14,106.2300033569336
2021-07-15,104.58000183105469
2021-07-16,105.30000305175781
2021-07-19,108.79000091552734
2021-07-20,111.5
2021-07-21,116.72000122070312
2021-07-22,112.2300033569336
2021-07-23,114.97000122070312
2021-07-26,113.55000305175781
2021-07-27,113.80999755859375
2021-07-28,115.83999633789062
2021-07-29,116.61000061035156
2021-07-30,115.0199966430664
2021-08-02,114.08999633789062
2021-08-03,115.93000030517578
2021-08-04,114.94999694824219
2021-08-05,113.80999755859375
2021-08-06,99.4000015258789
2021-08-09,102.08000183105469
2021-08-10,99.58999633789062
2021-08-11,97.83999633789062
2021-08-12,98.20999908447266
2021-08-13,96.81999969482422
2021-08-16,92.30000305175781
2021-08-17,87.80000305175781
2021-08-18,86.33000183105469
2021-08-19,85.8499984741211
2021-08-20,89.87999725341797
2021-08-23,95.31999969482422
2021-08-24,96.43000030517578
2021-08-25,93.83000183105469
2021-08-26,89.81999969482422
2021-08-27,92.91000366210938
2021-08-30,95.48999786376953
2021-08-31,91.58000183105469
2021-09-01,93.55000305175781
2021-09-02,90.19000244140625
2021-09-03,90.94000244140625
2021-09-07,84.52999877929688
2021-09-08,87.55000305175781
2021-09-09,91.05999755859375
2021-09-10,89.5
2021-09-13,85.55999755859375
2021-09-14,82.95999908447266
2021-09-15,83.08999633789062
2021-09-16,81.6500015258789
2021-09-17,82.7300033569336
2021-09-20,81.98999786376953
2021-09-21,80.7300033569336
2021-09-22,85.47000122070312
2021-09-23,86.83999633789062
2021-09-24,84.91999816894531
2021-09-27,86.66999816894531
2021-09-28,81.11000061035156
2021-09-29,81.08000183105469
2021-09-30,77.66999816894531
2021-10-01,79.69000244140625
2021-10-04,76.94999694824219
2021-10-05,78.7699966430664
2021-10-06,82.13999938964844
2021-10-07,83.5
2021-10-08,85.05999755859375
2021-10-11,87.4800033569336
2021-10-12,85.23999786376953
2021-10-13,89.9000015258789
2021-10-14,94.25
2021-10-15,91.16000366210938
2021-10-18,94.45999908447266
2021-10-19,104.12000274658203
2021-10-20,104.9000015258789
2021-10-21,109.76000213623047
2021-10-22,107.44999694824219
2021-10-25,108.63999938964844
2021-10-26,108.94999694824219
2021-10-27,100.70999908447266
2021-10-28,101.55999755859375
2021-10-29,102.4000015258789
2021-11-01,104.5
2021-11-02,102.18000030517578
2021-11-03,106.87000274658203
2021-11-04,119.5999984741211
2021-11-05,128.66000366210938
2021-11-08,123.44000244140625
2021-11-09,126.25
2021-11-10,121.08999633789062
2021-11-11,123.25
2021-11-12,129.99000549316406
2021-11-15,129.9600067138672
2021-11-16,137.72999572753906
2021-11-17,133.49000549316406
2021-11-18,131.63999938964844
2021-11-19,136.52000427246094
2021-11-22,132.13999938964844
2021-11-23,123.01000213623047
2021-11-24,125.02999877929688
2021-11-26,126.79000091552734
2021-11-29,124.9000015258789
2021-11-30,123.31999969482422
2021-12-01,112.13999938964844
2021-12-02,119.30000305175781
2021-12-03,111.58000183105469
2021-12-06,111.77999877929688
2021-12-07,155.41000366210938
2021-12-08,152.1999969482422
2021-12-09,152.88999938964844
2021-12-10,144.1999969482422
2021-12-13,130.97999572753906
2021-12-14,124.41999816894531
2021-12-15,123.06999969482422
2021-12-16,122.4800033569336
2021-12-17,129.0399932861328
2021-12-20,124.25
2021-12-21,130.25
2021-12-22,129.5
2021-12-23,133.60000610351562
2021-12-27,135.63999938964844
2021-12-28,132.19000244140625
2021-12-29,131.82000732421875
2021-12-30,130.72999572753906
2021-12-31,132.02999877929688
2022-01-03,129.2899932861328
2022-01-04,122.44999694824219
2022-01-05,117.69000244140625
2022-01-06,116.25
2022-01-07,109.0199966430664
2022-01-10,106.62000274658203
2022-01-11,108.41000366210938
2022-01-12,106.08000183105469
2022-01-13,100.4800033569336
2022-01-14,100.26000213623047
2022-01-18,97.26000213623047
2022-01-19,94.88999938964844
2022-01-20,94.43000030517578
2022-01-21,92.91999816894531
2022-01-24,93.55999755859375
2022-01-25,91.02999877929688
2022-01-26,91.08999633789062
2022-01-27,85.6500015258789
2022-01-28,88.18000030517578
2022-01-31,95.25
2022-02-01,96.20999908447266
2022-02-02,93.66999816894531
2022-02-03,89.4000015258789
2022-02-04,92.12999725341797
2022-02-07,92.9800033569336
2022-02-08,95.20999908447266
2022-02-09,96.98999786376953
2022-02-10,93.69999694824219
2022-02-11,90.54000091552734
2022-02-14,89.43000030517578
2022-02-15,93.6500015258789
2022-02-16,91.43000030517578
2022-02-17,75.87000274658203
2022-02-18,77.66999816894531
2022-02-22,74.36000061035156
2022-02-23,74.06999969482422
2022-02-24,83.61000061035156
2022-02-25,88.62999725341797
2022-02-28,89.62999725341797
2022-03-01,88.19999694824219
2022-03-02,87.72000122070312
2022-03-03,85.37999725341797
2022-03-04,81.27999877929688
2022-03-07,82.25
2022-03-08,83.63999938964844
2022-03-09,86.9000015258789
2022-03-10,84.5
2022-03-11,78.9800033569336
2022-03-14,72.41000366210938
2022-03-15,76.80000305175781
2022-03-16,81.23999786376953
2022-03-17,85.5
2022-03-18,90.43000030517578
2022-03-21,86.68000030517578
2022-03-22,90.41000366210938
2022-03-23,90.25
2022-03-24,92.56999969482422
2022-03-25,89.0199966430664
2022-03-28,91.70999908447266
2022-03-29,97.97000122070312
2022-03-30,89.55000305175781
2022-03-31,89.12000274658203
2022-04-01,90.73999786376953
2022-04-04,95.5199966430664
2022-04-05,92.66999816894531
2022-04-06,87.80000305175781
2022-04-07,88.81999969482422
2022-04-08,84.95999908447266
2022-04-11,84.30999755859375
2022-04-12,83.19999694824219
2022-04-13,86.01000213623047
2022-04-14,81.06999969482422
2022-04-18,78.37000274658203
2022-04-19,81.19999694824219
2022-04-20,80.7300033569336
2022-04-21,74.2300033569336
2022-04-22,71.75
2022-04-25,76.55999755859375
2022-04-26,71.27999877929688
2022-04-27,68.88999938964844
2022-04-28,68.98999786376953
2022-04-29,63.619998931884766
2022-05-02,68.38999938964844
2022-05-03,68.30000305175781
2022-05-04,71.0
2022-05-05,65.58499908447266
2022-05-06,63.81999969482422
2022-05-09,61.68000030517578
2022-05-10,61.33000183105469
2022-05-11,57.130001068115234
2022-05-12,60.779998779296875
2022-05-13,66.1500015258789
2022-05-16,63.619998931884766
2022-05-17,66.20999908447266
2022-05-18,62.4900016784668
2022-05-19,62.810001373291016
2022-05-20,64.5
2022-05-23,62.7599983215332
2022-05-24,59.97999954223633
2022-05-25,63.20000076293945
2022-05-26,64.5199966430664
2022-05-27,68.95999908447266
2022-05-31,66.87999725341797
2022-06-01,65.22000122070312
2022-06-02,69.77999877929688
2022-06-03,67.27999877929688
2022-06-06,67.62999725341797
2022-06-07,68.13999938964844
2022-06-08,67.58000183105469
2022-06-09,59.779998779296875
2022-06-10,55.0
2022-06-13,51.86000061035156
2022-06-14,51.619998931884766
2022-06-15,53.06999969482422
2022-06-16,52.439998626708984
2022-06-17,52.060001373291016
2022-06-21,53.939998626708984
2022-06-22,55.849998474121094
2022-06-23,61.40999984741211
2022-06-24,63.2599983215332
2022-06-27,63.099998474121094
2022-06-28,60.75
2022-06-29,60.40999984741211
2022-06-30,60.2599983215332
2022-07-01,61.0099983215332
2022-07-05,67.52999877929688
2022-07-06,64.80999755859375
2022-07-07,67.83999633789062
2022-07-08,66.41000366210938
2022-07-11,63.790000915527344
2022-07-12,63.150001525878906
2022-07-13,62.380001068115234
2022-07-14,61.939998626708984
2022-07-15,63.11000061035156
2022-07-18,63.099998474121094
2022-07-19,66.30000305175781
2022-07-20,69.70999908447266
2022-07-21,71.58999633789062
2022-07-22,67.44999694824219
2022-07-25,66.12999725341797
2022-07-26,63.36000061035156
2022-07-27,65.73999786376953
2022-07-28,64.0199966430664
2022-07-29,63.029998779296875
2022-08-01,64.30999755859375
2022-08-02,63.150001525878906
2022-08-03,68.0
2022-08-04,65.05999755859375
2022-08-05,68.08999633789062
2022-08-08,71.51000213623047
2022-08-09,65.26000213623047
2022-08-10,72.3499984741211
2022-08-11,75.45999908447266
2022-08-12,75.02999877929688
2022-08-15,74.91000366210938
2022-08-16,74.83999633789062
2022-08-17,70.0
2022-08-18,73.12000274658203
2022-08-19,71.87999725341797
2022-08-22,70.04000091552734
2022-08-23,69.9800033569336
2022-08-24,73.3499984741211
2022-08-25,77.48999786376953
2022-08-26,69.91000366210938
2022-08-29,69.80000305175781
2022-08-30,71.0199966430664
2022-08-31,70.58000183105469
2022-09-01,67.04000091552734
2022-09-02,65.5
2022-09-06,65.8499984741211
2022-09-07,70.72000122070312
2022-09-08,72.58000183105469
2022-09-09,74.0199966430664
2022-09-12,73.4000015258789
2022-09-13,67.08999633789062
2022-09-14,66.12000274658203
2022-09-15,66.30999755859375
2022-09-16,64.83999633789062
2022-09-19,65.44999694824219
2022-09-20,63.5
2022-09-21,64.97000122070312
2022-09-22,58.86000061035156
2022-09-23,59.290000915527344
2022-09-26,61.349998474121094
2022-09-27,59.709999084472656
2022-09-28,63.380001068115234
2022-09-29,60.790000915527344
2022-09-30,59.43000030517578
2022-10-03,59.2400016784668
2022-10-04,60.63999938964844
2022-10-05,57.709999084472656
2022-10-06,55.880001068115234
2022-10-07,51.880001068115234
2022-10-10,51.86000061035156
2022-10-11,52.099998474121094
2022-10-12,52.9900016784668
2022-10-13,53.43000030517578
2022-10-14,52.189998626708984
2022-10-17,54.27000045776367
2022-10-18,55.61000061035156
2022-10-19,52.41999816894531
2022-10-20,47.16999816894531
2022-10-21,49.04999923706055
2022-10-24,48.72999954223633
2022-10-25,50.43000030517578
2022-10-26,50.939998626708984
2022-10-27,48.939998626708984
2022-10-28,50.099998474121094
2022-10-31,50.470001220703125
2022-11-01,48.7599983215332
2022-11-02,44.5
2022-11-03,44.0
2022-11-04,45.45000076293945
2022-11-07,45.689998626708984
2022-11-08,48.97999954223633
2022-11-09,47.220001220703125
2022-11-10,55.36000061035156
2022-11-11,64.86000061035156
2022-11-14,57.65999984741211
2022-11-15,62.65999984741211
2022-11-16,62.279998779296875
2022-11-17,59.220001220703125
2022-11-18,54.2400016784668
2022-11-21,48.90999984741211
2022-11-22,50.560001373291016
2022-11-23,54.15999984741211
2022-11-25,54.130001068115234
2022-11-28,50.72999954223633
2022-11-29,49.77000045776367
2022-11-30,52.27000045776367
2022-12-01,52.33000183105469
2022-12-02,54.119998931884766
2022-12-05,52.290000915527344
2022-12-06,51.369998931884766
2022-12-07,50.20000076293945
2022-12-08,52.150001525878906
2022-12-09,52.459999084472656
2022-12-12,53.869998931884766
2022-12-13,54.66999816894531
2022-12-14,53.31999969482422
2022-12-15,49.900001525878906
2022-12-16,49.81999969482422
2022-12-19,48.91999816894531
2022-12-20,52.34000015258789
2022-12-21,53.38999938964844
2022-12-22,50.97999954223633
2022-12-23,48.9900016784668
2022-12-27,47.7599983215332
2022-12-28,46.470001220703125
2022-12-29,48.70000076293945
2022-12-30,47.529998779296875
2023-01-03,45.619998931884766
2023-01-04,46.95000076293945
2023-01-05,45.68000030517578
2023-01-06,47.59000015258789
2023-01-09,48.209999084472656
2023-01-10,50.810001373291016
2023-01-11,54.31999969482422
2023-01-12,53.220001220703125
2023-01-13,54.619998931884766
2023-01-17,56.0099983215332
2023-01-18,53.15999984741211
2023-01-19,51.58000183105469
2023-01-20,54.470001220703125
2023-01-23,55.88999938964844
2023-01-24,54.7599983215332
2023-01-25,54.27000045776367
2023-01-26,54.58000183105469
2023-01-27,57.310001373291016
2023-01-30,55.59000015258789
2023-01-31,59.02000045776367
2023-02-01,61.16999816894531
2023-02-02,67.81999969482422
2023-02-03,65.06999969482422
2023-02-06,59.880001068115234
2023-02-07,60.27000045776367
2023-02-08,58.959999084472656
2023-02-09,57.5
2023-02-10,57.099998474121094
2023-02-13,59.04999923706055
2023-02-14,59.90999984741211
2023-02-15,62.959999084472656
2023-02-16,59.869998931884766
2023-02-17,58.040000915527344
2023-02-21,53.060001373291016
2023-02-22,54.560001373291016
2023-02-23,56.369998931884766
2023-02-24,56.529998779296875
2023-02-27,56.959999084472656
2023-02-28,59.380001068115234
2023-03-01,57.90999984741211
2023-03-02,57.599998474121094
2023-03-03,59.779998779296875
2023-03-06,57.9900016784668
2023-03-07,57.779998779296875
2023-03-08,57.77000045776367
2023-03-09,54.41999816894531
2023-03-10,51.11000061035156
2023-03-13,50.279998779296875
2023-03-14,52.43000030517578
2023-03-15,54.09000015258789
2023-03-16,56.77000045776367
2023-03-17,55.34000015258789
2023-03-20,58.029998779296875
2023-03-21,58.86000061035156
2023-03-22,56.189998626708984
2023-03-23,41.189998626708984
2023-03-24,38.349998474121094
2023-03-27,38.4900016784668
2023-03-28,37.63999938964844
2023-03-29,39.66999816894531
2023-03-30,41.060001373291016
2023-03-31,42.88999938964844
2023-04-03,42.38999938964844
2023-04-04,41.08000183105469
2023-04-05,40.060001373291016
2023-04-06,41.150001525878906
2023-04-10,42.36000061035156
2023-04-11,44.119998931884766
2023-04-12,42.88999938964844
2023-04-13,42.2599983215332
2023-04-14,41.560001373291016
2023-04-17,36.029998779296875
2023-04-18,34.779998779296875
2023-04-19,35.7599983215332
2023-04-20,34.290000915527344
2023-04-21,33.380001068115234
2023-04-24,33.060001373291016
2023-04-25,31.6200008392334
2023-04-26,31.0
2023-04-27,33.775001525878906
2023-04-28,35.11000061035156
2023-05-01,37.15999984741211
2023-05-02,34.66999816894531
2023-05-03,35.0
2023-05-04,35.95000076293945
2023-05-05,28.8799991607666
2023-05-08,25.549999237060547
2023-05-09,24.219999313354492
2023-05-10,23.56999969482422
2023-05-11,22.299999237060547
2023-05-12,21.15999984741211
2023-05-15,20.3700008392334
2023-05-16,20.1299991607666
2023-05-17,20.729999542236328
2023-05-18,21.6200008392334
2023-05-19,20.950000762939453
2023-05-22,24.040000915527344
2023-05-23,21.420000076293945
2023-05-24,21.3799991607666
2023-05-25,20.639999389648438
2023-05-26,20.5
2023-05-30,21.280000686645508
2023-05-31,22.469999313354492
2023-06-01,22.530000686645508
2023-06-02,23.020000457763672
2023-06-05,21.850000381469727
2023-06-06,21.280000686645508
2023-06-07,22.700000762939453
2023-06-08,23.299999237060547
2023-06-09,25.34000015258789
2023-06-12,27.649999618530273
2023-06-13,26.899999618530273
2023-06-14,24.989999771118164
2023-06-15,25.639999389648438
2023-06-16,26.084999084472656
2023-06-20,26.59000015258789
2023-06-21,21.809999465942383
2023-06-22,20.559999465942383
2023-06-23,22.600000381469727
2023-06-26,22.280000686645508
2023-06-27,21.889999389648438
2023-06-28,20.729999542236328
2023-06-29,20.469999313354492
2023-06-30,19.68000030517578
2023-07-03,20.889999389648438
2023-07-05,22.0
2023-07-06,23.8700008392334
2023-07-07,25.530000686645508
2023-07-10,27.360000610351562
2023-07-11,28.860000610351562
2023-07-12,25.649999618530273
2023-07-13,26.25
2023-07-14,25.5
2023-07-17,26.600000381469727
2023-07-18,26.399999618530273
2023-07-19,27.5
2023-07-20,25.200000762939453
2023-07-21,26.40999984741211
2023-07-24,28.239999771118164
2023-07-25,28.5
2023-07-26,29.579999923706055
2023-07-27,28.139999389648438
2023-07-28,29.59000015258789
2023-07-31,30.850000381469727
2023-08-01,29.290000915527344
2023-08-02,28.75
2023-08-03,29.239999771118164
2023-08-04,31.0
2023-08-07,31.6200008392334
2023-08-08,33.119998931884766
2023-08-09,32.0
2023-08-10,30.06999969482422
2023-08-11,30.25
2023-08-14,28.969999313354492
2023-08-15,28.479999542236328
2023-08-16,28.670000076293945
2023-08-17,28.809999465942383
2023-08-18,28.739999771118164
2023-08-21,29.0
2023-08-22,29.260000228881836
2023-08-23,29.8799991607666
2023-08-24,29.68000030517578
2023-08-25,29.8799991607666
2023-08-28,30.59000015258789
2023-08-29,30.59000015258789
2023-08-30,30.010000228881836
2023-08-31,29.729999542236328
2023-09-01,29.420000076293945
2023-09-05,28.979999542236328
2023-09-06,29.780000686645508
2023-09-07,29.350000381469727
2023-09-08,28.729999542236328
2023-09-11,28.5
2023-09-12,27.3700008392334
2023-09-13,27.899999618530273
2023-09-14,29.729999542236328
2023-09-15,29.860000610351562
2023-09-18,29.030000686645508
2023-09-19,29.3799991607666
2023-09-20,29.59000015258789
2023-09-21,26.610000610351562
2023-09-22,27.18000030517578
2023-09-25,27.559999465942383
2023-09-26,27.25
2023-09-27,27.559999465942383
2023-09-28,27.5
2023-09-29,28.200000762939453
2023-10-02,27.850000381469727
2023-10-03,26.18000030517578
2023-10-04,26.174999237060547
2023-10-05,25.049999237060547
2023-10-06,25.59000015258789
2023-10-09,25.889999389648438
2023-10-10,26.18000030517578
2023-10-11,26.75
2023-10-12,25.760000228881836
2023-10-13,25.424999237060547
2023-10-16,26.739999771118164
2023-10-17,27.850000381469727
2023-10-18,26.010000228881836
2023-10-19,24.5
2023-10-20,22.709999084472656
2023-10-23,22.760000228881836
2023-10-24,21.850000381469727
2023-10-25,20.860000610351562
2023-10-26,21.260000228881836
2023-10-27,20.690000534057617
2023-10-30,20.979999542236328
2023-10-31,20.600000381469727
2023-11-01,20.459999084472656
2023-11-02,22.8700008392334
2023-11-03,26.139999389648438
2023-11-06,23.399999618530273
2023-11-07,22.850000381469727
2023-11-08,23.100000381469727
2023-11-09,22.270000457763672
2023-11-10,21.670000076293945
2023-11-13,22.700000762939453
2023-11-14,25.260000228881836
2023-11-15,25.540000915527344
2023-11-16,25.920000076293945
2023-11-17,25.06999969482422
2023-11-20,26.56999969482422
2023-11-21,26.780000686645508
2023-11-22,26.360000610351562
2023-11-24,27.06999969482422
2023-11-27,27.020000457763672
2023-11-28,26.920000076293945
2023-11-29,27.540000915527344
2023-11-30,25.719999313354492
2023-12-01,29.360000610351562
2023-12-04,29.40999984741211
2023-12-05,28.200000762939453
2023-12-06,28.059999465942383
2023-12-07,28.59000015258789
2023-12-08,28.989999771118164
2023-12-11,29.350000381469727
2023-12-12,29.350000381469727
2023-12-13,32.84000015258789
2023-12-14,34.790000915527344
2023-12-15,31.920000076293945
2023-12-18,31.639999389648438
2023-12-19,32.099998474121094
2023-12-20,31.600000381469727
2023-12-21,31.479999542236328
2023-12-22,30.979999542236328
2023-12-26,30.700000762939453
2023-12-27,30.670000076293945
2023-12-28,30.600000381469727
2023-12-29,30.510000228881836
2024-01-02,30.760000228881836
2024-01-03,28.920000076293945
2024-01-04,28.899999618530273
2024-01-05,28.139999389648438
2024-01-08,28.8799991607666
2024-01-09,28.420000076293945
2024-01-10,28.940000534057617
2024-01-11,28.899999618530273
2024-01-12,28.290000915527344
2024-01-16,27.84000015258789
2024-01-17,26.93000030517578
2024-01-18,27.200000762939453
2024-01-19,27.43000030517578
2024-01-22,28.299999237060547
2024-01-23,29.040000915527344
2024-01-24,28.709999084472656
2024-01-25,28.31999969482422
2024-01-26,28.530000686645508
2024-01-29,28.739999771118164
2024-01-30,28.600000381469727
2024-01-31,27.200000762939453
2024-02-01,27.399999618530273
2024-02-02,26.950000762939453
2024-02-05,27.229999542236328
2024-02-06,28.93000030517578
2024-02-07,28.290000915527344
2024-02-08,29.68000030517578
2024-02-09,30.65999984741211
2024-02-12,32.34000015258789
2024-02-13,30.780000686645508
2024-02-14,33.310001373291016
2024-02-15,35.279998779296875
2024-02-16,22.8799991607666
2024-02-20,24.389999389648438
2024-02-21,23.709999084472656
2024-02-22,23.700000762939453
2024-02-23,23.0
2024-02-26,24.1299991607666
2024-02-27,27.270000457763672
2024-02-28,28.579999923706055
2024-02-29,26.75
2024-03-01,27.280000686645508
2024-03-04,29.010000228881836
2024-03-05,28.0
2024-03-06,27.860000610351562
2024-03-07,29.270000457763672
2024-03-08,29.549999237060547
2024-03-11,28.709999084472656
2024-03-12,29.149999618530273
2024-03-13,29.18000030517578
2024-03-14,27.360000610351562
2024-03-15,27.1200008392334
2024-03-18,26.920000076293945
2024-03-19,24.719999313354492
2024-03-20,26.34000015258789
2024-03-21,25.799999237060547
2024-03-22,25.649999618530273
2024-03-25,26.079999923706055
2024-03-26,27.100000381469727
2024-03-27,27.739999771118164
2024-03-28,27.610000610351562
2024-04-01,27.389999389648438
2024-04-02,26.149999618530273
2024-04-03,26.399999618530273
2024-04-04,25.510000228881836
2024-04-05,26.100000381469727
2024-04-08,25.899999618530273
2024-04-09,25.75
2024-04-10,24.809999465942383
2024-04-11,24.600000381469727
2024-04-12,23.3799991607666
2024-04-15,22.15999984741211
2024-04-16,22.170000076293945
2024-04-17,21.65999984741211
2024-04-18,21.360000610351562
2024-04-19,22.450000762939453
2024-04-22,22.350000381469727
2024-04-23,22.75
2024-04-24,23.90999984741211
2024-04-25,23.309999465942383
2024-04-26,24.1200008392334
2024-04-29,24.0
2024-04-30,22.5
2024-05-01,23.31999969482422
2024-05-02,23.780000686645508
2024-05-03,19.850000381469727
2024-05-06,22.510000228881836
2024-05-07,25.549999237060547
2024-05-08,23.059999465942383
2024-05-09,24.8700008392334
2024-05-10,25.799999237060547
2024-05-13,30.770000457763672
2024-05-14,31.299999237060547
2024-05-15,28.329999923706055
2024-05-16,32.81999969482422
2024-05-17,30.239999771118164
2024-05-20,30.040000915527344
2024-05-21,29.889999389648438
2024-05-22,29.190000534057617
2024-05-23,28.15999984741211
2024-05-24,28.950000762939453
2024-05-28,27.940000534057617
2024-05-29,29.010000228881836
2024-05-30,29.899999618530273
2024-05-31,29.8700008392334
2024-06-03,28.110000610351562
2024-06-04,28.760000228881836
2024-06-05,28.760000228881836
2024-06-06,29.6200008392334
2024-06-07,27.90999984741211
2024-06-10,28.020000457763672
2024-06-11,28.420000076293945
2024-06-12,27.5
2024-06-13,27.200000762939453
2024-06-14,26.530000686645508
2024-06-17,26.399999618530273
2024-06-18,27.709999084472656
2024-06-20,27.530000686645508
2024-06-21,27.709999084472656
2024-06-24,27.200000762939453
2024-06-25,28.399999618530273
2024-06-26,29.739999771118164
2024-06-27,29.65999984741211
2024-06-28,29.399999618530273
2024-07-01,28.670000076293945
2024-07-02,27.75
2024-07-03,28.799999237060547
2024-07-05,28.68000030517578
2024-07-08,29.0
2024-07-09,27.670000076293945
2024-07-10,28.68000030517578
2024-07-11,30.3700008392334
2024-07-12,31.299999237060547
2024-07-15,32.77000045776367
2024-07-16,34.4900016784668
2024-07-17,35.310001373291016
2024-07-18,33.08000183105469
2024-07-19,32.95000076293945
2024-07-22,33.900001525878906
2024-07-23,33.91999816894531
2024-07-24,32.529998779296875
2024-07-25,34.380001068115234
2024-07-26,35.970001220703125
2024-07-29,35.93000030517578
2024-07-30,37.369998931884766
2024-07-31,37.060001373291016
2024-08-01,34.9900016784668
2024-08-02,33.720001220703125
2024-08-05,35.63999938964844
2024-08-06,34.5
2024-08-07,33.65999984741211
2024-08-08,35.029998779296875
2024-08-09,38.29999923706055
2024-08-12,38.91999816894531
2024-08-13,40.88999938964844
2024-08-14,41.040000915527344
2024-08-15,43.290000915527344
2024-08-16,42.52000045776367
2024-08-19,43.33000183105469
2024-08-20,43.2400016784668
2024-08-21,45.709999084472656
2024-08-22,45.38999938964844
2024-08-23,46.630001068115234
2024-08-26,48.56999969482422
2024-08-27,47.209999084472656
2024-08-28,46.54999923706055
2024-08-29,47.22999954223633
2024-08-30,45.72999954223633
2024-09-03,43.38999938964844
2024-09-04,44.880001068115234
2024-09-05,43.66999816894531
2024-09-06,43.720001220703125
2024-09-09,42.869998931884766
2024-09-10,43.599998474121094
2024-09-11,42.88999938964844
2024-09-12,44.56999969482422
2024-09-13,47.08000183105469
2024-09-16,46.54999923706055
2024-09-17,46.54999923706055
2024-09-18,45.810001373291016
2024-09-19,42.0
2024-09-20,42.79999923706055
2024-09-23,42.2599983215332
2024-09-24,42.349998474121094
2024-09-25,42.04999923706055
2024-09-26,42.720001220703125
2024-09-27,42.70000076293945
2024-09-30,41.97999954223633
2024-10-01,41.189998626708984
2024-10-02,41.09000015258789
2024-10-03,41.36000061035156
2024-10-04,42.84000015258789
2024-10-07,41.560001373291016
2024-10-08,44.25
2024-10-09,46.689998626708984
2024-10-10,47.060001373291016
2024-10-11,49.029998779296875
2024-10-14,50.52000045776367
2024-10-15,50.88999938964844
2024-10-16,53.5
2024-10-17,55.47999954223633
2024-10-18,54.84000015258789
2024-10-21,53.90999984741211
2024-10-22,52.599998474121094
2024-10-23,52.66999816894531
2024-10-24,53.06999969482422
2024-10-25,53.61000061035156
2024-10-28,54.47999954223633
2024-10-29,53.25
2024-10-30,55.119998931884766
2024-10-31,54.779998779296875
2024-11-01,54.560001373291016
2024-11-04,50.04999923706055
2024-11-05,51.13999938964844
2024-11-06,50.209999084472656
2024-11-07,48.91999816894531
2024-11-08,50.4900016784668
2024-11-11,52.40999984741211
2024-11-12,53.75
2024-11-13,52.52000045776367
2024-11-14,52.2400016784668
2024-11-15,52.7599983215332
2024-11-18,50.709999084472656
2024-11-19,52.959999084472656
2024-11-20,51.81999969482422
2024-11-21,52.650001525878906
2024-11-22,53.599998474121094
2024-11-25,53.459999084472656
2024-11-26,54.349998474121094
2024-11-27,53.5
2024-11-29,53.310001373291016
2024-12-02,53.650001525878906
2024-12-03,54.630001068115234
2024-12-04,55.720001220703125
2024-12-05,51.59000015258789
2024-12-06,53.459999084472656
2024-12-09,56.0099983215332
2024-12-10,53.9900016784668
2024-12-11,54.720001220703125
2024-12-12,53.40999984741211
2024-12-13,52.72999954223633
2024-12-16,54.150001525878906
2024-12-17,53.77000045776367
2024-12-18,49.790000915527344
2024-12-19,49.56999969482422
2024-12-20,50.72999954223633
2024-12-23,49.75
2024-12-24,51.0
2024-12-26,50.91999816894531
2024-12-27,49.72999954223633
2024-12-30,48.88999938964844
2024-12-31,48.20000076293945
2025-01-02,48.20000076293945
2025-01-03,49.58000183105469
2025-01-06,48.720001220703125
2025-01-07,47.470001220703125
2025-01-08,46.58000183105469
2025-01-10,43.95000076293945
2025-01-13,43.540000915527344
2025-01-14,43.650001525878906
2025-01-15,47.2400016784668
2025-01-16,48.5099983215332
2025-01-17,47.630001068115234
2025-01-21,47.38999938964844
2025-01-22,46.52000045776367
2025-01-23,48.290000915527344
2025-01-24,48.900001525878906
2025-01-27,49.869998931884766
2025-01-28,48.689998626708984
2025-01-29,47.689998626708984
2025-01-30,47.869998931884766
2025-01-31,47.439998626708984
2025-02-03,46.95000076293945
2025-02-04,47.33000183105469
2025-02-05,47.040000915527344
2025-02-06,46.0099983215332
2025-02-07,45.9900016784668
2025-02-10,46.75
2025-02-11,45.22999954223633
2025-02-12,46.33000183105469
2025-02-13,49.029998779296875
2025-02-14,49.630001068115234
2025-02-18,48.689998626708984
2025-02-19,47.5099983215332
2025-02-20,35.400001525878906
2025-02-21,32.95000076293945
2025-02-24,33.40999984741211
2025-02-25,34.119998931884766
2025-02-26,33.84000015258789
2025-02-27,33.59000015258789
2025-02-28,34.540000915527344
2025-03-03,32.400001525878906
2025-03-04,33.09000015258789
2025-03-05,33.880001068115234
2025-03-06,32.65999984741211
2025-03-07,32.970001220703125
2025-03-10,32.459999084472656
2025-03-11,33.20000076293945
2025-03-12,34.09000015258789
2025-03-13,33.58000183105469
2025-03-14,35.2599983215332
2025-03-17,36.099998474121094
2025-03-18,35.83000183105469
2025-03-19,37.66999816894531
2025-03-20,36.779998779296875
2025-03-21,37.0
2025-03-24,38.61000061035156
2025-03-25,37.79999923706055
2025-03-26,37.900001525878906
2025-03-27,38.22999954223633
2025-03-28,36.25
2025-03-31,37.27000045776367
2025-04-01,36.9900016784668
2025-04-02,37.2599983215332
2025-04-03,34.9900016784668
2025-04-04,34.34000015258789
2025-04-07,34.45000076293945
2025-04-08,32.90999984741211
2025-04-09,37.7400016784668
2025-04-10,34.970001220703125
2025-04-11,35.619998931884766
2025-04-14,35.45000076293945
2025-04-15,34.720001220703125
2025-04-16,34.18000030517578
2025-04-17,34.720001220703125
2025-04-21,34.0099983215332
2025-04-22,34.97999954223633
2025-04-23,35.68000030517578
2025-04-24,36.7400016784668
2025-04-25,36.220001220703125
2025-04-28,37.599998474121094
2025-04-29,37.81999969482422
2025-04-30,36.599998474121094
2025-05-01,36.439998626708984
2025-05-02,45.0
2025-05-05,44.810001373291016
2025-05-06,44.72999954223633
2025-05-07,44.599998474121094
2025-05-08,44.060001373291016
2025-05-09,44.27000045776367
2025-05-12,45.02000045776367
2025-05-13,45.59000015258789
2025-05-14,45.72999954223633
2025-05-15,45.43000030517578
2025-05-16,46.77000045776367
2025-05-19,46.150001525878906
2025-05-20,45.29999923706055
2025-05-21,44.119998931884766
2025-05-22,44.18000030517578
2025-05-23,44.540000915527344
2025-05-27,47.775001525878906
2025-05-28,47.939998626708984
2025-05-29,48.150001525878906
2025-05-30,47.189998626708984
2025-06-02,46.72999954223633
2025-06-03,49.380001068115234
2025-06-04,48.150001525878906
2025-06-05,47.58000183105469
2025-06-06,49.459999084472656
2025-06-09,51.02000045776367
2025-06-10,52.130001068115234
2025-06-11,51.720001220703125
2025-06-12,50.599998474121094
2025-06-13,50.83000183105469
2025-06-16,52.88999938964844
2025-06-17,53.040000915527344
2025-06-18,54.709999084472656
2025-06-20,56.04999923706055
2025-06-23,56.44499969482422
2025-06-24,56.45000076293945
2025-06-25,55.25
2025-06-26,56.2400016784668
2025-06-27,56.0
2025-06-30,55.349998474121094
2025-07-01,54.099998474121094
2025-07-02,51.959999084472656
2025-07-03,52.84000015258789
2025-07-07,51.880001068115234
2025-07-08,52.45000076293945
2025-07-09,53.130001068115234
2025-07-10,50.66999816894531
2025-07-11,49.7599983215332
2025-07-14,50.86000061035156
2025-07-15,49.810001373291016
2025-07-16,50.2599983215332
2025-07-17,50.72999954223633
2025-07-18,51.15999984741211
2025-07-21,49.56999969482422
2025-07-22,50.15999984741211
2025-07-23,50.61000061035156
2025-07-24,49.02000045776367
2025-07-25,49.810001373291016
2025-07-28,49.61000061035156
2025-07-29,48.31999969482422
2025-07-30,47.58000183105469
2025-07-31,47.40999984741211
2025-08-01,46.209999084472656
2025-08-04,47.29999923706055
2025-08-05,47.93000030517578
2025-08-06,48.630001068115234
2025-08-07,48.75
2025-08-08,48.810001373291016
2025-08-11,49.4900016784668
2025-08-12,50.65999984741211
2025-08-13,50.459999084472656
2025-08-14,49.4900016784668
2025-08-15,48.61000061035156
2025-08-18,48.59000015258789
2025-08-19,47.97999954223633
2025-08-20,47.75
2025-08-21,47.72999954223633
2025-08-22,46.630001068115234
2025-08-25,45.83000183105469
2025-08-26,46.459999084472656
2025-08-27,46.349998474121094
2025-08-28,46.220001220703125
2025-08-29,46.36000061035156
2025-09-02,45.20000076293945
2025-09-03,44.18000030517578
2025-09-04,44.650001525878906
2025-09-05,44.09000015258789
2025-09-08,43.380001068115234
2025-09-09,42.7400016784668
2025-09-10,43.15999984741211
2025-09-11,43.459999084472656
2025-09-12,43.5
2025-09-15,44.72999954223633
2025-09-16,44.470001220703125
2025-09-17,45.099998474121094
2025-09-18,44.810001373291016
2025-09-19,45.189998626708984
2025-09-22,44.630001068115234
2025-09-23,44.18000030517578
2025-09-24,42.40999984741211
2025-09-25,42.939998626708984
2025-09-26,43.66999816894531
2025-09-29,43.81999969482422
2025-09-30,43.279998779296875
2025-10-01,43.439998626708984
2025-10-02,43.2599983215332
2025-10-03,43.47999954223633
2025-10-06,42.060001373291016
2025-10-07,42.29999923706055
2025-10-08,42.31999969482422
2025-10-09,42.279998779296875
2025-10-10,41.314998626708984
2025-10-13,41.2599983215332
2025-10-14,41.81999969482422
2025-10-15,42.619998931884766
2025-10-16,42.45000076293945
2025-10-17,42.900001525878906
2025-10-20,44.0099983215332
2025-10-21,44.02000045776367
2025-10-22,43.630001068115234
2025-10-23,43.84000015258789
2025-10-24,43.79999923706055
2025-10-27,43.5099983215332
2025-10-28,42.81999969482422
2025-10-29,41.68000030517578
2025-10-30,40.47999954223633
2025-10-31,39.9900016784668
2025-11-03,39.650001525878906
2025-11-04,39.38999938964844
2025-11-05,42.4900016784668
2025-11-06,42.09000015258789
2025-11-07,38.58000183105469
2025-11-10,39.33000183105469
2025-11-11,39.02000045776367
2025-11-12,38.90999984741211
2025-11-13,39.38999938964844
2025-11-14,37.7400016784668
2025-11-17,36.34000015258789
2025-11-18,36.810001373291016
2025-11-19,36.06999969482422
2025-11-20,35.06999969482422
2025-11-21,35.900001525878906
2025-11-24,35.400001525878906
2025-11-25,35.36000061035156
2025-11-26,35.08000183105469
2025-11-28,35.290000915527344
2025-12-01,34.029998779296875
2025-12-02,34.84000015258789
2025-12-03,36.2400016784668
2025-12-04,37.029998779296875
2025-12-05,36.93000030517578
2025-12-08,37.279998779296875
2025-12-09,38.40999984741211
2025-12-10,36.9900016784668
2025-12-11,36.5
2025-12-12,36.349998474121094
2025-12-15,36.7400016784668
2025-12-16,36.400001525878906
2025-12-17,37.88999938964844
2025-12-18,38.47999954223633
2025-12-19,38.0
2025-12-22,38.04999923706055
2025-12-23,37.790000915527344
2025-12-24,37.43000030517578
2025-12-26,37.75
2025-12-29,37.7400016784668
2025-12-30,38.16999816894531
2025-12-31,37.369998931884766
2026-01-02,37.20000076293945
2026-01-05,36.25
2026-01-06,36.5
2026-01-07,35.779998779296875
2026-01-08,36.08000183105469
2026-01-09,35.959999084472656
2026-01-12,36.61000061035156
2026-01-13,35.380001068115234
2026-01-14,34.040000915527344
2026-01-15,33.90999984741211
2026-01-16,32.439998626708984
2026-01-20,31.219999313354492
2026-01-21,31.75
2026-01-22,32.45000076293945
2026-01-23,32.81999969482422
2026-01-26,32.40999984741211
2026-01-27,31.760000228881836
2026-01-28,31.40999984741211
2026-01-29,32.16999816894531
2026-01-30,31.989999771118164
2026-02-02,31.790000915527344
2026-02-03,31.56999969482422
2026-02-04,32.34000015258789
2026-02-05,33.33000183105469
2026-02-06,33.16999816894531
2026-02-09,32.75
2026-02-10,33.09000015258789
2026-02-11,32.33000183105469
2026-02-12,32.13999938964844
2026-02-13,27.959999084472656
2026-02-17,28.989999771118164
2026-02-18,28.84000015258789
2026-02-19,28.850000381469727
2026-02-20,29.059999465942383
2026-02-23,27.15999984741211
2026-02-24,25.850000381469727
2026-02-25,26.700000762939453
2026-02-26,27.239999771118164
2026-02-27,26.540000915527344
2026-03-02,26.709999084472656
2026-03-03,27.459999084472656
2026-03-04,28.010000228881836
2026-03-05,28.770000457763672
2026-03-06,27.440000534057617
2026-03-09,26.469999313354492
2026-03-10,25.170000076293945
2026-03-11,25.700000762939453
2026-03-12,24.809999465942383
2026-03-13,24.739999771118164
2026-03-16,25.360000610351562
2026-03-17,26.469999313354492
2026-03-18,25.68000030517578
2026-03-19,25.510000228881836
2026-03-20,26.209999084472656
2026-03-23,26.260000228881836
2026-03-24,25.56999969482422
2026-03-25,25.5
2026-03-26,26.040000915527344
2026-03-27,25.450000762939453
2026-03-30,25.790000915527344
2026-03-31,25.610000610351562
2026-04-01,25.440000534057617
2026-04-02,25.649999618530273
2026-04-06,25.790000915527344
2026-04-07,25.649999618530273
