Date,Close
2018-06-29,27.299999237060547
2018-07-02,23.75
2018-07-03,23.209999084472656
2018-07-05,22.459999084472656
2018-07-06,21.889999389648438
2018-07-09,20.940000534057617
2018-07-10,19.889999389648438
2018-07-11,19.049999237060547
2018-07-12,19.84000015258789
2018-07-13,19.719999313354492
2018-07-16,18.989999771118164
2018-07-17,19.25
2018-07-18,18.850000381469727
2018-07-19,18.6299991607666
2018-07-20,18.68000030517578
2018-07-23,19.299999237060547
2018-07-24,19.170000076293945
2018-07-25,19.68000030517578
2018-07-26,18.260000228881836
2018-07-27,16.6299991607666
2018-07-30,16.059999465942383
2018-07-31,16.610000610351562
2018-08-01,16.520000457763672
2018-08-02,16.6200008392334
2018-08-03,17.030000686645508
2018-08-06,17.360000610351562
2018-08-07,17.739999771118164
2018-08-08,17.93000030517578
2018-08-09,17.700000762939453
2018-08-10,17.920000076293945
2018-08-13,18.510000228881836
2018-08-14,18.459999084472656
2018-08-15,17.8700008392334
2018-08-16,18.290000915527344
2018-08-17,18.0
2018-08-20,17.8700008392334
2018-08-21,18.65999984741211
2018-08-22,19.940000534057617
2018-08-23,19.670000076293945
2018-08-24,20.0
2018-08-27,20.530000686645508
2018-08-28,20.969999313354492
2018-08-29,22.59000015258789
2018-08-30,23.360000610351562
2018-08-31,23.510000228881836
2018-09-04,22.079999923706055
2018-09-05,20.90999984741211
2018-09-06,21.719999313354492
2018-09-07,19.260000228881836
2018-09-10,20.469999313354492
2018-09-11,21.219999313354492
2018-09-12,20.100000381469727
2018-09-13,21.549999237060547
2018-09-14,21.979999542236328
2018-09-17,21.190000534057617
2018-09-18,21.43000030517578
2018-09-19,20.719999313354492
2018-09-20,21.520000457763672
2018-09-21,20.520000457763672
2018-09-24,20.3700008392334
2018-09-25,20.579999923706055
2018-09-26,21.709999084472656
2018-09-27,21.1200008392334
2018-09-28,21.450000762939453
2018-10-01,21.110000610351562
2018-10-02,21.170000076293945
2018-10-03,20.719999313354492
2018-10-04,20.030000686645508
2018-10-05,19.079999923706055
2018-10-08,18.280000686645508
2018-10-09,17.350000381469727
2018-10-10,16.84000015258789
2018-10-11,17.790000915527344
2018-10-12,18.8799991607666
2018-10-15,18.270000457763672
2018-10-16,19.329999923706055
2018-10-17,18.770000457763672
2018-10-18,18.260000228881836
2018-10-19,17.81999969482422
2018-10-22,17.360000610351562
2018-10-23,17.1299991607666
2018-10-24,17.020000457763672
2018-10-25,17.299999237060547
2018-10-26,16.829999923706055
2018-10-29,16.459999084472656
2018-10-30,15.9399995803833
2018-10-31,16.229999542236328
2018-11-01,16.68000030517578
2018-11-02,16.530000686645508
2018-11-05,16.25
2018-11-06,16.200000762939453
2018-11-07,16.84000015258789
2018-11-08,17.84000015258789
2018-11-09,17.299999237060547
2018-11-12,16.170000076293945
2018-11-13,16.06999969482422
2018-11-14,15.5
2018-11-15,15.979999542236328
2018-11-16,16.3700008392334
2018-11-19,14.670000076293945
2018-11-20,14.170000076293945
2018-11-21,15.0600004196167
2018-11-23,15.119999885559082
2018-11-26,15.829999923706055
2018-11-27,14.90999984741211
2018-11-28,15.8100004196167
2018-11-29,16.170000076293945
2018-11-30,15.960000038146973
2018-12-03,16.149999618530273
2018-12-04,15.8100004196167
2018-12-06,15.630000114440918
2018-12-07,20.399999618530273
2018-12-10,21.229999542236328
2018-12-11,21.170000076293945
2018-12-12,21.190000534057617
2018-12-13,22.3799991607666
2018-12-14,21.969999313354492
2018-12-17,20.020000457763672
2018-12-18,19.8700008392334
2018-12-19,18.989999771118164
2018-12-20,18.290000915527344
2018-12-21,16.56999969482422
2018-12-24,16.989999771118164
2018-12-26,17.239999771118164
2018-12-27,17.3700008392334
2018-12-28,17.90999984741211
2018-12-31,19.6299991607666
2019-01-02,18.290000915527344
2019-01-03,17.690000534057617
2019-01-04,18.459999084472656
2019-01-07,20.270000457763672
2019-01-08,21.139999389648438
2019-01-09,21.459999084472656
2019-01-10,21.690000534057617
2019-01-11,22.719999313354492
2019-01-14,22.93000030517578
2019-01-15,22.850000381469727
2019-01-16,23.270000457763672
2019-01-17,24.469999313354492
2019-01-18,26.59000015258789
2019-01-22,26.489999771118164
2019-01-23,25.399999618530273
2019-01-24,25.690000534057617
2019-01-25,26.329999923706055
2019-01-28,26.049999237060547
2019-01-29,25.170000076293945
2019-01-30,26.049999237060547
2019-01-31,27.0
2019-02-01,26.860000610351562
2019-02-04,26.8799991607666
2019-02-05,27.459999084472656
2019-02-06,26.93000030517578
2019-02-07,27.81999969482422
2019-02-08,29.610000610351562
2019-02-11,29.56999969482422
2019-02-12,30.010000228881836
2019-02-13,29.209999084472656
2019-02-14,31.190000534057617
2019-02-15,31.290000915527344
2019-02-19,32.77000045776367
2019-02-20,33.59000015258789
2019-02-21,32.189998626708984
2019-02-22,32.959999084472656
2019-02-25,35.439998626708984
2019-02-26,34.72999954223633
2019-02-27,34.18000030517578
2019-02-28,34.689998626708984
2019-03-01,35.41999816894531
2019-03-04,35.34000015258789
2019-03-05,32.25
2019-03-06,31.190000534057617
2019-03-07,32.27000045776367
2019-03-08,31.049999237060547
2019-03-11,30.559999465942383
2019-03-12,30.469999313354492
2019-03-13,31.200000762939453
2019-03-14,37.790000915527344
2019-03-15,41.709999084472656
2019-03-18,43.189998626708984
2019-03-19,44.0099983215332
2019-03-20,43.43000030517578
2019-03-21,43.560001373291016
2019-03-22,43.41999816894531
2019-03-25,43.58000183105469
2019-03-26,43.18000030517578
2019-03-27,40.630001068115234
2019-03-28,39.54999923706055
2019-03-29,40.33000183105469
2019-04-01,40.97999954223633
2019-04-02,40.7599983215332
2019-04-03,39.54999923706055
2019-04-04,37.5
2019-04-05,37.86000061035156
2019-04-08,38.029998779296875
2019-04-09,37.970001220703125
2019-04-10,37.369998931884766
2019-04-11,39.70000076293945
2019-04-12,38.310001373291016
2019-04-15,37.56999969482422
2019-04-16,37.630001068115234
2019-04-17,36.09000015258789
2019-04-18,34.4900016784668
2019-04-22,35.83000183105469
2019-04-23,36.95000076293945
2019-04-24,37.2400016784668
2019-04-25,37.779998779296875
2019-04-26,38.560001373291016
2019-04-29,38.13999938964844
2019-04-30,38.310001373291016
2019-05-01,36.959999084472656
2019-05-02,36.459999084472656
2019-05-03,36.7599983215332
2019-05-06,38.7400016784668
2019-05-07,35.959999084472656
2019-05-08,36.790000915527344
2019-05-09,36.38999938964844
2019-05-10,36.720001220703125
2019-05-13,34.06999969482422
2019-05-14,35.7599983215332
2019-05-15,36.599998474121094
2019-05-16,37.689998626708984
2019-05-17,38.029998779296875
2019-05-20,36.16999816894531
2019-05-21,36.91999816894531
2019-05-22,36.790000915527344
2019-05-23,34.91999816894531
2019-05-24,34.959999084472656
2019-05-28,35.34000015258789
2019-05-29,34.099998474121094
2019-05-30,33.79999923706055
2019-05-31,33.5
2019-06-03,30.790000915527344
2019-06-04,31.920000076293945
2019-06-05,31.889999389648438
2019-06-06,31.760000228881836
2019-06-07,29.81999969482422
2019-06-10,32.02000045776367
2019-06-11,29.309999465942383
2019-06-12,29.559999465942383
2019-06-13,29.3799991607666
2019-06-14,28.709999084472656
2019-06-17,30.6200008392334
2019-06-18,30.389999389648438
2019-06-19,30.739999771118164
2019-06-20,30.350000381469727
2019-06-21,30.780000686645508
2019-06-24,28.670000076293945
2019-06-25,28.440000534057617
2019-06-26,28.469999313354492
2019-06-27,27.950000762939453
2019-06-28,27.31999969482422
2019-07-01,27.739999771118164
2019-07-02,28.06999969482422
2019-07-03,28.309999465942383
2019-07-05,28.3700008392334
2019-07-08,28.540000915527344
2019-07-09,29.290000915527344
2019-07-10,30.68000030517578
2019-07-11,30.5
2019-07-12,30.950000762939453
2019-07-15,28.8799991607666
2019-07-16,27.649999618530273
2019-07-17,27.510000228881836
2019-07-18,27.059999465942383
2019-07-19,27.170000076293945
2019-07-22,28.06999969482422
2019-07-23,28.579999923706055
2019-07-24,29.209999084472656
2019-07-25,29.1200008392334
2019-07-26,30.219999313354492
2019-07-29,29.149999618530273
2019-07-30,29.209999084472656
2019-07-31,27.739999771118164
2019-08-01,27.59000015258789
2019-08-02,26.68000030517578
2019-08-05,26.079999923706055
2019-08-06,25.3700008392334
2019-08-07,25.389999389648438
2019-08-08,26.149999618530273
2019-08-09,25.889999389648438
2019-08-12,25.510000228881836
2019-08-13,25.920000076293945
2019-08-14,25.440000534057617
2019-08-15,25.079999923706055
2019-08-16,25.420000076293945
2019-08-19,25.280000686645508
2019-08-20,24.93000030517578
2019-08-21,23.690000534057617
2019-08-22,23.799999237060547
2019-08-23,24.079999923706055
2019-08-26,23.829999923706055
2019-08-27,22.709999084472656
2019-08-28,23.059999465942383
2019-08-29,24.530000686645508
2019-08-30,24.829999923706055
2019-09-03,24.239999771118164
2019-09-04,24.1299991607666
2019-09-05,25.209999084472656
2019-09-06,15.770000457763672
2019-09-09,15.949999809265137
2019-09-10,17.1200008392334
2019-09-11,17.06999969482422
2019-09-12,17.040000915527344
2019-09-13,16.940000534057617
2019-09-16,17.559999465942383
2019-09-17,17.770000457763672
2019-09-18,17.860000610351562
2019-09-19,18.040000915527344
2019-09-20,17.799999237060547
2019-09-23,17.309999465942383
2019-09-24,16.7450008392334
2019-09-25,16.8799991607666
2019-09-26,16.475000381469727
2019-09-27,15.869999885559082
2019-09-30,15.979999542236328
2019-10-01,15.300000190734863
2019-10-02,15.489999771118164
2019-10-03,16.110000610351562
2019-10-04,16.43000030517578
2019-10-07,16.40999984741211
2019-10-08,15.529999732971191
2019-10-09,15.350000381469727
2019-10-10,15.779999732971191
2019-10-11,16.309999465942383
2019-10-14,16.329999923706055
2019-10-15,16.309999465942383
2019-10-16,16.229999542236328
2019-10-17,16.09000015258789
2019-10-18,15.614999771118164
2019-10-21,16.200000762939453
2019-10-22,15.970000267028809
2019-10-23,15.989999771118164
2019-10-24,16.709999084472656
2019-10-25,16.989999771118164
2019-10-28,16.510000228881836
2019-10-29,16.149999618530273
2019-10-30,16.239999771118164
2019-10-31,16.079999923706055
2019-11-01,16.479999542236328
2019-11-04,16.25
2019-11-05,16.399999618530273
2019-11-06,16.299999237060547
2019-11-07,16.389999389648438
2019-11-08,16.56999969482422
2019-11-11,16.6200008392334
2019-11-12,17.170000076293945
2019-11-13,16.90999984741211
2019-11-14,16.940000534057617
2019-11-15,16.799999237060547
2019-11-18,16.829999923706055
2019-11-19,17.030000686645508
2019-11-20,17.920000076293945
2019-11-21,17.479999542236328
2019-11-22,17.530000686645508
2019-11-25,18.024999618530273
2019-11-26,18.149999618530273
2019-11-27,18.6200008392334
2019-11-29,18.799999237060547
2019-12-02,19.670000076293945
2019-12-03,19.915000915527344
2019-12-04,19.610000610351562
2019-12-05,19.5
2019-12-06,23.389999389648438
2019-12-09,23.3799991607666
2019-12-10,24.56999969482422
2019-12-11,23.719999313354492
2019-12-12,23.649999618530273
2019-12-13,24.34000015258789
2019-12-16,22.8799991607666
2019-12-17,21.4950008392334
2019-12-18,22.03499984741211
2019-12-19,22.149999618530273
2019-12-20,21.969999313354492
2019-12-23,23.049999237060547
2019-12-24,23.309999465942383
2019-12-26,23.139999389648438
2019-12-27,22.979999542236328
2019-12-30,22.270000457763672
2019-12-31,21.719999313354492
2020-01-02,21.040000915527344
2020-01-03,21.5
2020-01-06,22.690000534057617
2020-01-07,22.649999618530273
2020-01-08,22.610000610351562
2020-01-09,23.649999618530273
2020-01-10,24.190000534057617
2020-01-13,24.559999465942383
2020-01-14,24.290000915527344
2020-01-15,24.90999984741211
2020-01-16,24.969999313354492
2020-01-17,24.110000610351562
2020-01-21,24.290000915527344
2020-01-22,24.8700008392334
2020-01-23,25.780000686645508
2020-01-24,25.209999084472656
2020-01-27,24.59000015258789
2020-01-28,25.030000686645508
2020-01-29,24.809999465942383
2020-01-30,24.690000534057617
2020-01-31,24.219999313354492
2020-02-03,23.8700008392334
2020-02-04,24.670000076293945
2020-02-05,24.709999084472656
2020-02-06,24.690000534057617
2020-02-07,24.75
2020-02-10,24.06999969482422
2020-02-11,24.780000686645508
2020-02-12,24.610000610351562
2020-02-13,24.950000762939453
2020-02-14,25.059999465942383
2020-02-18,24.770000457763672
2020-02-19,25.0
2020-02-20,25.424999237060547
2020-02-21,26.860000610351562
2020-02-24,26.959999084472656
2020-02-25,24.5
2020-02-26,23.649999618530273
2020-02-27,21.989999771118164
2020-02-28,21.09000015258789
2020-03-02,20.3799991607666
2020-03-03,19.81999969482422
2020-03-04,20.139999389648438
2020-03-05,18.979999542236328
2020-03-06,17.770000457763672
2020-03-09,14.970000267028809
2020-03-10,14.25
2020-03-11,12.289999961853027
2020-03-12,11.520000457763672
2020-03-13,12.710000038146973
2020-03-16,9.779999732971191
2020-03-17,10.640000343322754
2020-03-18,9.010000228881836
2020-03-19,9.15999984741211
2020-03-20,8.3100004196167
2020-03-23,7.980000019073486
2020-03-24,9.390000343322754
2020-03-25,9.760000228881836
2020-03-26,10.489999771118164
2020-03-27,10.529999732971191
2020-03-30,10.260000228881836
2020-03-31,9.9399995803833
2020-04-01,9.229999542236328
2020-04-02,8.770000457763672
2020-04-03,8.539999961853027
2020-04-06,9.350000381469727
2020-04-07,9.600000381469727
2020-04-08,10.75
2020-04-09,11.720000267028809
2020-04-13,14.050000190734863
2020-04-14,15.550000190734863
2020-04-15,14.989999771118164
2020-04-16,14.529999732971191
2020-04-17,14.319999694824219
2020-04-20,14.289999961853027
2020-04-21,14.210000038146973
2020-04-22,14.470000267028809
2020-04-23,14.6899995803833
2020-04-24,16.389999389648438
2020-04-27,17.530000686645508
2020-04-28,17.68000030517578
2020-04-29,19.34000015258789
2020-04-30,19.450000762939453
2020-05-01,17.43000030517578
2020-05-04,18.209999084472656
2020-05-05,19.219999313354492
2020-05-06,18.81999969482422
2020-05-07,20.200000762939453
2020-05-08,20.81999969482422
2020-05-11,20.079999923706055
2020-05-12,20.690000534057617
2020-05-13,20.0
2020-05-14,20.559999465942383
2020-05-15,22.280000686645508
2020-05-18,23.260000228881836
2020-05-19,24.170000076293945
2020-05-20,24.90999984741211
2020-05-21,24.459999084472656
2020-05-22,25.010000228881836
2020-05-26,25.43000030517578
2020-05-27,25.1299991607666
2020-05-28,24.399999618530273
2020-05-29,25.31999969482422
2020-06-01,28.600000381469727
2020-06-02,28.270000457763672
2020-06-03,31.139999389648438
2020-06-04,29.059999465942383
2020-06-05,32.189998626708984
2020-06-08,31.190000534057617
2020-06-09,29.959999084472656
2020-06-10,30.75
2020-06-11,27.889999389648438
2020-06-12,31.079999923706055
2020-06-15,28.56999969482422
2020-06-16,30.959999084472656
2020-06-17,30.3700008392334
2020-06-18,32.25
2020-06-19,30.059999465942383
2020-06-22,31.889999389648438
2020-06-23,31.110000610351562
2020-06-24,30.520000457763672
2020-06-25,31.649999618530273
2020-06-26,30.899999618530273
2020-06-29,31.450000762939453
2020-06-30,32.16999816894531
2020-07-01,33.630001068115234
2020-07-02,35.61000061035156
2020-07-06,36.0099983215332
2020-07-07,36.54999923706055
2020-07-08,37.9900016784668
2020-07-09,37.970001220703125
2020-07-10,35.630001068115234
2020-07-13,33.33000183105469
2020-07-14,33.84000015258789
2020-07-15,34.08000183105469
2020-07-16,33.099998474121094
2020-07-17,33.5
2020-07-20,34.849998474121094
2020-07-21,34.25
2020-07-22,34.290000915527344
2020-07-23,32.310001373291016
2020-07-24,31.43000030517578
2020-07-27,32.56999969482422
2020-07-28,31.450000762939453
2020-07-29,32.45000076293945
2020-07-30,32.54999923706055
2020-07-31,32.18000030517578
2020-08-03,32.369998931884766
2020-08-04,31.829999923706055
2020-08-05,32.529998779296875
2020-08-06,31.399999618530273
2020-08-07,30.989999771118164
2020-08-10,29.889999389648438
2020-08-11,30.59000015258789
2020-08-12,33.459999084472656
2020-08-13,35.84000015258789
2020-08-14,35.66999816894531
2020-08-17,35.63999938964844
2020-08-18,36.470001220703125
2020-08-19,36.779998779296875
2020-08-20,38.869998931884766
2020-08-21,37.400001525878906
2020-08-24,37.38999938964844
2020-08-25,38.0
2020-08-26,38.59000015258789
2020-08-27,38.27000045776367
2020-08-28,39.0099983215332
2020-08-31,40.720001220703125
2020-09-01,44.66999816894531
2020-09-02,44.529998779296875
2020-09-03,37.279998779296875
2020-09-04,40.279998779296875
2020-09-08,38.29999923706055
2020-09-09,39.959999084472656
2020-09-10,39.54999923706055
2020-09-11,39.52000045776367
2020-09-14,38.7599983215332
2020-09-15,38.869998931884766
2020-09-16,37.95000076293945
2020-09-17,37.29999923706055
2020-09-18,36.58000183105469
2020-09-21,37.560001373291016
2020-09-22,38.54999923706055
2020-09-23,36.27000045776367
2020-09-24,36.11000061035156
2020-09-25,37.56999969482422
2020-09-28,38.77000045776367
2020-09-29,39.11000061035156
2020-09-30,38.33000183105469
2020-10-01,39.86000061035156
2020-10-02,38.0099983215332
2020-10-05,37.310001373291016
2020-10-06,37.95000076293945
2020-10-07,38.810001373291016
2020-10-08,38.59000015258789
2020-10-09,41.29999923706055
2020-10-12,41.2400016784668
2020-10-13,41.58000183105469
2020-10-14,40.790000915527344
2020-10-15,40.83000183105469
2020-10-16,38.880001068115234
2020-10-19,38.33000183105469
2020-10-20,37.84000015258789
2020-10-21,35.189998626708984
2020-10-22,35.52000045776367
2020-10-23,36.060001373291016
2020-10-26,34.959999084472656
2020-10-27,35.11000061035156
2020-10-28,33.619998931884766
2020-10-29,33.95000076293945
2020-10-30,31.770000457763672
2020-11-02,33.13999938964844
2020-11-03,34.38999938964844
2020-11-04,36.18000030517578
2020-11-05,38.11000061035156
2020-11-06,37.0
2020-11-09,34.459999084472656
2020-11-10,31.739999771118164
2020-11-11,31.989999771118164
2020-11-12,33.11000061035156
2020-11-13,34.29999923706055
2020-11-16,33.93000030517578
2020-11-17,34.79999923706055
2020-11-18,34.91999816894531
2020-11-19,35.77000045776367
2020-11-20,35.849998474121094
2020-11-23,36.40999984741211
2020-11-24,35.47999954223633
2020-11-25,37.709999084472656
2020-11-27,37.9900016784668
2020-11-30,37.9900016784668
2020-12-01,37.66999816894531
2020-12-02,36.90999984741211
2020-12-03,38.2599983215332
2020-12-04,44.88999938964844
2020-12-07,45.38999938964844
2020-12-08,44.56999969482422
2020-12-09,43.52000045776367
2020-12-10,45.27000045776367
2020-12-11,46.70000076293945
2020-12-14,56.43000030517578
2020-12-15,56.380001068115234
2020-12-16,60.459999084472656
2020-12-17,66.98999786376953
2020-12-18,66.26000213623047
2020-12-21,67.56999969482422
2020-12-22,71.58999633789062
2020-12-23,69.43000030517578
2020-12-24,67.26000213623047
2020-12-28,67.62000274658203
2020-12-29,64.9000015258789
2020-12-30,64.55999755859375
2020-12-31,63.77000045776367
2021-01-04,61.95000076293945
2021-01-05,61.939998626708984
2021-01-06,57.90999984741211
2021-01-07,59.70000076293945
2021-01-08,62.11000061035156
2021-01-11,62.540000915527344
2021-01-12,62.38999938964844
2021-01-13,64.41999816894531
2021-01-14,69.5
2021-01-15,70.02999877929688
2021-01-19,71.9800033569336
2021-01-20,72.76000213623047
2021-01-21,70.51000213623047
2021-01-22,72.61000061035156
2021-01-25,70.3499984741211
2021-01-26,66.9000015258789
2021-01-27,63.56999969482422
2021-01-28,66.19999694824219
2021-01-29,63.38999938964844
2021-02-01,66.12999725341797
2021-02-02,69.81999969482422
2021-02-03,68.69000244140625
2021-02-04,71.70999908447266
2021-02-05,74.80999755859375
2021-02-08,74.08999633789062
2021-02-09,74.63999938964844
2021-02-10,72.43000030517578
2021-02-11,71.02999877929688
2021-02-12,70.86000061035156
2021-02-16,70.02999877929688
2021-02-17,67.2699966430664
2021-02-18,67.58000183105469
2021-02-19,69.12000274658203
2021-02-22,64.05000305175781
2021-02-23,63.09000015258789
2021-02-24,67.94000244140625
2021-02-25,61.650001525878906
2021-02-26,63.72999954223633
2021-03-01,68.18000030517578
2021-03-02,65.08000183105469
2021-03-03,59.099998474121094
2021-03-04,55.900001525878906
2021-03-05,56.4900016784668
2021-03-08,55.040000915527344
2021-03-09,62.31999969482422
2021-03-10,62.25
2021-03-11,67.36000061035156
2021-03-12,62.439998626708984
2021-03-15,65.94000244140625
2021-03-16,62.5
2021-03-17,64.88999938964844
2021-03-18,60.599998474121094
2021-03-19,64.66999816894531
2021-03-22,66.12000274658203
2021-03-23,61.77000045776367
2021-03-24,57.150001525878906
2021-03-25,59.119998931884766
2021-03-26,61.61000061035156
2021-03-29,55.47999954223633
2021-03-30,53.15999984741211
2021-03-31,56.290000915527344
2021-04-01,57.650001525878906
2021-04-05,57.91999816894531
2021-04-06,57.880001068115234
2021-04-07,56.43000030517578
2021-04-08,58.5099983215332
2021-04-09,57.58000183105469
2021-04-12,56.4900016784668
2021-04-13,59.290000915527344
2021-04-14,59.31999969482422
2021-04-15,61.349998474121094
2021-04-16,60.630001068115234
2021-04-19,60.529998779296875
2021-04-20,59.09000015258789
2021-04-21,62.16999816894531
2021-04-22,62.54999923706055
2021-04-23,64.2300033569336
2021-04-26,67.33999633789062
2021-04-27,66.83999633789062
2021-04-28,67.37999725341797
2021-04-29,64.30999755859375
2021-04-30,64.29000091552734
2021-05-03,62.040000915527344
2021-05-04,59.029998779296875
2021-05-05,58.47999954223633
2021-05-06,58.310001373291016
2021-05-07,60.45000076293945
2021-05-10,56.95000076293945
2021-05-11,59.09000015258789
2021-05-12,55.54999923706055
2021-05-13,55.150001525878906
2021-05-14,58.93000030517578
2021-05-17,57.650001525878906
2021-05-18,57.79999923706055
2021-05-19,56.93000030517578
2021-05-20,60.40999984741211
2021-05-21,61.849998474121094
2021-05-24,62.31999969482422
2021-05-25,62.81999969482422
2021-05-26,65.13999938964844
2021-05-27,65.62000274658203
2021-05-28,66.5
2021-06-01,65.5
2021-06-02,66.44999694824219
2021-06-03,65.55000305175781
2021-06-04,67.1500015258789
2021-06-07,69.87999725341797
2021-06-08,70.75
2021-06-09,69.91000366210938
2021-06-10,69.6500015258789
2021-06-11,71.19999694824219
2021-06-14,72.7699966430664
2021-06-15,73.11000061035156
2021-06-16,75.0
2021-06-17,76.7300033569336
2021-06-18,78.16999816894531
2021-06-21,80.29000091552734
2021-06-22,78.38999938964844
2021-06-23,81.81999969482422
2021-06-24,83.12000274658203
2021-06-25,82.55000305175781
2021-06-28,82.56999969482422
2021-06-29,83.12000274658203
2021-06-30,80.83000183105469
2021-07-01,80.29000091552734
2021-07-02,80.08999633789062
2021-07-06,81.91000366210938
2021-07-07,81.69000244140625
2021-07-08,83.05999755859375
2021-07-09,82.36000061035156
2021-07-12,83.05999755859375
2021-07-13,83.72000122070312
2021-07-14,82.25
2021-07-15,79.66000366210938
2021-07-16,81.55999755859375
2021-07-19,82.87999725341797
2021-07-20,85.52999877929688
2021-07-21,88.0
2021-07-22,88.55000305175781
2021-07-23,89.62000274658203
2021-07-26,90.3499984741211
2021-07-27,87.73999786376953
2021-07-28,88.77999877929688
2021-07-29,89.75
2021-07-30,88.33000183105469
2021-08-02,88.13999938964844
2021-08-03,89.55000305175781
2021-08-04,90.0199966430664
2021-08-05,92.8499984741211
2021-08-06,92.83999633789062
2021-08-09,92.12000274658203
2021-08-10,91.30000305175781
2021-08-11,89.44999694824219
2021-08-12,91.43000030517578
2021-08-13,89.6500015258789
2021-08-16,88.19000244140625
2021-08-17,86.05000305175781
2021-08-18,85.58000183105469
2021-08-19,86.48999786376953
2021-08-20,91.30000305175781
2021-08-23,94.88999938964844
2021-08-24,95.69999694824219
2021-08-25,96.83999633789062
2021-08-26,97.69999694824219
2021-08-27,89.52999877929688
2021-08-30,90.18000030517578
2021-08-31,89.5
2021-09-01,85.9800033569336
2021-09-02,84.56999969482422
2021-09-03,84.5
2021-09-07,83.31999969482422
2021-09-08,79.7699966430664
2021-09-09,79.66000366210938
2021-09-10,77.6500015258789
2021-09-13,75.68000030517578
2021-09-14,76.02999877929688
2021-09-15,76.58999633789062
2021-09-16,77.87000274658203
2021-09-17,79.66000366210938
2021-09-20,77.05999755859375
2021-09-21,78.31999969482422
2021-09-22,82.29000091552734
2021-09-23,84.16999816894531
2021-09-24,84.55999755859375
2021-09-27,82.81999969482422
2021-09-28,81.08999633789062
2021-09-29,83.83000183105469
2021-09-30,84.44000244140625
2021-10-01,84.95999908447266
2021-10-04,79.30000305175781
2021-10-05,81.12999725341797
2021-10-06,81.33999633789062
2021-10-07,82.44999694824219
2021-10-08,80.88999938964844
2021-10-11,83.56999969482422
2021-10-12,84.87999725341797
2021-10-13,87.52999877929688
2021-10-14,89.36000061035156
2021-10-15,87.6500015258789
2021-10-18,90.98999786376953
2021-10-19,93.75
2021-10-20,92.87000274658203
2021-10-21,92.94999694824219
2021-10-22,91.87000274658203
2021-10-25,92.16999816894531
2021-10-26,89.95999908447266
2021-10-27,87.68000030517578
2021-10-28,87.69999694824219
2021-10-29,88.3499984741211
2021-11-01,88.62999725341797
2021-11-02,86.68000030517578
2021-11-03,88.4000015258789
2021-11-04,90.05000305175781
2021-11-05,86.93000030517578
2021-11-08,87.6500015258789
2021-11-09,88.80000305175781
2021-11-10,85.16999816894531
2021-11-11,85.73999786376953
2021-11-12,88.61000061035156
2021-11-15,85.0999984741211
2021-11-16,88.12000274658203
2021-11-17,88.08999633789062
2021-11-18,86.77999877929688
2021-11-19,84.45999908447266
2021-11-22,75.12999725341797
2021-11-23,73.41000366210938
2021-11-24,73.4800033569336
2021-11-26,72.80999755859375
2021-11-29,73.9800033569336
2021-11-30,72.3499984741211
2021-12-01,64.2300033569336
2021-12-02,65.1500015258789
2021-12-03,48.2599983215332
2021-12-06,48.54999923706055
2021-12-07,51.79999923706055
2021-12-08,52.529998779296875
2021-12-09,50.220001220703125
2021-12-10,48.779998779296875
2021-12-13,48.459999084472656
2021-12-14,47.09000015258789
2021-12-15,49.15999984741211
2021-12-16,46.75
2021-12-17,48.959999084472656
2021-12-20,49.68000030517578
2021-12-21,51.130001068115234
2021-12-22,51.41999816894531
2021-12-23,50.63999938964844
2021-12-27,50.29999923706055
2021-12-28,49.790000915527344
2021-12-29,48.779998779296875
2021-12-30,51.09000015258789
2021-12-31,49.599998474121094
2022-01-03,49.290000915527344
2022-01-04,47.5
2022-01-05,43.4900016784668
2022-01-06,44.650001525878906
2022-01-07,44.40999984741211
2022-01-10,44.529998779296875
2022-01-11,46.869998931884766
2022-01-12,46.38999938964844
2022-01-13,44.290000915527344
2022-01-14,45.22999954223633
2022-01-18,42.119998931884766
2022-01-19,42.86000061035156
2022-01-20,42.45000076293945
2022-01-21,40.869998931884766
2022-01-24,43.52000045776367
2022-01-25,40.72999954223633
2022-01-26,41.31999969482422
2022-01-27,40.43000030517578
2022-01-28,44.25
2022-01-31,46.959999084472656
2022-02-01,48.13999938964844
2022-02-02,45.900001525878906
2022-02-03,44.0099983215332
2022-02-04,46.84000015258789
2022-02-07,47.33000183105469
2022-02-08,48.25
2022-02-09,49.81999969482422
2022-02-10,50.5099983215332
2022-02-11,48.869998931884766
2022-02-14,48.599998474121094
2022-02-15,49.25
2022-02-16,48.7400016784668
2022-02-17,44.75
2022-02-18,42.20000076293945
2022-02-22,41.27000045776367
2022-02-23,39.02000045776367
2022-02-24,43.529998779296875
2022-02-25,44.099998474121094
2022-02-28,44.5
2022-03-01,44.0
2022-03-02,47.88999938964844
2022-03-03,46.470001220703125
2022-03-04,42.95000076293945
2022-03-07,40.119998931884766
2022-03-08,40.90999984741211
2022-03-09,43.459999084472656
2022-03-10,45.5
2022-03-11,42.7599983215332
2022-03-14,39.810001373291016
2022-03-15,40.810001373291016
2022-03-16,45.349998474121094
2022-03-17,48.279998779296875
2022-03-18,48.119998931884766
2022-03-21,48.5
2022-03-22,49.56999969482422
2022-03-23,47.849998474121094
2022-03-24,48.459999084472656
2022-03-25,47.349998474121094
2022-03-28,49.220001220703125
2022-03-29,51.849998474121094
2022-03-30,50.130001068115234
2022-03-31,50.56999969482422
2022-04-01,52.470001220703125
2022-04-04,57.16999816894531
2022-04-05,54.150001525878906
2022-04-06,51.119998931884766
2022-04-07,50.650001525878906
2022-04-08,47.88999938964844
2022-04-11,48.779998779296875
2022-04-12,49.61000061035156
2022-04-13,51.38999938964844
2022-04-14,47.90999984741211
2022-04-18,46.56999969482422
2022-04-19,47.41999816894531
2022-04-20,45.790000915527344
2022-04-21,42.81999969482422
2022-04-22,41.86000061035156
2022-04-25,45.65999984741211
2022-04-26,42.869998931884766
2022-04-27,41.81999969482422
2022-04-28,43.86000061035156
2022-04-29,41.41999816894531
2022-05-02,43.400001525878906
2022-05-03,42.029998779296875
2022-05-04,44.20000076293945
2022-05-05,40.4900016784668
2022-05-06,36.88999938964844
2022-05-09,31.709999084472656
2022-05-10,32.13999938964844
2022-05-11,30.5
2022-05-12,31.719999313354492
2022-05-13,35.099998474121094
2022-05-16,32.2599983215332
2022-05-17,33.0
2022-05-18,30.510000228881836
2022-05-19,30.389999389648438
2022-05-20,30.989999771118164
2022-05-23,30.440000534057617
2022-05-24,28.030000686645508
2022-05-25,29.719999313354492
2022-05-26,30.139999389648438
2022-05-27,34.290000915527344
2022-05-31,31.8799991607666
2022-06-01,31.84000015258789
2022-06-02,34.65999984741211
2022-06-03,32.91999816894531
2022-06-06,32.25
2022-06-07,32.0
2022-06-08,32.31999969482422
2022-06-09,30.68000030517578
2022-06-10,27.719999313354492
2022-06-13,24.729999542236328
2022-06-14,23.799999237060547
2022-06-15,25.010000228881836
2022-06-16,23.780000686645508
2022-06-17,26.049999237060547
2022-06-21,26.649999618530273
2022-06-22,27.329999923706055
2022-06-23,30.860000610351562
2022-06-24,33.2400016784668
2022-06-27,30.969999313354492
2022-06-28,30.020000457763672
2022-06-29,30.09000015258789
2022-06-30,27.799999237060547
2022-07-01,28.040000915527344
2022-07-05,29.81999969482422
2022-07-06,29.90999984741211
2022-07-07,31.56999969482422
2022-07-08,32.18000030517578
2022-07-11,31.079999923706055
2022-07-12,30.25
2022-07-13,30.639999389648438
2022-07-14,29.540000915527344
2022-07-15,30.059999465942383
2022-07-18,29.479999542236328
2022-07-19,29.780000686645508
2022-07-20,31.649999618530273
2022-07-21,33.380001068115234
2022-07-22,30.709999084472656
2022-07-25,29.93000030517578
2022-07-26,27.850000381469727
2022-07-27,28.739999771118164
2022-07-28,28.489999771118164
2022-07-29,28.010000228881836
2022-08-01,28.84000015258789
2022-08-02,29.18000030517578
2022-08-03,31.639999389648438
2022-08-04,32.88999938964844
2022-08-05,33.09000015258789
2022-08-08,33.56999969482422
2022-08-09,32.29999923706055
2022-08-10,33.900001525878906
2022-08-11,33.16999816894531
2022-08-12,33.970001220703125
2022-08-15,33.66999816894531
2022-08-16,32.27000045776367
2022-08-17,30.299999237060547
2022-08-18,30.469999313354492
2022-08-19,28.450000762939453
2022-08-22,28.3799991607666
2022-08-23,27.889999389648438
2022-08-24,28.020000457763672
2022-08-25,28.670000076293945
2022-08-26,20.690000534057617
2022-08-29,20.739999771118164
2022-08-30,20.290000915527344
2022-08-31,19.260000228881836
2022-09-01,19.09000015258789
2022-09-02,18.690000534057617
2022-09-06,19.1299991607666
2022-09-07,20.3799991607666
2022-09-08,20.719999313354492
2022-09-09,21.700000762939453
2022-09-12,21.889999389648438
2022-09-13,20.989999771118164
2022-09-14,21.43000030517578
2022-09-15,21.040000915527344
2022-09-16,19.489999771118164
2022-09-19,19.6200008392334
2022-09-20,18.469999313354492
2022-09-21,17.979999542236328
2022-09-22,17.149999618530273
2022-09-23,16.799999237060547
2022-09-26,16.639999389648438
2022-09-27,18.059999465942383
2022-09-28,18.889999389648438
2022-09-29,18.68000030517578
2022-09-30,17.989999771118164
2022-10-03,18.0
2022-10-04,18.979999542236328
2022-10-05,19.579999923706055
2022-10-06,19.040000915527344
2022-10-07,17.43000030517578
2022-10-10,15.4399995803833
2022-10-11,15.59000015258789
2022-10-12,15.199999809265137
2022-10-13,14.789999961853027
2022-10-14,14.180000305175781
2022-10-17,15.779999732971191
2022-10-18,17.030000686645508
2022-10-19,16.700000762939453
2022-10-20,17.100000381469727
2022-10-21,17.959999084472656
2022-10-24,17.389999389648438
2022-10-25,19.15999984741211
2022-10-26,18.299999237060547
2022-10-27,18.469999313354492
2022-10-28,18.200000762939453
2022-10-31,17.670000076293945
2022-11-01,17.309999465942383
2022-11-02,16.309999465942383
2022-11-03,16.290000915527344
2022-11-04,15.180000305175781
2022-11-07,14.40999984741211
2022-11-08,13.829999923706055
2022-11-09,13.149999618530273
2022-11-10,14.600000381469727
2022-11-11,16.18000030517578
2022-11-14,15.100000381469727
2022-11-15,15.5600004196167
2022-11-16,14.0600004196167
2022-11-17,13.649999618530273
2022-11-18,13.59000015258789
2022-11-21,13.34000015258789
2022-11-22,13.0600004196167
2022-11-23,13.970000267028809
2022-11-25,13.279999732971191
2022-11-28,13.289999961853027
2022-11-29,13.40999984741211
2022-11-30,14.300000190734863
2022-12-01,14.84000015258789
2022-12-02,15.220000267028809
2022-12-05,14.619999885559082
2022-12-06,14.899999618530273
2022-12-07,14.529999732971191
2022-12-08,14.890000343322754
2022-12-09,17.559999465942383
2022-12-12,15.260000228881836
2022-12-13,15.9399995803833
2022-12-14,16.610000610351562
2022-12-15,16.010000228881836
2022-12-16,16.549999237060547
2022-12-19,14.4399995803833
2022-12-20,14.550000190734863
2022-12-21,14.609999656677246
2022-12-22,14.09000015258789
2022-12-23,13.229999542236328
2022-12-27,12.25
2022-12-28,12.75
2022-12-29,14.350000381469727
2022-12-30,14.239999771118164
2023-01-03,14.0
2023-01-04,14.199999809265137
2023-01-05,12.789999961853027
2023-01-06,12.460000038146973
2023-01-09,12.779999732971191
2023-01-10,12.729999542236328
2023-01-11,12.819999694824219
2023-01-12,14.050000190734863
2023-01-13,14.210000038146973
2023-01-17,14.279999732971191
2023-01-18,13.569999694824219
2023-01-19,12.869999885559082
2023-01-20,12.329999923706055
2023-01-23,13.25
2023-01-24,13.010000228881836
2023-01-25,13.670000076293945
2023-01-26,14.300000190734863
2023-01-27,14.920000076293945
2023-01-30,14.6899995803833
2023-01-31,15.510000228881836
2023-02-01,17.489999771118164
2023-02-02,18.68000030517578
2023-02-03,16.809999465942383
2023-02-06,15.880000114440918
2023-02-07,15.90999984741211
2023-02-08,15.539999961853027
2023-02-09,14.5
2023-02-10,14.4399995803833
2023-02-13,15.65999984741211
2023-02-14,15.949999809265137
2023-02-15,17.770000457763672
2023-02-16,15.6899995803833
2023-02-17,15.170000076293945
2023-02-21,15.050000190734863
2023-02-22,15.210000038146973
2023-02-23,15.420000076293945
2023-02-24,14.869999885559082
2023-02-27,15.119999885559082
2023-02-28,15.369999885559082
2023-03-01,14.739999771118164
2023-03-02,15.380000114440918
2023-03-03,15.850000381469727
2023-03-06,16.450000762939453
2023-03-07,13.260000228881836
2023-03-08,13.380000114440918
2023-03-09,13.529999732971191
2023-03-10,12.359999656677246
2023-03-13,11.789999961853027
2023-03-14,12.010000228881836
2023-03-15,12.270000457763672
2023-03-16,12.3100004196167
2023-03-17,12.229999542236328
2023-03-20,12.15999984741211
2023-03-21,12.4399995803833
2023-03-22,11.699999809265137
2023-03-23,11.880000114440918
2023-03-24,12.0
2023-03-27,12.239999771118164
2023-03-28,12.350000381469727
2023-03-29,12.680000305175781
2023-03-30,13.029999732971191
2023-03-31,14.1899995803833
2023-04-03,14.079999923706055
2023-04-04,14.699999809265137
2023-04-05,14.279999732971191
2023-04-06,14.609999656677246
2023-04-10,14.5
2023-04-11,14.15999984741211
2023-04-12,13.729999542236328
2023-04-13,14.470000267028809
2023-04-14,15.640000343322754
2023-04-17,16.459999084472656
2023-04-18,17.290000915527344
2023-04-19,17.09000015258789
2023-04-20,16.84000015258789
2023-04-21,16.600000381469727
2023-04-24,15.970000267028809
2023-04-25,15.09000015258789
2023-04-26,15.65999984741211
2023-04-27,16.200000762939453
2023-04-28,15.880000114440918
2023-05-01,15.600000381469727
2023-05-02,14.520000457763672
2023-05-03,14.25
2023-05-04,14.270000457763672
2023-05-05,14.119999885559082
2023-05-08,13.890000343322754
2023-05-09,13.779999732971191
2023-05-10,14.140000343322754
2023-05-11,13.859999656677246
2023-05-12,13.489999771118164
2023-05-15,14.420000076293945
2023-05-16,14.010000228881836
2023-05-17,14.800000190734863
2023-05-18,15.25
2023-05-19,14.960000038146973
2023-05-22,15.260000228881836
2023-05-23,14.739999771118164
2023-05-24,14.880000114440918
2023-05-25,14.829999923706055
2023-05-26,12.800000190734863
2023-05-30,13.229999542236328
2023-05-31,13.449999809265137
2023-06-01,13.020000457763672
2023-06-02,13.430000305175781
2023-06-05,14.045000076293945
2023-06-06,14.550000190734863
2023-06-07,14.3100004196167
2023-06-08,14.40999984741211
2023-06-09,14.420000076293945
2023-06-12,15.130000114440918
2023-06-13,15.3100004196167
2023-06-14,15.390000343322754
2023-06-15,15.90999984741211
2023-06-16,15.350000381469727
2023-06-20,15.15999984741211
2023-06-21,14.739999771118164
2023-06-22,14.930000305175781
2023-06-23,14.569999694824219
2023-06-26,14.279999732971191
2023-06-27,14.399999618530273
2023-06-28,14.960000038146973
2023-06-29,14.789999961853027
2023-06-30,14.65999984741211
2023-07-03,15.0600004196167
2023-07-05,14.229999542236328
2023-07-06,13.550000190734863
2023-07-07,13.350000381469727
2023-07-10,14.819999694824219
2023-07-11,15.449999809265137
2023-07-12,15.430000305175781
2023-07-13,15.739999771118164
2023-07-14,15.739999771118164
2023-07-17,16.3700008392334
2023-07-18,16.780000686645508
2023-07-19,17.450000762939453
2023-07-20,16.5
2023-07-21,16.25
2023-07-24,15.90999984741211
2023-07-25,15.75
2023-07-26,16.6299991607666
2023-07-27,16.940000534057617
2023-07-28,17.280000686645508
2023-07-31,17.8700008392334
2023-08-01,17.520000457763672
2023-08-02,16.420000076293945
2023-08-03,16.68000030517578
2023-08-04,17.229999542236328
2023-08-07,17.06999969482422
2023-08-08,16.15999984741211
2023-08-09,15.699999809265137
2023-08-10,16.299999237060547
2023-08-11,16.350000381469727
2023-08-14,17.149999618530273
2023-08-15,16.829999923706055
2023-08-16,16.969999313354492
2023-08-17,16.65999984741211
2023-08-18,17.075000762939453
2023-08-21,16.760000228881836
2023-08-22,16.790000915527344
2023-08-23,17.040000915527344
2023-08-24,17.040000915527344
2023-08-25,10.9399995803833
2023-08-28,11.039999961853027
2023-08-29,10.850000381469727
2023-08-30,10.600000381469727
2023-08-31,10.65999984741211
2023-09-01,10.850000381469727
2023-09-05,10.800000190734863
2023-09-06,10.520000457763672
2023-09-07,10.40999984741211
2023-09-08,11.050000190734863
2023-09-11,10.640000343322754
2023-09-12,10.489999771118164
2023-09-13,10.100000381469727
2023-09-14,10.130000114440918
2023-09-15,9.850000381469727
2023-09-18,9.720000267028809
2023-09-19,9.619999885559082
2023-09-20,10.149999618530273
2023-09-21,9.770000457763672
2023-09-22,9.569999694824219
2023-09-25,9.609999656677246
2023-09-26,9.6899995803833
2023-09-27,9.779999732971191
2023-09-28,9.760000228881836
2023-09-29,9.8100004196167
2023-10-02,9.949999809265137
2023-10-03,9.510000228881836
2023-10-04,9.40999984741211
2023-10-05,9.210000038146973
2023-10-06,9.6899995803833
2023-10-09,9.609999656677246
2023-10-10,9.649999618530273
2023-10-11,9.4399995803833
2023-10-12,9.039999961853027
2023-10-13,8.84000015258789
2023-10-16,9.074999809265137
2023-10-17,9.170000076293945
2023-10-18,8.835000038146973
2023-10-19,8.84000015258789
2023-10-20,8.5600004196167
2023-10-23,8.420000076293945
2023-10-24,8.449999809265137
2023-10-25,8.229999542236328
2023-10-26,8.21500015258789
2023-10-27,8.020000457763672
2023-10-30,7.889999866485596
2023-10-31,8.15999984741211
2023-11-01,7.860000133514404
2023-11-02,8.510000228881836
2023-11-03,8.699999809265137
2023-11-06,8.859999656677246
2023-11-07,9.130000114440918
2023-11-08,8.779999732971191
2023-11-09,8.649999618530273
2023-11-10,8.800000190734863
2023-11-13,8.539999961853027
2023-11-14,9.359999656677246
2023-11-15,9.510000228881836
2023-11-16,9.079999923706055
2023-11-17,9.329999923706055
2023-11-20,9.289999961853027
2023-11-21,9.130000114440918
2023-11-22,9.260000228881836
2023-11-24,9.329999923706055
2023-11-27,9.229999542236328
2023-11-28,9.550000190734863
2023-11-29,9.600000381469727
2023-11-30,9.489999771118164
2023-12-01,10.180000305175781
2023-12-04,9.8100004196167
2023-12-05,9.390000343322754
2023-12-06,9.520000457763672
2023-12-07,8.890000343322754
2023-12-08,9.239999771118164
2023-12-11,9.100000381469727
2023-12-12,8.960000038146973
2023-12-13,9.739999771118164
2023-12-14,9.899999618530273
2023-12-15,9.630000114440918
2023-12-18,10.130000114440918
2023-12-19,10.100000381469727
2023-12-20,9.75
2023-12-21,10.104999542236328
2023-12-22,10.039999961853027
2023-12-26,10.180000305175781
2023-12-27,10.270000457763672
2023-12-28,10.569999694824219
2023-12-29,10.289999961853027
2024-01-02,10.020000457763672
2024-01-03,9.649999618530273
2024-01-04,9.369999885559082
2024-01-05,9.5600004196167
2024-01-08,9.859999656677246
2024-01-09,9.520000457763672
2024-01-10,9.8100004196167
2024-01-11,9.720000267028809
2024-01-12,9.380000114440918
2024-01-16,9.619999885559082
2024-01-17,9.380000114440918
2024-01-18,9.65999984741211
2024-01-19,9.569999694824219
2024-01-22,9.890000343322754
2024-01-23,9.829999923706055
2024-01-24,10.710000038146973
2024-01-25,11.229999542236328
2024-01-26,11.229999542236328
2024-01-29,11.359999656677246
2024-01-30,11.210000038146973
2024-01-31,10.869999885559082
2024-02-01,11.180000305175781
2024-02-02,11.300000190734863
2024-02-05,11.15999984741211
2024-02-06,11.5600004196167
2024-02-07,11.680000305175781
2024-02-08,11.5600004196167
2024-02-09,11.899999618530273
2024-02-12,11.479999542236328
2024-02-13,10.569999694824219
2024-02-14,10.84000015258789
2024-02-15,11.40999984741211
2024-02-16,10.789999961853027
2024-02-20,11.140000343322754
2024-02-21,10.84000015258789
2024-02-22,10.680000305175781
2024-02-23,11.09000015258789
2024-02-26,11.09000015258789
2024-02-27,11.3100004196167
2024-02-28,11.15999984741211
2024-02-29,11.510000228881836
2024-03-01,11.520000457763672
2024-03-04,11.369999885559082
2024-03-05,11.119999885559082
2024-03-06,11.65999984741211
2024-03-07,11.359999656677246
2024-03-08,9.8149995803833
2024-03-11,9.920000076293945
2024-03-12,9.65999984741211
2024-03-13,9.760000228881836
2024-03-14,9.300000190734863
2024-03-15,9.420000076293945
2024-03-18,9.329999923706055
2024-03-19,9.449999809265137
2024-03-20,9.59000015258789
2024-03-21,9.460000038146973
2024-03-22,9.470000267028809
2024-03-25,9.069999694824219
2024-03-26,8.949999809265137
2024-03-27,9.09000015258789
2024-03-28,8.920000076293945
2024-04-01,9.210000038146973
2024-04-02,9.020000457763672
2024-04-03,8.9399995803833
2024-04-04,8.850000381469727
2024-04-05,8.84000015258789
2024-04-08,8.800000190734863
2024-04-09,8.84000015258789
2024-04-10,8.579999923706055
2024-04-11,8.529999732971191
2024-04-12,8.289999961853027
2024-04-15,7.920000076293945
2024-04-16,7.989999771118164
2024-04-17,7.849999904632568
2024-04-18,7.809999942779541
2024-04-19,7.699999809265137
2024-04-22,7.46999979019165
2024-04-23,7.5
2024-04-24,7.429999828338623
2024-04-25,7.619999885559082
2024-04-26,7.590000152587891
2024-04-29,7.659999847412109
2024-04-30,7.53000020980835
2024-05-01,7.570000171661377
2024-05-02,7.510000228881836
2024-05-03,7.449999809265137
2024-05-06,7.690000057220459
2024-05-07,7.570000171661377
2024-05-08,7.460000038146973
2024-05-09,7.360000133514404
2024-05-10,7.170000076293945
2024-05-13,7.349999904632568
2024-05-14,7.079999923706055
2024-05-15,7.110000133514404
2024-05-16,7.195000171661377
2024-05-17,7.380000114440918
2024-05-20,7.449999809265137
2024-05-21,7.320000171661377
2024-05-22,7.320000171661377
2024-05-23,7.130000114440918
2024-05-24,6.96999979019165
2024-05-28,7.170000076293945
2024-05-29,6.829999923706055
2024-05-30,6.429999828338623
2024-05-31,6.659999847412109
2024-06-03,6.71999979019165
2024-06-04,6.590000152587891
2024-06-05,6.630000114440918
2024-06-06,6.800000190734863
2024-06-07,7.034999847412109
2024-06-10,6.849999904632568
2024-06-11,6.800000190734863
2024-06-12,6.670000076293945
2024-06-13,6.590000152587891
2024-06-14,6.619999885559082
2024-06-17,6.590000152587891
2024-06-18,6.619999885559082
2024-06-20,6.900000095367432
2024-06-21,6.769999980926514
2024-06-24,7.429999828338623
2024-06-25,7.389999866485596
2024-06-26,7.539999961853027
2024-06-27,7.699999809265137
2024-06-28,7.71999979019165
2024-07-01,7.599999904632568
2024-07-02,7.789999961853027
2024-07-03,7.630000114440918
2024-07-05,7.25
2024-07-08,7.309999942779541
2024-07-09,7.099999904632568
2024-07-10,7.010000228881836
2024-07-11,7.409999847412109
2024-07-12,7.849999904632568
2024-07-15,8.170000076293945
2024-07-16,8.074999809265137
2024-07-17,7.949999809265137
2024-07-18,7.639999866485596
2024-07-19,7.900000095367432
2024-07-22,8.140000343322754
2024-07-23,8.180000305175781
2024-07-24,8.100000381469727
2024-07-25,8.430000305175781
2024-07-26,8.550000190734863
2024-07-29,8.359999656677246
2024-07-30,8.1899995803833
2024-07-31,8.359999656677246
2024-08-01,8.039999961853027
2024-08-02,8.09000015258789
2024-08-05,7.605000019073486
2024-08-06,7.480000019073486
2024-08-07,7.409999847412109
2024-08-08,7.599999904632568
2024-08-09,7.28000020980835
2024-08-12,7.230000019073486
2024-08-13,7.619999885559082
2024-08-14,7.434999942779541
2024-08-15,7.980000019073486
2024-08-16,8.180000305175781
2024-08-19,8.260000228881836
2024-08-20,8.119999885559082
2024-08-21,8.204999923706055
2024-08-22,7.880000114440918
2024-08-23,8.09000015258789
2024-08-26,8.100000381469727
2024-08-27,7.889999866485596
2024-08-28,7.710000038146973
2024-08-29,7.71999979019165
2024-08-30,7.46999979019165
2024-09-03,7.539999961853027
2024-09-04,7.659999847412109
2024-09-05,7.570000171661377
2024-09-06,6.96999979019165
2024-09-09,7.150000095367432
2024-09-10,7.420000076293945
2024-09-11,7.260000228881836
2024-09-12,7.170000076293945
2024-09-13,7.340000152587891
2024-09-16,7.239999771118164
2024-09-17,7.28000020980835
2024-09-18,7.034999847412109
2024-09-19,7.0
2024-09-20,7.019999980926514
2024-09-23,6.795000076293945
2024-09-24,6.980000019073486
2024-09-25,6.980000019073486
2024-09-26,6.96999979019165
2024-09-27,7.269999980926514
2024-09-30,7.510000228881836
2024-10-01,7.135000228881836
2024-10-02,7.190000057220459
2024-10-03,7.025000095367432
2024-10-04,7.335000038146973
2024-10-07,7.295000076293945
2024-10-08,7.449999809265137
2024-10-09,7.590000152587891
2024-10-10,7.420000076293945
2024-10-11,7.400000095367432
2024-10-14,7.409999847412109
2024-10-15,7.40500020980835
2024-10-16,7.46999979019165
2024-10-17,7.829999923706055
2024-10-18,7.78000020980835
2024-10-21,7.960000038146973
2024-10-22,7.559999942779541
2024-10-23,7.550000190734863
2024-10-24,7.670000076293945
2024-10-25,8.09000015258789
2024-10-28,8.100000381469727
2024-10-29,8.390000343322754
2024-10-30,8.289999961853027
2024-10-31,7.949999809265137
2024-11-01,7.809999942779541
2024-11-04,8.050000190734863
2024-11-05,8.260000228881836
2024-11-06,8.789999961853027
2024-11-07,9.079999923706055
2024-11-08,9.010000228881836
2024-11-11,9.069999694824219
2024-11-12,8.9399995803833
2024-11-13,9.104999542236328
2024-11-14,8.8100004196167
2024-11-15,8.460000038146973
2024-11-18,8.479999542236328
2024-11-19,8.770000457763672
2024-11-20,8.789999961853027
2024-11-21,9.079999923706055
2024-11-22,9.449999809265137
2024-11-25,9.4399995803833
2024-11-26,9.34000015258789
2024-11-27,9.279999732971191
2024-11-29,9.359999656677246
2024-12-02,9.529999732971191
2024-12-03,9.670000076293945
2024-12-04,9.979999542236328
2024-12-05,9.739999771118164
2024-12-06,7.980000019073486
2024-12-09,7.900000095367432
2024-12-10,7.670000076293945
2024-12-11,7.849999904632568
2024-12-12,7.71999979019165
2024-12-13,7.340000152587891
2024-12-16,7.409999847412109
2024-12-17,7.690000057220459
2024-12-18,7.230000019073486
2024-12-19,7.150000095367432
2024-12-20,7.130000114440918
2024-12-23,7.059999942779541
2024-12-24,7.070000171661377
2024-12-26,7.420000076293945
2024-12-27,7.369999885559082
2024-12-30,7.21999979019165
2024-12-31,7.079999923706055
2025-01-02,7.090000152587891
2025-01-03,7.110000133514404
2025-01-06,7.269999980926514
2025-01-07,7.110000133514404
2025-01-08,6.980000019073486
2025-01-10,6.800000190734863
2025-01-13,6.679999828338623
2025-01-14,6.619999885559082
2025-01-15,6.789999961853027
2025-01-16,7.119999885559082
2025-01-17,7.260000228881836
2025-01-21,7.449999809265137
2025-01-22,7.559999942779541
2025-01-23,7.690000057220459
2025-01-24,7.690000057220459
2025-01-27,7.954999923706055
2025-01-28,8.069999694824219
2025-01-29,7.989999771118164
2025-01-30,8.260000228881836
2025-01-31,8.470000267028809
2025-02-03,8.84000015258789
2025-02-04,9.140000343322754
2025-02-05,8.725000381469727
2025-02-06,8.444999694824219
2025-02-07,8.375
2025-02-10,8.375
2025-02-11,8.800000190734863
2025-02-12,8.970000267028809
2025-02-13,9.149999618530273
2025-02-14,9.050000190734863
2025-02-18,8.869999885559082
2025-02-19,8.614999771118164
2025-02-20,8.449999809265137
2025-02-21,8.15999984741211
2025-02-24,7.900000095367432
2025-02-25,7.619999885559082
2025-02-26,7.829999923706055
2025-02-27,7.71999979019165
2025-02-28,7.599999904632568
2025-03-03,7.505000114440918
2025-03-04,7.71999979019165
2025-03-05,7.730000019073486
2025-03-06,7.050000190734863
2025-03-07,8.180000305175781
2025-03-10,8.010000228881836
2025-03-11,8.050000190734863
2025-03-12,8.569999694824219
2025-03-13,8.210000038146973
2025-03-14,8.489999771118164
2025-03-17,8.529999732971191
2025-03-18,8.65999984741211
2025-03-19,8.270000457763672
2025-03-20,8.289999961853027
2025-03-21,8.289999961853027
2025-03-24,8.970000267028809
2025-03-25,8.8100004196167
2025-03-26,8.680000305175781
2025-03-27,8.260000228881836
2025-03-28,7.960000038146973
2025-03-31,7.760000228881836
2025-04-01,7.900000095367432
2025-04-02,8.09000015258789
2025-04-03,7.159999847412109
2025-04-04,6.639999866485596
2025-04-07,7.179999828338623
2025-04-08,7.510000228881836
2025-04-09,8.15999984741211
2025-04-10,8.260000228881836
2025-04-11,8.220000267028809
2025-04-14,8.0600004196167
2025-04-15,8.229999542236328
2025-04-16,7.130000114440918
2025-04-17,6.929999828338623
2025-04-21,6.820000171661377
2025-04-22,6.739999771118164
2025-04-23,6.829999923706055
2025-04-24,7.320000171661377
2025-04-25,7.5
2025-04-28,7.579999923706055
2025-04-29,7.570000171661377
2025-04-30,7.429999828338623
2025-05-01,7.53000020980835
2025-05-02,7.769999980926514
2025-05-05,7.71999979019165
2025-05-06,7.519999980926514
2025-05-07,7.71999979019165
2025-05-08,8.229999542236328
2025-05-09,8.1899995803833
2025-05-12,8.640000343322754
2025-05-13,8.630000114440918
2025-05-14,8.579999923706055
2025-05-15,8.739999771118164
2025-05-16,8.970000267028809
2025-05-19,8.710000038146973
2025-05-20,8.550000190734863
2025-05-21,8.550000190734863
2025-05-22,10.850000381469727
2025-05-23,11.350000381469727
2025-05-27,12.880000114440918
2025-05-28,12.789999961853027
2025-05-29,12.619999885559082
2025-05-30,12.699999809265137
2025-06-02,13.210000038146973
2025-06-03,13.380000114440918
2025-06-04,13.680000305175781
2025-06-05,14.289999961853027
2025-06-06,14.630000114440918
2025-06-09,14.25
2025-06-10,13.75
2025-06-11,13.569999694824219
2025-06-12,13.6899995803833
2025-06-13,13.039999961853027
2025-06-16,13.710000038146973
2025-06-17,13.079999923706055
2025-06-18,12.630000114440918
2025-06-20,12.699999809265137
2025-06-23,12.15999984741211
2025-06-24,13.0
2025-06-25,12.6899995803833
2025-06-26,13.890000343322754
2025-06-27,13.90999984741211
2025-06-30,13.970000267028809
2025-07-01,13.979999542236328
2025-07-02,14.539999961853027
2025-07-03,14.829999923706055
2025-07-07,15.149999618530273
2025-07-08,14.9399995803833
2025-07-09,14.979999542236328
2025-07-10,14.430000305175781
2025-07-11,13.734999656677246
2025-07-14,13.4399995803833
2025-07-15,13.850000381469727
2025-07-16,13.829999923706055
2025-07-17,14.359999656677246
2025-07-18,16.290000915527344
2025-07-21,15.8149995803833
2025-07-22,15.75
2025-07-23,16.1299991607666
2025-07-24,16.1299991607666
2025-07-25,15.960000038146973
2025-07-28,16.059999465942383
2025-07-29,16.059999465942383
2025-07-30,16.40999984741211
2025-07-31,16.459999084472656
2025-08-01,16.110000610351562
2025-08-04,16.690000534057617
2025-08-05,16.299999237060547
2025-08-06,16.3799991607666
2025-08-07,16.34000015258789
2025-08-08,15.970000267028809
2025-08-11,14.350000381469727
2025-08-12,14.53499984741211
2025-08-13,14.399999618530273
2025-08-14,14.140000343322754
2025-08-15,14.119999885559082
2025-08-18,14.819999694824219
2025-08-19,13.859999656677246
2025-08-20,13.630000114440918
2025-08-21,13.539999961853027
2025-08-22,14.149999618530273
2025-08-25,13.84000015258789
2025-08-26,16.110000610351562
2025-08-27,17.56999969482422
2025-08-28,15.319999694824219
2025-08-29,14.680000305175781
2025-09-02,14.210000038146973
2025-09-03,14.569999694824219
2025-09-04,14.65999984741211
2025-09-05,14.619999885559082
2025-09-08,15.069999694824219
2025-09-09,15.5
2025-09-10,15.59000015258789
2025-09-11,16.860000610351562
2025-09-12,17.010000228881836
2025-09-15,17.309999465942383
2025-09-16,16.8700008392334
2025-09-17,17.149999618530273
2025-09-18,17.75
2025-09-19,18.059999465942383
2025-09-22,18.200000762939453
2025-09-23,17.1299991607666
2025-09-24,16.3799991607666
2025-09-25,16.15999984741211
2025-09-26,15.779999732971191
2025-09-29,16.350000381469727
2025-09-30,15.84000015258789
2025-10-01,15.550000190734863
2025-10-02,15.399999618530273
2025-10-03,15.220000267028809
2025-10-06,15.1899995803833
2025-10-07,14.949999809265137
2025-10-08,14.739999771118164
2025-10-09,14.180000305175781
2025-10-10,13.140000343322754
2025-10-13,13.050000190734863
2025-10-14,13.289999961853027
2025-10-15,12.569999694824219
2025-10-16,12.640000343322754
2025-10-17,12.289999961853027
2025-10-20,12.930000305175781
2025-10-21,13.039999961853027
2025-10-22,13.229999542236328
2025-10-23,13.229999542236328
2025-10-24,13.670000076293945
2025-10-27,13.949999809265137
2025-10-28,14.010000228881836
2025-10-29,13.890000343322754
2025-10-30,13.720000267028809
2025-10-31,13.699999809265137
2025-11-03,13.930000305175781
2025-11-04,12.9399995803833
2025-11-05,13.029999732971191
2025-11-06,12.479999542236328
2025-11-07,12.630000114440918
2025-11-10,13.029999732971191
2025-11-11,13.220000267028809
2025-11-12,13.380000114440918
2025-11-13,12.359999656677246
2025-11-14,12.369999885559082
2025-11-17,11.5600004196167
2025-11-18,11.479999542236328
2025-11-19,11.289999961853027
2025-11-20,10.960000038146973
2025-11-21,11.15999984741211
2025-11-24,11.109999656677246
2025-11-25,11.34000015258789
2025-11-26,11.369999885559082
2025-11-28,11.4399995803833
2025-12-01,11.079999923706055
2025-12-02,11.149999618530273
2025-12-03,11.710000038146973
2025-12-04,11.569999694824219
2025-12-05,8.835000038146973
2025-12-08,8.960000038146973
2025-12-09,8.829999923706055
2025-12-10,8.609999656677246
2025-12-11,9.109999656677246
2025-12-12,9.039999961853027
2025-12-15,8.979999542236328
2025-12-16,8.630000114440918
2025-12-17,8.579999923706055
2025-12-18,8.649999618530273
2025-12-19,8.630000114440918
2025-12-22,9.1899995803833
2025-12-23,8.770000457763672
2025-12-24,8.869999885559082
2025-12-26,8.9399995803833
2025-12-29,8.710000038146973
2025-12-30,8.550000190734863
2025-12-31,8.430000305175781
2026-01-02,8.300000190734863
2026-01-05,8.260000228881836
2026-01-06,8.399999618530273
2026-01-07,8.59000015258789
2026-01-08,8.149999618530273
2026-01-09,7.880000114440918
2026-01-12,7.940000057220459
2026-01-13,7.289999961853027
2026-01-14,6.679999828338623
2026-01-15,6.239999771118164
2026-01-16,6.150000095367432
2026-01-20,5.679999828338623
2026-01-21,6.059999942779541
2026-01-22,6.349999904632568
2026-01-23,5.829999923706055
2026-01-26,6.090000152587891
2026-01-27,6.079999923706055
2026-01-28,6.289999961853027
2026-01-29,6.010000228881836
2026-01-30,5.869999885559082
2026-02-02,5.809999942779541
2026-02-03,5.269999980926514
2026-02-04,5.190000057220459
2026-02-05,4.53000020980835
2026-02-06,5.224999904632568
2026-02-09,5.28000020980835
2026-02-10,5.420000076293945
2026-02-11,5.130000114440918
2026-02-12,4.659999847412109
2026-02-13,4.099999904632568
2026-02-17,4.239999771118164
2026-02-18,3.9000000953674316
2026-02-19,3.690000057220459
2026-02-20,3.9000000953674316
2026-02-23,3.509999990463257
2026-02-24,3.819999933242798
2026-02-25,3.7100000381469727
2026-02-26,4.03000020980835
