Date,Close
2014-03-13,2575.800048828125
2014-03-14,2637.0
2014-03-17,2727.0
2014-03-18,2743.199951171875
2014-03-19,2647.800048828125
2014-03-20,2417.39990234375
2014-03-21,2439.0
2014-03-24,2154.60009765625
2014-03-25,2075.39990234375
2014-03-26,1998.0
2014-03-27,1966.5
2014-03-28,2005.199951171875
2014-03-31,2064.60009765625
2014-04-01,2079.0
2014-04-02,2161.800048828125
2014-04-03,2019.5999755859375
2014-04-04,1935.0
2014-04-07,1807.199951171875
2014-04-08,1638.0
2014-04-09,1713.5999755859375
2014-04-10,1623.9599609375
2014-04-11,1711.800048828125
2014-04-14,1798.199951171875
2014-04-15,1702.800048828125
2014-04-16,1600.199951171875
2014-04-17,1544.4000244140625
2014-04-21,1596.5999755859375
2014-04-22,1639.800048828125
2014-04-23,1731.5999755859375
2014-04-24,1665.0
2014-04-25,1620.0
2014-04-28,1549.800048828125
2014-04-29,1465.199951171875
2014-04-30,1449.0
2014-05-01,1486.800048828125
2014-05-02,1468.800048828125
2014-05-05,1458.0
2014-05-06,1404.0
2014-05-07,1335.5999755859375
2014-05-08,1236.06005859375
2014-05-09,1261.800048828125
2014-05-12,1283.4000244140625
2014-05-13,1281.5999755859375
2014-05-14,1267.199951171875
2014-05-15,1207.800048828125
2014-05-16,1161.0
2014-05-19,1258.199951171875
2014-05-20,1197.0
2014-05-21,1254.5999755859375
2014-05-22,1209.5999755859375
2014-05-23,1171.800048828125
2014-05-27,1197.0
2014-05-28,1198.800048828125
2014-05-29,1225.800048828125
2014-05-30,1213.199951171875
2014-06-02,1260.0
2014-06-03,1299.5999755859375
2014-06-04,1314.0
2014-06-05,1350.0
2014-06-06,1375.199951171875
2014-06-09,1332.0
2014-06-10,1555.199951171875
2014-06-11,1798.199951171875
2014-06-12,1794.5999755859375
2014-06-13,1852.199951171875
2014-06-16,1791.0
2014-06-17,1803.5999755859375
2014-06-18,1746.0
2014-06-19,1656.0
2014-06-20,1584.0
2014-06-23,1674.0
2014-06-24,1708.199951171875
2014-06-25,1711.800048828125
2014-06-26,1764.0
2014-06-27,1780.199951171875
2014-06-30,1753.199951171875
2014-07-01,1771.199951171875
2014-07-02,1746.0
2014-07-03,1625.4000244140625
2014-07-07,1569.5999755859375
2014-07-08,1402.199951171875
2014-07-09,1425.5999755859375
2014-07-10,1441.800048828125
2014-07-11,1488.5999755859375
2014-07-14,1503.0
2014-07-15,1539.0
2014-07-16,1501.199951171875
2014-07-17,1398.5999755859375
2014-07-18,1369.800048828125
2014-07-21,1315.800048828125
2014-07-22,1353.5999755859375
2014-07-23,1368.0
2014-07-24,1305.0
2014-07-25,1373.4000244140625
2014-07-28,1472.4000244140625
2014-07-29,1447.199951171875
2014-07-30,1427.4000244140625
2014-07-31,1425.5999755859375
2014-08-01,1353.5999755859375
2014-08-04,1305.0
2014-08-05,1310.4000244140625
2014-08-06,1287.3599853515625
2014-08-07,1332.0
2014-08-08,1300.1400146484375
2014-08-11,1398.5999755859375
2014-08-12,1342.800048828125
2014-08-13,1342.800048828125
2014-08-14,1337.4000244140625
2014-08-15,1371.5999755859375
2014-08-18,1351.800048828125
2014-08-19,1303.199951171875
2014-08-20,1306.800048828125
2014-08-21,1292.4000244140625
2014-08-22,1251.9000244140625
2014-08-25,1229.4000244140625
2014-08-26,1224.0
2014-08-27,1238.4000244140625
2014-08-28,1229.4000244140625
2014-08-29,1227.5999755859375
2014-09-02,1211.4000244140625
2014-09-03,1216.800048828125
2014-09-04,1213.199951171875
2014-09-05,1218.5999755859375
2014-09-08,1233.0
2014-09-09,1220.4000244140625
2014-09-10,1211.4000244140625
2014-09-11,1288.800048828125
2014-09-12,1261.800048828125
2014-09-15,1229.4000244140625
2014-09-16,1254.5999755859375
2014-09-17,1249.199951171875
2014-09-18,1236.5999755859375
2014-09-19,1186.199951171875
2014-09-22,1166.4000244140625
2014-09-23,1607.4000244140625
2014-09-24,1546.199951171875
2014-09-25,1582.199951171875
2014-09-26,1611.0
2014-09-29,1609.199951171875
2014-09-30,1548.0
2014-10-01,1423.800048828125
2014-10-02,1368.0
2014-10-03,1386.0
2014-10-06,1337.4000244140625
2014-10-07,1249.199951171875
2014-10-08,1245.5999755859375
2014-10-09,1213.199951171875
2014-10-10,1174.5
2014-10-13,1197.0
2014-10-14,1107.0
2014-10-15,1144.800048828125
2014-10-16,1157.4000244140625
2014-10-17,1180.800048828125
2014-10-20,1216.800048828125
2014-10-21,1168.199951171875
2014-10-22,1177.199951171875
2014-10-23,1240.199951171875
2014-10-24,1198.800048828125
2014-10-27,1242.0
2014-10-28,1220.4000244140625
2014-10-29,1218.5999755859375
2014-10-30,1200.5999755859375
2014-10-31,1191.5999755859375
2014-11-03,1026.0
2014-11-04,1033.199951171875
2014-11-05,991.7999877929688
2014-11-06,1017.0
2014-11-07,1067.4000244140625
2014-11-10,1072.800048828125
2014-11-11,1081.800048828125
2014-11-12,1085.4000244140625
2014-11-13,1070.0999755859375
2014-11-14,1062.0
2014-11-17,1049.4000244140625
2014-11-18,1058.4000244140625
2014-11-19,981.0
2014-11-20,988.2000122070312
2014-11-21,1058.4000244140625
2014-11-24,1056.5999755859375
2014-11-25,1058.4000244140625
2014-11-26,1029.5999755859375
2014-11-28,1062.0
2014-12-01,1020.5999755859375
2014-12-02,1035.0
2014-12-03,981.0
2014-12-04,968.4000244140625
2014-12-05,923.4000244140625
2014-12-08,912.5999755859375
2014-12-09,916.02001953125
2014-12-10,865.7999877929688
2014-12-11,900.0
2014-12-12,882.0
2014-12-15,883.7999877929688
2014-12-16,846.0
2014-12-17,841.5
2014-12-18,954.0
2014-12-19,993.5999755859375
2014-12-22,1076.4000244140625
2014-12-23,1044.0
2014-12-24,1071.0
2014-12-26,1027.800048828125
2014-12-29,1119.5999755859375
2014-12-30,1087.199951171875
2014-12-31,1044.0
2015-01-02,1049.4000244140625
2015-01-05,1242.0
2015-01-06,1200.5999755859375
2015-01-07,1270.800048828125
2015-01-08,1528.199951171875
2015-01-09,1548.0
2015-01-12,1566.0
2015-01-13,1576.800048828125
2015-01-14,1537.199951171875
2015-01-15,1423.800048828125
2015-01-16,1357.02001953125
2015-01-20,1303.199951171875
2015-01-21,1216.800048828125
2015-01-22,1159.199951171875
2015-01-23,1153.800048828125
2015-01-26,1222.199951171875
2015-01-27,1234.43994140625
2015-01-28,1189.800048828125
2015-01-29,1150.199951171875
2015-01-30,1173.5999755859375
2015-02-02,1179.0
2015-02-03,1162.800048828125
2015-02-04,1152.0
2015-02-05,1170.0
2015-02-06,1170.0
2015-02-09,1215.0
2015-02-10,1229.0400390625
2015-02-11,1204.199951171875
2015-02-12,1219.3199462890625
2015-02-13,1224.0
2015-02-17,1242.0
2015-02-18,1254.5999755859375
2015-02-19,1386.0
2015-02-20,1447.199951171875
2015-02-23,1513.800048828125
2015-02-24,1638.0
2015-02-25,1756.800048828125
2015-02-26,1690.199951171875
2015-02-27,1708.199951171875
2015-03-02,1762.199951171875
2015-03-03,1683.0
2015-03-04,1545.300048828125
2015-03-05,1731.5999755859375
2015-03-06,1672.199951171875
2015-03-09,1623.5999755859375
2015-03-10,1627.199951171875
2015-03-11,1688.4000244140625
2015-03-12,1674.0
2015-03-13,1666.800048828125
2015-03-16,1692.0
2015-03-17,1965.5999755859375
2015-03-18,2136.60009765625
2015-03-19,2097.0
2015-03-20,2385.0
2015-03-23,2095.199951171875
2015-03-24,1942.199951171875
2015-03-25,1843.199951171875
2015-03-26,1855.800048828125
2015-03-27,1805.4000244140625
2015-03-30,1751.4000244140625
2015-03-31,1695.5999755859375
2015-04-01,1596.5999755859375
2015-04-02,1690.199951171875
2015-04-06,1605.5999755859375
2015-04-07,1630.800048828125
2015-04-08,1580.4000244140625
2015-04-09,1638.0
2015-04-10,1744.199951171875
2015-04-13,1648.800048828125
2015-04-14,1580.4000244140625
2015-04-15,1890.0
2015-04-16,2012.4000244140625
2015-04-17,1978.199951171875
2015-04-20,1794.5999755859375
2015-04-21,1821.5999755859375
2015-04-22,1800.0
2015-04-23,1774.800048828125
2015-04-24,1645.199951171875
2015-04-27,1655.0999755859375
2015-04-28,1724.4000244140625
2015-04-29,1656.0
2015-04-30,1503.0
2015-05-01,1551.5999755859375
2015-05-04,1582.199951171875
2015-05-05,1544.4000244140625
2015-05-06,1584.0
2015-05-07,1625.4000244140625
2015-05-08,1575.0
2015-05-11,1533.5999755859375
2015-05-12,1540.800048828125
2015-05-13,1485.0
2015-05-14,1513.800048828125
2015-05-15,1526.4000244140625
2015-05-18,1552.5
2015-05-19,1494.0
2015-05-20,1485.0
2015-05-21,1517.4000244140625
2015-05-22,1576.800048828125
2015-05-26,1683.0
2015-05-27,1787.4000244140625
2015-05-28,1843.199951171875
2015-05-29,1902.5999755859375
2015-06-01,2070.0
2015-06-02,2133.0
2015-06-03,1936.800048828125
2015-06-04,1917.0
2015-06-05,1908.0
2015-06-08,1801.800048828125
2015-06-09,1818.0
2015-06-10,1778.4000244140625
2015-06-11,1760.4000244140625
2015-06-12,1774.800048828125
2015-06-15,1837.800048828125
2015-06-16,1812.5999755859375
2015-06-17,1869.300048828125
2015-06-18,1897.199951171875
2015-06-19,1971.0
2015-06-22,1956.5999755859375
2015-06-23,2010.5999755859375
2015-06-24,2016.0
2015-06-25,1972.800048828125
2015-06-26,1881.0
2015-06-29,1764.0
2015-06-30,1810.800048828125
2015-07-01,1845.0
2015-07-02,1751.4000244140625
2015-07-06,1836.0
2015-07-07,1776.5999755859375
2015-07-08,1717.199951171875
2015-07-09,1774.800048828125
2015-07-10,1807.199951171875
2015-07-13,1789.199951171875
2015-07-14,1857.5999755859375
2015-07-15,1805.4000244140625
2015-07-16,1832.4000244140625
2015-07-17,1877.4000244140625
2015-07-20,1897.199951171875
2015-07-21,1890.0
2015-07-22,1902.5999755859375
2015-07-23,1846.800048828125
2015-07-24,1866.5999755859375
2015-07-27,1812.5999755859375
2015-07-28,1807.199951171875
2015-07-29,1771.199951171875
2015-07-30,1807.199951171875
2015-07-31,1823.4000244140625
2015-08-03,1778.4000244140625
2015-08-04,1740.5999755859375
2015-08-05,1724.4000244140625
2015-08-06,1643.4000244140625
2015-08-07,1593.0
2015-08-10,1602.0
2015-08-11,1555.199951171875
2015-08-12,1575.0
2015-08-13,1647.0
2015-08-14,1652.4000244140625
2015-08-17,1566.0
2015-08-18,1589.4000244140625
2015-08-19,1562.4000244140625
2015-08-20,1531.800048828125
2015-08-21,1532.3399658203125
2015-08-24,1350.0
2015-08-25,1323.0
2015-08-26,1573.199951171875
2015-08-27,1616.4000244140625
2015-08-28,1585.800048828125
2015-08-31,1614.5999755859375
2015-09-01,1607.4000244140625
2015-09-02,1494.0
2015-09-03,1454.4000244140625
2015-09-04,1521.0
2015-09-08,1458.0
2015-09-09,1443.5999755859375
2015-09-10,1510.199951171875
2015-09-11,1537.199951171875
2015-09-14,1611.0
2015-09-15,1593.0
2015-09-16,1494.0
2015-09-17,1501.199951171875
2015-09-18,1544.4000244140625
2015-09-21,1623.5999755859375
2015-09-22,1593.0
2015-09-23,1551.5999755859375
2015-09-24,1576.800048828125
2015-09-25,1573.199951171875
2015-09-28,1443.5999755859375
2015-09-29,1333.800048828125
2015-09-30,1337.4000244140625
2015-10-01,1357.199951171875
2015-10-02,1339.199951171875
2015-10-05,1479.5999755859375
2015-10-06,1440.0
2015-10-07,1407.5999755859375
2015-10-08,1600.199951171875
2015-10-09,1621.800048828125
2015-10-12,1589.4000244140625
2015-10-13,1758.5999755859375
2015-10-14,1708.199951171875
2015-10-15,1720.800048828125
2015-10-16,1798.199951171875
2015-10-19,1767.5999755859375
2015-10-20,1800.0
2015-10-21,1711.800048828125
2015-10-22,1690.199951171875
2015-10-23,1801.800048828125
2015-10-26,1704.5999755859375
2015-10-27,1704.5999755859375
2015-10-28,1710.0
2015-10-29,1720.800048828125
2015-10-30,1731.5999755859375
2015-11-02,1776.5999755859375
2015-11-03,1787.4000244140625
2015-11-04,1773.9000244140625
2015-11-05,1769.4000244140625
2015-11-06,1715.4000244140625
2015-11-09,1765.800048828125
2015-11-10,1755.9000244140625
2015-11-11,1701.0
2015-11-12,1600.199951171875
2015-11-13,1585.800048828125
2015-11-16,1551.5999755859375
2015-11-17,1544.4000244140625
2015-11-18,1539.0
2015-11-19,1479.5999755859375
2015-11-20,1557.0
2015-11-23,1575.0
2015-11-24,1618.199951171875
2015-11-25,1717.199951171875
2015-11-27,1692.0
2015-11-30,1690.199951171875
2015-12-01,1652.4000244140625
2015-12-02,1587.5999755859375
2015-12-03,1515.5999755859375
2015-12-04,1485.0
2015-12-07,1459.800048828125
2015-12-08,1465.199951171875
2015-12-09,1476.0
2015-12-10,1474.199951171875
2015-12-11,1445.4000244140625
2015-12-14,1445.4000244140625
2015-12-15,1423.800048828125
2015-12-16,1521.0
2015-12-17,1521.0
2015-12-18,1557.0
2015-12-21,1580.4000244140625
2015-12-22,1539.0
2015-12-23,1530.0
2015-12-24,1533.5999755859375
2015-12-28,1467.0
2015-12-29,1389.5999755859375
2015-12-30,1382.4000244140625
2015-12-31,1369.800048828125
2016-01-04,1359.0
2016-01-05,1377.0
2016-01-06,1373.4000244140625
2016-01-07,1348.199951171875
2016-01-08,1287.9000244140625
2016-01-11,1062.0
2016-01-12,1062.0
2016-01-13,954.0
2016-01-14,954.0
2016-01-15,991.7999877929688
2016-01-19,1040.4000244140625
2016-01-20,1267.199951171875
2016-01-21,1279.800048828125
2016-01-22,1348.199951171875
2016-01-25,1350.0
2016-01-26,1272.5999755859375
2016-01-27,1157.4000244140625
2016-01-28,1089.0
2016-01-29,1125.0
2016-02-01,1090.800048828125
2016-02-02,1117.800048828125
2016-02-03,1069.199951171875
2016-02-04,1155.5999755859375
2016-02-05,1094.760009765625
2016-02-08,990.0
2016-02-09,918.0
2016-02-10,905.4000244140625
2016-02-11,861.2999877929688
2016-02-12,860.4000244140625
2016-02-16,910.7999877929688
2016-02-17,909.0
2016-02-18,968.4000244140625
2016-02-19,930.5999755859375
2016-02-22,891.0
2016-02-23,874.7999877929688
2016-02-24,801.5399780273438
2016-02-25,801.0
2016-02-26,923.4000244140625
2016-02-29,829.7999877929688
2016-03-01,829.7999877929688
2016-03-02,890.0999755859375
2016-03-03,894.5999755859375
2016-03-04,921.5999755859375
2016-03-07,932.4000244140625
2016-03-08,840.5999755859375
2016-03-09,847.7999877929688
2016-03-10,826.2000122070312
2016-03-11,855.5399780273438
2016-03-14,795.5999755859375
2016-03-15,717.2999877929688
2016-03-16,698.4000244140625
2016-03-17,676.7999877929688
2016-03-18,810.0
2016-03-21,851.4000244140625
2016-03-22,802.7999877929688
2016-03-23,732.5999755859375
2016-03-24,799.2000122070312
2016-03-28,862.2000122070312
2016-03-29,837.0
2016-03-30,864.0
2016-03-31,887.4000244140625
2016-04-01,909.0
2016-04-04,963.0
2016-04-05,910.7999877929688
2016-04-06,1319.4000244140625
2016-04-07,1328.4000244140625
2016-04-08,1206.0
2016-04-11,1085.4000244140625
2016-04-12,1164.5999755859375
2016-04-13,1155.5999755859375
2016-04-14,1171.800048828125
2016-04-15,1209.5999755859375
2016-04-18,1182.5999755859375
2016-04-19,1197.0
2016-04-20,1148.4000244140625
2016-04-21,1125.0
2016-04-22,1157.4000244140625
2016-04-25,1121.4000244140625
2016-04-26,1117.800048828125
2016-04-27,1116.0
2016-04-28,1087.199951171875
2016-04-29,1125.0
2016-05-02,1058.4000244140625
2016-05-03,1038.5999755859375
2016-05-04,945.0
2016-05-05,882.0
2016-05-06,889.2000122070312
2016-05-09,907.2000122070312
2016-05-10,979.2000122070312
2016-05-11,999.0
2016-05-12,973.7999877929688
2016-05-13,905.4000244140625
2016-05-16,968.4000244140625
2016-05-17,952.2000122070312
2016-05-18,919.7999877929688
2016-05-19,883.7999877929688
2016-05-20,869.4000244140625
2016-05-23,819.0
2016-05-24,804.5999755859375
2016-05-25,793.7999877929688
2016-05-26,742.5
2016-05-27,705.5999755859375
2016-05-31,754.2000122070312
2016-06-01,739.7999877929688
2016-06-02,747.0
2016-06-03,738.0
2016-06-06,725.4000244140625
2016-06-07,745.2000122070312
2016-06-08,784.7999877929688
2016-06-09,784.97998046875
2016-06-10,801.0
2016-06-13,824.4000244140625
2016-06-14,882.0
2016-06-15,878.4000244140625
2016-06-16,851.4000244140625
2016-06-17,858.5999755859375
2016-06-20,849.5999755859375
2016-06-21,873.0
2016-06-22,862.2000122070312
2016-06-23,883.7999877929688
2016-06-24,858.5999755859375
2016-06-27,765.0
2016-06-28,817.2000122070312
2016-06-29,824.4000244140625
2016-06-30,808.2000122070312
2016-07-01,797.4000244140625
2016-07-05,786.5999755859375
2016-07-06,775.7999877929688
2016-07-07,783.0
2016-07-08,801.0
2016-07-11,811.7999877929688
2016-07-12,792.0
2016-07-13,777.5999755859375
2016-07-14,772.2000122070312
2016-07-15,792.0
2016-07-18,768.5999755859375
2016-07-19,765.0
2016-07-20,747.0
2016-07-21,748.7999877929688
2016-07-22,759.5999755859375
2016-07-25,774.0
2016-07-26,747.0
2016-07-27,750.5999755859375
2016-07-28,747.0
2016-07-29,768.5999755859375
2016-08-01,772.2000122070312
2016-08-02,743.4000244140625
2016-08-03,743.4000244140625
2016-08-04,763.2000122070312
2016-08-05,747.0
2016-08-08,750.5999755859375
2016-08-09,750.5999755859375
2016-08-10,745.2000122070312
2016-08-11,743.4000244140625
2016-08-12,730.7999877929688
2016-08-15,725.4000244140625
2016-08-16,745.2000122070312
2016-08-17,734.4000244140625
2016-08-18,721.7999877929688
2016-08-19,718.2000122070312
2016-08-22,700.2000122070312
2016-08-23,711.3599853515625
2016-08-24,693.0
2016-08-25,666.0
2016-08-26,680.4000244140625
2016-08-29,714.5999755859375
2016-08-30,685.7999877929688
2016-08-31,693.0
2016-09-01,683.8200073242188
2016-09-02,693.0
2016-09-06,712.7999877929688
2016-09-07,707.4000244140625
2016-09-08,714.5999755859375
2016-09-09,684.0
2016-09-12,653.4000244140625
2016-09-13,657.0
2016-09-14,648.0
2016-09-15,651.5999755859375
2016-09-16,662.4000244140625
2016-09-19,661.5
2016-09-20,829.7999877929688
2016-09-21,835.2000122070312
2016-09-22,990.0
2016-09-23,939.5999755859375
2016-09-26,954.0
2016-09-27,936.0
2016-09-28,883.7999877929688
2016-09-29,828.0
2016-09-30,799.2000122070312
2016-10-03,820.7999877929688
2016-10-04,811.7999877929688
2016-10-05,831.5999755859375
2016-10-06,786.5999755859375
2016-10-07,774.0
2016-10-10,792.0
2016-10-11,752.4000244140625
2016-10-12,712.7999877929688
2016-10-13,691.2000122070312
2016-10-14,707.4000244140625
2016-10-17,693.0
2016-10-18,739.7999877929688
2016-10-19,720.0
2016-10-20,704.1599731445312
2016-10-21,698.4000244140625
2016-10-24,714.5999755859375
2016-10-25,675.0
2016-10-26,664.2000122070312
2016-10-27,651.5999755859375
2016-10-28,646.2000122070312
2016-10-31,612.0
2016-11-01,574.2000122070312
2016-11-02,550.7999877929688
2016-11-03,513.0
2016-11-04,554.4000244140625
2016-11-07,574.2000122070312
2016-11-08,617.4000244140625
2016-11-09,588.5999755859375
2016-11-10,628.2000122070312
2016-11-11,639.0
2016-11-14,655.2000122070312
2016-11-15,658.7999877929688
2016-11-16,664.2000122070312
2016-11-17,666.0
2016-11-18,684.9000244140625
2016-11-21,714.5999755859375
2016-11-22,664.2000122070312
2016-11-23,653.4000244140625
2016-11-25,675.0
2016-11-28,662.4000244140625
2016-11-29,651.5999755859375
2016-11-30,631.7999877929688
2016-12-01,639.0
2016-12-02,669.780029296875
2016-12-05,628.2000122070312
2016-12-06,623.7000122070312
2016-12-07,608.4000244140625
2016-12-08,631.7999877929688
2016-12-09,592.2000122070312
2016-12-12,583.2000122070312
2016-12-13,588.5999755859375
2016-12-14,577.7999877929688
2016-12-15,562.3200073242188
2016-12-16,568.7999877929688
2016-12-19,612.0
2016-12-20,682.2000122070312
2016-12-21,673.2000122070312
2016-12-22,646.2000122070312
2016-12-23,660.5999755859375
2016-12-27,657.3599853515625
2016-12-28,660.5999755859375
2016-12-29,673.2000122070312
2016-12-30,631.7999877929688
2017-01-03,653.4000244140625
2017-01-04,676.7999877929688
2017-01-05,682.2000122070312
2017-01-06,732.5999755859375
2017-01-09,729.0
2017-01-10,747.0
2017-01-11,703.7999877929688
2017-01-12,714.5999755859375
2017-01-13,739.7999877929688
2017-01-17,738.0
2017-01-18,754.2000122070312
2017-01-19,759.5999755859375
2017-01-20,756.0
2017-01-23,734.4000244140625
2017-01-24,709.2000122070312
2017-01-25,707.4000244140625
2017-01-26,711.0
2017-01-27,734.4000244140625
2017-01-30,729.0
2017-01-31,734.4000244140625
2017-02-01,743.4000244140625
2017-02-02,759.5999755859375
2017-02-03,799.2000122070312
2017-02-06,838.7999877929688
2017-02-07,822.5999755859375
2017-02-08,824.4000244140625
2017-02-09,822.5999755859375
2017-02-10,811.7999877929688
2017-02-13,838.7999877929688
2017-02-14,747.0
2017-02-15,739.7999877929688
2017-02-16,756.0
2017-02-17,754.2000122070312
2017-02-21,765.0
2017-02-22,736.2000122070312
2017-02-23,752.4000244140625
2017-02-24,774.0
2017-02-27,891.0
2017-02-28,935.8200073242188
2017-03-01,914.4000244140625
2017-03-02,885.5999755859375
2017-03-03,900.0
2017-03-06,871.2000122070312
2017-03-07,842.4000244140625
2017-03-08,864.0
2017-03-09,864.0
2017-03-10,896.4000244140625
2017-03-13,869.4000244140625
2017-03-14,880.2000122070312
2017-03-15,860.4000244140625
2017-03-16,900.0
2017-03-17,905.4000244140625
2017-03-20,901.7999877929688
2017-03-21,860.4000244140625
2017-03-22,833.4000244140625
2017-03-23,835.2000122070312
2017-03-24,804.5999755859375
2017-03-27,824.4000244140625
2017-03-28,851.4000244140625
2017-03-29,829.7999877929688
2017-03-30,847.7999877929688
2017-03-31,880.2000122070312
2017-04-03,858.5999755859375
2017-04-04,862.2000122070312
2017-04-05,838.7999877929688
2017-04-06,880.2000122070312
2017-04-07,855.0
2017-04-10,910.7999877929688
2017-04-11,906.6599731445312
2017-04-12,878.4000244140625
2017-04-13,883.7999877929688
2017-04-17,924.6599731445312
2017-04-18,918.0
2017-04-19,905.4000244140625
2017-04-20,900.0
2017-04-21,914.4000244140625
2017-04-24,928.7999877929688
2017-04-25,901.7999877929688
2017-04-26,900.0
2017-04-27,925.2000122070312
2017-04-28,932.4000244140625
2017-05-01,910.7999877929688
2017-05-02,901.7999877929688
2017-05-03,916.2000122070312
2017-05-04,927.0
2017-05-05,921.5999755859375
2017-05-08,883.7999877929688
2017-05-09,829.7999877929688
2017-05-10,876.5999755859375
2017-05-11,878.4000244140625
2017-05-12,871.2000122070312
2017-05-15,851.4000244140625
2017-05-16,882.0
2017-05-17,871.2000122070312
2017-05-18,883.7999877929688
2017-05-19,887.4000244140625
2017-05-22,896.4000244140625
2017-05-23,900.0
2017-05-24,900.0
2017-05-25,874.7999877929688
2017-05-26,912.5999755859375
2017-05-30,874.7999877929688
2017-05-31,909.0
2017-06-01,903.5999755859375
2017-06-02,910.7999877929688
2017-06-05,907.2000122070312
2017-06-06,901.7999877929688
2017-06-07,892.7999877929688
2017-06-08,894.5999755859375
2017-06-09,880.2000122070312
2017-06-12,889.2000122070312
2017-06-13,928.7999877929688
2017-06-14,1071.0
2017-06-15,1085.4000244140625
2017-06-16,1245.5999755859375
2017-06-19,1236.5999755859375
2017-06-20,1152.0
2017-06-21,1130.4000244140625
2017-06-22,1056.5999755859375
2017-06-23,1081.800048828125
2017-06-26,1083.5999755859375
2017-06-27,1083.5999755859375
2017-06-28,1141.199951171875
2017-06-29,1132.199951171875
2017-06-30,1116.1800537109375
2017-07-03,1170.0
2017-07-05,1135.800048828125
2017-07-06,1155.5999755859375
2017-07-07,1170.0
2017-07-10,1191.5999755859375
2017-07-11,1220.4000244140625
2017-07-12,1224.0
2017-07-13,1207.800048828125
2017-07-14,1233.0
2017-07-17,1175.4000244140625
2017-07-18,1171.800048828125
2017-07-19,1180.800048828125
2017-07-20,1182.5999755859375
2017-07-21,1204.199951171875
2017-07-24,1393.199951171875
2017-07-25,1396.800048828125
2017-07-26,1477.800048828125
2017-07-27,1398.5999755859375
2017-07-28,1402.199951171875
2017-07-31,1269.0
2017-08-01,1278.0
2017-08-02,1285.199951171875
2017-08-03,1292.4000244140625
2017-08-04,1279.800048828125
2017-08-07,1283.4000244140625
2017-08-08,1427.4000244140625
2017-08-09,1485.0
2017-08-10,1456.199951171875
2017-08-11,1472.4000244140625
2017-08-14,1512.0
2017-08-15,1494.0
2017-08-16,1495.800048828125
2017-08-17,1440.0
2017-08-18,1371.5999755859375
2017-08-21,1339.199951171875
2017-08-22,1344.5999755859375
2017-08-23,1330.199951171875
2017-08-24,1324.800048828125
2017-08-25,1434.5999755859375
2017-08-28,1472.4000244140625
2017-08-29,1440.0
2017-08-30,1445.4000244140625
2017-08-31,1459.800048828125
2017-09-01,1440.0
2017-09-05,1440.0
2017-09-06,1368.0
2017-09-07,1400.4000244140625
2017-09-08,1438.199951171875
2017-09-11,1404.0
2017-09-12,1440.0
2017-09-13,1409.4000244140625
2017-09-14,1398.5999755859375
2017-09-15,1409.4000244140625
2017-09-18,1436.4000244140625
2017-09-19,1468.800048828125
2017-09-20,1542.5999755859375
2017-09-21,1557.0
2017-09-22,1672.199951171875
2017-09-25,1647.0
2017-09-26,1647.0
2017-09-27,1652.4000244140625
2017-09-28,1647.0
2017-09-29,1645.199951171875
2017-10-02,1623.5999755859375
2017-10-03,1585.800048828125
2017-10-04,1582.199951171875
2017-10-05,1656.0
2017-10-06,1677.5999755859375
2017-10-09,1602.0
2017-10-10,1602.0
2017-10-11,1629.0
2017-10-12,1638.0
2017-10-13,1596.5999755859375
2017-10-16,1576.800048828125
2017-10-17,1461.5999755859375
2017-10-18,1400.4000244140625
2017-10-19,1355.4000244140625
2017-10-20,1353.5999755859375
2017-10-23,1380.5999755859375
2017-10-24,1450.800048828125
2017-10-25,1485.0
2017-10-26,1459.800048828125
2017-10-27,1488.5999755859375
2017-10-30,1474.199951171875
2017-10-31,1476.0
2017-11-01,1440.0
2017-11-02,1407.5999755859375
2017-11-03,1389.5999755859375
2017-11-06,1346.4000244140625
2017-11-07,1312.199951171875
2017-11-08,1229.4000244140625
2017-11-09,1233.0
2017-11-10,1220.4000244140625
2017-11-13,1368.0
2017-11-14,1328.4000244140625
2017-11-15,1297.800048828125
2017-11-16,1377.0
2017-11-17,1405.800048828125
2017-11-20,1463.4000244140625
2017-11-21,1440.0
2017-11-22,1445.4000244140625
2017-11-24,1458.0
2017-11-27,1423.800048828125
2017-11-28,1400.4000244140625
2017-11-29,1432.800048828125
2017-11-30,1447.199951171875
2017-12-01,1434.5999755859375
2017-12-04,1431.0
2017-12-05,1443.5999755859375
2017-12-06,1465.199951171875
2017-12-07,1458.0
2017-12-08,1456.199951171875
2017-12-11,1481.4000244140625
2017-12-12,1495.800048828125
2017-12-13,1582.199951171875
2017-12-14,1627.199951171875
2017-12-15,1620.0
2017-12-18,1607.4000244140625
2017-12-19,1569.5999755859375
2017-12-20,1506.5999755859375
2017-12-21,1549.800048828125
2017-12-22,1591.199951171875
2017-12-26,1566.0
2017-12-27,1537.199951171875
2017-12-28,1571.4000244140625
2017-12-29,1647.0
2018-01-02,1690.199951171875
2018-01-03,1814.4000244140625
2018-01-04,1760.4000244140625
2018-01-05,1926.0
2018-01-08,2091.60009765625
2018-01-09,2118.60009765625
2018-01-10,2070.0
2018-01-11,2005.199951171875
2018-01-12,1992.5999755859375
2018-01-16,1890.0
2018-01-17,1945.800048828125
2018-01-18,1917.0
2018-01-19,1902.5999755859375
2018-01-22,1953.0
2018-01-23,1917.0
2018-01-24,1913.4000244140625
2018-01-25,1980.0
2018-01-26,1969.199951171875
2018-01-29,1845.9000244140625
2018-01-30,1789.199951171875
2018-01-31,1796.4000244140625
2018-02-01,1915.199951171875
2018-02-02,1832.4000244140625
2018-02-05,1710.0
2018-02-06,1762.199951171875
2018-02-07,1774.800048828125
2018-02-08,1690.199951171875
2018-02-09,1746.0
2018-02-12,1758.5999755859375
2018-02-13,1702.800048828125
2018-02-14,981.0
2018-02-15,1252.800048828125
2018-02-16,1065.5999755859375
2018-02-20,959.4000244140625
2018-02-21,1011.5999755859375
2018-02-22,970.2000122070312
2018-02-23,1002.5999755859375
2018-02-26,997.2000122070312
2018-02-27,934.2000122070312
2018-02-28,921.5999755859375
2018-03-01,948.5999755859375
2018-03-02,977.4000244140625
2018-03-05,1006.2000122070312
2018-03-06,1020.5999755859375
2018-03-07,1126.800048828125
2018-03-08,1074.5999755859375
2018-03-09,1148.4000244140625
2018-03-12,1143.0
2018-03-13,1144.800048828125
2018-03-14,1114.199951171875
2018-03-15,1191.5999755859375
2018-03-16,1193.4000244140625
2018-03-19,1182.5999755859375
2018-03-20,1132.199951171875
2018-03-21,1103.4000244140625
2018-03-22,1081.800048828125
2018-03-23,1065.5999755859375
2018-03-26,1054.800048828125
2018-03-27,921.5999755859375
2018-03-28,961.2000122070312
2018-03-29,1002.5999755859375
2018-04-02,907.2000122070312
2018-04-03,1044.0
2018-04-04,1044.0
2018-04-05,1092.5999755859375
2018-04-06,1080.0
2018-04-09,1094.4000244140625
2018-04-10,1096.199951171875
2018-04-11,1143.0
2018-04-12,1162.800048828125
2018-04-13,1123.199951171875
2018-04-16,1107.0
2018-04-17,1101.5999755859375
2018-04-18,1125.0
2018-04-19,1128.5999755859375
2018-04-20,1112.4000244140625
2018-04-23,1087.199951171875
2018-04-24,1081.800048828125
2018-04-25,1107.0
2018-04-26,1110.06005859375
2018-04-27,1083.5999755859375
2018-04-30,1069.199951171875
2018-05-01,1085.4000244140625
2018-05-02,1099.800048828125
2018-05-03,1065.5999755859375
2018-05-04,1067.4000244140625
2018-05-07,1114.199951171875
2018-05-08,1081.97998046875
2018-05-09,1071.9000244140625
2018-05-10,1063.800048828125
2018-05-11,1060.199951171875
2018-05-14,1054.800048828125
2018-05-15,1125.0
2018-05-16,1108.800048828125
2018-05-17,1128.5999755859375
2018-05-18,1110.5999755859375
2018-05-21,1090.800048828125
2018-05-22,1080.9000244140625
2018-05-23,1074.5999755859375
2018-05-24,1078.199951171875
2018-05-25,1083.5999755859375
2018-05-29,1083.5999755859375
2018-05-30,1060.199951171875
2018-05-31,1135.800048828125
2018-06-01,1157.4000244140625
2018-06-04,1281.5999755859375
2018-06-05,1346.4000244140625
2018-06-06,1351.800048828125
2018-06-07,1319.4000244140625
2018-06-08,1224.0
2018-06-11,1260.0
2018-06-12,3166.199951171875
2018-06-13,3232.800048828125
2018-06-14,2890.800048828125
2018-06-15,2952.0
2018-06-18,2683.800048828125
2018-06-19,2824.199951171875
2018-06-20,2557.800048828125
2018-06-21,2590.199951171875
2018-06-22,2536.199951171875
2018-06-25,2439.0
2018-06-26,2358.0
2018-06-27,2331.0
2018-06-28,2178.0
2018-06-29,2142.0
2018-07-02,2122.199951171875
2018-07-03,2095.199951171875
2018-07-05,2152.800048828125
2018-07-06,2050.199951171875
2018-07-09,2080.800048828125
2018-07-10,1980.0
2018-07-11,1899.0
2018-07-12,2298.60009765625
2018-07-13,2743.199951171875
2018-07-16,2701.800048828125
2018-07-17,2642.39990234375
2018-07-18,2521.800048828125
2018-07-19,2703.60009765625
2018-07-20,2700.0
2018-07-23,2750.39990234375
2018-07-24,2597.39990234375
2018-07-25,2595.60009765625
2018-07-26,2563.199951171875
2018-07-27,2410.199951171875
2018-07-30,2493.0
2018-07-31,2444.39990234375
2018-08-01,2437.199951171875
2018-08-02,2476.800048828125
2018-08-03,2404.800048828125
2018-08-06,2332.800048828125
2018-08-07,2359.800048828125
2018-08-08,2345.39990234375
2018-08-09,2302.199951171875
2018-08-10,2205.0
2018-08-13,2125.800048828125
2018-08-14,2008.800048828125
2018-08-15,2030.4000244140625
2018-08-16,2071.800048828125
2018-08-17,2061.0
2018-08-20,2041.199951171875
2018-08-21,2127.60009765625
2018-08-22,2311.199951171875
2018-08-23,2323.800048828125
2018-08-24,2259.0
2018-08-27,2282.39990234375
2018-08-28,2316.60009765625
2018-08-29,2379.60009765625
2018-08-30,2395.800048828125
2018-08-31,2439.0
2018-09-04,2430.0
2018-09-05,2439.0
2018-09-06,2345.39990234375
2018-09-07,2275.199951171875
2018-09-10,2376.0
2018-09-11,2386.800048828125
2018-09-12,2359.800048828125
2018-09-13,2345.39990234375
2018-09-14,2340.0
2018-09-17,2313.0
2018-09-18,2269.800048828125
2018-09-19,2302.199951171875
2018-09-20,2309.39990234375
2018-09-21,2304.0
2018-09-24,2347.199951171875
2018-09-25,2368.800048828125
2018-09-26,2446.199951171875
2018-09-27,2462.39990234375
2018-09-28,2444.39990234375
2018-10-01,2469.60009765625
2018-10-02,2604.60009765625
2018-10-03,2570.39990234375
2018-10-04,2408.39990234375
2018-10-05,2358.0
2018-10-08,2217.60009765625
2018-10-09,2192.39990234375
2018-10-10,2068.199951171875
2018-10-11,2046.5999755859375
2018-10-12,2095.199951171875
2018-10-15,2043.0
2018-10-16,2151.0
2018-10-17,2205.0
2018-10-18,2138.39990234375
2018-10-19,2080.800048828125
2018-10-22,2026.800048828125
2018-10-23,2034.0
2018-10-24,1884.5999755859375
2018-10-25,1828.800048828125
2018-10-26,1591.199951171875
2018-10-29,1566.0
2018-10-30,1596.5999755859375
2018-10-31,1611.0
2018-11-01,1859.4000244140625
2018-11-02,1944.0
2018-11-05,2048.39990234375
2018-11-06,1899.0
2018-11-07,1850.4000244140625
2018-11-08,1890.0
2018-11-09,1690.199951171875
2018-11-12,1720.800048828125
2018-11-13,1600.199951171875
2018-11-14,1524.5999755859375
2018-11-15,1602.0
2018-11-16,1578.5999755859375
2018-11-19,1675.800048828125
2018-11-20,1584.0
2018-11-21,1576.800048828125
2018-11-23,1578.5999755859375
2018-11-26,1531.800048828125
2018-11-27,1481.4000244140625
2018-11-28,1551.5999755859375
2018-11-29,1539.0
2018-11-30,1542.5999755859375
2018-12-03,1596.5999755859375
2018-12-04,1623.5999755859375
2018-12-06,1540.800048828125
2018-12-07,1530.0
2018-12-10,1506.5999755859375
2018-12-11,1425.5999755859375
2018-12-12,1690.199951171875
2018-12-13,1558.800048828125
2018-12-14,1495.800048828125
2018-12-17,1474.199951171875
2018-12-18,1407.5999755859375
2018-12-19,1323.0
2018-12-20,1247.4000244140625
2018-12-21,1224.0
2018-12-24,1186.199951171875
2018-12-26,1323.0
2018-12-27,1283.4000244140625
2018-12-28,1306.800048828125
2018-12-31,1229.4000244140625
2019-01-02,1368.0
2019-01-03,1348.199951171875
2019-01-04,1470.5999755859375
2019-01-07,1548.0
2019-01-08,1616.4000244140625
2019-01-09,1627.199951171875
2019-01-10,1603.800048828125
2019-01-11,1560.5999755859375
2019-01-14,1524.5999755859375
2019-01-15,1540.800048828125
2019-01-16,1528.199951171875
2019-01-17,1530.0
2019-01-18,1526.4000244140625
2019-01-22,1389.5999755859375
2019-01-23,1400.4000244140625
2019-01-24,1377.0
2019-01-25,1375.199951171875
2019-01-28,1373.4000244140625
2019-01-29,1328.4000244140625
2019-01-30,1364.4000244140625
2019-01-31,1423.800048828125
2019-02-01,1400.4000244140625
2019-02-04,1407.5999755859375
2019-02-05,1404.0
2019-02-06,1328.4000244140625
2019-02-07,1323.0
2019-02-08,1321.199951171875
2019-02-11,1380.5999755859375
2019-02-12,1308.5999755859375
2019-02-13,1364.4000244140625
2019-02-14,1344.5999755859375
2019-02-15,1382.4000244140625
2019-02-19,1351.800048828125
2019-02-20,1346.4000244140625
2019-02-21,1369.800048828125
2019-02-22,1483.199951171875
2019-02-25,1463.4000244140625
2019-02-26,1555.199951171875
2019-02-27,1510.199951171875
2019-02-28,1483.199951171875
2019-03-01,1513.800048828125
2019-03-04,1530.0
2019-03-05,1465.199951171875
2019-03-06,1391.4000244140625
2019-03-07,1380.5999755859375
2019-03-08,1360.800048828125
2019-03-11,1402.199951171875
2019-03-12,1468.800048828125
2019-03-13,1519.199951171875
2019-03-14,1467.0
2019-03-15,1522.800048828125
2019-03-18,1569.5999755859375
2019-03-19,1598.4000244140625
2019-03-20,1569.5999755859375
2019-03-21,1632.5999755859375
2019-03-22,1530.0
2019-03-25,1513.800048828125
2019-03-26,1506.5999755859375
2019-03-27,1470.5999755859375
2019-03-28,1458.0
2019-03-29,1470.5999755859375
2019-04-01,1510.199951171875
2019-04-02,1553.4000244140625
2019-04-03,1558.800048828125
2019-04-04,1553.4000244140625
2019-04-05,1560.5999755859375
2019-04-08,1562.4000244140625
2019-04-09,1542.5999755859375
2019-04-10,1526.4000244140625
2019-04-11,1535.4000244140625
2019-04-12,1515.5999755859375
2019-04-15,1459.800048828125
2019-04-16,1468.800048828125
2019-04-17,1438.199951171875
2019-04-18,1440.0
2019-04-22,1452.5999755859375
2019-04-23,1488.5999755859375
2019-04-24,1477.800048828125
2019-04-25,1488.5999755859375
2019-04-26,1501.199951171875
2019-04-29,1405.800048828125
2019-04-30,1398.5999755859375
2019-05-01,1398.5999755859375
2019-05-02,1386.0
2019-05-03,1402.199951171875
2019-05-06,1353.5999755859375
2019-05-07,1279.800048828125
2019-05-08,1278.0
2019-05-09,1315.800048828125
2019-05-10,1260.0
2019-05-13,1177.199951171875
2019-05-14,1198.800048828125
2019-05-15,1245.5999755859375
2019-05-16,1251.0
2019-05-17,1238.4000244140625
2019-05-20,1233.0
2019-05-21,1227.5999755859375
2019-05-22,1206.0
2019-05-23,1166.4000244140625
2019-05-24,1155.5999755859375
2019-05-28,1150.199951171875
2019-05-29,1137.5999755859375
2019-05-30,1112.4000244140625
2019-05-31,1081.800048828125
2019-06-03,1049.4000244140625
2019-06-04,1045.800048828125
2019-06-05,1117.800048828125
2019-06-06,1083.5999755859375
2019-06-07,1062.0
2019-06-10,1069.199951171875
2019-06-11,1022.4000244140625
2019-06-12,1040.4000244140625
2019-06-13,1123.199951171875
2019-06-14,1103.4000244140625
2019-06-17,1132.199951171875
2019-06-18,1152.0
2019-06-19,1168.199951171875
2019-06-20,1170.0
2019-06-21,1231.199951171875
2019-06-24,1200.5999755859375
2019-06-25,1179.0
2019-06-26,1162.800048828125
2019-06-27,1121.4000244140625
2019-06-28,1323.0
2019-07-01,1272.5999755859375
2019-07-02,1279.800048828125
2019-07-03,1260.0
2019-07-05,1258.199951171875
2019-07-08,1197.0
2019-07-09,1189.800048828125
2019-07-10,1198.800048828125
2019-07-11,1166.4000244140625
2019-07-12,1227.5999755859375
2019-07-15,1189.800048828125
2019-07-16,1159.199951171875
2019-07-17,1143.0
2019-07-18,1153.800048828125
2019-07-19,1123.199951171875
2019-07-22,1017.0
2019-07-23,1042.199951171875
2019-07-24,1119.5999755859375
2019-07-25,1083.5999755859375
2019-07-26,1097.0999755859375
2019-07-29,1095.300048828125
2019-07-30,1105.199951171875
2019-07-31,1087.199951171875
2019-08-01,1024.199951171875
2019-08-02,1020.5999755859375
2019-08-05,880.2000122070312
2019-08-06,901.7999877929688
2019-08-07,864.0
2019-08-08,900.0
2019-08-09,873.0
2019-08-12,869.4000244140625
2019-08-13,906.2999877929688
2019-08-14,894.5999755859375
2019-08-15,918.0
2019-08-16,1002.5999755859375
2019-08-19,1069.199951171875
2019-08-20,1040.4000244140625
2019-08-21,1031.4000244140625
2019-08-22,1002.5999755859375
2019-08-23,970.2000122070312
2019-08-26,955.7999877929688
2019-08-27,927.0
2019-08-28,986.4000244140625
2019-08-29,970.2000122070312
2019-08-30,937.7999877929688
2019-09-03,865.7999877929688
2019-09-04,842.4000244140625
2019-09-05,864.0
2019-09-06,831.5999755859375
2019-09-09,878.4000244140625
2019-09-10,855.0
2019-09-11,889.2000122070312
2019-09-12,882.0
2019-09-13,941.4000244140625
2019-09-16,896.4000244140625
2019-09-17,891.0
2019-09-18,887.760009765625
2019-09-19,957.5999755859375
2019-09-20,966.5999755859375
2019-09-23,928.7999877929688
2019-09-24,887.4000244140625
2019-09-25,885.5999755859375
2019-09-26,898.2000122070312
2019-09-27,874.7999877929688
2019-09-30,860.4000244140625
2019-10-01,813.5999755859375
2019-10-02,712.7999877929688
2019-10-03,727.2000122070312
2019-10-04,723.5999755859375
2019-10-07,720.0
2019-10-08,723.5999755859375
2019-10-09,675.0
2019-10-10,649.7999877929688
2019-10-11,666.0
2019-10-14,684.0
2019-10-15,694.7999877929688
2019-10-16,669.5999755859375
2019-10-17,712.7999877929688
2019-10-18,707.4000244140625
2019-10-21,736.2000122070312
2019-10-22,748.7999877929688
2019-10-23,721.7999877929688
2019-10-24,718.2000122070312
2019-10-25,693.0
2019-10-28,671.4000244140625
2019-10-29,675.0
2019-10-30,666.0
2019-10-31,753.2999877929688
2019-11-01,820.7999877929688
2019-11-04,864.0
2019-11-05,855.0
2019-11-06,768.5999755859375
2019-11-07,786.5999755859375
2019-11-08,757.7999877929688
2019-11-11,801.0
2019-11-12,822.5999755859375
2019-11-13,811.7999877929688
2019-11-14,799.2000122070312
2019-11-15,786.5999755859375
2019-11-18,808.2000122070312
2019-11-19,819.0
2019-11-20,813.5999755859375
2019-11-21,795.5999755859375
2019-11-22,820.7999877929688
2019-11-25,810.0
2019-11-26,826.2000122070312
2019-11-27,801.0
2019-11-29,810.0
2019-12-02,1047.5999755859375
2019-12-03,1026.0
2019-12-04,1215.0
2019-12-05,1189.800048828125
2019-12-06,1170.0
2019-12-09,1078.199951171875
2019-12-10,1137.5999755859375
2019-12-11,1116.0
2019-12-12,1105.199951171875
2019-12-13,1090.800048828125
2019-12-16,1092.5999755859375
2019-12-17,1033.199951171875
2019-12-18,981.0
2019-12-19,981.0
2019-12-20,1027.800048828125
2019-12-23,1035.0
2019-12-24,1053.0
2019-12-26,1054.800048828125
2019-12-27,1027.800048828125
2019-12-30,1027.800048828125
2019-12-31,1040.4000244140625
2020-01-02,1044.0
2020-01-03,1049.4000244140625
2020-01-06,1157.4000244140625
2020-01-07,1231.199951171875
2020-01-08,1202.4000244140625
2020-01-09,1193.4000244140625
2020-01-10,1150.199951171875
2020-01-13,1180.800048828125
2020-01-14,1200.5999755859375
2020-01-15,1197.0
2020-01-16,1173.5999755859375
2020-01-17,1152.0
2020-01-21,1123.199951171875
2020-01-22,1134.0
2020-01-23,1096.199951171875
2020-01-24,1038.5999755859375
2020-01-27,1009.7999877929688
2020-01-28,1045.800048828125
2020-01-29,1040.4000244140625
2020-01-30,970.2000122070312
2020-01-31,932.4000244140625
2020-02-03,927.0
2020-02-04,1047.5999755859375
2020-02-05,1033.199951171875
2020-02-06,1045.800048828125
2020-02-07,968.4000244140625
2020-02-10,1054.800048828125
2020-02-11,1042.199951171875
2020-02-12,1094.4000244140625
2020-02-13,1063.800048828125
2020-02-14,1058.4000244140625
2020-02-18,1110.5999755859375
2020-02-19,1128.5999755859375
2020-02-20,1143.0
2020-02-21,1110.5999755859375
2020-02-24,1076.4000244140625
2020-02-25,997.2000122070312
2020-02-26,964.7999877929688
2020-02-27,838.7999877929688
2020-02-28,873.0
2020-03-02,954.0
2020-03-03,936.0
2020-03-04,945.0
2020-03-05,925.2000122070312
2020-03-06,910.7999877929688
2020-03-09,835.2000122070312
2020-03-10,898.2000122070312
2020-03-11,757.7999877929688
2020-03-12,610.2000122070312
2020-03-13,631.7999877929688
2020-03-16,633.5999755859375
2020-03-17,630.0
2020-03-18,594.0
2020-03-19,613.7999877929688
2020-03-20,644.4000244140625
2020-03-23,655.2000122070312
2020-03-24,682.2000122070312
2020-03-25,660.5999755859375
2020-03-26,640.7999877929688
2020-03-27,621.0
2020-03-30,626.4000244140625
2020-03-31,622.7999877929688
2020-04-01,581.4000244140625
2020-04-02,579.5999755859375
2020-04-03,583.2000122070312
2020-04-06,586.7999877929688
2020-04-07,615.5999755859375
2020-04-08,639.0
2020-04-09,662.4000244140625
2020-04-13,748.7999877929688
2020-04-14,756.0
2020-04-15,772.2000122070312
2020-04-16,808.2000122070312
2020-04-17,858.5999755859375
2020-04-20,896.4000244140625
2020-04-21,811.7999877929688
2020-04-22,786.5999755859375
2020-04-23,763.2000122070312
2020-04-24,815.4000244140625
2020-04-27,792.0
2020-04-28,775.7999877929688
2020-04-29,795.5999755859375
2020-04-30,784.7999877929688
2020-05-01,725.4000244140625
2020-05-04,739.7999877929688
2020-05-05,745.2000122070312
2020-05-06,765.0
2020-05-07,790.2000122070312
2020-05-08,783.0
2020-05-11,824.4000244140625
2020-05-12,806.4000244140625
2020-05-13,894.5999755859375
2020-05-14,914.4000244140625
2020-05-15,916.2000122070312
2020-05-18,883.7999877929688
2020-05-19,1072.800048828125
2020-05-20,1094.4000244140625
2020-05-21,1054.800048828125
2020-05-22,1045.800048828125
2020-05-26,961.2000122070312
2020-05-27,919.7999877929688
2020-05-28,864.0
2020-05-29,855.0
2020-06-01,925.2000122070312
2020-06-02,952.2000122070312
2020-06-03,874.7999877929688
2020-06-04,878.4000244140625
2020-06-05,927.0
2020-06-08,973.7999877929688
2020-06-09,954.0
2020-06-10,923.4000244140625
2020-06-11,849.5999755859375
2020-06-12,865.7999877929688
2020-06-15,885.5999755859375
2020-06-16,901.7999877929688
2020-06-17,874.7999877929688
2020-06-18,939.5999755859375
2020-06-19,966.5999755859375
2020-06-22,941.4000244140625
2020-06-23,941.4000244140625
2020-06-24,921.5999755859375
2020-06-25,945.0
2020-06-26,900.0
2020-06-29,871.2000122070312
2020-06-30,860.4000244140625
2020-07-01,873.0
2020-07-02,869.4000244140625
2020-07-06,865.7999877929688
2020-07-07,860.4000244140625
2020-07-08,855.0
2020-07-09,846.0
2020-07-10,817.2000122070312
2020-07-13,806.4000244140625
2020-07-14,849.5999755859375
2020-07-15,1024.199951171875
2020-07-16,887.4000244140625
2020-07-17,921.5999755859375
2020-07-20,912.5999755859375
2020-07-21,882.0
2020-07-22,855.0
2020-07-23,819.0
2020-07-24,813.5999755859375
2020-07-27,813.5999755859375
2020-07-28,829.7999877929688
2020-07-29,817.2000122070312
2020-07-30,876.5999755859375
2020-07-31,873.0
2020-08-03,896.4000244140625
2020-08-04,874.7999877929688
2020-08-05,894.5999755859375
2020-08-06,829.7999877929688
2020-08-07,838.7999877929688
2020-08-10,820.7999877929688
2020-08-11,802.7999877929688
2020-08-12,810.0
2020-08-13,815.4000244140625
2020-08-14,853.2000122070312
2020-08-17,871.2000122070312
2020-08-18,871.2000122070312
2020-08-19,882.0
2020-08-20,871.2000122070312
2020-08-21,858.5999755859375
2020-08-24,880.2000122070312
2020-08-25,889.2000122070312
2020-08-26,919.7999877929688
2020-08-27,900.0
2020-08-28,905.4000244140625
2020-08-31,878.4000244140625
2020-09-01,844.2000122070312
2020-09-02,853.2000122070312
2020-09-03,846.0
2020-09-04,765.0
2020-09-08,712.7999877929688
2020-09-09,716.4000244140625
2020-09-10,712.7999877929688
2020-09-11,689.4000244140625
2020-09-14,703.7999877929688
2020-09-15,756.0
2020-09-16,750.5999755859375
2020-09-17,752.4000244140625
2020-09-18,720.0
2020-09-21,707.4000244140625
2020-09-22,707.4000244140625
2020-09-23,684.0
2020-09-24,655.2000122070312
2020-09-25,644.4000244140625
2020-09-28,637.2000122070312
2020-09-29,622.7999877929688
2020-09-30,635.4000244140625
2020-10-01,642.5999755859375
2020-10-02,649.7999877929688
2020-10-05,644.4000244140625
2020-10-06,604.7999877929688
2020-10-07,664.2000122070312
2020-10-08,635.4000244140625
2020-10-09,639.0
2020-10-12,619.2000122070312
2020-10-13,617.4000244140625
2020-10-14,603.0
2020-10-15,576.0
2020-10-16,579.5999755859375
2020-10-19,597.5999755859375
2020-10-20,590.4000244140625
2020-10-21,576.0
2020-10-22,601.2000122070312
2020-10-23,597.5999755859375
2020-10-26,577.7999877929688
2020-10-27,565.2000122070312
2020-10-28,552.5999755859375
2020-10-29,552.5999755859375
2020-10-30,559.7999877929688
2020-11-02,563.4000244140625
2020-11-03,574.2000122070312
2020-11-04,586.7999877929688
2020-11-05,592.2000122070312
2020-11-06,604.7999877929688
2020-11-09,550.7999877929688
2020-11-10,563.4000244140625
2020-11-11,604.7999877929688
2020-11-12,570.5999755859375
2020-11-13,610.2000122070312
2020-11-16,612.0
2020-11-17,630.0
2020-11-18,671.4000244140625
2020-11-19,676.7999877929688
2020-11-20,685.7999877929688
2020-11-23,716.4000244140625
2020-11-24,687.5999755859375
2020-11-25,678.5999755859375
2020-11-27,750.5999755859375
2020-11-30,693.0
2020-12-01,691.2000122070312
2020-12-02,700.2000122070312
2020-12-03,698.4000244140625
2020-12-04,660.5999755859375
2020-12-07,633.5999755859375
2020-12-08,637.2000122070312
2020-12-09,631.7999877929688
2020-12-10,628.2000122070312
2020-12-11,624.5999755859375
2020-12-14,658.7999877929688
2020-12-15,705.5999755859375
2020-12-16,666.0
2020-12-17,585.0
2020-12-18,601.2000122070312
2020-12-21,662.4000244140625
2020-12-22,662.4000244140625
2020-12-23,680.4000244140625
2020-12-24,648.0
2020-12-28,583.2000122070312
2020-12-29,590.4000244140625
2020-12-30,588.5999755859375
2020-12-31,559.7999877929688
2021-01-04,574.2000122070312
2021-01-05,592.2000122070312
2021-01-06,590.4000244140625
2021-01-07,610.2000122070312
2021-01-08,615.5999755859375
2021-01-11,612.0
2021-01-12,608.4000244140625
2021-01-13,606.5999755859375
2021-01-14,626.4000244140625
2021-01-15,646.2000122070312
2021-01-19,675.0
2021-01-20,680.4000244140625
2021-01-21,660.5999755859375
2021-01-22,675.0
2021-01-25,687.5999755859375
2021-01-26,675.9000244140625
2021-01-27,646.2000122070312
2021-01-28,679.5
2021-01-29,666.0
2021-02-01,716.4000244140625
2021-02-02,721.7999877929688
2021-02-03,864.0
2021-02-04,851.4000244140625
2021-02-05,838.7999877929688
2021-02-08,829.7999877929688
2021-02-09,819.0
2021-02-10,793.7999877929688
2021-02-11,972.0
2021-02-12,905.4000244140625
2021-02-16,855.0
2021-02-17,806.4000244140625
2021-02-18,813.5999755859375
2021-02-19,806.4000244140625
2021-02-22,804.5999755859375
2021-02-23,730.7999877929688
2021-02-24,727.2000122070312
2021-02-25,739.7999877929688
2021-02-26,714.5999755859375
2021-03-01,720.0
2021-03-02,707.4000244140625
2021-03-03,671.4000244140625
2021-03-04,648.0
2021-03-05,642.5999755859375
2021-03-08,635.4000244140625
2021-03-09,621.0
2021-03-10,599.4000244140625
2021-03-11,628.2000122070312
2021-03-12,630.0
2021-03-15,648.0
2021-03-16,631.7999877929688
2021-03-17,628.2000122070312
2021-03-18,615.5999755859375
2021-03-19,705.5999755859375
2021-03-22,698.4000244140625
2021-03-23,655.2000122070312
2021-03-24,635.4000244140625
2021-03-25,631.7999877929688
2021-03-26,610.2000122070312
2021-03-29,574.2000122070312
2021-03-30,599.4000244140625
2021-03-31,617.4000244140625
2021-04-01,619.2000122070312
2021-04-05,613.7999877929688
2021-04-06,613.7999877929688
2021-04-07,599.4000244140625
2021-04-08,594.0
2021-04-09,606.5999755859375
2021-04-12,585.0
2021-04-13,574.2000122070312
2021-04-14,594.0
2021-04-15,572.4000244140625
2021-04-16,552.5999755859375
2021-04-19,570.5999755859375
2021-04-20,574.2000122070312
2021-04-21,576.0
2021-04-22,588.5999755859375
2021-04-23,586.7999877929688
2021-04-26,603.0
2021-04-27,603.0
2021-04-28,601.2000122070312
2021-04-29,606.5999755859375
2021-04-30,586.7999877929688
2021-05-03,588.5999755859375
2021-05-04,576.0
2021-05-05,560.7000122070312
2021-05-06,477.0
2021-05-07,466.20001220703125
2021-05-10,423.0
2021-05-11,433.79998779296875
2021-05-12,439.20001220703125
2021-05-13,403.20001220703125
2021-05-14,425.70001220703125
2021-05-17,448.20001220703125
2021-05-18,466.20001220703125
2021-05-19,466.20001220703125
2021-05-20,468.0
2021-05-21,473.3999938964844
2021-05-24,453.6000061035156
2021-05-25,439.20001220703125
2021-05-26,451.79998779296875
2021-05-27,473.3999938964844
2021-05-28,468.0
2021-06-01,473.3999938964844
2021-06-02,464.3999938964844
2021-06-03,493.20001220703125
2021-06-04,612.0
2021-06-07,702.0
2021-06-08,642.5999755859375
2021-06-09,590.4000244140625
2021-06-10,583.2000122070312
2021-06-11,610.2000122070312
2021-06-14,595.7999877929688
2021-06-15,572.4000244140625
2021-06-16,572.4000244140625
2021-06-17,568.7999877929688
2021-06-18,532.7999877929688
2021-06-21,529.2000122070312
2021-06-22,540.0
2021-06-23,545.4000244140625
2021-06-24,554.4000244140625
2021-06-25,565.2000122070312
2021-06-28,567.0
2021-06-29,565.2000122070312
2021-06-30,547.2000122070312
2021-07-01,585.0
2021-07-02,581.4000244140625
2021-07-06,554.4000244140625
2021-07-07,527.4000244140625
2021-07-08,527.4000244140625
2021-07-09,522.0
2021-07-12,511.20001220703125
2021-07-13,498.6000061035156
2021-07-14,478.79998779296875
2021-07-15,469.79998779296875
2021-07-16,469.79998779296875
2021-07-19,460.79998779296875
2021-07-20,477.0
2021-07-21,498.6000061035156
2021-07-22,495.0
2021-07-23,469.79998779296875
2021-07-26,464.3999938964844
2021-07-27,433.79998779296875
2021-07-28,444.6000061035156
2021-07-29,451.79998779296875
2021-07-30,448.20001220703125
2021-08-02,525.5999755859375
2021-08-03,504.0
2021-08-04,493.20001220703125
2021-08-05,514.7999877929688
2021-08-06,550.7999877929688
2021-08-09,532.7999877929688
2021-08-10,540.0
2021-08-11,531.0
2021-08-12,538.2000122070312
2021-08-13,531.0
2021-08-16,489.6000061035156
2021-08-17,498.6000061035156
2021-08-18,493.20001220703125
2021-08-19,522.0
2021-08-20,505.79998779296875
2021-08-23,518.4000244140625
2021-08-24,572.4000244140625
2021-08-25,549.0
2021-08-26,574.2000122070312
2021-08-27,585.0
2021-08-30,599.4000244140625
2021-08-31,588.5999755859375
2021-09-01,577.7999877929688
2021-09-02,579.5999755859375
2021-09-03,561.5999755859375
2021-09-07,568.7999877929688
2021-09-08,547.2000122070312
2021-09-09,559.7999877929688
2021-09-10,563.4000244140625
2021-09-13,561.5999755859375
2021-09-14,536.4000244140625
2021-09-15,523.7999877929688
2021-09-16,540.0
2021-09-17,549.0
2021-09-20,518.4000244140625
2021-09-21,511.20001220703125
2021-09-22,543.5999755859375
2021-09-23,547.2000122070312
2021-09-24,549.0
2021-09-27,543.5999755859375
2021-09-28,538.2000122070312
2021-09-29,513.0
2021-09-30,502.20001220703125
2021-10-01,491.3999938964844
2021-10-04,480.6000061035156
2021-10-05,468.0
2021-10-06,475.20001220703125
2021-10-07,477.0
2021-10-08,475.20001220703125
2021-10-11,489.6000061035156
2021-10-12,489.6000061035156
2021-10-13,491.3999938964844
2021-10-14,500.3999938964844
2021-10-15,495.0
2021-10-18,493.20001220703125
2021-10-19,486.0
2021-10-20,498.6000061035156
2021-10-21,495.0
2021-10-22,486.0
2021-10-25,441.0
2021-10-26,442.79998779296875
2021-10-27,442.79998779296875
2021-10-28,428.3999938964844
2021-10-29,444.6000061035156
2021-11-01,513.0
2021-11-02,514.7999877929688
2021-11-03,520.2000122070312
2021-11-04,507.6000061035156
2021-11-05,504.0
2021-11-08,538.2000122070312
2021-11-09,545.4000244140625
2021-11-10,525.5999755859375
2021-11-11,531.0
2021-11-12,541.7999877929688
2021-11-15,536.4000244140625
2021-11-16,509.3999938964844
2021-11-17,502.20001220703125
2021-11-18,486.0
2021-11-19,489.6000061035156
2021-11-22,455.3999938964844
2021-11-23,457.20001220703125
2021-11-24,457.20001220703125
2021-11-26,475.20001220703125
2021-11-29,457.20001220703125
2021-11-30,453.6000061035156
2021-12-01,435.6000061035156
2021-12-02,437.3999938964844
2021-12-03,405.0
2021-12-06,410.3999938964844
2021-12-07,435.6000061035156
2021-12-08,421.20001220703125
2021-12-09,412.20001220703125
2021-12-10,412.20001220703125
2021-12-13,403.20001220703125
2021-12-14,378.0
2021-12-15,385.20001220703125
2021-12-16,369.0
2021-12-17,374.3999938964844
2021-12-20,367.20001220703125
2021-12-21,365.3999938964844
2021-12-22,365.3999938964844
2021-12-23,365.3999938964844
2021-12-27,343.79998779296875
2021-12-28,325.79998779296875
2021-12-29,315.0
2021-12-30,324.0
2021-12-31,327.6000061035156
2022-01-03,372.6000061035156
2022-01-04,370.79998779296875
2022-01-05,345.6000061035156
2022-01-06,347.3999938964844
2022-01-07,339.29998779296875
2022-01-10,293.3999938964844
2022-01-11,302.3999938964844
2022-01-12,300.6000061035156
2022-01-13,293.3999938964844
2022-01-14,288.0
2022-01-18,295.20001220703125
2022-01-19,288.8999938964844
2022-01-20,289.79998779296875
2022-01-21,276.8399963378906
2022-01-24,263.70001220703125
2022-01-25,273.6000061035156
2022-01-26,273.6000061035156
2022-01-27,250.1999969482422
2022-01-28,255.77999877929688
2022-01-31,291.6000061035156
2022-02-01,307.79998779296875
2022-02-02,298.79998779296875
2022-02-03,289.79998779296875
2022-02-04,297.0
2022-02-07,306.0
2022-02-08,300.6000061035156
2022-02-09,307.79998779296875
2022-02-10,309.6000061035156
2022-02-11,297.0
2022-02-14,280.79998779296875
2022-02-15,288.0
2022-02-16,298.79998779296875
2022-02-17,286.20001220703125
2022-02-18,293.3999938964844
2022-02-22,273.6000061035156
2022-02-23,261.0
2022-02-24,273.6000061035156
2022-02-25,279.0
2022-02-28,259.20001220703125
2022-03-01,264.6000061035156
2022-03-02,297.0
2022-03-03,268.20001220703125
2022-03-04,241.1999969482422
2022-03-07,241.1999969482422
2022-03-08,243.0
2022-03-09,252.0
2022-03-10,250.1999969482422
2022-03-11,243.0
2022-03-14,232.1999969482422
2022-03-15,221.39999389648438
2022-03-16,243.89999389648438
2022-03-17,268.20001220703125
2022-03-18,280.79998779296875
2022-03-21,275.3999938964844
2022-03-22,270.8999938964844
2022-03-23,262.79998779296875
2022-03-24,277.20001220703125
2022-03-25,273.6000061035156
2022-03-28,270.0
2022-03-29,282.6000061035156
2022-03-30,295.20001220703125
2022-03-31,286.20001220703125
2022-04-01,297.0
2022-04-04,315.0
2022-04-05,318.6000061035156
2022-04-06,297.0
2022-04-07,308.1600036621094
2022-04-08,313.20001220703125
2022-04-11,298.79998779296875
2022-04-12,277.20001220703125
2022-04-13,282.6000061035156
2022-04-14,293.3999938964844
2022-04-18,280.79998779296875
2022-04-19,279.0
2022-04-20,279.8999938964844
2022-04-21,270.0
2022-04-22,279.0
2022-04-25,279.0
2022-04-26,279.0
2022-04-27,279.0
2022-04-28,275.3999938964844
2022-04-29,298.79998779296875
2022-05-02,219.60000610351562
2022-05-03,164.52000427246094
2022-05-04,159.3000030517578
2022-05-05,153.0
2022-05-06,136.8000030517578
2022-05-09,124.19999694824219
2022-05-10,126.0
2022-05-11,120.77999877929688
2022-05-12,108.0
2022-05-13,109.44000244140625
2022-05-16,103.31999969482422
2022-05-17,105.12000274658203
2022-05-18,97.0199966430664
2022-05-19,90.0
2022-05-20,100.62000274658203
2022-05-23,117.0
2022-05-24,106.19999694824219
2022-05-25,95.4000015258789
2022-05-26,94.5
2022-05-27,91.80000305175781
2022-05-31,92.16000366210938
2022-06-01,94.5
2022-06-02,90.9000015258789
2022-06-03,91.80000305175781
2022-06-06,93.5999984741211
2022-06-07,93.5999984741211
2022-06-08,101.87999725341797
2022-06-09,100.44000244140625
2022-06-10,98.81999969482422
2022-06-13,86.4000015258789
2022-06-14,88.37999725341797
2022-06-15,81.0
2022-06-16,82.80000305175781
2022-06-17,79.37999725341797
2022-06-21,84.41999816894531
2022-06-22,82.80000305175781
2022-06-23,88.91999816894531
2022-06-24,86.94000244140625
2022-06-27,93.5999984741211
2022-06-28,106.37999725341797
2022-06-29,117.0
2022-06-30,117.0
2022-07-01,110.69999694824219
2022-07-05,104.94000244140625
2022-07-06,109.80000305175781
2022-07-07,109.26000213623047
2022-07-08,108.9000015258789
2022-07-11,116.81999969482422
2022-07-12,113.4000015258789
2022-07-13,109.80000305175781
2022-07-14,108.9000015258789
2022-07-15,108.9000015258789
2022-07-18,109.80000305175781
2022-07-19,109.9800033569336
2022-07-20,111.5999984741211
2022-07-21,106.73999786376953
2022-07-22,103.86000061035156
2022-07-25,91.80000305175781
2022-07-26,90.0
2022-07-27,91.80000305175781
2022-07-28,90.72000122070312
2022-07-29,90.36000061035156
2022-08-01,85.5
2022-08-02,88.19999694824219
2022-08-03,89.45999908447266
2022-08-04,81.0
2022-08-05,79.37999725341797
2022-08-08,81.18000030517578
2022-08-09,77.22000122070312
2022-08-10,75.5999984741211
2022-08-11,79.19999694824219
2022-08-12,73.80000305175781
2022-08-15,80.0999984741211
2022-08-16,84.5999984741211
2022-08-17,84.5999984741211
2022-08-18,81.72000122070312
2022-08-19,82.26000213623047
2022-08-22,79.55999755859375
2022-08-23,77.04000091552734
2022-08-24,75.5999984741211
2022-08-25,82.62000274658203
2022-08-26,82.08000183105469
2022-08-29,82.80000305175781
2022-08-30,82.80000305175781
2022-08-31,83.5199966430664
2022-09-01,80.0999984741211
2022-09-02,81.0
2022-09-06,74.33999633789062
2022-09-07,75.5999984741211
2022-09-08,75.77999877929688
2022-09-09,76.5
2022-09-12,77.22000122070312
2022-09-13,83.16000366210938
2022-09-14,79.19999694824219
2022-09-15,82.80000305175781
2022-09-16,78.4800033569336
2022-09-19,75.5999984741211
2022-09-20,71.27999877929688
2022-09-21,68.4000015258789
2022-09-22,66.77999877929688
2022-09-23,62.279998779296875
2022-09-26,59.400001525878906
2022-09-27,55.79999923706055
2022-09-28,57.41999816894531
2022-09-29,56.52000045776367
2022-09-30,55.97999954223633
2022-10-03,59.220001220703125
2022-10-04,60.84000015258789
2022-10-05,68.4000015258789
2022-10-06,78.30000305175781
2022-10-07,84.5999984741211
2022-10-10,68.94000244140625
2022-10-11,64.08000183105469
2022-10-12,66.5999984741211
2022-10-13,66.5999984741211
2022-10-14,70.0199966430664
2022-10-17,65.5199966430664
2022-10-18,64.80000305175781
2022-10-19,69.4800033569336
2022-10-20,75.05999755859375
2022-10-21,72.36000061035156
2022-10-24,68.76000213623047
2022-10-25,68.58000183105469
2022-10-26,73.80000305175781
2022-10-27,70.19999694824219
2022-10-28,72.0
2022-10-31,68.4000015258789
2022-11-01,71.81999969482422
2022-11-02,72.0
2022-11-03,67.5
2022-11-04,66.5999984741211
2022-11-07,61.02000045776367
2022-11-08,61.02000045776367
2022-11-09,57.599998474121094
2022-11-10,60.29999923706055
2022-11-11,61.560001373291016
2022-11-14,61.20000076293945
2022-11-15,59.939998626708984
2022-11-16,57.959999084472656
2022-11-17,61.02000045776367
2022-11-18,61.20000076293945
2022-11-21,57.599998474121094
2022-11-22,57.779998779296875
2022-11-23,54.18000030517578
2022-11-25,54.0
2022-11-28,57.599998474121094
2022-11-29,53.63999938964844
2022-11-30,52.560001373291016
2022-12-01,54.0
2022-12-02,55.08000183105469
2022-12-05,57.060001373291016
2022-12-06,52.91999816894531
2022-12-07,53.099998474121094
2022-12-08,52.20000076293945
2022-12-09,52.20000076293945
2022-12-12,55.79999923706055
2022-12-13,53.81999969482422
2022-12-14,54.0
2022-12-15,52.20000076293945
2022-12-16,52.20000076293945
2022-12-19,61.20000076293945
2022-12-20,55.79999923706055
2022-12-21,81.18000030517578
2022-12-22,106.19999694824219
2022-12-23,96.83999633789062
2022-12-27,97.19999694824219
2022-12-28,84.95999908447266
2022-12-29,82.80000305175781
2022-12-30,90.0
2023-01-03,127.9800033569336
2023-01-04,139.86000061035156
2023-01-05,144.0
2023-01-06,144.0
2023-01-09,150.1199951171875
2023-01-10,162.0
2023-01-11,158.39999389648438
2023-01-12,145.8000030517578
2023-01-13,144.36000061035156
2023-01-17,131.5800018310547
2023-01-18,126.0
2023-01-19,126.0
2023-01-20,135.17999267578125
2023-01-23,128.8800048828125
2023-01-24,127.26000213623047
2023-01-25,115.19999694824219
2023-01-26,120.77999877929688
2023-01-27,117.18000030517578
2023-01-30,102.5999984741211
2023-01-31,118.9800033569336
2023-02-01,112.13999938964844
2023-02-02,134.10000610351562
2023-02-03,127.80000305175781
2023-02-06,124.19999694824219
2023-02-07,122.4000015258789
2023-02-08,122.04000091552734
2023-02-09,111.41999816894531
2023-02-10,117.0
2023-02-13,109.80000305175781
2023-02-14,112.68000030517578
2023-02-15,109.80000305175781
2023-02-16,104.94000244140625
2023-02-17,104.4000015258789
2023-02-21,104.22000122070312
2023-02-22,102.77999877929688
2023-02-23,99.0
2023-02-24,97.0199966430664
2023-02-27,94.86000061035156
2023-02-28,86.4000015258789
2023-03-01,84.5999984741211
2023-03-02,89.45999908447266
2023-03-03,93.5999984741211
2023-03-06,93.5999984741211
2023-03-07,90.0
2023-03-08,84.5999984741211
2023-03-09,82.80000305175781
2023-03-10,82.80000305175781
2023-03-13,84.5999984741211
2023-03-14,77.58000183105469
2023-03-15,84.05999755859375
2023-03-16,84.23999786376953
2023-03-17,84.23999786376953
2023-03-20,79.19999694824219
2023-03-21,77.4000015258789
2023-03-22,74.5199966430664
2023-03-23,78.30000305175781
2023-03-24,75.5999984741211
2023-03-27,72.0
2023-03-28,77.22000122070312
2023-03-29,81.0
2023-03-30,84.5999984741211
2023-03-31,76.86000061035156
2023-04-03,63.0
2023-04-04,65.69999694824219
2023-04-05,61.20000076293945
2023-04-06,61.20000076293945
2023-04-10,61.20000076293945
2023-04-11,56.70000076293945
2023-04-12,54.0
2023-04-13,57.599998474121094
2023-04-14,55.79999923706055
2023-04-17,57.060001373291016
2023-04-18,61.20000076293945
2023-04-19,59.400001525878906
2023-04-20,59.7599983215332
2023-04-21,60.65999984741211
2023-04-24,57.2400016784668
2023-04-25,55.79999923706055
2023-04-26,54.900001525878906
2023-04-27,54.0
2023-04-28,55.79999923706055
2023-05-01,52.20000076293945
2023-05-02,54.0
2023-05-03,55.79999923706055
2023-05-04,54.0
2023-05-05,73.44000244140625
2023-05-08,64.9800033569336
2023-05-09,64.9800033569336
2023-05-10,64.62000274658203
2023-05-11,64.80000305175781
2023-05-12,59.7599983215332
2023-05-15,49.91999816894531
2023-05-16,51.84000015258789
2023-05-17,56.15999984741211
2023-05-18,54.84000015258789
2023-05-19,60.0
2023-05-22,62.49599838256836
2023-05-23,59.53200149536133
2023-05-24,60.84000015258789
2023-05-25,61.20000076293945
2023-05-26,55.20000076293945
2023-05-30,51.599998474121094
2023-05-31,55.31999969482422
2023-06-01,55.560001373291016
2023-06-02,56.880001068115234
2023-06-05,53.63999938964844
2023-06-06,52.20000076293945
2023-06-07,51.99599838256836
2023-06-08,52.02000045776367
2023-06-09,52.08000183105469
2023-06-12,49.08000183105469
2023-06-13,44.63999938964844
2023-06-14,44.63999938964844
2023-06-15,44.7599983215332
2023-06-16,43.20000076293945
2023-06-20,41.279998779296875
2023-06-21,40.91999816894531
2023-06-22,41.220001220703125
2023-06-23,40.439998626708984
2023-06-26,40.08000183105469
2023-06-27,38.172000885009766
2023-06-28,36.060001373291016
2023-06-29,35.7599983215332
2023-06-30,35.880001068115234
2023-07-03,36.540000915527344
2023-07-05,35.400001525878906
2023-07-06,30.719999313354492
2023-07-07,31.799999237060547
2023-07-10,30.239999771118164
2023-07-11,27.360000610351562
2023-07-12,29.15999984741211
2023-07-13,24.959999084472656
2023-07-14,17.399999618530273
2023-07-17,16.31999969482422
2023-07-18,15.84000015258789
2023-07-19,15.479999542236328
2023-07-20,14.880000114440918
2023-07-21,13.800000190734863
2023-07-24,14.520000457763672
2023-07-25,14.279999732971191
2023-07-26,14.760000228881836
2023-07-27,13.920000076293945
2023-07-28,14.279999732971191
2023-07-31,13.800000190734863
2023-08-01,12.960000038146973
2023-08-02,12.720000267028809
2023-08-03,12.600000381469727
2023-08-04,12.600000381469727
2023-08-07,11.100000381469727
2023-08-08,10.979999542236328
2023-08-09,10.920000076293945
2023-08-10,10.140000343322754
2023-08-11,10.104000091552734
2023-08-14,10.199999809265137
2023-08-15,9.720000267028809
2023-08-16,9.251999855041504
2023-08-17,9.407999992370605
2023-08-18,9.64799976348877
2023-08-21,10.54800033569336
2023-08-22,10.152000427246094
2023-08-23,10.140000343322754
2023-08-24,9.600000381469727
2023-08-25,9.263999938964844
2023-08-28,9.720000267028809
2023-08-29,9.779999732971191
2023-08-30,9.720000267028809
2023-08-31,9.720000267028809
2023-09-01,10.619999885559082
2023-09-05,9.720000267028809
2023-09-06,9.600000381469727
2023-09-07,9.696000099182129
2023-09-08,9.684000015258789
2023-09-11,9.767999649047852
2023-09-12,9.600000381469727
2023-09-13,9.01200008392334
2023-09-14,9.01200008392334
2023-09-15,8.880000114440918
2023-09-18,8.399999618530273
2023-09-19,7.559999942779541
2023-09-20,7.559999942779541
2023-09-21,7.199999809265137
2023-09-22,7.559999942779541
2023-09-25,7.079999923706055
2023-09-26,6.888000011444092
2023-09-27,6.995999813079834
2023-09-28,6.74399995803833
2023-09-29,7.440000057220459
2023-10-02,6.696000099182129
2023-10-03,5.435999870300293
2023-10-04,5.23199987411499
2023-10-05,5.340000152587891
2023-10-06,5.400000095367432
2023-10-09,5.159999847412109
2023-10-10,5.519999980926514
2023-10-11,5.400000095367432
2023-10-12,5.400000095367432
2023-10-13,4.920000076293945
2023-10-16,4.800000190734863
2023-10-17,5.1479997634887695
2023-10-18,5.124000072479248
2023-10-19,5.159999847412109
2023-10-20,5.004000186920166
2023-10-23,4.920000076293945
2023-10-24,4.440000057220459
2023-10-25,4.440000057220459
2023-10-26,4.440000057220459
2023-10-27,4.5
2023-10-30,4.380000114440918
2023-10-31,4.559999942779541
2023-11-01,4.800000190734863
2023-11-02,4.739999771118164
2023-11-03,4.800000190734863
2023-11-06,5.004000186920166
2023-11-07,5.039999961853027
2023-11-08,5.0279998779296875
2023-11-09,4.8480000495910645
2023-11-10,4.547999858856201
2023-11-13,4.236000061035156
2023-11-14,4.920000076293945
2023-11-15,4.800000190734863
2023-11-16,4.835999965667725
2023-11-17,4.883999824523926
2023-11-20,5.208000183105469
2023-11-21,4.320000171661377
2023-11-22,3.5280001163482666
2023-11-24,3.803999900817871
2023-11-27,3.7079999446868896
2023-11-28,4.380000114440918
2023-11-29,4.199999809265137
2023-11-30,4.260000228881836
2023-12-01,4.392000198364258
2023-12-04,4.679999828338623
2023-12-05,4.631999969482422
2023-12-06,4.739999771118164
2023-12-07,4.751999855041504
2023-12-08,4.283999919891357
2023-12-11,4.044000148773193
2023-12-12,4.007999897003174
2023-12-13,4.188000202178955
2023-12-14,4.368000030517578
2023-12-15,4.427999973297119
2023-12-18,4.440000057220459
2023-12-19,4.535999774932861
2023-12-20,4.800000190734863
2023-12-21,4.392000198364258
2023-12-22,5.004000186920166
2023-12-26,5.159999847412109
2023-12-27,5.28000020980835
2023-12-28,5.23199987411499
2023-12-29,5.460000038146973
2024-01-02,5.28000020980835
2024-01-03,5.388000011444092
2024-01-04,5.196000099182129
2024-01-05,5.340000152587891
2024-01-08,5.159999847412109
2024-01-09,5.388000011444092
2024-01-10,5.484000205993652
2024-01-11,5.400000095367432
2024-01-12,5.447999954223633
2024-01-16,4.895999908447266
2024-01-17,4.607999801635742
2024-01-18,4.559999942779541
2024-01-19,4.044000148773193
2024-01-22,4.248000144958496
2024-01-23,4.535999774932861
2024-01-24,4.440000057220459
2024-01-25,4.380000114440918
2024-01-26,4.547999858856201
2024-01-29,4.559999942779541
2024-01-30,4.631999969482422
2024-01-31,4.5
2024-02-01,4.8480000495910645
2024-02-02,4.572000026702881
2024-02-05,4.343999862670898
2024-02-06,4.260000228881836
2024-02-07,4.380000114440918
2024-02-08,4.283999919891357
2024-02-09,4.320000171661377
2024-02-12,4.440000057220459
2024-02-13,4.559999942779541
2024-02-14,4.427999973297119
2024-02-15,4.559999942779541
2024-02-16,4.619999885559082
2024-02-20,4.559999942779541
2024-02-21,4.343999862670898
2024-02-22,4.320000171661377
2024-02-23,4.355999946594238
2024-02-26,4.415999889373779
2024-02-27,4.607999801635742
2024-02-28,4.800000190734863
2024-02-29,4.751999855041504
2024-03-01,4.920000076293945
2024-03-04,4.691999912261963
2024-03-05,4.619999885559082
2024-03-06,4.440000057220459
2024-03-07,4.559999942779541
2024-03-08,4.559999942779541
2024-03-11,4.440000057220459
2024-03-12,4.320000171661377
2024-03-13,4.320000171661377
2024-03-14,4.188000202178955
2024-03-15,3.6600000858306885
2024-03-18,3.7320001125335693
2024-03-19,3.75600004196167
2024-03-20,3.6600000858306885
2024-03-21,3.7920000553131104
2024-03-22,3.7320001125335693
2024-03-25,3.8399999141693115
2024-03-26,3.8399999141693115
2024-03-27,3.9600000381469727
2024-03-28,4.1519999504089355
2024-04-01,3.7920000553131104
2024-04-02,3.888000011444092
2024-04-03,3.9240000247955322
2024-04-04,3.9600000381469727
2024-04-05,4.067999839782715
2024-04-08,4.751999855041504
2024-04-09,4.668000221252441
2024-04-10,4.800000190734863
2024-04-11,5.039999961853027
2024-04-12,5.0279998779296875
2024-04-15,4.51200008392334
2024-04-16,4.248000144958496
2024-04-17,4.415999889373779
2024-04-18,4.547999858856201
2024-04-19,4.47599983215332
2024-04-22,4.368000030517578
2024-04-23,4.331999778747559
2024-04-24,4.800000190734863
2024-04-25,4.716000080108643
2024-04-26,4.703999996185303
2024-04-29,4.547999858856201
2024-04-30,4.223999977111816
2024-05-01,4.644000053405762
2024-05-02,4.619999885559082
2024-05-03,4.644000053405762
2024-05-06,5.0279998779296875
2024-05-07,4.883999824523926
2024-05-08,4.668000221252441
2024-05-09,4.980000019073486
2024-05-10,4.776000022888184
2024-05-13,4.656000137329102
2024-05-14,4.8480000495910645
2024-05-15,4.607999801635742
2024-05-16,4.788000106811523
2024-05-17,4.860000133514404
2024-05-20,4.776000022888184
2024-05-21,4.679999828338623
2024-05-22,4.776000022888184
2024-05-23,4.679999828338623
2024-05-24,4.644000053405762
2024-05-28,4.452000141143799
2024-05-29,4.320000171661377
2024-05-30,4.368000030517578
2024-05-31,4.440000057220459
2024-06-03,4.296000003814697
2024-06-04,4.440000057220459
2024-06-05,4.0920000076293945
2024-06-06,4.211999893188477
2024-06-07,4.079999923706055
2024-06-10,4.283999919891357
2024-06-11,4.248000144958496
2024-06-12,4.320000171661377
2024-06-13,4.320000171661377
2024-06-14,3.996000051498413
2024-06-17,3.8519999980926514
2024-06-18,4.019999980926514
2024-06-20,3.803999900817871
2024-06-21,3.7679998874664307
2024-06-24,3.7320001125335693
2024-06-25,3.7200000286102295
2024-06-26,3.7200000286102295
2024-06-27,3.2160000801086426
2024-06-28,3.299999952316284
2024-07-01,3.3959999084472656
2024-07-02,3.4200000762939453
2024-07-03,3.4679999351501465
2024-07-05,3.7200000286102295
2024-07-08,3.492000102996826
2024-07-09,3.563999891281128
2024-07-10,3.635999917984009
2024-07-11,3.5999999046325684
2024-07-12,3.611999988555908
2024-07-15,3.6600000858306885
2024-07-16,3.611999988555908
2024-07-17,3.828000068664551
2024-07-18,3.74399995803833
2024-07-19,3.6480000019073486
2024-07-22,4.019999980926514
2024-07-23,3.7799999713897705
2024-07-24,3.5160000324249268
2024-07-25,3.696000099182129
2024-07-26,3.7679998874664307
2024-07-29,3.7920000553131104
2024-07-30,3.7079999446868896
2024-07-31,3.684000015258789
2024-08-01,3.6600000858306885
2024-08-02,3.6600000858306885
2024-08-05,3.3959999084472656
2024-08-06,3.371999979019165
2024-08-07,3.3959999084472656
2024-08-08,3.359999895095825
2024-08-09,3.492000102996826
2024-08-12,3.5999999046325684
2024-08-13,3.4560000896453857
2024-08-14,3.4679999351501465
2024-08-15,3.5160000324249268
2024-08-16,3.359999895095825
2024-08-19,3.611999988555908
2024-08-20,3.624000072479248
2024-08-21,5.159999847412109
2024-08-22,4.127999782562256
2024-08-23,3.5999999046325684
2024-08-26,3.5399999618530273
2024-08-27,3.552000045776367
2024-08-28,3.2160000801086426
2024-08-29,3.1679999828338623
2024-08-30,3.380000114440918
2024-09-03,3.130000114440918
2024-09-04,2.809999942779541
2024-09-05,3.4240000247955322
2024-09-06,3.0199999809265137
2024-09-09,3.369999885559082
2024-09-10,3.559999942779541
2024-09-11,3.559999942779541
2024-09-12,3.9800000190734863
2024-09-13,4.110000133514404
2024-09-16,3.869999885559082
2024-09-17,15.100000381469727
2024-09-18,6.900000095367432
2024-09-19,8.399999618530273
2024-09-20,9.350000381469727
2024-09-23,9.350000381469727
2024-09-24,8.050000190734863
2024-09-25,7.090000152587891
2024-09-26,7.329999923706055
2024-09-27,7.090000152587891
2024-09-30,6.860000133514404
2024-10-01,5.820000171661377
2024-10-02,5.039999961853027
2024-10-03,4.730000019073486
2024-10-04,4.199999809265137
2024-10-07,4.110000133514404
2024-10-08,3.9800000190734863
2024-10-09,3.9100000858306885
2024-10-10,3.819999933242798
2024-10-11,3.8499999046325684
2024-10-14,3.6700000762939453
2024-10-15,3.9200000762939453
2024-10-16,3.640000104904175
2024-10-17,3.4600000381469727
2024-10-18,3.799999952316284
2024-10-21,4.679999828338623
2024-10-22,4.809999942779541
2024-10-23,4.539999961853027
2024-10-24,4.03000020980835
2024-10-25,3.930000066757202
2024-10-28,3.9000000953674316
2024-10-29,3.6600000858306885
2024-10-30,3.5
2024-10-31,3.3399999141693115
2024-11-01,3.240000009536743
2024-11-04,3.240000009536743
2024-11-05,3.369999885559082
2024-11-06,3.0999999046325684
2024-11-07,3.0799999237060547
2024-11-08,2.9700000286102295
2024-11-11,2.880000114440918
2024-11-12,3.0199999809265137
2024-11-13,2.990000009536743
2024-11-14,3.0999999046325684
2024-11-15,2.930000066757202
2024-11-18,2.940000057220459
2024-11-19,3.0
2024-11-20,2.9600000381469727
2024-11-21,2.799999952316284
2024-11-22,2.75
2024-11-25,2.869999885559082
2024-11-26,2.869999885559082
2024-11-27,2.859999895095825
2024-11-29,2.859999895095825
2024-12-02,2.940000057220459
2024-12-03,2.869999885559082
2024-12-04,2.759999990463257
2024-12-05,2.559999942779541
2024-12-06,2.799999952316284
2024-12-09,2.9000000953674316
2024-12-10,3.049999952316284
2024-12-11,2.880000114440918
2024-12-12,2.815000057220459
2024-12-13,2.9700000286102295
2024-12-16,3.2699999809265137
2024-12-17,3.009999990463257
2024-12-18,2.9000000953674316
2024-12-19,3.069999933242798
2024-12-20,3.049999952316284
2024-12-23,3.0299999713897705
2024-12-24,3.0399999618530273
2024-12-26,3.119999885559082
2024-12-27,3.119999885559082
2024-12-30,3.119999885559082
2024-12-31,3.190000057220459
2025-01-02,3.319999933242798
2025-01-03,3.430000066757202
2025-01-06,3.0199999809265137
2025-01-07,2.990000009536743
2025-01-08,2.940000057220459
2025-01-10,2.9000000953674316
2025-01-13,2.884999990463257
2025-01-14,2.819999933242798
2025-01-15,2.7899999618530273
2025-01-16,2.930000066757202
2025-01-17,2.9000000953674316
2025-01-21,2.869999885559082
2025-01-22,2.8499999046325684
2025-01-23,2.940000057220459
2025-01-24,2.930999994277954
2025-01-27,2.859999895095825
2025-01-28,2.9200000762939453
2025-01-29,2.819999933242798
2025-01-30,2.759999990463257
2025-01-31,2.7799999713897705
2025-02-03,2.700000047683716
2025-02-04,2.6600000858306885
2025-02-05,2.694999933242798
2025-02-06,2.680000066757202
2025-02-07,2.630000114440918
2025-02-10,2.6700000762939453
2025-02-11,2.299999952316284
2025-02-12,2.4600000381469727
2025-02-13,2.5199999809265137
2025-02-14,2.619999885559082
2025-02-18,2.559999942779541
2025-02-19,2.700000047683716
2025-02-20,2.549999952316284
2025-02-21,2.703000068664551
2025-02-24,2.75
2025-02-25,2.609999895095825
2025-02-26,2.299999952316284
2025-02-27,2.1600000858306885
2025-02-28,2.140000104904175
2025-03-03,1.940000057220459
2025-03-04,1.9299999475479126
2025-03-05,1.840000033378601
2025-03-06,1.909999966621399
2025-03-07,1.8880000114440918
2025-03-10,1.8949999809265137
2025-03-11,1.8300000429153442
2025-03-12,1.7699999809265137
2025-03-13,1.6799999475479126
2025-03-14,1.7269999980926514
2025-03-17,2.5
2025-03-18,2.509999990463257
2025-03-19,2.259999990463257
2025-03-20,2.2899999618530273
2025-03-21,2.259999990463257
2025-03-24,2.0299999713897705
2025-03-25,1.7599999904632568
2025-03-26,1.7400000095367432
2025-03-27,1.6799999475479126
2025-03-28,1.590000033378601
2025-03-31,1.440000057220459
2025-04-01,1.4199999570846558
2025-04-02,1.5
2025-04-03,1.4600000381469727
2025-04-04,1.340000033378601
2025-04-07,1.2400000095367432
2025-04-08,1.2999999523162842
2025-04-09,1.4199999570846558
2025-04-10,1.2599999904632568
2025-04-11,1.3200000524520874
2025-04-14,1.3300000429153442
2025-04-15,1.409999966621399
2025-04-16,1.3600000143051147
2025-04-17,1.3799999952316284
2025-04-21,1.399999976158142
2025-04-22,1.4600000381469727
2025-04-23,1.6299999952316284
2025-04-24,1.6200000047683716
2025-04-25,1.5700000524520874
2025-04-28,1.6699999570846558
2025-04-29,1.3700000047683716
2025-04-30,1.2999999523162842
2025-05-01,1.2799999713897705
2025-05-02,1.25
2025-05-05,1.3200000524520874
2025-05-06,1.4600000381469727
2025-05-07,1.2899999618530273
2025-05-08,1.25
2025-05-09,1.2400000095367432
2025-05-12,1.2799999713897705
2025-05-13,1.2899999618530273
2025-05-14,1.309999942779541
2025-05-15,1.2599999904632568
2025-05-16,1.190000057220459
2025-05-19,1.2799999713897705
2025-05-20,1.3700000047683716
2025-05-21,1.3700000047683716
2025-05-22,1.409999966621399
2025-05-23,1.3899999856948853
2025-05-27,1.4800000190734863
2025-05-28,1.3600000143051147
2025-05-29,1.4299999475479126
2025-05-30,1.4299999475479126
2025-06-02,1.4500000476837158
2025-06-03,1.4800000190734863
2025-06-04,1.5099999904632568
2025-06-05,1.4900000095367432
2025-06-06,1.5099999904632568
2025-06-09,1.6200000047683716
2025-06-10,1.600000023841858
2025-06-11,1.6799999475479126
2025-06-12,1.6100000143051147
2025-06-13,1.600000023841858
2025-06-16,1.725000023841858
2025-06-17,1.6749999523162842
2025-06-18,1.7799999713897705
2025-06-20,1.8700000047683716
2025-06-23,1.75
2025-06-24,1.850000023841858
2025-06-25,1.809999942779541
2025-06-26,1.7899999618530273
2025-06-27,1.809999942779541
2025-06-30,1.840000033378601
2025-07-01,1.7799999713897705
2025-07-02,1.809999942779541
2025-07-03,1.8250000476837158
2025-07-07,1.8300000429153442
2025-07-08,2.0899999141693115
2025-07-09,2.180000066757202
2025-07-10,2.0299999713897705
2025-07-11,1.934999942779541
2025-07-14,2.0899999141693115
2025-07-15,2.059999942779541
2025-07-16,2.190000057220459
2025-07-17,2.3299999237060547
2025-07-18,1.8300000429153442
2025-07-21,1.8200000524520874
2025-07-22,1.7699999809265137
2025-07-23,1.8700000047683716
2025-07-24,1.9800000190734863
2025-07-25,1.9900000095367432
2025-07-28,1.909999966621399
2025-07-29,1.7899999618530273
2025-07-30,1.690000057220459
2025-07-31,1.6299999952316284
2025-08-01,1.5499999523162842
2025-08-04,1.6299999952316284
2025-08-05,1.600000023841858
2025-08-06,1.4500000476837158
2025-08-07,1.3700000047683716
2025-08-08,1.4500000476837158
2025-08-11,1.4500000476837158
2025-08-12,1.4199999570846558
2025-08-13,1.4600000381469727
2025-08-14,1.4800000190734863
2025-08-15,1.440000057220459
2025-08-18,1.5499999523162842
2025-08-19,1.4249999523162842
2025-08-20,1.4299999475479126
2025-08-21,1.4700000286102295
2025-08-22,1.4900000095367432
2025-08-25,1.409999966621399
2025-08-26,1.3899999856948853
2025-08-27,1.3899999856948853
2025-08-28,1.3799999952316284
2025-08-29,1.2699999809265137
2025-09-02,1.2699999809265137
2025-09-03,1.2899999618530273
2025-09-04,1.2799999713897705
2025-09-05,1.3600000143051147
2025-09-08,1.3700000047683716
2025-09-09,1.4550000429153442
2025-09-10,1.409999966621399
2025-09-11,1.5499999523162842
2025-09-12,1.5099999904632568
2025-09-15,1.4600000381469727
2025-09-16,1.4800000190734863
2025-09-17,1.4850000143051147
2025-09-18,1.5099999904632568
2025-09-19,1.4600000381469727
2025-09-22,1.4700000286102295
2025-09-23,1.4700000286102295
2025-09-24,1.440000057220459
2025-09-25,1.3799999952316284
2025-09-26,1.399999976158142
2025-09-29,1.3899999856948853
2025-09-30,1.3799999952316284
2025-10-01,1.5499999523162842
2025-10-02,1.5700000524520874
2025-10-03,1.5700000524520874
2025-10-06,1.6100000143051147
2025-10-07,1.5800000429153442
2025-10-08,1.5509999990463257
2025-10-09,1.5549999475479126
2025-10-10,1.4199999570846558
2025-10-13,1.4700000286102295
2025-10-14,1.440000057220459
2025-10-15,1.4600000381469727
2025-10-16,1.409999966621399
2025-10-17,1.3700000047683716
2025-10-20,1.4199999570846558
2025-10-21,1.4299999475479126
2025-10-22,1.340000033378601
2025-10-23,1.3650000095367432
2025-10-24,1.3799999952316284
2025-10-27,1.3799999952316284
2025-10-28,1.4700000286102295
2025-10-29,1.350000023841858
2025-10-30,1.340000033378601
2025-10-31,1.3700000047683716
2025-11-03,1.3350000381469727
2025-11-04,1.190000057220459
2025-11-05,1.2300000190734863
2025-11-06,1.2330000400543213
2025-11-07,1.2050000429153442
2025-11-10,1.2200000286102295
2025-11-11,1.2000000476837158
2025-11-12,1.149999976158142
2025-11-13,1.0700000524520874
2025-11-14,1.0399999618530273
2025-11-17,1.0499999523162842
2025-11-18,1.090000033378601
2025-11-19,0.9419999718666077
2025-11-20,0.8149999976158142
2025-11-21,0.8370000123977661
2025-11-24,0.8489999771118164
2025-11-25,0.8220000267028809
2025-11-26,0.9240000247955322
2025-11-28,0.9399999976158142
2025-12-01,0.9739999771118164
2025-12-02,0.9589999914169312
2025-12-03,1.0700000524520874
2025-12-04,1.1299999952316284
2025-12-05,1.1200000047683716
2025-12-08,1.2100000381469727
2025-12-09,1.159999966621399
2025-12-10,1.059999942779541
2025-12-11,1.0299999713897705
2025-12-12,1.0499999523162842
2025-12-15,0.9710000157356262
2025-12-16,0.9800000190734863
2025-12-17,0.9150000214576721
2025-12-18,0.8889999985694885
2025-12-19,0.8510000109672546
2025-12-22,0.9100000262260437
2025-12-23,0.8799999952316284
2025-12-24,0.8799999952316284
2025-12-26,0.8650000095367432
2025-12-29,0.7940000295639038
2025-12-30,0.753000020980835
2025-12-31,0.7509999871253967
2026-01-02,0.8230000138282776
2026-01-05,0.8429999947547913
2026-01-06,0.8220000267028809
2026-01-07,0.8339999914169312
2026-01-08,0.8500000238418579
2026-01-09,0.8330000042915344
2026-01-12,0.8360000252723694
2026-01-13,0.8299999833106995
2026-01-14,0.8230000138282776
2026-01-15,0.7839999794960022
2026-01-16,0.7710000276565552
2026-01-20,0.8009999990463257
2026-01-21,0.8149999976158142
2026-01-22,0.8529999852180481
2026-01-23,0.8149999976158142
2026-01-26,0.7910000085830688
2026-01-27,0.8450000286102295
2026-01-28,0.8119999766349792
2026-01-29,0.75
2026-01-30,0.7099999785423279
2026-02-02,0.6650000214576721
2026-02-03,0.6700000166893005
2026-02-04,0.6349999904632568
2026-02-05,0.5950000286102295
2026-02-06,0.6639999747276306
2026-02-09,0.6800000071525574
2026-02-10,0.6710000038146973
2026-02-11,0.6669999957084656
2026-02-12,0.609000027179718
2026-02-13,0.6129999756813049
2026-02-17,0.5709999799728394
2026-02-18,0.5870000123977661
2026-02-19,0.5709999799728394
2026-02-20,0.5410000085830688
2026-02-23,0.5550000071525574
2026-02-24,0.574999988079071
2026-02-25,0.6620000004768372
2026-02-26,0.6579999923706055
