Date,Close
1997-01-14,5.045107841491699
1997-01-15,5.518085479736328
1997-01-16,5.518085479736328
1997-01-17,5.399840831756592
1997-01-20,5.123937606811523
1997-01-21,5.045107841491699
1997-01-22,4.966278076171875
1997-01-23,4.729788780212402
1997-01-24,4.729788780212402
1997-01-27,4.729788780212402
1997-01-28,4.729788780212402
1997-01-29,4.69037389755249
1997-01-30,4.650959491729736
1997-01-31,4.650959491729736
1997-02-03,4.650959491729736
1997-02-04,4.611545085906982
1997-02-05,4.650959491729736
1997-02-06,4.532714366912842
1997-02-07,4.5721282958984375
1997-02-10,4.611545085906982
1997-02-11,4.650959491729736
1997-02-12,4.69037389755249
1997-02-13,4.650959491729736
1997-02-14,4.80861759185791
1997-02-18,4.7692036628723145
1997-02-19,4.926863670349121
1997-02-20,5.005692958831787
1997-02-21,5.005692958831787
1997-02-24,5.005692958831787
1997-02-25,4.966278076171875
1997-02-26,5.045107841491699
1997-02-27,5.005692958831787
1997-02-28,4.966278076171875
1997-03-03,4.966278076171875
1997-03-04,4.926863670349121
1997-03-05,4.926863670349121
1997-03-06,5.005692958831787
1997-03-07,4.966278076171875
1997-03-10,4.887448787689209
1997-03-11,5.005692958831787
1997-03-12,4.966278076171875
1997-03-13,4.887448787689209
1997-03-14,4.887448787689209
1997-03-17,4.887448787689209
1997-03-18,4.887448787689209
1997-03-19,4.848033428192139
1997-03-20,4.80861759185791
1997-03-21,4.80861759185791
1997-03-24,4.887448787689209
1997-03-25,4.966278076171875
1997-03-26,4.966278076171875
1997-03-27,4.887448787689209
1997-03-31,4.887448787689209
1997-04-01,4.887448787689209
1997-04-02,4.887448787689209
1997-04-03,4.848033428192139
1997-04-04,4.848033428192139
1997-04-07,4.848033428192139
1997-04-08,4.80861759185791
1997-04-09,4.729788780212402
1997-04-10,4.729788780212402
1997-04-11,4.62696647644043
1997-04-14,4.706060886383057
1997-04-15,4.706060886383057
1997-04-16,4.706060886383057
1997-04-17,4.706060886383057
1997-04-18,4.706060886383057
1997-04-21,4.666513919830322
1997-04-22,4.666513919830322
1997-04-23,4.666513919830322
1997-04-24,4.706060886383057
1997-04-25,4.745607852935791
1997-04-28,4.745607852935791
1997-04-29,4.745607852935791
1997-04-30,4.745607852935791
1997-05-01,4.745607852935791
1997-05-02,4.745607852935791
1997-05-05,4.745607852935791
1997-05-06,4.745607852935791
1997-05-07,4.745607852935791
1997-05-08,4.745607852935791
1997-05-09,4.62696647644043
1997-05-12,4.666513919830322
1997-05-13,4.666513919830322
1997-05-14,4.666513919830322
1997-05-15,4.62696647644043
1997-05-16,4.62696647644043
1997-05-19,4.5478739738464355
1997-05-20,4.468780994415283
1997-05-21,4.508327007293701
1997-05-22,4.508327007293701
1997-05-23,4.508327007293701
1997-05-27,4.468780994415283
1997-05-28,4.468780994415283
1997-05-29,4.468780994415283
1997-05-30,4.468780994415283
1997-06-02,4.468780994415283
1997-06-03,4.429232597351074
1997-06-04,4.508327007293701
1997-06-05,4.508327007293701
1997-06-06,4.5478739738464355
1997-06-09,4.5478739738464355
1997-06-10,4.5478739738464355
1997-06-11,4.5478739738464355
1997-06-12,4.5478739738464355
1997-06-13,4.5478739738464355
1997-06-16,4.5478739738464355
1997-06-17,4.508327007293701
1997-06-18,4.508327007293701
1997-06-19,4.5478739738464355
1997-06-20,4.5478739738464355
1997-06-23,4.5478739738464355
1997-06-24,4.5478739738464355
1997-06-25,4.429232597351074
1997-06-26,4.429232597351074
1997-06-27,4.389688968658447
1997-06-30,4.350139617919922
1997-07-01,4.350139617919922
1997-07-02,4.3263258934021
1997-07-03,4.3263258934021
1997-07-07,4.306481838226318
1997-07-08,4.366015434265137
1997-07-09,4.28663444519043
1997-07-10,4.24694299697876
1997-07-11,4.3263258934021
1997-07-14,4.3263258934021
1997-07-15,4.3263258934021
1997-07-16,4.524779796600342
1997-07-17,4.524779796600342
1997-07-18,4.524779796600342
1997-07-21,4.485090732574463
1997-07-22,4.5644731521606445
1997-07-23,4.604162216186523
1997-07-24,4.604162216186523
1997-07-25,4.604162216186523
1997-07-28,4.604162216186523
1997-07-29,4.723236560821533
1997-07-30,4.762927532196045
1997-07-31,4.743082046508789
1997-08-01,4.723236560821533
1997-08-04,4.723236560821533
1997-08-05,4.723236560821533
1997-08-06,4.723236560821533
1997-08-07,4.743082046508789
1997-08-08,4.762927532196045
1997-08-11,4.762927532196045
1997-08-12,4.762927532196045
1997-08-13,4.68354606628418
1997-08-14,4.64385461807251
1997-08-15,4.604162216186523
1997-08-18,4.604162216186523
1997-08-19,4.604162216186523
1997-08-20,4.524779796600342
1997-08-21,4.445398807525635
1997-08-22,4.524779796600342
1997-08-25,4.5644731521606445
1997-08-26,4.64385461807251
1997-08-27,4.64385461807251
1997-08-28,4.64385461807251
1997-08-29,4.842309474945068
1997-09-02,5.001073837280273
1997-09-03,5.199528694152832
1997-09-04,5.120145797729492
1997-09-05,5.1003007888793945
1997-09-08,5.080455303192139
1997-09-09,5.040764331817627
1997-09-10,5.040764331817627
1997-09-11,5.040764331817627
1997-09-12,5.060612201690674
1997-09-15,5.060612201690674
1997-09-16,5.040764331817627
1997-09-17,5.040764331817627
1997-09-18,5.040764331817627
1997-09-19,5.040764331817627
1997-09-22,5.080455303192139
1997-09-23,5.1003007888793945
1997-09-24,5.060612201690674
1997-09-25,5.080455303192139
1997-09-26,5.080455303192139
1997-09-29,5.080455303192139
1997-09-30,5.23922061920166
1997-10-01,5.27891206741333
1997-10-02,5.27891206741333
1997-10-03,5.27891206741333
1997-10-06,5.27891206741333
1997-10-07,5.318602561950684
1997-10-08,5.294718265533447
1997-10-09,5.294718265533447
1997-10-10,5.254907608032227
1997-10-13,5.374337196350098
1997-10-14,5.374337196350098
1997-10-15,5.354430675506592
1997-10-16,5.493767261505127
1997-10-17,5.5733842849731445
1997-10-20,5.613195419311523
1997-10-21,5.732624530792236
1997-10-22,5.692817211151123
1997-10-23,5.692817211151123
1997-10-24,5.732624530792236
1997-10-27,5.613195419311523
1997-10-28,5.533575057983398
1997-10-29,5.6530070304870605
1997-10-30,5.533575057983398
1997-10-31,5.493767261505127
1997-11-03,5.414144992828369
1997-11-04,5.374337196350098
1997-11-05,5.334527492523193
1997-11-06,5.334527492523193
1997-11-07,5.334527492523193
1997-11-10,5.334527492523193
1997-11-11,5.414144992828369
1997-11-12,5.334527492523193
1997-11-13,5.175288677215576
1997-11-14,5.215097904205322
1997-11-17,5.254907608032227
1997-11-18,5.254907608032227
1997-11-19,5.254907608032227
1997-11-20,5.175288677215576
1997-11-21,5.215097904205322
1997-11-24,5.175288677215576
1997-11-25,5.175288677215576
1997-11-26,5.095666408538818
1997-11-28,5.175288677215576
1997-12-01,5.235002517700195
1997-12-02,5.235002517700195
1997-12-03,5.235002517700195
1997-12-04,5.254907608032227
1997-12-05,5.215097904205322
1997-12-08,5.175288677215576
1997-12-09,5.175288677215576
1997-12-10,5.215097904205322
1997-12-11,5.135476112365723
1997-12-12,5.135476112365723
1997-12-15,5.215097904205322
1997-12-16,5.5733842849731445
1997-12-17,5.6530070304870605
1997-12-18,5.6530070304870605
1997-12-19,5.772435188293457
1997-12-22,6.011294841766357
1997-12-23,6.011294841766357
1997-12-24,6.011294841766357
1997-12-26,6.090914726257324
1997-12-29,6.170534133911133
1997-12-30,6.170534133911133
1997-12-31,6.090914726257324
1998-01-02,6.170534133911133
1998-01-05,6.409395694732666
1998-01-06,6.449202537536621
1998-01-07,6.688064098358154
1998-01-08,6.688064098358154
1998-01-09,6.528823375701904
1998-01-12,6.6084442138671875
1998-01-13,6.6084442138671875
1998-01-14,6.6084442138671875
1998-01-15,6.6084442138671875
1998-01-16,6.727874279022217
1998-01-20,6.6084442138671875
1998-01-21,6.724171161651611
1998-01-22,7.183090686798096
1998-01-23,7.143184185028076
1998-01-26,7.06337308883667
1998-01-27,6.863842964172363
1998-01-28,6.903750419616699
1998-01-29,6.684263706207275
1998-01-30,6.604452133178711
1998-02-02,6.564545631408691
1998-02-03,6.564545631408691
1998-02-04,6.48473596572876
1998-02-05,6.5046844482421875
1998-02-06,6.604452133178711
1998-02-09,6.584500789642334
1998-02-10,6.584500789642334
1998-02-11,6.584500789642334
1998-02-12,6.624406337738037
1998-02-13,6.704216003417969
1998-02-17,6.624406337738037
1998-02-18,6.544593334197998
1998-02-19,6.3051581382751465
1998-02-20,6.265250205993652
1998-02-23,6.265250205993652
1998-02-24,6.4248762130737305
1998-02-25,6.464783668518066
1998-02-26,6.464783668518066
1998-02-27,6.44482946395874
1998-03-02,6.384969234466553
1998-03-03,6.464783668518066
1998-03-04,6.464783668518066
1998-03-05,6.544593334197998
1998-03-06,6.584500789642334
1998-03-09,6.544593334197998
1998-03-10,6.943649768829346
1998-03-11,6.903750419616699
1998-03-12,6.943649768829346
1998-03-13,7.023464679718018
1998-03-16,7.06337308883667
1998-03-17,7.422530174255371
1998-03-18,7.30280876159668
1998-03-19,7.542242527008057
1998-03-20,7.542242527008057
1998-03-23,7.342713356018066
1998-03-24,7.661963939666748
1998-03-25,7.821588516235352
1998-03-26,7.961259841918945
1998-03-27,7.821588516235352
1998-03-30,7.861495018005371
1998-03-31,7.901400089263916
1998-04-01,8.02111530303955
1998-04-02,8.061023712158203
1998-04-03,7.981208801269531
1998-04-06,7.78168249130249
1998-04-07,7.342713356018066
1998-04-08,7.382617950439453
1998-04-09,7.422530174255371
1998-04-13,7.48238468170166
1998-04-14,7.542242527008057
1998-04-15,7.582147598266602
1998-04-16,7.6220598220825195
1998-04-17,7.6220598220825195
1998-04-20,7.661963939666748
1998-04-21,7.661963939666748
1998-04-22,7.821588516235352
1998-04-23,8.061023712158203
1998-04-24,8.100931167602539
1998-04-27,7.981208801269531
1998-04-28,8.180740356445312
1998-04-29,8.196736335754395
1998-04-30,8.23671817779541
1998-05-01,8.276703834533691
1998-05-04,8.196736335754395
1998-05-05,8.196736335754395
1998-05-06,8.0368013381958
1998-05-07,7.936842441558838
1998-05-08,7.9168477058410645
1998-05-11,8.31668758392334
1998-05-12,8.23671817779541
1998-05-13,8.436641693115234
1998-05-14,8.756509780883789
1998-05-15,8.756509780883789
1998-05-18,8.596572875976562
1998-05-19,8.476622581481934
1998-05-20,8.276703834533691
1998-05-21,8.156750679016113
1998-05-22,8.256714820861816
1998-05-26,8.216728210449219
1998-05-27,8.23671817779541
1998-05-28,8.156750679016113
1998-05-29,8.196736335754395
1998-06-01,8.196736335754395
1998-06-02,7.976822853088379
1998-06-03,7.976822853088379
1998-06-04,7.9168477058410645
1998-06-05,7.856868267059326
1998-06-08,7.9168477058410645
1998-06-09,7.9168477058410645
1998-06-10,7.976822853088379
1998-06-11,7.9168477058410645
1998-06-12,7.67694091796875
1998-06-15,7.67694091796875
1998-06-16,7.586978435516357
1998-06-17,7.586978435516357
1998-06-18,7.556991100311279
1998-06-19,7.616967678070068
1998-06-22,7.527001857757568
1998-06-23,7.497016429901123
1998-06-24,7.497016429901123
1998-06-25,7.377061367034912
1998-06-26,6.897251605987549
1998-06-29,6.477421283721924
1998-06-30,6.327479362487793
1998-07-01,6.237514972686768
1998-07-02,6.597372531890869
1998-07-06,6.597372531890869
1998-07-07,6.597372531890869
1998-07-08,6.657346725463867
1998-07-09,6.597372531890869
1998-07-10,6.537396430969238
1998-07-13,6.597372531890869
1998-07-14,6.657346725463867
1998-07-15,6.807290077209473
1998-07-16,6.807290077209473
1998-07-17,6.897251605987549
1998-07-20,7.017206192016602
1998-07-21,7.017206192016602
1998-07-22,6.897251605987549
1998-07-23,6.837278366088867
1998-07-24,6.717326641082764
1998-07-27,6.657346725463867
1998-07-28,6.717326641082764
1998-07-29,6.651112079620361
1998-07-30,6.500637054443359
1998-07-31,6.500637054443359
1998-08-03,6.4404473304748535
1998-08-04,6.229776859283447
1998-08-05,6.109394073486328
1998-08-06,5.898726463317871
1998-08-07,5.7783427238464355
1998-08-10,5.898726463317871
1998-08-11,5.7783427238464355
1998-08-12,5.7783427238464355
1998-08-13,5.838534355163574
1998-08-14,5.898726463317871
1998-08-17,5.898726463317871
1998-08-18,5.7783427238464355
1998-08-19,5.657963275909424
1998-08-20,5.7783427238464355
1998-08-21,5.838534355163574
1998-08-24,5.958916664123535
1998-08-25,6.259871006011963
1998-08-26,6.259871006011963
1998-08-27,6.199681758880615
1998-08-28,6.259871006011963
1998-08-31,5.898726463317871
1998-09-01,5.898726463317871
1998-09-02,5.958916664123535
1998-09-03,5.7783427238464355
1998-09-04,5.7181525230407715
1998-09-08,5.7181525230407715
1998-09-09,5.7783427238464355
1998-09-10,5.7783427238464355
1998-09-11,5.7783427238464355
1998-09-14,5.7783427238464355
1998-09-15,5.7783427238464355
1998-09-16,5.838534355163574
1998-09-17,5.7783427238464355
1998-09-18,5.688055515289307
1998-09-21,6.01910924911499
1998-09-22,6.01910924911499
1998-09-23,5.838534355163574
1998-09-24,5.7783427238464355
1998-09-25,5.7783427238464355
1998-09-28,5.838534355163574
1998-09-29,5.748250484466553
1998-09-30,5.748250484466553
1998-10-01,5.7783427238464355
1998-10-02,5.838534355163574
1998-10-05,5.7783427238464355
1998-10-06,5.477390766143799
1998-10-07,5.296817302703857
1998-10-08,4.995859622955322
1998-10-09,5.056049823760986
1998-10-12,5.176431655883789
1998-10-13,5.056049823760986
1998-10-14,5.003384113311768
1998-10-15,5.116243362426758
1998-10-16,5.477390766143799
1998-10-19,5.357008934020996
1998-10-20,5.657963275909424
1998-10-21,5.7783427238464355
1998-10-22,5.7783427238464355
1998-10-23,5.7783427238464355
1998-10-26,5.657963275909424
1998-10-27,5.7783427238464355
1998-10-28,5.763619899749756
1998-10-29,5.673089504241943
1998-10-30,5.612739086151123
1998-11-02,5.673089504241943
1998-11-03,5.673089504241943
1998-11-04,5.673089504241943
1998-11-05,5.673089504241943
1998-11-06,5.642916202545166
1998-11-09,5.612739086151123
1998-11-10,5.612739086151123
1998-11-11,5.612739086151123
1998-11-12,5.612739086151123
1998-11-13,5.552385330200195
1998-11-16,5.673089504241943
1998-11-17,5.673089504241943
1998-11-18,5.673089504241943
1998-11-19,5.612739086151123
1998-11-20,5.612739086151123
1998-11-23,5.733440399169922
1998-11-24,5.7032647132873535
1998-11-25,5.642916202545166
1998-11-27,5.612739086151123
1998-11-30,5.673089504241943
1998-12-01,5.673089504241943
1998-12-02,5.612739086151123
1998-12-03,5.612739086151123
1998-12-04,5.733440399169922
1998-12-07,5.612739086151123
1998-12-08,5.552385330200195
1998-12-09,5.492035388946533
1998-12-10,5.492035388946533
1998-12-11,5.431681156158447
1998-12-14,5.31097936630249
1998-12-15,5.431681156158447
1998-12-16,5.431681156158447
1998-12-17,5.537969589233398
1998-12-18,5.601622104644775
1998-12-21,5.633448123931885
1998-12-22,5.609579563140869
1998-12-23,5.601622104644775
1998-12-24,5.537969589233398
1998-12-28,5.601622104644775
1998-12-29,5.601622104644775
1998-12-30,5.601622104644775
1998-12-31,5.601622104644775
1999-01-04,5.601622104644775
1999-01-05,5.474311828613281
1999-01-06,5.474311828613281
1999-01-07,5.474311828613281
1999-01-08,5.474311828613281
1999-01-11,5.474311828613281
1999-01-12,5.537969589233398
1999-01-13,5.537969589233398
1999-01-14,5.537969589233398
1999-01-15,5.474311828613281
1999-01-19,5.474311828613281
1999-01-20,5.474311828613281
1999-01-21,5.474311828613281
1999-01-22,5.474311828613281
1999-01-25,5.474311828613281
1999-01-26,5.474311828613281
1999-01-27,5.410656929016113
1999-01-28,5.410656929016113
1999-01-29,5.283348083496094
1999-02-01,5.219692707061768
1999-02-02,5.187865734100342
1999-02-03,5.213454246520996
1999-02-04,5.117499828338623
1999-02-05,5.117499828338623
1999-02-08,5.117499828338623
1999-02-09,5.117499828338623
1999-02-10,5.373373508453369
1999-02-11,5.117499828338623
1999-02-12,5.117499828338623
1999-02-16,5.373373508453369
1999-02-17,5.1494832038879395
1999-02-18,5.2454376220703125
1999-02-19,5.2454376220703125
1999-02-22,5.117499828338623
1999-02-23,5.053529262542725
1999-02-24,5.117499828338623
1999-02-25,5.021546363830566
1999-02-26,4.989562511444092
1999-03-01,5.053529262542725
1999-03-02,5.053529262542725
1999-03-03,5.117499828338623
1999-03-04,5.053529262542725
1999-03-05,4.989562511444092
1999-03-08,4.989562511444092
1999-03-09,4.989562511444092
1999-03-10,5.117499828338623
1999-03-11,5.053529262542725
1999-03-12,4.925594806671143
1999-03-15,4.989562511444092
1999-03-16,4.925594806671143
1999-03-17,4.989562511444092
1999-03-18,4.797654628753662
1999-03-19,4.797654628753662
1999-03-22,4.765671730041504
1999-03-23,4.957575798034668
1999-03-24,4.925594806671143
1999-03-25,5.053529262542725
1999-03-26,4.925594806671143
1999-03-29,5.117499828338623
1999-03-30,5.117499828338623
1999-03-31,5.117499828338623
1999-04-01,4.989562511444092
1999-04-05,4.925594806671143
1999-04-06,4.925594806671143
1999-04-07,5.053529262542725
1999-04-08,5.181469917297363
1999-04-09,5.117499828338623
1999-04-12,5.117499828338623
1999-04-13,5.053529262542725
1999-04-14,5.2454376220703125
1999-04-15,5.181469917297363
1999-04-16,5.2454376220703125
1999-04-19,5.181469917297363
1999-04-20,5.181469917297363
1999-04-21,5.181469917297363
1999-04-22,5.3094048500061035
1999-04-23,5.2454376220703125
1999-04-26,5.085516452789307
1999-04-27,5.053529262542725
1999-04-28,5.2454376220703125
1999-04-29,5.2454376220703125
1999-04-30,5.2454376220703125
1999-05-03,5.2454376220703125
1999-05-04,5.2454376220703125
1999-05-05,5.437343120574951
1999-05-06,5.146561622619629
1999-05-07,5.275227069854736
1999-05-10,5.275227069854736
1999-05-11,5.275227069854736
1999-05-12,5.146561622619629
1999-05-13,5.210896968841553
1999-05-14,5.146561622619629
1999-05-17,5.403889179229736
1999-05-18,5.339559078216553
1999-05-19,5.339559078216553
1999-05-20,5.468222618103027
1999-05-21,5.275227069854736
1999-05-24,5.275227069854736
1999-05-25,5.532556533813477
1999-05-26,5.532556533813477
1999-05-27,5.532556533813477
1999-05-28,5.532556533813477
1999-06-01,5.661220073699951
1999-06-02,5.789882183074951
1999-06-03,5.789882183074951
1999-06-04,6.175875663757324
1999-06-07,5.982879161834717
1999-06-08,6.175875663757324
1999-06-09,6.015048027038574
1999-06-10,5.789882183074951
1999-06-11,6.175875663757324
1999-06-14,6.047211647033691
1999-06-15,5.982879161834717
1999-06-16,6.047211647033691
1999-06-17,5.918548583984375
1999-06-18,6.047211647033691
1999-06-21,5.982879161834717
1999-06-22,5.982879161834717
1999-06-23,5.982879161834717
1999-06-24,5.982879161834717
1999-06-25,5.918548583984375
1999-06-28,5.918548583984375
1999-06-29,5.918548583984375
1999-06-30,6.047211647033691
1999-07-01,6.047211647033691
1999-07-02,6.047211647033691
1999-07-06,5.918548583984375
1999-07-07,5.854215145111084
1999-07-08,6.047211647033691
1999-07-09,5.854215145111084
1999-07-12,5.854215145111084
1999-07-13,5.854215145111084
1999-07-14,5.8461737632751465
1999-07-15,5.982879161834717
1999-07-16,5.982879161834717
1999-07-19,5.854215145111084
1999-07-20,5.789882183074951
1999-07-21,5.725552558898926
1999-07-22,5.725552558898926
1999-07-23,5.725552558898926
1999-07-26,5.468222618103027
1999-07-27,5.275227069854736
1999-07-28,5.59688663482666
1999-07-29,5.210896968841553
1999-07-30,5.403889179229736
1999-08-02,5.210896968841553
1999-08-03,5.146561622619629
1999-08-04,5.082230091094971
1999-08-05,4.639949321746826
1999-08-06,4.98675537109375
1999-08-09,4.954373359680176
1999-08-10,4.921992301940918
1999-08-11,5.051517486572266
1999-08-12,5.051517486572266
1999-08-13,4.7924652099609375
1999-08-16,4.662940979003906
1999-08-17,4.7277021408081055
1999-08-18,4.7277021408081055
1999-08-19,4.7277021408081055
1999-08-20,4.7277021408081055
1999-08-23,4.662940979003906
1999-08-24,4.662940979003906
1999-08-25,4.7924652099609375
1999-08-26,4.662940979003906
1999-08-27,4.662940979003906
1999-08-30,4.662940979003906
1999-08-31,4.5334153175354
1999-09-01,4.7277021408081055
1999-09-02,4.501033306121826
1999-09-03,4.501033306121826
1999-09-07,4.468648433685303
1999-09-08,4.274358749389648
1999-09-09,4.274358749389648
1999-09-10,4.209598064422607
1999-09-13,3.7562575340270996
1999-09-14,3.6914937496185303
1999-09-15,3.8210203647613525
1999-09-16,3.8210203647613525
1999-09-17,3.9181644916534424
1999-09-20,3.7562575340270996
1999-09-21,3.7562575340270996
1999-09-22,3.853400707244873
1999-09-23,3.7562575340270996
1999-09-24,3.675302743911743
1999-09-27,3.659114122390747
1999-09-28,3.561967611312866
1999-09-29,3.30291485786438
1999-09-30,3.561967611312866
1999-10-01,3.561967611312866
1999-10-04,3.7562575340270996
1999-10-05,3.4324395656585693
1999-10-06,3.4162514209747314
1999-10-07,3.5700626373291016
1999-10-08,3.8210203647613525
1999-10-11,3.7886388301849365
1999-10-12,3.7562575340270996
1999-10-13,3.62673020362854
1999-10-14,3.4972052574157715
1999-10-15,3.3676791191101074
1999-10-18,3.4324395656585693
1999-10-19,3.6914937496185303
1999-10-20,3.7886388301849365
1999-10-21,3.6510162353515625
1999-10-22,3.561967611312866
1999-10-25,3.7562575340270996
1999-10-26,4.0153093338012695
1999-10-27,4.046638488769531
1999-10-28,3.9813690185546875
1999-10-29,4.438249111175537
1999-11-01,4.372980117797852
1999-11-02,4.372980117797852
1999-11-03,4.372980117797852
1999-11-04,4.177173614501953
1999-11-05,4.177173614501953
1999-11-08,4.111907005310059
1999-11-09,4.177173614501953
1999-11-10,4.111907005310059
1999-11-11,3.8508331775665283
1999-11-12,3.7855660915374756
1999-11-15,4.014001369476318
1999-11-16,4.111907005310059
1999-11-17,4.177173614501953
1999-11-18,3.9487366676330566
1999-11-19,3.8508331775665283
1999-11-22,3.7855660915374756
1999-11-23,3.7855660915374756
1999-11-24,3.7855660915374756
1999-11-26,3.9161014556884766
1999-11-29,3.7855660915374756
1999-11-30,3.9161014556884766
1999-12-01,3.9813690185546875
1999-12-02,3.9813690185546875
1999-12-03,3.9161014556884766
1999-12-06,4.177173614501953
1999-12-07,3.459221839904785
1999-12-08,3.7855660915374756
1999-12-09,3.459221839904785
1999-12-10,3.459221839904785
1999-12-13,3.5897598266601562
1999-12-14,3.4265880584716797
1999-12-15,3.2634170055389404
1999-12-16,3.1328797340393066
1999-12-17,3.3939552307128906
1999-12-20,3.1328797340393066
1999-12-21,2.6760027408599854
1999-12-22,2.7412710189819336
1999-12-23,2.5128324031829834
1999-12-27,3.0023436546325684
1999-12-28,3.198150396347046
1999-12-29,3.1328797340393066
1999-12-30,3.1328797340393066
1999-12-31,3.1328797340393066
2000-01-03,3.2307841777801514
2000-01-04,3.328685998916626
2000-01-05,3.328685998916626
2000-01-06,3.328685998916626
2000-01-07,3.1655149459838867
2000-01-10,3.1328797340393066
2000-01-11,3.1328797340393066
2000-01-12,2.969710111618042
2000-01-13,3.3205273151397705
2000-01-14,2.969710111618042
2000-01-18,3.1328797340393066
2000-01-19,3.2960519790649414
2000-01-20,3.051295518875122
2000-01-21,3.0023436546325684
2000-01-24,3.0349791049957275
2000-01-25,3.0349791049957275
2000-01-26,3.0023436546325684
2000-01-27,3.067612886428833
2000-01-28,3.067612886428833
2000-01-31,2.9370758533477783
2000-02-01,3.1328797340393066
2000-02-02,3.067612886428833
2000-02-03,3.0023436546325684
2000-02-04,3.5244908332824707
2000-02-07,3.4265880584716797
2000-02-08,3.459221839904785
2000-02-09,3.459221839904785
2000-02-10,3.2634170055389404
2000-02-11,3.1328797340393066
2000-02-14,3.1655149459838867
2000-02-15,3.1328797340393066
2000-02-16,3.1328797340393066
2000-02-17,3.198150396347046
2000-02-18,3.198150396347046
2000-02-22,2.9370758533477783
2000-02-23,2.9370758533477783
2000-02-24,2.969710111618042
2000-02-25,2.969710111618042
2000-02-28,3.1328797340393066
2000-02-29,3.2634170055389404
2000-03-01,2.7412710189819336
2000-03-02,2.7412710189819336
2000-03-03,2.871807813644409
2000-03-06,2.9370758533477783
2000-03-07,3.0023436546325684
2000-03-08,3.0023436546325684
2000-03-09,2.8391733169555664
2000-03-10,3.067612886428833
2000-03-13,3.1328797340393066
2000-03-14,3.2634170055389404
2000-03-15,2.904442310333252
2000-03-16,3.0023436546325684
2000-03-17,3.3939552307128906
2000-03-20,3.328685998916626
2000-03-21,3.1328797340393066
2000-03-22,3.1328797340393066
2000-03-23,3.1328797340393066
2000-03-24,3.328685998916626
2000-03-27,3.1328797340393066
2000-03-28,3.1328797340393066
2000-03-29,3.328685998916626
2000-03-30,3.1328797340393066
2000-03-31,3.1328797340393066
2000-04-03,3.1328797340393066
2000-04-04,3.1328797340393066
2000-04-05,3.1328797340393066
2000-04-06,3.2634170055389404
2000-04-07,3.067612886428833
2000-04-10,3.067612886428833
2000-04-11,3.067612886428833
2000-04-12,3.0023436546325684
2000-04-13,2.80653977394104
2000-04-14,2.80653977394104
2000-04-17,2.7412710189819336
2000-04-18,2.6760027408599854
2000-04-19,2.64336895942688
2000-04-20,2.6107327938079834
2000-04-24,2.0885870456695557
2000-04-25,2.153855323791504
2000-04-26,2.480198383331299
2000-04-27,2.5454654693603516
2000-04-28,2.6760027408599854
2000-05-01,2.6760027408599854
2000-05-02,2.6760027408599854
2000-05-03,2.6760027408599854
2000-05-04,2.349661111831665
2000-05-05,2.349661111831665
2000-05-08,2.5128324031829834
2000-05-09,2.5454654693603516
2000-05-10,2.5454654693603516
2000-05-11,2.5454654693603516
2000-05-12,2.6107327938079834
2000-05-15,2.6107327938079834
2000-05-16,2.6107327938079834
2000-05-17,2.6107327938079834
2000-05-18,2.6107327938079834
2000-05-19,2.6107327938079834
2000-05-22,2.6107327938079834
2000-05-23,2.2191245555877686
2000-05-24,2.121220827102661
2000-05-25,2.317026376724243
2000-05-26,2.317026376724243
2000-05-30,2.317026376724243
2000-05-31,2.317026376724243
2000-06-01,2.349661111831665
2000-06-02,2.317026376724243
2000-06-05,2.349661111831665
2000-06-06,2.4475624561309814
2000-06-07,2.0885870456695557
2000-06-08,2.2191245555877686
2000-06-09,2.2191245555877686
2000-06-12,2.121220827102661
2000-06-13,2.153855323791504
2000-06-14,1.9580507278442383
2000-06-15,2.0233185291290283
2000-06-16,1.9580507278442383
2000-06-19,1.9580507278442383
2000-06-20,1.9580507278442383
2000-06-21,2.0233185291290283
2000-06-22,2.0885870456695557
2000-06-23,1.8927830457687378
2000-06-26,2.0233185291290283
2000-06-27,1.8275139331817627
2000-06-28,1.9580507278442383
2000-06-29,1.8927830457687378
2000-06-30,2.0233185291290283
2000-07-03,2.153855323791504
2000-07-05,2.153855323791504
2000-07-06,2.153855323791504
2000-07-07,1.8275139331817627
2000-07-10,2.0885870456695557
2000-07-11,2.0885870456695557
2000-07-12,2.5780997276306152
2000-07-13,2.5454654693603516
2000-07-14,2.5780997276306152
2000-07-17,2.4149293899536133
2000-07-18,2.2517588138580322
2000-07-19,2.3822948932647705
2000-07-20,2.2191245555877686
2000-07-21,2.0885870456695557
2000-07-24,2.153855323791504
2000-07-25,1.7948799133300781
2000-07-26,1.8927830457687378
2000-07-27,1.8275139331817627
2000-07-28,2.0233185291290283
2000-07-31,2.0233185291290283
2000-08-01,1.9580507278442383
2000-08-02,1.8927830457687378
2000-08-03,1.9580507278442383
2000-08-04,2.0233185291290283
2000-08-07,2.0559535026550293
2000-08-08,1.9580507278442383
2000-08-09,2.0559535026550293
2000-08-10,2.0559535026550293
2000-08-11,2.0559535026550293
2000-08-14,2.0885870456695557
2000-08-15,2.153855323791504
2000-08-16,2.2843923568725586
2000-08-17,2.2843923568725586
2000-08-18,2.2843923568725586
2000-08-21,2.2843923568725586
2000-08-22,2.2843923568725586
2000-08-23,2.153855323791504
2000-08-24,2.153855323791504
2000-08-25,2.121220827102661
2000-08-28,2.121220827102661
2000-08-29,2.2191245555877686
2000-08-30,2.2517588138580322
2000-08-31,2.2191245555877686
2000-09-01,2.4149293899536133
2000-09-05,2.349661111831665
2000-09-06,2.0885870456695557
2000-09-07,2.317026376724243
2000-09-08,2.4149293899536133
2000-09-11,2.2191245555877686
2000-09-12,2.2191245555877686
2000-09-13,2.2191245555877686
2000-09-14,2.2191245555877686
2000-09-15,2.2191245555877686
2000-09-18,2.153855323791504
2000-09-19,2.153855323791504
2000-09-20,2.153855323791504
2000-09-21,2.153855323791504
2000-09-22,2.153855323791504
2000-09-25,2.153855323791504
2000-09-26,2.0885870456695557
2000-09-27,2.0885870456695557
2000-09-28,2.153855323791504
2000-09-29,1.7948799133300781
2000-10-02,1.7948799133300781
2000-10-03,1.8275139331817627
2000-10-04,2.153855323791504
2000-10-05,2.2843923568725586
2000-10-06,2.2843923568725586
2000-10-09,2.2191245555877686
2000-10-10,2.2191245555877686
2000-10-11,2.2191245555877686
2000-10-12,2.2843923568725586
2000-10-13,2.2843923568725586
2000-10-16,2.2843923568725586
2000-10-17,2.2843923568725586
2000-10-18,2.2843923568725586
2000-10-19,2.2843923568725586
2000-10-20,2.2843923568725586
2000-10-23,2.2843923568725586
2000-10-24,2.0233185291290283
2000-10-25,2.0885870456695557
2000-10-26,2.0559535026550293
2000-10-27,2.0885870456695557
2000-10-30,2.0885870456695557
2000-10-31,2.0885870456695557
2000-11-01,2.153855323791504
2000-11-02,2.0885870456695557
2000-11-03,2.0233185291290283
2000-11-06,2.0885870456695557
2000-11-07,2.0885870456695557
2000-11-08,2.0885870456695557
2000-11-09,2.0885870456695557
2000-11-10,2.0559535026550293
2000-11-13,1.9580507278442383
2000-11-14,1.8601475954055786
2000-11-15,1.8601475954055786
2000-11-16,1.9254169464111328
2000-11-17,1.9254169464111328
2000-11-20,1.9580507278442383
2000-11-21,1.8927830457687378
2000-11-22,1.8275139331817627
2000-11-24,1.6969772577285767
2000-11-27,1.6969772577285767
2000-11-28,1.3706351518630981
2000-11-29,1.4359034299850464
2000-11-30,1.5664398670196533
2000-12-01,1.3706351518630981
2000-12-04,1.4685379266738892
2000-12-05,1.5664398670196533
2000-12-06,1.4359034299850464
2000-12-07,1.4359034299850464
2000-12-08,1.5011723041534424
2000-12-11,1.5664398670196533
2000-12-12,1.4685379266738892
2000-12-13,1.4359034299850464
2000-12-14,1.3053663969039917
2000-12-15,1.3706351518630981
2000-12-18,1.2400991916656494
2000-12-19,1.2727324962615967
2000-12-20,1.1748307943344116
2000-12-21,1.1748307943344116
2000-12-22,1.1421961784362793
2000-12-26,1.1095620393753052
2000-12-27,1.0442932844161987
2000-12-28,1.1421961784362793
2000-12-29,1.0442932844161987
2001-01-02,1.1748307943344116
2001-01-03,1.1748307943344116
2001-01-04,1.4359034299850464
2001-01-05,1.5664398670196533
2001-01-08,1.7948799133300781
2001-01-09,1.8275139331817627
2001-01-10,1.6969772577285767
2001-01-11,1.6643434762954712
2001-01-12,1.6969772577285767
2001-01-16,1.6969772577285767
2001-01-17,1.6969772577285767
2001-01-18,1.8275139331817627
2001-01-19,1.9254169464111328
2001-01-22,1.8927830457687378
2001-01-23,1.8275139331817627
2001-01-24,1.9254169464111328
2001-01-25,1.8927830457687378
2001-01-26,1.9580507278442383
2001-01-29,1.9254169464111328
2001-01-30,2.0885870456695557
2001-01-31,1.990684986114502
2001-02-01,1.990684986114502
2001-02-02,2.0885870456695557
2001-02-05,2.0885870456695557
2001-02-06,1.9580507278442383
2001-02-07,1.9580507278442383
2001-02-08,1.8927830457687378
2001-02-09,2.0885870456695557
2001-02-12,2.0885870456695557
2001-02-13,2.0885870456695557
2001-02-14,2.0233185291290283
2001-02-15,2.0559535026550293
2001-02-16,2.0559535026550293
2001-02-20,1.990684986114502
2001-02-21,1.9580507278442383
2001-02-22,1.9254169464111328
2001-02-23,2.0233185291290283
2001-02-26,2.0559535026550293
2001-02-27,1.8601475954055786
2001-02-28,1.8275139331817627
2001-03-01,1.6643434762954712
2001-03-02,1.6643434762954712
2001-03-05,1.8275139331817627
2001-03-06,1.9580507278442383
2001-03-07,1.8275139331817627
2001-03-08,1.9580507278442383
2001-03-09,1.843831181526184
2001-03-12,1.9580507278442383
2001-03-13,1.9580507278442383
2001-03-14,1.9580507278442383
2001-03-15,1.762245774269104
2001-03-16,1.762245774269104
2001-03-19,1.762245774269104
2001-03-20,1.7296109199523926
2001-03-21,1.7296109199523926
2001-03-22,1.5664398670196533
2001-03-23,1.6969772577285767
2001-03-26,1.7948799133300781
2001-03-27,1.9254169464111328
2001-03-28,1.9254169464111328
2001-03-29,1.8275139331817627
2001-03-30,1.8275139331817627
2001-04-02,1.762245774269104
2001-04-03,1.762245774269104
2001-04-04,1.778563141822815
2001-04-05,1.8927830457687378
2001-04-06,1.8927830457687378
2001-04-09,1.5925482511520386
2001-04-10,1.879728078842163
2001-04-11,1.8953936100006104
2001-04-12,1.9580507278442383
2001-04-16,1.9580507278442383
2001-04-17,1.9319435358047485
2001-04-18,1.9058364629745483
2001-04-19,1.9110571146011353
2001-04-20,2.020707130432129
2001-04-23,2.020707130432129
2001-04-24,2.2191245555877686
2001-04-25,2.010265350341797
2001-04-26,2.010265350341797
2001-04-27,2.0833659172058105
2001-04-30,2.0624799728393555
2001-05-01,2.0833659172058105
2001-05-02,2.0833659172058105
2001-05-03,2.0885870456695557
2001-05-04,2.010265350341797
2001-05-07,2.0885870456695557
2001-05-08,2.271339178085327
2001-05-09,2.271339178085327
2001-05-10,2.2452316284179688
2001-05-11,2.240009307861328
2001-05-14,2.234788417816162
2001-05-15,2.1669089794158936
2001-05-16,2.1669089794158936
2001-05-17,2.240009307861328
2001-05-18,2.240009307861328
2001-05-21,2.2191245555877686
2001-05-22,2.0885870456695557
2001-05-23,2.1930160522460938
2001-05-24,2.1825742721557617
2001-05-25,2.255674123764038
2001-05-29,2.255674123764038
2001-05-30,2.2922255992889404
2001-05-31,2.2295663356781006
2001-06-01,2.1930160522460938
2001-06-04,2.2452316284179688
2001-06-05,2.1930160522460938
2001-06-06,2.1930160522460938
2001-06-07,2.1930160522460938
2001-06-08,2.1930160522460938
2001-06-11,2.1930160522460938
2001-06-12,2.1930160522460938
2001-06-13,2.1930160522460938
2001-06-14,2.1930160522460938
2001-06-15,2.2191245555877686
2001-06-18,2.2191245555877686
2001-06-19,2.2452316284179688
2001-06-20,2.349661111831665
2001-06-21,2.349661111831665
2001-06-22,2.2191245555877686
2001-06-25,2.2191245555877686
2001-06-26,2.2191245555877686
2001-06-27,2.2191245555877686
2001-06-28,2.0885870456695557
2001-06-29,2.0885870456695557
2001-07-02,2.0885870456695557
2001-07-03,2.1146938800811768
2001-07-05,2.1146938800811768
2001-07-06,2.1408016681671143
2001-07-09,2.234788417816162
2001-07-10,2.2452316284179688
2001-07-11,2.2452316284179688
2001-07-12,2.2452316284179688
2001-07-13,2.1930160522460938
2001-07-16,2.2191245555877686
2001-07-17,2.2191245555877686
2001-07-18,2.1825742721557617
2001-07-19,2.2191245555877686
2001-07-20,2.6107327938079834
2001-07-23,2.6107327938079834
2001-07-24,2.6107327938079834
2001-07-25,2.6107327938079834
2001-07-26,2.584627389907837
2001-07-27,2.6107327938079834
2001-07-30,2.6107327938079834
2001-07-31,2.584627389907837
2001-08-01,2.584627389907837
2001-08-02,2.5063047409057617
2001-08-03,2.584627389907837
2001-08-06,2.558518648147583
2001-08-07,2.6107327938079834
2001-08-08,2.6107327938079834
2001-08-09,2.6107327938079834
2001-08-10,2.558518648147583
2001-08-13,2.574183940887451
2001-08-14,2.6107327938079834
2001-08-15,2.6107327938079834
2001-08-16,2.6107327938079834
2001-08-17,2.6002912521362305
2001-08-20,2.5532989501953125
2001-08-21,2.558518648147583
2001-08-22,2.6107327938079834
2001-08-23,2.6107327938079834
2001-08-24,2.584627389907837
2001-08-27,2.53241229057312
2001-08-28,2.53241229057312
2001-08-29,2.4540903568267822
2001-08-30,2.380988597869873
2001-08-31,2.4279825687408447
2001-09-04,2.4540903568267822
2001-09-05,2.6629490852355957
2001-09-06,2.7673768997192383
2001-09-07,3.2268667221069336
2001-09-10,2.9240221977233887
2001-09-17,2.871807813644409
2001-09-18,2.746492624282837
2001-09-19,2.689056873321533
2001-09-20,2.6629490852355957
2001-09-21,2.6368415355682373
2001-09-24,2.480198383331299
2001-09-25,2.6368415355682373
2001-09-26,2.6368415355682373
2001-09-27,2.6368415355682373
2001-09-28,2.6368415355682373
2001-10-01,2.647284746170044
2001-10-02,2.657727003097534
2001-10-03,2.6629490852355957
2001-10-04,2.6629490852355957
2001-10-05,2.6629490852355957
2001-10-08,2.6629490852355957
2001-10-09,2.6629490852355957
2001-10-10,2.6629490852355957
2001-10-11,2.6629490852355957
2001-10-12,2.657727003097534
2001-10-15,2.657727003097534
2001-10-16,2.6420631408691406
2001-10-17,2.6629490852355957
2001-10-18,2.6629490852355957
2001-10-19,2.6629490852355957
2001-10-22,2.6629490852355957
2001-10-23,2.6629490852355957
2001-10-24,2.6107327938079834
2001-10-25,2.605512857437134
2001-10-26,2.605512857437134
2001-10-29,2.605512857437134
2001-10-30,2.605512857437134
2001-10-31,2.605512857437134
2001-11-01,2.584627389907837
2001-11-02,2.5167484283447266
2001-11-05,2.480198383331299
2001-11-06,2.448869228363037
2001-11-07,2.4540903568267822
2001-11-08,2.480198383331299
2001-11-09,2.480198383331299
2001-11-12,2.6629490852355957
2001-11-13,2.6107327938079834
2001-11-14,2.6107327938079834
2001-11-15,2.6107327938079834
2001-11-16,2.6368415355682373
2001-11-19,2.6002912521362305
2001-11-20,2.6629490852355957
2001-11-21,2.6786134243011475
2001-11-23,2.824814558029175
2001-11-26,2.871807813644409
2001-11-27,2.621176242828369
2001-11-28,2.9501302242279053
2001-11-29,3.331296682357788
2001-11-30,3.3887343406677246
2001-12-03,3.1328797340393066
2001-12-04,3.127660036087036
2001-12-05,3.028451919555664
2001-12-06,3.2373111248016357
2001-12-07,3.2634170055389404
2001-12-10,3.2112033367156982
2001-12-11,3.2634170055389404
2001-12-12,3.2634170055389404
2001-12-13,3.2373111248016357
2001-12-14,3.2634170055389404
2001-12-17,3.3835108280181885
2001-12-18,3.3939552307128906
2001-12-19,3.331296682357788
2001-12-20,3.331296682357788
2001-12-21,3.1955389976501465
2001-12-24,3.2477540969848633
2001-12-26,3.289525270462036
2001-12-27,3.341740369796753
2001-12-28,3.3887343406677246
2001-12-31,3.3939552307128906
2002-01-02,3.341740369796753
2002-01-03,3.346961498260498
2002-01-04,3.4931628704071045
2002-01-07,3.4461686611175537
2002-01-08,3.5244908332824707
2002-01-09,3.503606081008911
2002-01-10,3.5505995750427246
2002-01-11,3.3939552307128906
2002-01-14,3.4461686611175537
2002-01-15,3.420060634613037
2002-01-16,3.4461686611175537
2002-01-17,3.5244908332824707
2002-01-18,3.3991754055023193
2002-01-22,3.5244908332824707
2002-01-23,3.5767061710357666
2002-01-24,3.498385190963745
2002-01-25,3.519268274307251
2002-01-28,3.628920793533325
2002-01-29,3.707242488861084
2002-01-30,3.7855660915374756
2002-01-31,3.7803428173065186
2002-02-01,3.7020199298858643
2002-02-04,3.655027389526367
2002-02-05,3.728128671646118
2002-02-06,3.6967999935150146
2002-02-07,3.6811351776123047
2002-02-08,3.9161014556884766
2002-02-11,4.3860321044921875
2002-02-12,4.370368003845215
2002-02-13,4.412142276763916
2002-02-14,4.30771017074585
2002-02-15,4.255497932434082
2002-02-19,4.098851680755615
2002-02-20,3.952651023864746
2002-02-21,3.7333500385284424
2002-02-22,3.7699007987976074
2002-02-25,3.7594571113586426
2002-02-26,3.811673164367676
2002-02-27,3.7855660915374756
2002-02-28,3.7333500385284424
2002-03-01,3.6915781497955322
2002-03-04,3.602813482284546
2002-03-05,3.602813482284546
2002-03-06,3.602813482284546
2002-03-07,3.5088281631469727
2002-03-08,3.519268274307251
2002-03-11,3.435725450515747
2002-03-12,3.420060634613037
2002-03-13,3.420060634613037
2002-03-14,3.3939552307128906
2002-03-15,3.4566116333007812
2002-03-18,3.4461686611175537
2002-03-19,3.409618616104126
2002-03-20,3.367846727371216
2002-03-21,3.41483998298645
2002-03-22,3.420060634613037
2002-03-25,3.420060634613037
2002-03-26,3.41483998298645
2002-03-27,3.41483998298645
2002-03-28,3.3887343406677246
2002-04-01,3.341740369796753
2002-04-02,3.3208556175231934
2002-04-03,3.3939552307128906
2002-04-04,3.4461686611175537
2002-04-05,3.367846727371216
2002-04-08,3.4566116333007812
2002-04-09,3.3156323432922363
2002-04-10,3.4252829551696777
2002-04-11,3.4252829551696777
2002-04-12,3.289525270462036
2002-04-15,3.3051884174346924
2002-04-16,3.3051884174346924
2002-04-17,3.2634170055389404
2002-04-18,3.284303665161133
2002-04-19,3.284303665161133
2002-04-22,3.2373111248016357
2002-04-23,3.1328797340393066
2002-04-24,3.1589889526367188
2002-04-25,3.2059812545776367
2002-04-26,3.341740369796753
2002-04-29,3.2634170055389404
2002-04-30,3.519268274307251
2002-05-01,3.4722774028778076
2002-05-02,3.4722774028778076
2002-05-03,3.5767061710357666
2002-05-06,3.5767061710357666
2002-05-07,3.3991754055023193
2002-05-08,3.4461686611175537
2002-05-09,3.529712677001953
2002-05-10,3.534935235977173
2002-05-13,3.352182388305664
2002-05-14,3.5088281631469727
2002-05-15,3.628920793533325
2002-05-16,3.5923707485198975
2002-05-17,3.608034372329712
2002-05-20,3.655027389526367
2002-05-21,3.660248279571533
2002-05-22,3.7490146160125732
2002-05-23,3.722907304763794
2002-05-24,3.7176856994628906
2002-05-28,3.707242488861084
2002-05-29,3.707242488861084
2002-05-30,3.7594571113586426
2002-05-31,3.7594571113586426
2002-06-03,3.754236936569214
2002-06-04,3.7646780014038086
2002-06-05,3.707242488861084
2002-06-06,3.602813482284546
2002-06-07,3.5558207035064697
2002-06-10,3.4461686611175537
2002-06-11,3.4461686611175537
2002-06-12,3.467054605484009
2002-06-13,3.41483998298645
2002-06-14,3.357403516769409
2002-06-17,3.346961498260498
2002-06-18,3.420060634613037
2002-06-19,3.3835108280181885
2002-06-20,3.3939552307128906
2002-06-21,3.367846727371216
2002-06-24,3.3051884174346924
2002-06-25,3.4722774028778076
2002-06-26,3.451390027999878
2002-06-27,3.498385190963745
2002-06-28,3.4252829551696777
2002-07-01,3.3835108280181885
2002-07-02,3.3782899379730225
2002-07-03,3.41483998298645
2002-07-05,3.41483998298645
2002-07-08,3.451390027999878
2002-07-09,3.4618351459503174
2002-07-10,3.4618351459503174
2002-07-11,3.4252829551696777
2002-07-12,3.409618616104126
2002-07-15,3.451390027999878
2002-07-16,3.4461686611175537
2002-07-17,3.440948486328125
2002-07-18,3.4722774028778076
2002-07-19,3.4566116333007812
2002-07-22,3.3626248836517334
2002-07-23,3.2634170055389404
2002-07-24,3.341740369796753
2002-07-25,3.289525270462036
2002-07-26,3.341740369796753
2002-07-29,3.3887343406677246
2002-07-30,3.3887343406677246
2002-07-31,3.4461686611175537
2002-08-01,3.498385190963745
2002-08-02,3.440948486328125
2002-08-05,3.3835108280181885
2002-08-06,3.3208556175231934
2002-08-07,3.3208556175231934
2002-08-08,3.3626248836517334
2002-08-09,3.367846727371216
2002-08-12,3.367846727371216
2002-08-13,3.2634170055389404
2002-08-14,3.341740369796753
2002-08-15,3.341740369796753
2002-08-16,3.289525270462036
2002-08-19,3.367846727371216
2002-08-20,3.367846727371216
2002-08-21,3.357403516769409
2002-08-22,3.3887343406677246
2002-08-23,3.41483998298645
2002-08-26,3.41483998298645
2002-08-27,3.41483998298645
2002-08-28,3.4461686611175537
2002-08-29,3.41483998298645
2002-08-30,3.41483998298645
2002-09-03,3.3939552307128906
2002-09-04,3.4461686611175537
2002-09-05,3.503606081008911
2002-09-06,3.4618351459503174
2002-09-09,3.503606081008911
2002-09-10,3.498385190963745
2002-09-11,3.608034372329712
2002-09-12,3.660248279571533
2002-09-13,3.644584894180298
2002-09-16,3.5767061710357666
2002-09-17,3.5505995750427246
2002-09-18,3.602813482284546
2002-09-19,3.5767061710357666
2002-09-20,3.5767061710357666
2002-09-23,3.5505995750427246
2002-09-24,3.5088281631469727
2002-09-25,3.5244908332824707
2002-09-26,3.5244908332824707
2002-09-27,3.487940788269043
2002-09-30,3.3939552307128906
2002-10-01,3.467054605484009
2002-10-02,3.5505995750427246
2002-10-03,3.4566116333007812
2002-10-04,3.519268274307251
2002-10-07,3.4461686611175537
2002-10-08,3.5505995750427246
2002-10-09,3.5453763008117676
2002-10-10,3.5871479511260986
2002-10-11,3.503606081008911
2002-10-14,3.503606081008911
2002-10-15,3.5244908332824707
2002-10-16,3.5767061710357666
2002-10-17,3.529712677001953
2002-10-18,3.5505995750427246
2002-10-21,3.655027389526367
2002-10-22,3.6811351776123047
2002-10-23,3.655027389526367
2002-10-24,3.655027389526367
2002-10-25,3.6811351776123047
2002-10-28,3.7699007987976074
2002-10-29,3.811673164367676
2002-10-30,3.889993906021118
2002-10-31,3.9683146476745605
2002-11-01,3.952651023864746
2002-11-04,3.9996461868286133
2002-11-05,3.9787604808807373
2002-11-06,3.921322822570801
2002-11-07,3.9630942344665527
2002-11-08,3.921322822570801
2002-11-11,3.884773015975952
2002-11-12,3.931764602661133
2002-11-13,3.9422073364257812
2002-11-14,3.900437593460083
2002-11-15,3.9944214820861816
2002-11-18,4.010087013244629
2002-11-19,3.9839797019958496
2002-11-20,3.9161014556884766
2002-11-21,3.931764602661133
2002-11-22,3.9839797019958496
2002-11-25,4.067523956298828
2002-11-26,4.072746276855469
2002-11-27,4.177173614501953
2002-11-29,4.396477699279785
2002-12-02,4.302490234375
2002-12-03,4.297268390655518
2002-12-04,4.281604290008545
2002-12-05,4.286824703216553
2002-12-06,4.276383399963379
2002-12-09,4.281604290008545
2002-12-10,4.265937805175781
2002-12-11,4.245054244995117
2002-12-12,4.250276565551758
2002-12-13,4.3547043800354
2002-12-16,4.328598976135254
2002-12-17,4.3860321044921875
2002-12-18,4.323378562927246
2002-12-19,4.229389190673828
2002-12-20,4.250276565551758
2002-12-23,4.312934875488281
2002-12-24,4.265937805175781
2002-12-26,4.177173614501953
2002-12-27,4.2711615562438965
2002-12-30,4.239831447601318
2002-12-31,4.302490234375
2003-01-02,4.30771017074585
2003-01-03,4.30771017074585
2003-01-06,4.4330267906188965
2003-01-07,4.438249111175537
2003-01-08,4.4904632568359375
2003-01-09,4.542677402496338
2003-01-10,4.615777492523193
2003-01-13,4.699322700500488
2003-01-14,5.211026668548584
2003-01-15,4.9865031242370605
2003-01-16,5.090930938720703
2003-01-17,4.934286117553711
2003-01-21,5.012608528137207
2003-01-22,5.028275966644287
2003-01-23,4.9081807136535645
2003-01-24,4.87162971496582
2003-01-27,4.808973789215088
2003-01-28,4.82985782623291
2003-01-29,4.70454216003418
2003-01-30,4.683657646179199
2003-01-31,4.511348724365234
2003-02-03,4.5740065574646
2003-02-04,4.187618255615234
2003-02-05,4.250276565551758
2003-02-06,4.281604290008545
2003-02-07,4.229389190673828
2003-02-10,4.229389190673828
2003-02-11,4.250276565551758
2003-02-12,4.239831447601318
2003-02-13,4.239831447601318
2003-02-14,4.239831447601318
2003-02-18,4.281604290008545
2003-02-19,4.412142276763916
2003-02-20,4.365148067474365
2003-02-21,4.70976448059082
2003-02-24,4.7040205001831055
2003-02-25,4.802707195281982
2003-02-26,4.64371395111084
2003-02-27,4.649194240570068
2003-02-28,4.583405017852783
2003-03-03,4.687575340270996
2003-03-04,4.676608085632324
2003-03-05,4.687575340270996
2003-03-06,4.709505558013916
2003-03-07,4.714984893798828
2003-03-10,4.714984893798828
2003-03-11,4.687575340270996
2003-03-12,4.665644645690918
2003-03-13,4.660160541534424
2003-03-14,4.4737548828125
2003-03-17,4.331207275390625
2003-03-18,4.331207275390625
2003-03-19,4.358621597290039
2003-03-20,4.303797721862793
2003-03-21,4.3860321044921875
2003-03-24,4.303797721862793
2003-03-25,4.303797721862793
2003-03-26,4.320241451263428
2003-03-27,4.347655773162842
2003-03-28,4.413446426391602
2003-03-31,4.380550861358643
2003-04-01,4.3641037940979
2003-04-02,4.3860321044921875
2003-04-03,4.413446426391602
2003-04-04,4.3860321044921875
2003-04-07,4.599852561950684
2003-04-08,4.506648540496826
2003-04-09,4.495682716369629
2003-04-10,4.468271255493164
2003-04-11,4.588886737823486
2003-04-14,4.742400169372559
2003-04-15,4.780775547027588
2003-04-16,4.769812107086182
2003-04-17,4.7040205001831055
2003-04-21,4.687575340270996
2003-04-22,4.950735569000244
2003-04-23,4.961699962615967
2003-04-24,4.961699962615967
2003-04-25,4.9945969581604
2003-04-28,4.934286117553711
2003-04-29,4.879461288452148
2003-04-30,4.934286117553711
2003-05-01,4.742400169372559
2003-05-02,4.824635028839111
2003-05-05,4.873978614807129
2003-05-06,4.852048397064209
2003-05-07,4.9068779945373535
2003-05-08,4.934286117553711
2003-05-09,4.934286117553711
2003-05-12,4.9068779945373535
2003-05-13,4.852048397064209
2003-05-14,4.934286117553711
2003-05-15,4.934286117553711
2003-05-16,4.934286117553711
2003-05-19,4.934286117553711
2003-05-20,4.945252418518066
2003-05-21,4.956215858459473
2003-05-22,4.961699962615967
2003-05-23,4.961699962615967
2003-05-27,4.961699962615967
2003-05-28,4.928804397583008
2003-05-29,4.961699962615967
2003-05-30,4.9068779945373535
2003-06-02,4.956215858459473
2003-06-03,4.961699962615967
2003-06-04,4.945252418518066
2003-06-05,4.967182159423828
2003-06-06,4.972666263580322
2003-06-09,4.989113807678223
2003-06-10,4.934286117553711
2003-06-11,5.000077724456787
2003-06-12,5.032972812652588
2003-06-13,5.043937683105469
2003-06-16,4.934286117553711
2003-06-17,4.857532501220703
2003-06-18,5.109730243682861
2003-06-19,5.038456439971924
2003-06-20,5.47157621383667
2003-06-23,5.482541561126709
2003-06-24,5.482541561126709
2003-06-25,5.948555946350098
2003-06-26,5.696362495422363
2003-06-27,5.674431800842285
2003-06-30,5.592192649841309
2003-07-01,5.838907718658447
2003-07-02,6.030794143676758
2003-07-03,6.025312900543213
2003-07-07,6.030794143676758
2003-07-08,6.041761875152588
2003-07-09,5.965004920959473
2003-07-10,5.981451511383057
2003-07-11,5.888251781463623
2003-07-14,5.811495780944824
2003-07-15,5.882767200469971
2003-07-16,5.811495780944824
2003-07-17,6.025312900543213
2003-07-18,6.025312900543213
2003-07-21,6.025312900543213
2003-07-22,6.030794143676758
2003-07-23,6.003384590148926
2003-07-24,6.05820894241333
2003-07-25,6.16237735748291
2003-07-28,6.3049235343933105
2003-07-29,6.156895637512207
2003-07-30,6.085619926452637
2003-07-31,6.11303186416626
2003-08-01,6.124000072479248
2003-08-04,6.09658670425415
2003-08-05,6.156895637512207
2003-08-06,6.195272445678711
2003-08-07,6.140446662902832
2003-08-08,6.173341751098633
2003-08-11,6.085619926452637
2003-08-12,6.085619926452637
2003-08-13,6.11303186416626
2003-08-14,6.1349639892578125
2003-08-15,6.0691728591918945
2003-08-18,6.124000072479248
2003-08-19,6.156895637512207
2003-08-20,6.140446662902832
2003-08-21,6.140446662902832
2003-08-22,6.118516445159912
2003-08-25,6.1678619384765625
2003-08-26,6.156895637512207
2003-08-27,6.16237735748291
2003-08-28,6.173341751098633
2003-08-29,6.173341751098633
2003-09-02,6.233648777008057
2003-09-03,6.211719036102295
2003-09-04,6.173341751098633
2003-09-05,6.1678619384765625
2003-09-08,6.277509689331055
2003-09-09,6.189788341522217
2003-09-10,6.16237735748291
2003-09-11,6.250097274780273
2003-09-12,6.145928382873535
2003-09-15,6.145928382873535
2003-09-16,6.140446662902832
2003-09-17,6.211719036102295
2003-09-18,6.1678619384765625
2003-09-19,6.140446662902832
2003-09-22,6.20623779296875
2003-09-23,6.140446662902832
2003-09-24,6.140446662902832
2003-09-25,6.20623779296875
2003-09-26,6.145928382873535
2003-09-29,6.173341751098633
2003-09-30,6.140446662902832
2003-10-01,6.1678619384765625
2003-10-02,6.20623779296875
2003-10-03,6.1678619384765625
2003-10-06,6.20623779296875
2003-10-07,6.20623779296875
2003-10-08,6.195272445678711
2003-10-09,6.217202663421631
2003-10-10,6.184222221374512
2003-10-13,6.195214748382568
2003-10-14,6.184222221374512
2003-10-15,6.184222221374512
2003-10-16,6.134746074676514
2003-10-17,6.310653209686279
2003-10-20,6.277671813964844
2003-10-21,6.211706161499023
2003-10-22,6.211706161499023
2003-10-23,6.283166885375977
2003-10-24,6.283166885375977
2003-10-27,6.239190101623535
2003-10-28,6.239190101623535
2003-10-29,6.327143669128418
2003-10-30,6.294160842895508
2003-10-31,6.3216471672058105
2003-11-03,6.514044284820557
2003-11-04,6.360127925872803
2003-11-05,6.486558437347412
2003-11-06,6.585507869720459
2003-11-07,6.6514716148376465
2003-11-10,6.623988151550293
2003-11-11,6.6514716148376465
2003-11-12,6.7064433097839355
2003-11-13,6.596501350402832
2003-11-14,6.536033630371094
2003-11-17,6.459075927734375
2003-11-18,6.272172451019287
2003-11-19,6.156733512878418
2003-11-20,6.217203140258789
2003-11-21,6.266676425933838
2003-11-24,6.239190101623535
2003-11-25,6.277671813964844
2003-11-26,6.530539035797119
2003-11-28,6.519542217254639
2003-12-01,6.569016456604004
2003-12-02,6.563517093658447
2003-12-03,6.569016456604004
2003-12-04,6.470067501068115
2003-12-05,6.008312702178955
2003-12-08,6.068782329559326
2003-12-09,6.074278354644775
2003-12-10,6.046792030334473
2003-12-11,6.096268177032471
2003-12-12,6.068782329559326
2003-12-15,6.184222221374512
2003-12-16,6.129247188568115
2003-12-17,6.195214748382568
2003-12-18,6.20071268081665
2003-12-19,6.189716815948486
2003-12-22,6.189716815948486
2003-12-23,6.211706161499023
2003-12-24,6.145740985870361
2003-12-26,6.20071268081665
2003-12-29,6.338138103485107
2003-12-30,6.184222221374512
2003-12-31,6.283166885375977
2004-01-02,6.338138103485107
2004-01-05,6.442586421966553
2004-01-06,6.475564956665039
2004-01-07,6.398606300354004
2004-01-08,6.404102802276611
2004-01-09,6.404102802276611
2004-01-12,6.404102802276611
2004-01-13,6.5529093742370605
2004-01-14,6.608020305633545
2004-01-15,6.5859761238098145
2004-01-16,7.115058898925781
2004-01-20,6.475752353668213
2004-01-21,6.723757743835449
2004-01-22,6.795403957366943
2004-01-23,6.619042873382568
2004-01-26,6.778870582580566
2004-01-27,7.037899494171143
2004-01-28,6.90011739730835
2004-01-29,6.88909387588501
2004-01-30,7.081989288330078
2004-02-02,6.916649341583252
2004-02-03,7.087501049041748
2004-02-04,7.021366119384766
2004-02-05,7.164660453796387
2004-02-06,7.335512638092041
2004-02-09,7.2197723388671875
2004-02-10,7.302443981170654
2004-02-11,7.269372463226318
2004-02-12,7.385112285614014
2004-02-13,7.302443981170654
2004-02-17,7.329997539520264
2004-02-18,7.578006744384766
2004-02-19,7.798456192016602
2004-02-20,7.826014041900635
2004-02-23,7.881124496459961
2004-02-24,7.770902156829834
2004-02-25,7.58903169631958
2004-02-26,7.578006744384766
2004-02-27,7.770902156829834
2004-03-01,7.93073034286499
2004-03-02,7.886635780334473
2004-03-03,7.963795185089111
2004-03-04,7.952771186828613
2004-03-05,7.870102882385254
2004-03-08,7.688231468200684
2004-03-09,7.677210807800293
2004-03-10,7.677210807800293
2004-03-11,7.633118152618408
2004-03-12,7.633118152618408
2004-03-15,7.644138813018799
2004-03-16,7.704762935638428
2004-03-17,7.5559587478637695
2004-03-18,7.528405666351318
2004-03-19,7.291419506072998
2004-03-22,7.026878356933594
2004-03-23,7.269372463226318
2004-03-24,7.363066673278809
2004-03-25,7.109547138214111
2004-03-26,7.489825248718262
2004-03-29,7.324487209320068
2004-03-30,7.44022274017334
2004-03-31,7.4126667976379395
2004-04-01,7.42368745803833
2004-04-02,7.302443981170654
2004-04-05,7.715786457061768
2004-04-06,7.715786457061768
2004-04-07,7.578006744384766
2004-04-08,7.715786457061768
2004-04-12,7.710275650024414
2004-04-13,7.461555480957031
2004-04-14,7.682642459869385
2004-04-15,7.389705657958984
2004-04-16,7.677114963531494
2004-04-19,7.334433078765869
2004-04-20,7.732384204864502
2004-04-21,7.328909873962402
2004-04-22,7.572099208831787
2004-04-23,7.406288146972656
2004-04-26,7.472613334655762
2004-04-27,7.450502395629883
2004-04-28,7.0746636390686035
2004-04-29,7.052549839019775
2004-04-30,7.047026634216309
2004-05-03,6.831470489501953
2004-05-04,6.9862284660339355
2004-05-05,7.052549839019775
2004-05-06,6.96964693069458
2004-05-07,6.870161533355713
2004-05-10,6.765142440795898
2004-05-11,6.687766075134277
2004-05-12,6.472210884094238
2004-05-13,6.62144136428833
2004-05-14,6.549588203430176
2004-05-17,6.439047336578369
2004-05-18,6.649076461791992
2004-05-19,6.792779922485352
2004-05-20,6.859104633331299
2004-05-21,6.693294048309326
2004-05-24,6.521952152252197
2004-05-25,6.715399742126465
2004-05-26,6.908848285675049
2004-05-27,7.185203552246094
2004-05-28,7.185203552246094
2004-06-01,7.212838172912598
2004-06-02,7.240474224090576
2004-06-03,7.185203552246094
2004-06-04,7.0746636390686035
2004-06-07,7.080189228057861
2004-06-08,7.157569408416748
2004-06-09,7.185203552246094
2004-06-10,7.1962571144104
2004-06-14,7.5386552810668945
2004-06-15,7.764991760253906
2004-06-16,7.764991760253906
2004-06-17,7.741777420043945
2004-06-18,7.42839241027832
2004-06-21,7.747583866119385
2004-06-22,7.747583866119385
2004-06-23,8.049361228942871
2004-06-24,8.084179878234863
2004-06-25,8.124808311462402
2004-06-28,8.124808311462402
2004-06-29,8.124808311462402
2004-06-30,7.776601791381836
2004-07-01,7.585085391998291
2004-07-02,7.585085391998291
2004-07-06,7.968117713928223
2004-07-07,7.828830242156982
2004-07-08,7.817227840423584
2004-07-09,7.817227840423584
2004-07-12,8.008744239807129
2004-07-13,7.746822357177734
2004-07-14,7.6537017822265625
2004-07-15,7.62459659576416
2004-07-16,7.735182762145996
2004-07-19,7.490730285644531
2004-07-20,7.5198283195495605
2004-07-21,7.566394805908203
2004-07-22,7.566394805908203
2004-07-23,7.566394805908203
2004-07-26,7.583856105804443
2004-07-27,7.583856105804443
2004-07-28,7.583856105804443
2004-07-29,7.6304144859313965
2004-07-30,7.4267048835754395
2004-08-02,7.438347816467285
2004-08-03,7.438347816467285
2004-08-04,7.665338039398193
2004-08-05,7.665338039398193
2004-08-06,7.275378704071045
2004-08-09,7.275378704071045
2004-08-10,7.438347816467285
2004-08-11,7.438347816467285
2004-08-12,7.438347816467285
2004-08-13,7.438347816467285
2004-08-16,7.2579169273376465
2004-08-17,7.2579169273376465
2004-08-18,7.252099514007568
2004-08-19,7.275378704071045
2004-08-20,7.11823034286499
2004-08-23,7.141512870788574
2004-08-24,7.2579169273376465
2004-08-25,7.275378704071045
2004-08-26,7.23463773727417
2004-08-27,7.252099514007568
2004-08-30,7.269558906555176
2004-08-31,7.269558906555176
2004-09-01,7.269558906555176
2004-09-02,7.269558906555176
2004-09-03,7.23463773727417
2004-09-07,7.240459442138672
2004-09-08,7.23463773727417
2004-09-09,7.060028076171875
2004-09-10,7.112412929534912
2004-09-13,7.182254791259766
2004-09-14,7.182254791259766
2004-09-15,7.182254791259766
2004-09-16,6.9901838302612305
2004-09-17,7.228816509246826
2004-09-20,6.984362602233887
2004-09-21,7.071669101715088
2004-09-22,7.217175006866455
2004-09-23,6.984362602233887
2004-09-24,6.984362602233887
2004-09-27,7.10659122467041
2004-09-28,7.158971309661865
2004-09-29,7.193894386291504
2004-09-30,7.188075065612793
2004-10-01,7.147332191467285
2004-10-04,7.147332191467285
2004-10-05,7.147332191467285
2004-10-06,7.147332191467285
2004-10-07,7.211356163024902
2004-10-08,7.217175006866455
2004-10-11,7.217175006866455
2004-10-12,7.217175006866455
2004-10-13,7.147109508514404
2004-10-14,7.018645763397217
2004-10-15,7.006964206695557
2004-10-18,7.006964206695557
2004-10-19,7.006964206695557
2004-10-20,7.006964206695557
2004-10-21,7.006964206695557
2004-10-22,7.065357685089111
2004-10-25,7.211335182189941
2004-10-26,7.240532398223877
2004-10-27,7.176301002502441
2004-10-28,7.006964206695557
2004-10-29,7.006964206695557
2004-11-01,7.082874774932861
2004-11-02,7.065357685089111
2004-11-03,7.006964206695557
2004-11-04,7.006964206695557
2004-11-05,7.117912769317627
2004-11-08,6.97776985168457
2004-11-09,6.97776985168457
2004-11-10,7.006964206695557
2004-11-11,7.006964206695557
2004-11-12,7.006964206695557
2004-11-15,7.036163330078125
2004-11-16,7.006964206695557
2004-11-17,7.006964206695557
2004-11-18,6.97776985168457
2004-11-19,6.97776985168457
2004-11-22,7.006964206695557
2004-11-23,7.006964206695557
2004-11-24,7.024486541748047
2004-11-26,7.024486541748047
2004-11-29,7.030324935913086
2004-11-30,7.036163330078125
2004-12-01,7.006964206695557
2004-12-02,7.006964206695557
2004-12-03,7.065357685089111
2004-12-06,7.082874774932861
2004-12-07,7.071198463439941
2004-12-08,7.065357685089111
2004-12-09,7.036163330078125
2004-12-10,7.036163330078125
2004-12-13,7.047841548919678
2004-12-14,7.1120710372924805
2004-12-15,7.1120710372924805
2004-12-16,7.065357685089111
2004-12-17,7.065357685089111
2004-12-20,7.065357685089111
2004-12-21,7.053683280944824
2004-12-22,7.036163330078125
2004-12-23,7.117912769317627
2004-12-27,7.123750686645508
2004-12-28,7.1821393966674805
2004-12-29,7.164623737335205
2004-12-30,7.1821393966674805
2004-12-31,7.474096775054932
2005-01-03,7.550005912780762
2005-01-04,7.4799346923828125
2005-01-05,7.532487392425537
2005-01-06,7.579198837280273
2005-01-07,7.538326740264893
2005-01-10,7.999621391296387
2005-01-11,8.163118362426758
2005-01-12,8.163119316101074
2005-01-13,8.163119316101074
2005-01-14,7.923023700714111
2005-01-18,7.712210178375244
2005-01-19,7.712210178375244
2005-01-20,7.612661838531494
2005-01-21,7.612661838531494
2005-01-24,7.448696136474609
2005-01-25,7.5248212814331055
2005-01-26,7.606804847717285
2005-01-27,7.5248212814331055
2005-01-28,7.472120761871338
2005-01-31,7.378427505493164
2005-02-01,7.436986446380615
2005-02-02,7.378427505493164
2005-02-03,7.378427505493164
2005-02-04,7.39013671875
2005-02-07,7.4252753257751465
2005-02-08,7.413562297821045
2005-02-09,7.4077043533325195
2005-02-10,7.4077043533325195
2005-02-11,7.4252753257751465
2005-02-14,7.3608598709106445
2005-02-15,7.401850700378418
2005-02-16,7.355003356933594
2005-02-17,7.349148273468018
2005-02-18,7.349148273468018
2005-02-22,7.173470973968506
2005-02-23,7.144191741943359
2005-02-24,7.027070045471191
2005-02-25,7.027070045471191
2005-02-28,7.027070045471191
2005-03-01,7.027070045471191
2005-03-02,7.027070045471191
2005-03-03,7.027070045471191
2005-03-04,7.027070045471191
2005-03-07,7.027070045471191
2005-03-08,7.027070045471191
2005-03-09,7.085630893707275
2005-03-10,7.027070045471191
2005-03-11,7.0563530921936035
2005-03-14,7.144191741943359
2005-03-15,7.144191741943359
2005-03-16,7.079772472381592
2005-03-17,7.1149115562438965
2005-03-18,7.032928943634033
2005-03-21,7.027070045471191
2005-03-22,7.1149115562438965
2005-03-23,7.038784980773926
2005-03-24,7.038784980773926
2005-03-28,7.027070045471191
2005-03-29,7.027070045471191
2005-03-30,7.0563530921936035
2005-03-31,7.027070045471191
2005-04-01,7.079772472381592
2005-04-04,7.015363693237305
2005-04-05,7.050498008728027
2005-04-06,7.050498008728027
2005-04-07,7.027070045471191
2005-04-08,7.027070045471191
2005-04-11,7.027070045471191
2005-04-12,7.027070045471191
2005-04-13,7.050571441650391
2005-04-14,7.056449890136719
2005-04-15,7.050571441650391
2005-04-18,6.991819858551025
2005-04-19,7.050571441650391
2005-04-20,7.050571441650391
2005-04-21,7.050571441650391
2005-04-22,7.032949447631836
2005-04-25,6.880184173583984
2005-04-26,6.944814682006836
2005-04-27,6.938941478729248
2005-04-28,6.944814682006836
2005-04-29,6.944814682006836
2005-05-02,6.903687953948975
2005-05-03,6.786177158355713
2005-05-04,6.786177158355713
2005-05-05,6.815556526184082
2005-05-06,6.927188873291016
2005-05-09,6.768550872802734
2005-05-10,6.756799221038818
2005-05-11,6.6686692237854
2005-05-12,6.6686692237854
2005-05-13,6.7626752853393555
2005-05-16,6.680419445037842
2005-05-17,6.67454195022583
2005-05-18,6.756799221038818
2005-05-19,6.7626752853393555
2005-05-20,6.962439060211182
2005-05-23,6.991819858551025
2005-05-24,7.097581386566162
2005-05-25,7.021195411682129
2005-05-26,7.021195411682129
2005-05-27,7.115205764770508
2005-05-31,7.19746208190918
2005-06-01,7.250341415405273
2005-06-02,7.138706684112549
2005-06-03,7.179835796356201
2005-06-06,7.179835796356201
2005-06-07,7.021195411682129
2005-06-08,7.15045690536499
2005-06-09,7.027070999145508
2005-06-10,7.15045690536499
2005-06-13,7.384591102600098
2005-06-14,7.403103828430176
2005-06-15,7.464797019958496
2005-06-16,7.464797019958496
2005-06-17,7.403103828430176
2005-06-20,7.403103828430176
2005-06-21,7.464797019958496
2005-06-22,7.643703460693359
2005-06-23,7.433950901031494
2005-06-24,7.433950901031494
2005-06-27,7.372257232666016
2005-06-28,7.396932601928711
2005-06-29,7.372257232666016
2005-06-30,7.378425598144531
2005-07-01,7.3414130210876465
2005-07-05,7.378425598144531
2005-07-06,7.557336330413818
2005-07-07,7.421607971191406
2005-07-08,7.551164627075195
2005-07-11,7.557336330413818
2005-07-12,7.557336330413818
2005-07-13,7.154691219329834
2005-07-14,7.185661315917969
2005-07-15,7.489196300506592
2005-07-18,7.501584053039551
2005-07-19,7.464417934417725
2005-07-20,7.464417934417725
2005-07-21,7.532556533813477
2005-07-22,7.445833206176758
2005-07-25,7.495390892028809
2005-07-26,7.433444023132324
2005-07-27,7.439639568328857
2005-07-28,7.365302085876465
2005-07-29,7.365302085876465
2005-08-01,7.520169258117676
2005-08-02,7.520169258117676
2005-08-03,7.2847747802734375
2005-08-04,7.123715400695801
2005-08-05,7.489196300506592
2005-08-08,7.501584053039551
2005-08-09,7.5573320388793945
2005-08-10,7.520169258117676
2005-08-11,7.520169258117676
2005-08-12,7.253800868988037
2005-08-15,7.247607231140137
2005-08-16,7.278580188751221
2005-08-17,7.278580188751221
2005-08-18,7.247607231140137
2005-08-19,7.365302085876465
2005-08-22,7.551138401031494
2005-08-23,7.551138401031494
2005-08-24,7.656447410583496
2005-08-25,7.656447410583496
2005-08-26,7.656447410583496
2005-08-29,7.656447410583496
2005-08-30,7.668837070465088
2005-08-31,7.724588394165039
2005-09-01,7.7431721687316895
2005-09-02,7.7431721687316895
2005-09-06,7.7431721687316895
2005-09-07,7.860865592956543
2005-09-08,7.829896450042725
2005-09-09,7.898032188415527
2005-09-12,8.046703338623047
2005-09-13,7.718387603759766
2005-09-14,7.755553722381592
2005-09-15,7.755553722381592
2005-09-16,7.73077917098999
2005-09-19,7.73077917098999
2005-09-20,7.724588394165039
2005-09-21,7.73077917098999
2005-09-22,7.73077917098999
2005-09-23,7.73077917098999
2005-09-26,7.7431721687316895
2005-09-27,7.724588394165039
2005-09-28,7.724588394165039
2005-09-29,7.724588394165039
2005-09-30,8.065286636352539
2005-10-03,8.065286636352539
2005-10-04,7.767946720123291
2005-10-05,8.052895545959473
2005-10-06,7.755553722381592
2005-10-07,7.7431721687316895
2005-10-10,7.805117130279541
2005-10-11,7.898032188415527
2005-10-12,7.835844039916992
2005-10-13,7.835844039916992
2005-10-14,7.835844039916992
2005-10-17,7.835844039916992
2005-10-18,7.7923150062561035
2005-10-19,7.754997253417969
2005-10-20,7.773658275604248
2005-10-21,7.773658275604248
2005-10-24,7.9291276931762695
2005-10-25,7.810967445373535
2005-10-26,7.804749488830566
2005-10-27,8.022412300109863
2005-10-28,8.009977340698242
2005-10-31,8.047286987304688
2005-11-01,8.059728622436523
2005-11-02,8.059728622436523
2005-11-03,8.047286987304688
2005-11-04,8.009977340698242
2005-11-07,8.009977340698242
2005-11-08,8.208979606628418
2005-11-09,8.27116870880127
2005-11-10,8.27116870880127
2005-11-11,8.395549774169922
2005-11-14,8.240072250366211
2005-11-15,8.538582801818848
2005-11-16,8.208979606628418
2005-11-17,8.44529914855957
2005-11-18,8.283602714538574
2005-11-21,8.32713794708252
2005-11-22,8.420424461364746
2005-11-23,8.495048522949219
2005-11-25,8.495048522949219
2005-11-28,8.557238578796387
2005-11-29,8.631864547729492
2005-11-30,8.631864547729492
2005-12-01,8.457735061645508
2005-12-02,8.352015495300293
2005-12-05,8.352015495300293
2005-12-06,8.395549774169922
2005-12-07,8.370673179626465
2005-12-08,8.594555854797363
2005-12-09,8.457735061645508
2005-12-12,8.588334083557129
2005-12-13,8.588334083557129
2005-12-14,8.588334083557129
2005-12-15,8.588334083557129
2005-12-16,8.457735061645508
2005-12-19,8.600772857666016
2005-12-20,8.339573860168457
2005-12-21,8.46395206451416
2005-12-22,8.457735061645508
2005-12-23,8.62564754486084
2005-12-27,8.457735061645508
2005-12-28,8.370673179626465
2005-12-29,8.457735061645508
2005-12-30,8.706494331359863
2006-01-03,8.656739234924316
2006-01-04,8.650522232055664
2006-01-05,8.650522232055664
2006-01-06,8.644304275512695
2006-01-09,8.638084411621094
2006-01-10,8.694052696228027
2006-01-11,8.725258827209473
2006-01-12,8.61291790008545
2006-01-13,8.73774528503418
2006-01-17,8.706537246704102
2006-01-18,8.669089317321777
2006-01-19,8.644125938415527
2006-01-20,8.706537246704102
2006-01-23,8.706537246704102
2006-01-24,8.73774528503418
2006-01-25,8.73774528503418
2006-01-26,8.73774528503418
2006-01-27,8.73774528503418
2006-01-30,8.793915748596191
2006-01-31,8.793915748596191
2006-02-01,8.83135986328125
2006-02-02,8.893775939941406
2006-02-03,8.893775939941406
2006-02-06,8.906257629394531
2006-02-07,9.274490356445312
2006-02-08,9.330662727355957
2006-02-09,9.324422836303711
2006-02-10,9.230803489685059
2006-02-13,9.30569839477539
2006-02-14,9.336901664733887
2006-02-15,9.255767822265625
2006-02-16,9.255767822265625
2006-02-17,9.205835342407227
2006-02-21,9.205835342407227
2006-02-22,9.517901420593262
2006-02-23,9.467968940734863
2006-02-24,9.5116605758667
2006-02-27,9.43676471710205
2006-02-28,9.424281120300293
2006-03-01,9.424281120300293
2006-03-02,9.673930168151855
2006-03-03,10.541461944580078
2006-03-06,10.603873252868652
2006-03-07,10.37295150756836
2006-03-08,10.59139347076416
2006-03-09,9.961026191711426
2006-03-10,9.592793464660645
2006-03-13,9.499176979064941
2006-03-14,9.517901420593262
2006-03-15,9.642722129821777
2006-03-16,9.954785346984863
2006-03-17,9.673930168151855
2006-03-20,9.829962730407715
2006-03-21,9.829962730407715
2006-03-22,9.829962730407715
2006-03-23,9.892377853393555
2006-03-24,10.1919527053833
2006-03-27,10.166990280151367
2006-03-28,10.142024993896484
2006-03-29,10.110822677612305
2006-03-30,9.985994338989258
2006-03-31,10.01719856262207
2006-04-03,9.829962730407715
2006-04-04,9.985994338989258
2006-04-05,9.985994338989258
2006-04-06,9.985994338989258
2006-04-07,9.985994338989258
2006-04-10,9.985994338989258
2006-04-11,10.017298698425293
2006-04-12,10.017298698425293
2006-04-13,9.954687118530273
2006-04-17,9.62912654876709
2006-04-18,9.829474449157715
2006-04-19,9.954687118530273
2006-04-20,9.892080307006836
2006-04-21,9.892080307006836
2006-04-24,9.654170989990234
2006-04-25,10.073641777038574
2006-04-26,9.985991477966309
2006-04-27,9.985991477966309
2006-04-28,10.561985969543457
2006-05-01,10.561985969543457
2006-05-02,9.923385620117188
2006-05-03,9.923385620117188
2006-05-04,10.643376350402832
2006-05-05,10.643376350402832
2006-05-08,10.799897193908691
2006-05-09,10.774857521057129
2006-05-10,10.511899948120117
2006-05-11,10.680940628051758
2006-05-12,10.643376350402832
2006-05-15,11.231888771057129
2006-05-16,11.188067436218262
2006-05-17,11.269458770751953
2006-05-18,11.269458770751953
2006-05-19,11.269458770751953
2006-05-22,11.269458770751953
2006-05-23,11.269458770751953
2006-05-24,11.269458770751953
2006-05-25,11.425976753234863
2006-05-26,11.582501411437988
2006-05-30,11.526153564453125
2006-05-31,11.325807571411133
2006-06-01,11.51988697052002
2006-06-02,11.557454109191895
2006-06-05,11.438504219055176
2006-06-06,11.482325553894043
2006-06-07,11.488588333129883
2006-06-08,11.476065635681152
2006-06-09,11.488588333129883
2006-06-12,11.51988697052002
2006-06-13,11.319543838500977
2006-06-14,11.438504219055176
2006-06-15,11.431924819946289
2006-06-16,11.287299156188965
2006-06-19,11.346467971801758
2006-06-20,11.346467971801758
2006-06-21,11.353038787841797
2006-06-22,11.300451278686523
2006-06-23,11.136103630065918
2006-06-26,11.221565246582031
2006-06-27,11.182120323181152
2006-06-28,10.544456481933594
2006-06-29,10.25521183013916
2006-06-30,10.182894706726074
2006-07-03,11.103235244750977
2006-07-05,10.906022071838379
2006-07-06,11.274151802062988
2006-07-07,11.274151802062988
2006-07-10,11.274151802062988
2006-07-11,11.188695907592773
2006-07-12,11.221659660339355
2006-07-13,11.307374954223633
2006-07-14,11.307374954223633
2006-07-17,10.865628242492676
2006-07-18,10.951336860656738
2006-07-19,11.07660961151123
2006-07-20,10.91836929321289
2006-07-21,10.924967765808105
2006-07-24,10.924967765808105
2006-07-25,10.924967765808105
2006-07-26,10.430474281311035
2006-07-27,10.542557716369629
2006-07-28,10.931560516357422
2006-07-31,10.806286811828613
2006-08-01,10.806286811828613
2006-08-02,10.806286811828613
2006-08-03,10.997493743896484
2006-08-04,10.977710723876953
2006-08-07,10.865628242492676
2006-08-08,10.542557716369629
2006-08-09,10.549154281616211
2006-08-10,10.549154281616211
2006-08-11,10.410694122314453
2006-08-14,10.410694122314453
2006-08-15,10.41728687286377
2006-08-16,10.549154281616211
2006-08-17,10.437065124511719
2006-08-18,10.516186714172363
2006-08-21,10.516186714172363
2006-08-22,10.41728687286377
2006-08-23,10.41728687286377
2006-08-24,10.41728687286377
2006-08-25,10.226089477539062
2006-08-28,10.186521530151367
2006-08-29,10.186521530151367
2006-08-30,10.186521530151367
2006-08-31,10.107409477233887
2006-09-01,10.199710845947266
2006-09-05,10.219491958618164
2006-09-06,10.107409477233887
2006-09-07,10.054661750793457
2006-09-08,10.113999366760254
2006-09-11,10.113999366760254
2006-09-12,10.226089477539062
2006-09-13,10.226089477539062
2006-09-14,10.021699905395508
2006-09-15,9.8898286819458
2006-09-18,9.94916820526123
2006-09-19,9.9030179977417
2006-09-20,9.896424293518066
2006-09-21,10.041474342346191
2006-09-22,9.9030179977417
2006-09-25,9.935986518859863
2006-09-26,9.94916820526123
2006-09-27,9.94916820526123
2006-09-28,10.074440956115723
2006-09-29,10.074440956115723
2006-10-02,10.245862007141113
2006-10-03,10.245862007141113
2006-10-04,10.245862007141113
2006-10-05,10.199710845947266
2006-10-06,10.364540100097656
2006-10-09,10.364540100097656
2006-10-10,10.40410041809082
2006-10-11,10.48346996307373
2006-10-12,10.516542434692383
2006-10-13,10.42394733428955
2006-10-16,10.516542434692383
2006-10-17,10.42394733428955
2006-10-18,10.32473087310791
2006-10-19,9.80221176147461
2006-10-20,9.894811630249023
2006-10-23,9.894811630249023
2006-10-24,9.286308288574219
2006-10-25,9.822052001953125
2006-10-26,9.464890480041504
2006-10-27,9.425204277038574
2006-10-30,9.544259071350098
2006-10-31,9.656700134277344
2006-11-01,9.656700134277344
2006-11-02,9.590556144714355
2006-11-03,9.755912780761719
2006-11-06,9.497960090637207
2006-11-07,9.524415016174316
2006-11-08,9.458272933959961
2006-11-09,9.392130851745605
2006-11-10,9.392130851745605
2006-11-13,9.193707466125488
2006-11-14,9.359060287475586
2006-11-15,9.359060287475586
2006-11-16,9.359060287475586
2006-11-17,9.3259916305542
2006-11-20,9.319375038146973
2006-11-21,9.107721328735352
2006-11-22,9.173863410949707
2006-11-24,9.094493865966797
2006-11-27,9.127565383911133
2006-11-28,9.193707466125488
2006-11-29,9.226776123046875
2006-11-30,9.154022216796875
2006-12-01,9.154022216796875
2006-12-04,9.200321197509766
2006-12-05,9.140795707702637
2006-12-06,9.127565383911133
2006-12-07,9.206933975219727
2006-12-08,9.60378646850586
2006-12-11,9.590556144714355
2006-12-12,9.583943367004395
2006-12-13,9.597172737121582
2006-12-14,9.636855125427246
2006-12-15,9.48472785949707
2006-12-18,9.458272933959961
2006-12-19,9.537646293640137
2006-12-20,9.491344451904297
2006-12-21,9.590556144714355
2006-12-22,9.458272933959961
2006-12-26,9.590556144714355
2006-12-27,9.590556144714355
2006-12-28,10.086623191833496
2006-12-29,9.72945499420166
2007-01-03,9.438431739807129
2007-01-04,9.464890480041504
2007-01-05,9.425204277038574
2007-01-08,9.392130851745605
2007-01-09,9.564101219177246
2007-01-10,9.557462692260742
2007-01-11,9.424721717834473
2007-01-12,9.491092681884766
2007-01-16,9.650382995605469
2007-01-17,9.47781753540039
2007-01-18,9.623832702636719
2007-01-19,9.225605010986328
2007-01-22,9.232243537902832
2007-01-23,9.225605010986328
2007-01-24,9.232243537902832
2007-01-25,9.265432357788086
2007-01-26,9.265432357788086
2007-01-29,9.099502563476562
2007-01-30,8.382695198059082
2007-01-31,8.4623384475708
2007-02-01,8.4623384475708
2007-02-02,8.4623384475708
2007-02-05,8.336233139038086
2007-02-06,8.296408653259277
2007-02-07,8.296408653259277
2007-02-08,8.329591751098633
2007-02-09,8.296408653259277
2007-02-12,8.356142044067383
2007-02-13,8.283135414123535
2007-02-14,8.283135414123535
2007-02-15,8.283135414123535
2007-02-16,8.23004150390625
2007-02-20,8.263224601745605
2007-02-21,8.249953269958496
2007-02-22,8.296408653259277
2007-02-23,8.263224601745605
2007-02-26,8.176939010620117
2007-02-27,8.190213203430176
2007-02-28,8.190213203430176
2007-03-01,8.176939010620117
2007-03-02,8.110569953918457
2007-03-05,8.176939010620117
2007-03-06,8.157028198242188
2007-03-07,8.263224601745605
2007-03-08,8.183576583862305
2007-03-09,7.951279163360596
2007-03-12,7.944642543792725
2007-03-13,8.097294807434082
2007-03-14,7.957916259765625
2007-03-15,7.957916259765625
2007-03-16,8.123841285705566
2007-03-19,8.157028198242188
2007-03-20,8.23004150390625
2007-03-21,8.23004150390625
2007-03-22,8.23004150390625
2007-03-23,8.09066104888916
2007-03-26,8.09066104888916
2007-03-27,7.964552402496338
2007-03-28,7.659246444702148
2007-03-29,7.652605056762695
2007-03-30,7.871632099151611
2007-04-02,7.957916259765625
2007-04-03,7.918092250823975
2007-04-04,7.951279163360596
2007-04-05,7.798623085021973
2007-04-09,7.818534851074219
2007-04-10,7.725615501403809
2007-04-11,7.732283115386963
2007-04-12,7.792276382446289
2007-04-13,7.858933925628662
2007-04-16,7.738949775695801
2007-04-17,7.932255268096924
2007-04-18,7.672290802001953
2007-04-19,7.738949775695801
2007-04-20,7.998911380767822
2007-04-23,7.978915214538574
2007-04-24,7.82560396194458
2007-04-25,7.8122735023498535
2007-04-26,7.832268238067627
2007-04-27,7.932255268096924
2007-04-30,7.958919525146484
2007-05-01,7.90559196472168
2007-05-02,7.832268238067627
2007-05-03,7.832268238067627
2007-05-04,7.832268238067627
2007-05-07,7.87893009185791
2007-05-08,7.832268238067627
2007-05-09,7.832268238067627
2007-05-10,7.832268238067627
2007-05-11,7.832268238067627
2007-05-14,7.838935375213623
2007-05-15,7.832268238067627
2007-05-16,7.865598678588867
2007-05-17,7.832268238067627
2007-05-18,7.785610198974609
2007-05-21,7.898926258087158
2007-05-22,7.898926258087158
2007-05-23,7.898926258087158
2007-05-24,7.898926258087158
2007-05-25,7.898926258087158
2007-05-29,7.998911380767822
2007-05-30,7.945585250854492
2007-05-31,7.898926258087158
2007-06-01,7.90559196472168
2007-06-04,7.885595798492432
2007-06-05,7.898926258087158
2007-06-06,7.965582847595215
2007-06-07,7.90559196472168
2007-06-08,7.965582847595215
2007-06-11,7.9522528648376465
2007-06-12,7.898926258087158
2007-06-13,8.188885688781738
2007-06-14,8.328866004943848
2007-06-15,8.153891563415527
2007-06-18,7.999913692474365
2007-06-19,7.999913692474365
2007-06-20,7.999913692474365
2007-06-21,7.999913692474365
2007-06-22,8.188885688781738
2007-06-25,8.139892578125
2007-06-26,7.999913692474365
2007-06-27,7.901927471160889
2007-06-28,7.894929885864258
2007-06-29,8.01391315460205
2007-07-02,8.01391315460205
2007-07-03,8.048905372619629
2007-07-05,7.957920074462891
2007-07-06,7.460984706878662
2007-07-09,7.425992965698242
2007-07-10,7.432989120483398
2007-07-11,7.348604679107666
2007-07-12,7.341571807861328
2007-07-13,7.207961559295654
2007-07-16,7.222025394439697
2007-07-17,7.243120193481445
2007-07-18,7.067318916320801
2007-07-19,7.032156467437744
2007-07-20,6.856353282928467
2007-07-23,6.8633832931518555
2007-07-24,6.84932279586792
2007-07-25,6.856353282928467
2007-07-26,7.207961559295654
2007-07-27,7.327508926391602
2007-07-30,7.327508926391602
2007-07-31,7.327508926391602
2007-08-01,7.299376010894775
2007-08-02,7.299376010894775
2007-08-03,7.299376010894775
2007-08-06,7.285315990447998
2007-08-07,7.285315990447998
2007-08-08,7.482214450836182
2007-08-09,7.292346477508545
2007-08-10,7.411895275115967
2007-08-13,7.313442230224609
2007-08-14,7.313442230224609
2007-08-15,7.3204755783081055
2007-08-16,7.348604679107666
2007-08-17,7.411895275115967
2007-08-20,7.41892671585083
2007-08-21,7.73537540435791
2007-08-22,7.911178112030029
2007-08-23,8.086979866027832
2007-08-24,8.044787406921387
2007-08-27,8.016660690307617
2007-08-28,7.967431545257568
2007-08-29,7.988531589508057
2007-08-30,7.988531589508057
2007-08-31,8.276848793029785
2007-09-04,8.016660690307617
2007-09-05,7.967431545257568
2007-09-06,8.290912628173828
2007-09-07,7.897113800048828
2007-09-10,7.911178112030029
2007-09-11,7.911178112030029
2007-09-12,7.911178112030029
2007-09-13,7.911178112030029
2007-09-14,7.911178112030029
2007-09-17,7.876014709472656
2007-09-18,7.840853214263916
2007-09-19,7.791628837585449
2007-09-20,7.7986626625061035
2007-09-21,7.805695056915283
2007-09-24,7.805695056915283
2007-09-25,7.805695056915283
2007-09-26,7.805695056915283
2007-09-27,7.805695056915283
2007-09-28,7.791628837585449
2007-10-01,7.805695056915283
2007-10-02,7.805695056915283
2007-10-03,7.672084808349609
2007-10-04,7.672084808349609
2007-10-05,7.665050506591797
2007-10-08,7.665050506591797
2007-10-09,7.665050506591797
2007-10-10,7.672116279602051
2007-10-11,7.629725933074951
2007-10-12,7.629725933074951
2007-10-15,7.997086048126221
2007-10-16,7.7498250007629395
2007-10-17,7.7498250007629395
2007-10-18,7.283564567565918
2007-10-19,7.276498794555664
2007-10-22,7.467245578765869
2007-10-23,7.467245578765869
2007-10-24,7.361276149749756
2007-10-25,7.410728931427002
2007-10-26,7.248244285583496
2007-10-29,7.248244285583496
2007-10-30,7.241177082061768
2007-10-31,7.241177082061768
2007-11-01,7.241177082061768
2007-11-02,7.241177082061768
2007-11-05,7.121079921722412
2007-11-06,7.333014011383057
2007-11-07,7.248244285583496
2007-11-08,7.276498794555664
2007-11-09,7.064563751220703
2007-11-12,6.993919372558594
2007-11-13,6.993919372558594
2007-11-14,7.008049011230469
2007-11-15,6.993919372558594
2007-11-16,6.993919372558594
2007-11-19,6.887948989868164
2007-11-20,6.923271656036377
2007-11-21,6.923271656036377
2007-11-23,6.746657371520996
2007-11-26,6.5135273933410645
2007-11-27,6.50646448135376
2007-11-28,6.711334705352783
2007-11-29,6.358107566833496
2007-11-30,6.358107566833496
2007-12-03,5.828264236450195
2007-12-04,6.315720558166504
2007-12-05,6.358107566833496
2007-12-06,6.343979835510254
2007-12-07,6.280399322509766
2007-12-10,6.2733330726623535
2007-12-11,6.075524806976318
2007-12-12,6.082589149475098
2007-12-13,6.181494235992432
2007-12-14,5.842393398284912
2007-12-17,5.651651382446289
2007-12-18,5.503294944763184
2007-12-19,5.270163059234619
2007-12-20,5.26309871673584
2007-12-21,5.312551021575928
2007-12-24,5.47503662109375
2007-12-26,5.157132148742676
2007-12-27,5.376132011413574
2007-12-28,5.298422813415527
2007-12-31,6.004879474639893
2008-01-02,6.2026872634887695
2008-01-03,6.117911338806152
2008-01-04,6.238011360168457
2008-01-07,6.004879474639893
2008-01-08,5.7011027336120605
2008-01-09,6.04231595993042
2008-01-10,6.241356372833252
2008-01-11,6.397747039794922
2008-01-14,6.575462818145752
2008-01-15,6.04231595993042
2008-01-16,6.284008026123047
2008-01-17,6.035207271575928
2008-01-18,5.65134334564209
2008-01-22,5.65134334564209
2008-01-23,5.587364673614502
2008-01-24,5.722428798675537
2008-01-25,6.419071674346924
2008-01-28,6.1844892501831055
2008-01-29,5.786405563354492
2008-01-30,5.864601135253906
2008-01-31,5.864601135253906
2008-02-01,6.397747039794922
2008-02-04,6.284008026123047
2008-02-05,6.006773948669434
2008-02-06,5.864601135253906
2008-02-07,6.013881683349609
2008-02-08,5.814840793609619
2008-02-11,5.871708869934082
2008-02-12,5.900143146514893
2008-02-13,5.878817558288574
2008-02-14,5.878817558288574
2008-02-15,5.509171485900879
2008-02-19,5.39543342590332
2008-02-20,5.459409236907959
2008-02-21,5.331454753875732
2008-02-22,5.786405563354492
2008-02-25,5.4807353019714355
2008-02-26,5.679776191711426
2008-02-27,5.88592529296875
2008-02-28,5.750864505767822
2008-02-29,5.750864505767822
2008-03-03,5.76508092880249
2008-03-04,5.757970333099365
2008-03-05,5.580256462097168
2008-03-06,5.544713973999023
2008-03-07,5.509171485900879
2008-03-10,5.402541637420654
2008-03-11,5.686887264251709
2008-03-12,5.793513298034668
2008-03-13,5.388324737548828
2008-03-14,5.644233703613281
2008-03-17,5.793513298034668
2008-03-18,5.5162787437438965
2008-03-19,5.452301979064941
2008-03-20,5.487843990325928
2008-03-24,5.4807353019714355
2008-03-25,5.4807353019714355
2008-03-26,5.686887264251709
2008-03-27,5.509171485900879
2008-03-28,5.544713973999023
2008-03-31,5.580256462097168
2008-04-01,5.580256462097168
2008-04-02,5.438085556030273
2008-04-03,5.438085556030273
2008-04-04,5.438085556030273
2008-04-07,5.686887264251709
2008-04-08,5.494953155517578
2008-04-09,5.294614791870117
2008-04-10,5.545037746429443
2008-04-11,5.3947834968566895
2008-04-14,5.26599645614624
2008-04-15,5.330389976501465
2008-04-16,5.401939868927002
2008-04-17,5.366164207458496
2008-04-18,5.366164207458496
2008-04-21,5.366164207458496
2008-04-22,5.366164207458496
2008-04-23,5.509261608123779
2008-04-24,5.616586208343506
2008-04-25,5.688136100769043
2008-04-28,5.716754913330078
2008-04-29,5.716754913330078
2008-04-30,5.43771505355835
2008-05-01,5.401939868927002
2008-05-02,5.64520788192749
2008-05-05,5.64520788192749
2008-05-06,5.723911285400391
2008-05-07,5.366164207458496
2008-05-08,5.294614791870117
2008-05-09,5.294614791870117
2008-05-12,5.366164207458496
2008-05-13,5.545037746429443
2008-05-14,5.545037746429443
2008-05-15,5.545037746429443
2008-05-16,5.294614791870117
2008-05-19,5.366164207458496
2008-05-20,5.366164207458496
2008-05-21,5.52357292175293
2008-05-22,5.251688480377197
2008-05-23,5.251688480377197
2008-05-27,5.194447040557861
2008-05-28,5.194447040557861
2008-05-29,5.187292098999023
2008-05-30,5.187292098999023
2008-06-02,5.366164207458496
2008-06-03,5.366164207458496
2008-06-04,5.366164207458496
2008-06-05,5.366164207458496
2008-06-06,5.187292098999023
2008-06-09,5.187292098999023
2008-06-10,5.344700813293457
2008-06-11,5.364017963409424
2008-06-12,5.364017963409424
2008-06-13,5.333968639373779
2008-06-16,5.364017963409424
2008-06-17,5.3715314865112305
2008-06-18,5.3715314865112305
2008-06-19,5.258842468261719
2008-06-20,5.258842468261719
2008-06-23,5.168689250946045
2008-06-24,4.958336353302002
2008-06-25,4.973361492156982
2008-06-26,4.965848445892334
2008-06-27,4.868184566497803
2008-06-30,5.221280097961426
2008-07-01,4.778034210205078
2008-07-02,5.221280097961426
2008-07-03,5.221280097961426
2008-07-07,4.627779960632324
2008-07-08,4.755496501922607
2008-07-09,4.717635154724121
2008-07-10,5.179553508758545
2008-07-11,5.179553508758545
2008-07-14,5.179553508758545
2008-07-15,4.649482727050781
2008-07-16,5.073538303375244
2008-07-17,5.073538303375244
2008-07-18,5.073538303375244
2008-07-21,5.073538303375244
2008-07-22,5.073538303375244
2008-07-23,4.929662227630615
2008-07-24,4.634336948394775
2008-07-25,5.156834125518799
2008-07-28,4.997812747955322
2008-07-29,5.141690731048584
2008-07-30,4.770640850067139
2008-07-31,4.9145188331604
2008-08-01,4.92209005355835
2008-08-04,4.92209005355835
2008-08-05,4.581329345703125
2008-08-06,4.7327799797058105
2008-08-07,4.467742443084717
2008-08-08,4.800931453704834
2008-08-11,4.558612823486328
2008-08-12,4.490459442138672
2008-08-13,4.535894870758057
2008-08-14,4.92209005355835
2008-08-15,4.634336948394775
2008-08-18,4.543467044830322
2008-08-19,4.687346935272217
2008-08-20,4.687346935272217
2008-08-21,4.687346935272217
2008-08-22,4.687346935272217
2008-08-25,4.467742443084717
2008-08-26,4.467742443084717
2008-08-27,4.392019271850586
2008-08-28,4.270860195159912
2008-08-29,4.3390116691589355
2008-09-02,4.164844036102295
2008-09-03,4.543467044830322
2008-09-04,4.3541579246521
2008-09-05,4.3541579246521
2008-09-08,4.581329345703125
2008-09-09,4.581329345703125
2008-09-10,4.202707767486572
2008-09-11,4.172418594360352
2008-09-12,4.240569591522217
2008-09-15,4.164844036102295
2008-09-16,4.202707767486572
2008-09-17,4.126982688903809
2008-09-18,4.240569591522217
2008-09-19,3.861948251724243
2008-09-22,3.733217239379883
2008-09-23,3.937670946121216
2008-09-24,3.937670946121216
2008-09-25,4.134555816650391
2008-09-26,3.6726365089416504
2008-09-29,3.5741944313049316
2008-09-30,3.0289785861968994
2008-10-01,3.256152629852295
2008-10-02,3.3697385787963867
2008-10-03,3.066840410232544
2008-10-06,3.0289785861968994
2008-10-07,3.331876516342163
2008-10-08,3.3243038654327393
2008-10-09,2.127856731414795
2008-10-10,3.0289785861968994
2008-10-13,3.331876516342163
2008-10-14,3.4000284671783447
2008-10-15,2.991116523742676
2008-10-16,3.0289785861968994
2008-10-17,3.097130537033081
2008-10-20,3.1955714225769043
2008-10-21,3.1955714225769043
2008-10-22,3.1955714225769043
2008-10-23,3.0289785861968994
2008-10-24,3.0289785861968994
2008-10-27,3.0289785861968994
2008-10-28,2.7260797023773193
2008-10-29,2.839667558670044
2008-10-30,2.839667558670044
2008-10-31,3.0289785861968994
2008-11-03,3.0289785861968994
2008-11-04,3.248579978942871
2008-11-05,3.248579978942871
2008-11-06,3.331876516342163
2008-11-07,3.331876516342163
2008-11-10,3.066840410232544
2008-11-11,3.104703426361084
2008-11-12,3.0289785861968994
2008-11-13,3.0289785861968994
2008-11-14,3.0289785861968994
2008-11-17,3.0289785861968994
2008-11-18,3.0289785861968994
2008-11-19,2.9986894130706787
2008-11-20,2.9305367469787598
2008-11-21,2.824522018432617
2008-11-24,3.021406888961792
2008-11-25,3.5817673206329346
2008-11-26,3.589339256286621
2008-11-28,3.6726365089416504
2008-12-01,3.5439047813415527
2008-12-02,3.2031445503234863
2008-12-03,3.2031445503234863
2008-12-04,3.331876516342163
2008-12-05,3.4076008796691895
2008-12-08,3.3167307376861572
2008-12-09,3.521186590194702
2008-12-10,3.1804277896881104
2008-12-11,3.0744125843048096
2008-12-12,3.2940142154693604
2008-12-15,3.2940142154693604
2008-12-16,3.1425647735595703
2008-12-17,3.1425647735595703
2008-12-18,2.8775298595428467
2008-12-19,2.839667558670044
2008-12-22,2.839667558670044
2008-12-23,3.0289785861968994
2008-12-24,2.9986894130706787
2008-12-26,2.7487993240356445
2008-12-29,2.839667558670044
2008-12-30,2.7639427185058594
2008-12-31,2.953254461288452
2009-01-02,2.953254461288452
2009-01-05,2.953254461288452
2009-01-06,2.953254461288452
2009-01-07,2.953254461288452
2009-01-08,2.953254461288452
2009-01-09,2.953254461288452
2009-01-12,2.953254461288452
2009-01-13,2.5746302604675293
2009-01-14,2.6427838802337646
2009-01-15,2.6427838802337646
2009-01-16,2.6200664043426514
2009-01-20,2.5746302604675293
2009-01-21,2.5746302604675293
2009-01-22,2.7942326068878174
2009-01-23,2.7639427185058594
2009-01-26,2.4459009170532227
2009-01-27,2.612494707107544
2009-01-28,2.612494707107544
2009-01-29,2.5216243267059326
2009-01-30,2.5216243267059326
2009-02-02,2.6655001640319824
2009-02-03,2.650355577468872
2009-02-04,2.650355577468872
2009-02-05,2.6427838802337646
2009-02-06,2.6352105140686035
2009-02-09,2.650355577468872
2009-02-10,2.7715158462524414
2009-02-11,2.703364133834839
2009-02-12,2.6806464195251465
2009-02-13,2.6806464195251465
2009-02-17,2.6806464195251465
2009-02-18,2.6806464195251465
2009-02-19,2.5746302604675293
2009-02-20,2.4383275508880615
2009-02-23,2.650355577468872
2009-02-24,2.5746302604675293
2009-02-25,2.5746302604675293
2009-02-26,2.453472375869751
2009-02-27,2.498906373977661
2009-03-02,2.4610447883605957
2009-03-03,2.498906373977661
2009-03-04,2.498906373977661
2009-03-05,2.612494707107544
2009-03-06,2.0824220180511475
2009-03-09,2.241443634033203
2009-03-10,2.347458839416504
2009-03-11,2.3095948696136475
2009-03-12,2.2717339992523193
2009-03-13,2.1202852725982666
2009-03-16,2.2717339992523193
2009-03-17,2.2717339992523193
2009-03-18,2.2717339992523193
2009-03-19,2.2717339992523193
2009-03-20,2.2717339992523193
2009-03-23,2.2717339992523193
2009-03-24,2.2717339992523193
2009-03-25,2.339885711669922
2009-03-26,2.2641611099243164
2009-03-27,2.3323140144348145
2009-03-30,2.3323140144348145
2009-03-31,2.4156105518341064
2009-04-01,2.453472375869751
2009-04-02,2.453472375869751
2009-04-03,2.339885711669922
2009-04-06,2.2717339992523193
2009-04-07,2.2717339992523193
2009-04-08,2.339885711669922
2009-04-09,2.6427838802337646
2009-04-13,2.7185075283050537
2009-04-14,2.839667558670044
2009-04-15,2.612494707107544
2009-04-16,2.892674207687378
2009-04-17,2.892674207687378
2009-04-20,2.892674207687378
2009-04-21,2.892674207687378
2009-04-22,2.991116523742676
2009-04-23,2.8472397327423096
2009-04-24,2.832094430923462
2009-04-27,2.824522018432617
2009-04-28,2.7639427185058594
2009-04-29,2.839667558670044
2009-04-30,2.7639427185058594
2009-05-01,2.839667558670044
2009-05-04,2.839667558670044
2009-05-05,2.832094430923462
2009-05-06,2.839667558670044
2009-05-07,2.7639427185058594
2009-05-08,2.839667558670044
2009-05-11,2.839667558670044
2009-05-12,2.832094430923462
2009-05-13,2.832094430923462
2009-05-14,2.801804304122925
2009-05-15,2.839667558670044
2009-05-18,2.839667558670044
2009-05-19,2.839667558670044
2009-05-20,2.839667558670044
2009-05-21,2.839667558670044
2009-05-22,2.7639427185058594
2009-05-26,2.7639427185058594
2009-05-27,2.7790873050689697
2009-05-28,2.801804304122925
2009-05-29,2.953254461288452
2009-06-01,2.832094430923462
2009-06-02,2.832094430923462
2009-06-03,2.832094430923462
2009-06-04,2.839667558670044
2009-06-05,2.839667558670044
2009-06-08,2.90024733543396
2009-06-09,2.8775298595428467
2009-06-10,2.953254461288452
2009-06-11,2.839667558670044
2009-06-12,3.0289785861968994
2009-06-15,3.0289785861968994
2009-06-16,2.839667558670044
2009-06-17,2.839667558670044
2009-06-18,2.801804304122925
2009-06-19,2.9153928756713867
2009-06-22,2.9153928756713867
2009-06-23,2.703364133834839
2009-06-24,2.5367696285247803
2009-06-25,2.37017560005188
2009-06-26,2.6200664043426514
2009-06-29,2.650355577468872
2009-06-30,2.688218593597412
2009-07-01,2.423182964324951
2009-07-02,2.688218593597412
2009-07-06,2.688218593597412
2009-07-07,2.688218593597412
2009-07-08,2.5746302604675293
2009-07-09,2.498906373977661
2009-07-10,2.4080374240875244
2009-07-13,2.612494707107544
2009-07-14,2.385319948196411
2009-07-15,2.650355577468872
2009-07-16,2.688218593597412
2009-07-17,2.688218593597412
2009-07-20,2.5822031497955322
2009-07-21,2.688218593597412
2009-07-22,2.650355577468872
2009-07-23,2.650355577468872
2009-07-24,2.9078195095062256
2009-07-27,3.2031445503234863
2009-07-28,3.256152629852295
2009-07-29,3.331876516342163
2009-07-30,3.3167307376861572
2009-07-31,3.2182891368865967
2009-08-03,3.1804277896881104
2009-08-04,3.1804277896881104
2009-08-05,3.2182891368865967
2009-08-06,3.3697385787963867
2009-08-07,3.2940142154693604
2009-08-10,3.2940142154693604
2009-08-11,3.2940142154693604
2009-08-12,3.256152629852295
2009-08-13,3.256152629852295
2009-08-14,3.248579978942871
2009-08-17,3.256152629852295
2009-08-18,3.2182891368865967
2009-08-19,3.2182891368865967
2009-08-20,3.104703426361084
2009-08-21,3.2334346771240234
2009-08-24,3.188000440597534
2009-08-25,3.210716485977173
2009-08-26,3.2182891368865967
2009-08-27,3.2182891368865967
2009-08-28,3.2182891368865967
2009-08-31,3.2182891368865967
2009-09-01,3.2182891368865967
2009-09-02,3.2182891368865967
2009-09-03,3.256152629852295
2009-09-04,3.165282964706421
2009-09-08,3.1425647735595703
2009-09-09,3.1955714225769043
2009-09-10,3.036550998687744
2009-09-11,3.2182891368865967
2009-09-14,3.2182891368865967
2009-09-15,3.2182891368865967
2009-09-16,3.1804277896881104
2009-09-17,3.1804277896881104
2009-09-18,3.248579978942871
2009-09-21,3.066840410232544
2009-09-22,3.066840410232544
2009-09-23,3.066840410232544
2009-09-24,3.1349921226501465
2009-09-25,3.241006374359131
2009-09-28,3.241006374359131
2009-09-29,3.1425647735595703
2009-09-30,3.1804277896881104
2009-10-01,3.1804277896881104
2009-10-02,3.1425647735595703
2009-10-05,3.1425647735595703
2009-10-06,3.1425647735595703
2009-10-07,3.1349921226501465
2009-10-08,3.1425647735595703
2009-10-09,3.1425647735595703
2009-10-12,3.1804277896881104
2009-10-13,3.051694869995117
2009-10-14,3.104703426361084
2009-10-15,3.165282964706421
2009-10-16,3.1728549003601074
2009-10-19,3.1425647735595703
2009-10-20,3.1728549003601074
2009-10-21,3.104703426361084
2009-10-22,3.104703426361084
2009-10-23,3.104703426361084
2009-10-26,3.104703426361084
2009-10-27,3.4000284671783447
2009-10-28,3.256152629852295
2009-10-29,3.1804277896881104
2009-10-30,3.1804277896881104
2009-11-02,3.1804277896881104
2009-11-03,3.1804277896881104
2009-11-04,3.1804277896881104
2009-11-05,3.1804277896881104
2009-11-06,3.1804277896881104
2009-11-09,3.1804277896881104
2009-11-10,3.1728549003601074
2009-11-11,3.1425647735595703
2009-11-12,3.1804277896881104
2009-11-13,3.1804277896881104
2009-11-16,3.1728549003601074
2009-11-17,3.165282964706421
2009-11-18,3.1425647735595703
2009-11-19,2.9986894130706787
2009-11-20,3.0895583629608154
2009-11-23,3.0895583629608154
2009-11-24,3.097130537033081
2009-11-25,3.066840410232544
2009-11-27,3.104703426361084
2009-11-30,2.9986894130706787
2009-12-01,3.097130537033081
2009-12-02,3.104703426361084
2009-12-03,3.051694869995117
2009-12-04,3.104703426361084
2009-12-07,3.104703426361084
2009-12-08,3.104703426361084
2009-12-09,3.1425647735595703
2009-12-10,3.01383376121521
2009-12-11,3.104703426361084
2009-12-14,3.12742018699646
2009-12-15,3.066840410232544
2009-12-16,3.104703426361084
2009-12-17,3.097130537033081
2009-12-18,2.991116523742676
2009-12-21,3.066840410232544
2009-12-22,3.066840410232544
2009-12-23,3.12742018699646
2009-12-24,3.12742018699646
2009-12-28,3.0289785861968994
2009-12-29,3.044123411178589
2009-12-30,3.066840410232544
2009-12-31,3.044123411178589
2010-01-04,3.044123411178589
2010-01-05,3.0289785861968994
2010-01-06,3.044123411178589
2010-01-07,3.044123411178589
2010-01-08,3.044123411178589
2010-01-11,3.0289785861968994
2010-01-12,3.044123411178589
2010-01-13,2.9835426807403564
2010-01-14,3.0289785861968994
2010-01-15,3.0289785861968994
2010-01-19,3.044123411178589
2010-01-20,3.104703426361084
2010-01-21,3.104703426361084
2010-01-22,3.051694869995117
2010-01-25,3.0289785861968994
2010-01-26,3.051694869995117
2010-01-27,3.104703426361084
2010-01-28,3.059267997741699
2010-01-29,3.0289785861968994
2010-02-01,3.0289785861968994
2010-02-02,3.01383376121521
2010-02-03,3.104703426361084
2010-02-04,3.157710075378418
2010-02-05,3.2182891368865967
2010-02-08,3.2031445503234863
2010-02-09,3.104703426361084
2010-02-10,3.104703426361084
2010-02-11,3.12742018699646
2010-02-12,3.1501364707946777
2010-02-16,3.1349921226501465
2010-02-17,3.1349921226501465
2010-02-18,3.104703426361084
2010-02-19,3.1425647735595703
2010-02-22,3.1804277896881104
2010-02-23,3.1804277896881104
2010-02-24,3.1804277896881104
2010-02-25,3.256152629852295
2010-02-26,3.1425647735595703
2010-03-01,3.1425647735595703
2010-03-02,3.4076008796691895
2010-03-03,3.5287601947784424
2010-03-04,3.596911668777466
2010-03-05,3.3773107528686523
2010-03-08,3.3470213413238525
2010-03-09,3.445462703704834
2010-03-10,3.627202033996582
2010-03-11,3.6347732543945312
2010-03-12,3.6347732543945312
2010-03-15,3.6347732543945312
2010-03-16,3.445462703704834
2010-03-17,4.0133957862854
2010-03-18,4.081549167633057
2010-03-19,4.164844036102295
2010-03-22,3.824084758758545
2010-03-23,3.786224126815796
2010-03-24,3.861948251724243
2010-03-25,3.7180702686309814
2010-03-26,4.0133957862854
2010-03-29,4.0133957862854
2010-03-30,3.9679622650146484
2010-03-31,4.005825519561768
2010-04-01,3.937670946121216
2010-04-05,4.142127990722656
2010-04-06,3.824084758758545
2010-04-07,3.861948251724243
2010-04-08,4.202707767486572
2010-04-09,4.164844036102295
2010-04-12,4.202707767486572
2010-04-13,4.202707767486572
2010-04-14,4.210280418395996
2010-04-15,4.164844036102295
2010-04-16,4.240569591522217
2010-04-19,4.263288497924805
2010-04-20,4.263288497924805
2010-04-21,4.240569591522217
2010-04-22,4.089120388031006
2010-04-23,4.104264736175537
2010-04-26,4.210280418395996
2010-04-27,4.210280418395996
2010-04-28,4.232998847961426
2010-04-29,4.1496992111206055
2010-04-30,4.157272815704346
2010-05-03,4.157272815704346
2010-05-04,4.126982688903809
2010-05-05,4.172418594360352
2010-05-06,4.164844036102295
2010-05-07,3.983105182647705
2010-05-10,3.937670946121216
2010-05-11,3.99068021774292
2010-05-12,4.028539657592773
2010-05-13,4.020969390869141
2010-05-14,4.020969390869141
2010-05-17,3.9755337238311768
2010-05-18,3.9528164863586426
2010-05-19,4.0133957862854
2010-05-20,4.0133957862854
2010-05-21,3.9755337238311768
2010-05-24,3.9755337238311768
2010-05-25,3.937670946121216
2010-05-26,3.9755337238311768
2010-05-27,4.058830738067627
2010-05-28,4.1496992111206055
2010-06-01,4.1496992111206055
2010-06-02,4.210280418395996
2010-06-03,4.210280418395996
2010-06-04,4.210280418395996
2010-06-07,4.164844036102295
2010-06-08,4.142127990722656
2010-06-09,3.861948251724243
2010-06-10,3.9149560928344727
2010-06-11,4.111837863922119
2010-06-14,3.824084758758545
2010-06-15,3.824084758758545
2010-06-16,3.816511869430542
2010-06-17,4.111837863922119
2010-06-18,4.089120388031006
2010-06-21,4.089120388031006
2010-06-22,4.089120388031006
2010-06-23,3.861948251724243
2010-06-24,3.998250961303711
2010-06-25,4.028539657592773
2010-06-28,4.0133957862854
2010-06-29,4.0512590408325195
2010-06-30,4.0512590408325195
2010-07-01,4.0512590408325195
2010-07-02,3.824084758758545
2010-07-06,3.824084758758545
2010-07-07,3.786224126815796
2010-07-08,3.657491683959961
2010-07-09,3.786224126815796
2010-07-12,3.786224126815796
2010-07-13,3.9679622650146484
2010-07-14,3.960390567779541
2010-07-15,3.9755337238311768
2010-07-16,3.9528164863586426
2010-07-19,3.930098295211792
2010-07-20,3.9679622650146484
2010-07-21,3.9755337238311768
2010-07-22,3.8316571712493896
2010-07-23,3.8998095989227295
2010-07-26,3.861948251724243
2010-07-27,3.937670946121216
2010-07-28,3.7180702686309814
2010-07-29,3.854375123977661
2010-07-30,3.9755337238311768
2010-08-02,4.066404819488525
2010-08-03,4.2784318923950195
2010-08-04,4.172418594360352
2010-08-05,4.30872106552124
2010-08-06,4.30872106552124
2010-08-09,4.2784318923950195
2010-08-10,4.263288497924805
2010-08-11,4.263288497924805
2010-08-12,4.316293239593506
2010-08-13,4.316293239593506
2010-08-16,4.217852592468262
2010-08-17,4.217852592468262
2010-08-18,4.240569591522217
2010-08-19,4.240569591522217
2010-08-20,4.164844036102295
2010-08-23,4.157272815704346
2010-08-24,4.157272815704346
2010-08-25,4.142127990722656
2010-08-26,4.081549167633057
2010-08-27,4.0133957862854
2010-08-30,4.164844036102295
2010-08-31,4.126982688903809
2010-09-01,4.164844036102295
2010-09-02,4.0966949462890625
2010-09-03,4.142127990722656
2010-09-07,4.081549167633057
2010-09-08,3.8998095989227295
2010-09-09,3.861948251724243
2010-09-10,4.119410514831543
2010-09-13,4.0512590408325195
2010-09-14,3.907381534576416
2010-09-15,3.960390567779541
2010-09-16,3.907381534576416
2010-09-17,3.9755337238311768
2010-09-20,3.8998095989227295
2010-09-21,4.073976039886475
2010-09-22,4.0133957862854
2010-09-23,4.0133957862854
2010-09-24,4.0512590408325195
2010-09-27,4.0512590408325195
2010-09-28,3.937670946121216
2010-09-29,3.937670946121216
2010-09-30,3.9755337238311768
2010-10-01,3.9755337238311768
2010-10-04,4.1496992111206055
2010-10-05,4.089120388031006
2010-10-06,3.937670946121216
2010-10-07,4.225424289703369
2010-10-08,4.179990768432617
2010-10-11,4.164844036102295
2010-10-12,4.164844036102295
2010-10-13,4.505605220794678
2010-10-14,4.392019271850586
2010-10-15,4.255714416503906
2010-10-18,4.30872106552124
2010-10-19,4.3541579246521
2010-10-20,4.316293239593506
2010-10-21,4.32386589050293
2010-10-22,4.4298810958862305
2010-10-25,4.3541579246521
2010-10-26,4.4298810958862305
2010-10-27,4.3541579246521
2010-10-28,4.392019271850586
2010-10-29,4.3541579246521
2010-11-01,4.3541579246521
2010-11-02,4.3541579246521
2010-11-03,4.3541579246521
2010-11-04,4.4298810958862305
2010-11-05,4.467742443084717
2010-11-08,4.467742443084717
2010-11-09,4.467742443084717
2010-11-10,4.467742443084717
2010-11-11,4.37687349319458
2010-11-12,4.3541579246521
2010-11-15,4.392019271850586
2010-11-16,4.3541579246521
2010-11-17,4.316293239593506
2010-11-18,4.331437587738037
2010-11-19,4.240569591522217
2010-11-22,4.286004543304443
2010-11-23,4.210280418395996
2010-11-24,4.172418594360352
2010-11-26,4.172418594360352
2010-11-29,4.089120388031006
2010-11-30,4.316293239593506
2010-12-01,4.316293239593506
2010-12-02,4.316293239593506
2010-12-03,4.392019271850586
2010-12-06,4.392019271850586
2010-12-07,4.4298810958862305
2010-12-08,4.4298810958862305
2010-12-09,4.467742443084717
2010-12-10,4.505605220794678
2010-12-13,4.528322219848633
2010-12-14,4.528322219848633
2010-12-15,4.535894870758057
2010-12-16,4.543467044830322
2010-12-17,4.543467044830322
2010-12-20,4.543467044830322
2010-12-21,4.619190692901611
2010-12-22,4.619190692901611
2010-12-23,4.619190692901611
2010-12-27,4.619190692901611
2010-12-28,4.581329345703125
2010-12-29,4.581329345703125
2010-12-30,4.581329345703125
2010-12-31,4.581329345703125
2011-01-03,4.619190692901611
2011-01-04,4.725207328796387
2011-01-05,4.7327799797058105
2011-01-06,4.7327799797058105
2011-01-07,4.619190692901611
2011-01-10,4.763067245483398
2011-01-11,4.6116204261779785
2011-01-12,4.85393762588501
2011-01-13,4.9145188331604
2011-01-14,4.891800880432129
2011-01-18,4.891800880432129
2011-01-19,4.846365928649902
2011-01-20,4.861510276794434
2011-01-21,4.92209005355835
2011-01-24,4.9145188331604
2011-01-25,4.8842291831970215
2011-01-26,4.997812747955322
2011-01-27,4.982670307159424
2011-01-28,4.982670307159424
2011-01-31,4.959950923919678
2011-02-01,5.452160358428955
2011-02-02,4.959950923919678
2011-02-03,5.058392524719238
2011-02-04,5.058392524719238
2011-02-07,4.959950923919678
2011-02-08,4.959950923919678
2011-02-09,4.959950923919678
2011-02-10,4.96752405166626
2011-02-11,4.96752405166626
2011-02-14,4.952378749847412
2011-02-15,4.975097179412842
2011-02-16,4.9145188331604
2011-02-17,4.9145188331604
2011-02-18,5.103826522827148
2011-02-22,5.103826522827148
2011-02-23,4.9145188331604
2011-02-24,5.050820827484131
2011-02-25,5.050820827484131
2011-02-28,5.179553508758545
2011-03-01,5.073538303375244
2011-03-02,5.073538303375244
2011-03-03,4.959950923919678
2011-03-04,4.959950923919678
2011-03-07,5.414299488067627
2011-03-08,5.2628493309021
2011-03-09,5.414299488067627
2011-03-10,5.376436233520508
2011-03-11,5.376436233520508
2011-03-14,5.300711154937744
2011-03-15,5.255276203155518
2011-03-16,5.2628493309021
2011-03-17,5.2628493309021
2011-03-18,5.2628493309021
2011-03-21,5.2628493309021
2011-03-22,5.2628493309021
2011-03-23,5.2249884605407715
2011-03-24,5.2628493309021
2011-03-25,5.2628493309021
2011-03-28,5.2628493309021
2011-03-29,5.2628493309021
2011-03-30,5.247704029083252
2011-03-31,5.2628493309021
2011-04-01,5.2628493309021
2011-04-04,5.2628493309021
2011-04-05,4.997812747955322
2011-04-06,4.997812747955322
2011-04-07,5.081112384796143
2011-04-08,5.187124729156494
2011-04-11,5.277994155883789
2011-04-12,5.2628493309021
2011-04-13,5.2249884605407715
2011-04-14,5.2249884605407715
2011-04-15,5.255276203155518
2011-04-18,5.255276203155518
2011-04-19,5.187124729156494
2011-04-20,5.187124729156494
2011-04-21,5.209843158721924
2011-04-25,5.217415809631348
2011-04-26,5.217415809631348
2011-04-27,5.217415809631348
2011-04-28,5.217415809631348
2011-04-29,5.217415809631348
2011-05-02,5.217415809631348
2011-05-03,5.118973255157471
2011-05-04,5.1644062995910645
2011-05-05,5.187124729156494
2011-05-06,5.187124729156494
2011-05-09,5.187124729156494
2011-05-10,5.187124729156494
2011-05-11,5.1114020347595215
2011-05-12,5.1114020347595215
2011-05-13,5.058392524719238
2011-05-16,4.997812747955322
2011-05-17,5.020532131195068
2011-05-18,5.103826522827148
2011-05-19,5.081112384796143
2011-05-20,5.073538303375244
2011-05-23,4.906944274902344
2011-05-24,4.997812747955322
2011-05-25,5.058392524719238
2011-05-26,5.043247699737549
2011-05-27,5.0659661293029785
2011-05-31,4.92209005355835
2011-06-01,5.0659661293029785
2011-06-02,5.096256256103516
2011-06-03,5.118973255157471
2011-06-06,5.118973255157471
2011-06-07,5.2249884605407715
2011-06-08,5.300711154937744
2011-06-09,5.2249884605407715
2011-06-10,5.217415809631348
2011-06-13,5.187124729156494
2011-06-14,5.149260520935059
2011-06-15,5.088683605194092
2011-06-16,5.187124729156494
2011-06-17,5.194698333740234
2011-06-20,5.1644062995910645
2011-06-21,5.118973255157471
2011-06-22,5.073538303375244
2011-06-23,5.179553508758545
2011-06-24,5.179553508758545
2011-06-27,5.1114020347595215
2011-06-28,5.134118556976318
2011-06-29,5.1114020347595215
2011-06-30,5.141690731048584
2011-07-01,5.073538303375244
2011-07-05,5.073538303375244
2011-07-06,5.1114020347595215
2011-07-07,5.141690731048584
2011-07-08,5.1114020347595215
2011-07-11,5.118973255157471
2011-07-12,5.081112384796143
2011-07-13,5.096256256103516
2011-07-14,5.012959957122803
2011-07-15,5.073538303375244
2011-07-18,5.141690731048584
2011-07-19,5.141690731048584
2011-07-20,5.096256256103516
2011-07-21,5.096256256103516
2011-07-22,5.012959957122803
2011-07-25,5.1114020347595215
2011-07-26,5.073538303375244
2011-07-27,5.073538303375244
2011-07-28,5.005387783050537
2011-07-29,5.012959957122803
2011-08-01,5.096256256103516
2011-08-02,5.073538303375244
2011-08-03,5.096256256103516
2011-08-04,5.103826522827148
2011-08-05,5.1114020347595215
2011-08-08,4.997812747955322
2011-08-09,4.982670307159424
2011-08-10,5.0659661293029785
2011-08-11,4.997812747955322
2011-08-12,5.103826522827148
2011-08-15,5.096256256103516
2011-08-16,4.997812747955322
2011-08-17,5.035675525665283
2011-08-18,4.982670307159424
2011-08-19,4.959950923919678
2011-08-22,4.959950923919678
2011-08-23,4.906944274902344
2011-08-24,5.073538303375244
2011-08-25,4.944807529449463
2011-08-26,4.959950923919678
2011-08-29,4.846365928649902
2011-08-30,4.9145188331604
2011-08-31,5.020532131195068
2011-09-01,4.92209005355835
2011-09-02,4.8842291831970215
2011-09-06,4.990241527557373
2011-09-07,4.92209005355835
2011-09-08,4.861510276794434
2011-09-09,4.906944274902344
2011-09-12,4.816074848175049
2011-09-13,4.997812747955322
2011-09-14,4.997812747955322
2011-09-15,4.997812747955322
2011-09-16,4.8842291831970215
2011-09-19,4.997812747955322
2011-09-20,4.92209005355835
2011-09-21,4.92209005355835
2011-09-22,4.997812747955322
2011-09-23,5.035675525665283
2011-09-26,4.982670307159424
2011-09-27,4.959950923919678
2011-09-28,4.959950923919678
2011-09-29,4.937235355377197
2011-09-30,5.035675525665283
2011-10-03,5.035675525665283
2011-10-04,5.118973255157471
2011-10-05,5.118973255157471
2011-10-06,4.96752405166626
2011-10-07,4.92209005355835
2011-10-10,4.92209005355835
2011-10-11,4.92209005355835
2011-10-12,4.92209005355835
2011-10-13,4.997812747955322
2011-10-14,4.997812747955322
2011-10-17,4.997812747955322
2011-10-18,4.929662227630615
2011-10-19,4.997812747955322
2011-10-20,4.997812747955322
2011-10-21,4.997812747955322
2011-10-24,4.997812747955322
2011-10-25,4.997812747955322
2011-10-26,4.997812747955322
2011-10-27,4.92209005355835
2011-10-28,4.846365928649902
2011-10-31,4.846365928649902
2011-11-01,4.846365928649902
2011-11-02,4.740350246429443
2011-11-03,4.7327799797058105
2011-11-04,4.846365928649902
2011-11-07,4.846365928649902
2011-11-08,4.846365928649902
2011-11-09,4.846365928649902
2011-11-10,4.846365928649902
2011-11-11,4.846365928649902
2011-11-14,4.846365928649902
2011-11-15,4.906944274902344
2011-11-16,4.846365928649902
2011-11-17,4.846365928649902
2011-11-18,4.838794231414795
2011-11-21,4.838794231414795
2011-11-22,4.838794231414795
2011-11-23,4.8085036277771
2011-11-25,4.92209005355835
2011-11-28,4.770640850067139
2011-11-29,4.755496501922607
2011-11-30,4.755496501922607
2011-12-01,4.846365928649902
2011-12-02,4.846365928649902
2011-12-05,4.8236494064331055
2011-12-06,4.8085036277771
2011-12-07,4.846365928649902
2011-12-08,4.846365928649902
2011-12-09,4.846365928649902
2011-12-12,4.846365928649902
2011-12-13,4.846365928649902
2011-12-14,4.793358325958252
2011-12-15,4.793358325958252
2011-12-16,4.8085036277771
2011-12-19,4.770640850067139
2011-12-20,4.770640850067139
2011-12-21,4.770640850067139
2011-12-22,4.770640850067139
2011-12-23,4.846365928649902
2011-12-27,4.846365928649902
2011-12-28,4.846365928649902
2011-12-29,4.846365928649902
2011-12-30,4.846365928649902
2012-01-03,4.846365928649902
2012-01-04,4.838794231414795
2012-01-05,4.8085036277771
2012-01-06,4.8085036277771
2012-01-09,4.8085036277771
2012-01-10,4.8085036277771
2012-01-11,4.8085036277771
2012-01-12,4.8085036277771
2012-01-13,4.8085036277771
2012-01-17,4.8085036277771
2012-01-18,4.8085036277771
2012-01-19,4.8085036277771
2012-01-20,4.770640850067139
2012-01-23,4.770640850067139
2012-01-24,4.770640850067139
2012-01-25,4.770640850067139
2012-01-26,4.8085036277771
2012-01-27,4.8085036277771
2012-01-30,4.8085036277771
2012-01-31,4.694917678833008
2012-02-01,4.657055377960205
2012-02-02,4.657055377960205
2012-02-03,4.657055377960205
2012-02-06,4.558612823486328
2012-02-07,4.543467044830322
2012-02-08,4.543467044830322
2012-02-09,4.543467044830322
2012-02-10,4.543467044830322
2012-02-13,4.543467044830322
2012-02-14,4.543467044830322
2012-02-15,4.543467044830322
2012-02-16,4.679771423339844
2012-02-17,4.6116204261779785
2012-02-21,4.672199249267578
2012-02-22,4.664628028869629
2012-02-23,4.694917678833008
2012-02-24,4.694917678833008
2012-02-27,4.619190692901611
2012-02-28,4.543467044830322
2012-02-29,4.7327799797058105
2012-03-01,4.7327799797058105
2012-03-02,4.793358325958252
2012-03-05,4.793358325958252
2012-03-06,4.793358325958252
2012-03-07,4.763067245483398
2012-03-08,4.528322219848633
2012-03-09,4.543467044830322
2012-03-12,4.581329345703125
2012-03-13,4.619190692901611
2012-03-14,4.664628028869629
2012-03-15,4.694917678833008
2012-03-16,4.710061550140381
2012-03-19,4.694917678833008
2012-03-20,4.694917678833008
2012-03-21,4.770640850067139
2012-03-22,4.755496501922607
2012-03-23,4.755496501922607
2012-03-26,4.7327799797058105
2012-03-27,4.7327799797058105
2012-03-28,4.725207328796387
2012-03-29,4.717635154724121
2012-03-30,4.725207328796387
2012-04-02,4.710061550140381
2012-04-03,4.7327799797058105
2012-04-04,4.679771423339844
2012-04-05,4.649482727050781
2012-04-09,4.649482727050781
2012-04-10,4.634336948394775
2012-04-11,4.634336948394775
2012-04-12,4.657055377960205
2012-04-13,4.581329345703125
2012-04-16,4.619190692901611
2012-04-17,4.619190692901611
2012-04-18,4.657055377960205
2012-04-19,4.657055377960205
2012-04-20,4.657055377960205
2012-04-23,4.657055377960205
2012-04-24,4.694917678833008
2012-04-25,4.7327799797058105
2012-04-26,4.6116204261779785
2012-04-27,4.694917678833008
2012-04-30,4.687346935272217
2012-05-01,4.687346935272217
2012-05-02,4.619190692901611
2012-05-03,4.7327799797058105
2012-05-04,4.725207328796387
2012-05-07,4.725207328796387
2012-05-08,4.619190692901611
2012-05-09,4.581329345703125
2012-05-10,4.702489376068115
2012-05-11,4.7327799797058105
2012-05-14,4.725207328796387
2012-05-15,4.6116204261779785
2012-05-16,4.558612823486328
2012-05-17,4.657055377960205
2012-05-18,4.694917678833008
2012-05-21,4.694917678833008
2012-05-22,4.657055377960205
2012-05-23,4.672199249267578
2012-05-24,4.687346935272217
2012-05-25,4.543467044830322
2012-05-29,4.679771423339844
2012-05-30,4.641910076141357
2012-05-31,4.641910076141357
2012-06-01,4.6116204261779785
2012-06-04,4.551039695739746
2012-06-05,4.551039695739746
2012-06-06,4.558612823486328
2012-06-07,4.604049205780029
2012-06-08,4.543467044830322
2012-06-11,4.535894870758057
2012-06-12,4.596474647521973
2012-06-13,4.543467044830322
2012-06-14,4.596474647521973
2012-06-15,4.482887268066406
2012-06-18,4.505605220794678
2012-06-19,4.535894870758057
2012-06-20,4.535894870758057
2012-06-21,4.535894870758057
2012-06-22,4.5661845207214355
2012-06-25,4.535894870758057
2012-06-26,4.543467044830322
2012-06-27,4.551039695739746
2012-06-28,4.543467044830322
2012-06-29,4.543467044830322
2012-07-02,4.543467044830322
2012-07-03,4.604049205780029
2012-07-05,4.604049205780029
2012-07-06,4.543467044830322
2012-07-09,4.5661845207214355
2012-07-10,4.5661845207214355
2012-07-11,4.543467044830322
2012-07-12,4.558612823486328
2012-07-13,4.475315093994141
2012-07-16,4.551039695739746
2012-07-17,4.543467044830322
2012-07-18,4.543467044830322
2012-07-19,4.5661845207214355
2012-07-20,4.5661845207214355
2012-07-23,4.475315093994141
2012-07-24,4.558612823486328
2012-07-25,4.558612823486328
2012-07-26,4.528322219848633
2012-07-27,4.467742443084717
2012-07-30,4.45259952545166
2012-07-31,4.520750522613525
2012-08-01,4.535894870758057
2012-08-02,4.535894870758057
2012-08-03,4.535894870758057
2012-08-06,4.535894870758057
2012-08-07,4.498032093048096
2012-08-08,4.505605220794678
2012-08-09,4.505605220794678
2012-08-10,4.543467044830322
2012-08-13,4.535894870758057
2012-08-14,4.535894870758057
2012-08-15,4.535894870758057
2012-08-16,4.535894870758057
2012-08-17,4.535894870758057
2012-08-20,4.535894870758057
2012-08-21,4.535894870758057
2012-08-22,4.543467044830322
2012-08-23,4.535894870758057
2012-08-24,4.535894870758057
2012-08-27,4.505605220794678
2012-08-28,4.505605220794678
2012-08-29,4.505605220794678
2012-08-30,4.619190692901611
2012-08-31,4.649482727050781
2012-09-04,4.649482727050781
2012-09-05,4.649482727050781
2012-09-06,4.657055377960205
2012-09-07,4.657055377960205
2012-09-10,4.596474647521973
2012-09-11,4.641910076141357
2012-09-12,4.6116204261779785
2012-09-13,4.657055377960205
2012-09-14,4.657055377960205
2012-09-17,4.596474647521973
2012-09-18,4.657055377960205
2012-09-19,4.649482727050781
2012-09-20,4.649482727050781
2012-09-21,4.619190692901611
2012-09-24,4.649482727050781
2012-09-25,4.6116204261779785
2012-09-26,4.498032093048096
2012-09-27,4.558612823486328
2012-09-28,4.641910076141357
2012-10-01,4.641910076141357
2012-10-02,4.581329345703125
2012-10-03,4.6116204261779785
2012-10-04,4.619190692901611
2012-10-05,4.6116204261779785
2012-10-08,4.573756217956543
2012-10-09,4.604049205780029
2012-10-10,4.588901519775391
2012-10-11,4.581329345703125
2012-10-12,4.588901519775391
2012-10-15,4.581329345703125
2012-10-16,4.558612823486328
2012-10-17,4.558612823486328
2012-10-18,4.581329345703125
2012-10-19,4.581329345703125
2012-10-22,4.581329345703125
2012-10-23,4.573756217956543
2012-10-24,4.581329345703125
2012-10-25,4.573756217956543
2012-10-26,4.573756217956543
2012-10-31,4.619190692901611
2012-11-01,4.619190692901611
2012-11-02,4.641910076141357
2012-11-05,4.657055377960205
2012-11-06,4.7327799797058105
2012-11-07,4.702489376068115
2012-11-08,4.694917678833008
2012-11-09,4.725207328796387
2012-11-12,4.626763820648193
2012-11-13,4.6116204261779785
2012-11-14,4.619190692901611
2012-11-15,4.588901519775391
2012-11-16,4.505605220794678
2012-11-19,4.581329345703125
2012-11-20,4.657055377960205
2012-11-21,4.543467044830322
2012-11-23,4.581329345703125
2012-11-26,4.573756217956543
2012-11-27,4.573756217956543
2012-11-28,4.694917678833008
2012-11-29,4.687346935272217
2012-11-30,4.657055377960205
2012-12-03,4.6116204261779785
2012-12-04,4.657055377960205
2012-12-05,4.641910076141357
2012-12-06,4.641910076141357
2012-12-07,4.3541579246521
2012-12-10,4.573756217956543
2012-12-11,4.604049205780029
2012-12-12,4.581329345703125
2012-12-13,4.581329345703125
2012-12-14,4.573756217956543
2012-12-17,4.543467044830322
2012-12-18,4.543467044830322
2012-12-19,4.558612823486328
2012-12-20,4.725207328796387
2012-12-21,4.717635154724121
2012-12-24,4.725207328796387
2012-12-26,4.687346935272217
2012-12-27,4.694917678833008
2012-12-28,4.717635154724121
2012-12-31,4.725207328796387
2013-01-02,4.717635154724121
2013-01-03,4.626763820648193
2013-01-04,4.558612823486328
2013-01-07,4.626763820648193
2013-01-08,4.543467044830322
2013-01-09,4.649482727050781
2013-01-10,4.581329345703125
2013-01-11,4.535894870758057
2013-01-14,4.543467044830322
2013-01-15,4.535894870758057
2013-01-16,4.535894870758057
2013-01-17,4.649482727050781
2013-01-18,4.581329345703125
2013-01-22,4.588901519775391
2013-01-23,4.657055377960205
2013-01-24,4.551039695739746
2013-01-25,4.649482727050781
2013-01-28,4.679771423339844
2013-01-29,4.634336948394775
2013-01-30,4.626763820648193
2013-01-31,4.657055377960205
2013-02-01,4.634336948394775
2013-02-04,4.581329345703125
2013-02-05,4.5661845207214355
2013-02-06,4.596474647521973
2013-02-07,4.573756217956543
2013-02-08,4.588901519775391
2013-02-11,4.596474647521973
2013-02-12,4.588901519775391
2013-02-13,4.596474647521973
2013-02-14,4.573756217956543
2013-02-15,4.543467044830322
2013-02-19,4.5661845207214355
2013-02-20,4.581329345703125
2013-02-21,4.535894870758057
2013-02-22,4.573756217956543
2013-02-25,4.558612823486328
2013-02-26,4.558612823486328
2013-02-27,4.573756217956543
2013-02-28,4.558612823486328
2013-03-01,4.573756217956543
2013-03-04,4.558612823486328
2013-03-05,4.702489376068115
2013-03-06,4.687346935272217
2013-03-07,4.604049205780029
2013-03-08,4.687346935272217
2013-03-11,4.85393762588501
2013-03-12,4.96752405166626
2013-03-13,4.702489376068115
2013-03-14,4.8842291831970215
2013-03-15,4.8842291831970215
2013-03-18,4.8842291831970215
2013-03-19,5.050820827484131
2013-03-20,4.929662227630615
2013-03-21,4.9145188331604
2013-03-22,4.9145188331604
2013-03-25,4.9145188331604
2013-03-26,4.92209005355835
2013-03-27,4.92209005355835
2013-03-28,4.929662227630615
2013-04-01,4.944807529449463
2013-04-02,4.944807529449463
2013-04-03,4.944807529449463
2013-04-04,4.944807529449463
2013-04-05,4.944807529449463
2013-04-08,4.944807529449463
2013-04-09,4.937235355377197
2013-04-10,4.944807529449463
2013-04-11,4.944807529449463
2013-04-12,4.929662227630615
2013-04-15,4.937235355377197
2013-04-16,4.944807529449463
2013-04-17,4.944807529449463
2013-04-18,5.103826522827148
2013-04-19,5.209843158721924
2013-04-22,5.270421981811523
2013-04-23,5.300711154937744
2013-04-24,5.368866443634033
2013-04-25,5.406727313995361
2013-04-26,5.406727313995361
2013-04-29,5.406727313995361
2013-04-30,5.399155616760254
2013-05-01,5.376436233520508
2013-05-02,5.384007453918457
2013-05-03,5.384007453918457
2013-05-06,5.368866443634033
2013-05-07,5.300711154937744
2013-05-08,5.300711154937744
2013-05-09,5.361292839050293
2013-05-10,5.361292839050293
2013-05-13,5.331000328063965
2013-05-14,5.338572978973389
2013-05-15,5.323430061340332
2013-05-16,5.323430061340332
2013-05-17,5.338572978973389
2013-05-20,5.323430061340332
2013-05-21,5.323430061340332
2013-05-22,5.323430061340332
2013-05-23,5.293138027191162
2013-05-24,5.300711154937744
2013-05-28,5.300711154937744
2013-05-29,5.300711154937744
2013-05-30,5.293138027191162
2013-05-31,5.300711154937744
2013-06-03,5.300711154937744
2013-06-04,5.300711154937744
2013-06-05,5.300711154937744
2013-06-06,5.346146106719971
2013-06-07,5.338572978973389
2013-06-10,5.338572978973389
2013-06-11,5.482450008392334
2013-06-12,5.361292839050293
2013-06-13,5.330959796905518
2013-06-14,5.330959796905518
2013-06-17,5.399205684661865
2013-06-18,5.232378959655762
2013-06-19,5.384040832519531
2013-06-20,5.384040832519531
2013-06-21,5.315794467926025
2013-06-24,5.399205684661865
2013-06-25,5.255126476287842
2013-06-26,5.399205684661865
2013-06-27,5.376460075378418
2013-06-28,5.384040832519531
2013-07-01,5.361291408538818
2013-07-02,5.406790733337402
2013-07-03,5.406790733337402
2013-07-05,5.437122821807861
2013-07-08,5.421957969665527
2013-07-09,5.361291408538818
2013-07-10,5.44470739364624
2013-07-11,5.497788429260254
2013-07-12,5.421957969665527
2013-07-15,5.459873199462891
2013-07-16,5.452289581298828
2013-07-17,5.452289581298828
2013-07-18,5.452289581298828
2013-07-19,5.452289581298828
2013-07-22,5.619119644165039
2013-07-23,5.619119644165039
2013-07-24,5.73286771774292
2013-07-25,5.664617538452148
2013-07-26,5.497788429260254
2013-07-29,5.497788429260254
2013-07-30,5.952779769897461
2013-07-31,6.058942794799805
2013-08-01,6.0286102294921875
2013-08-02,6.005860805511475
2013-08-05,5.914860725402832
2013-08-06,5.922445774078369
2013-08-07,5.922445774078369
2013-08-08,6.0134429931640625
2013-08-09,5.960361003875732
2013-08-12,5.960361003875732
2013-08-13,6.0134429931640625
2013-08-14,5.596371173858643
2013-08-15,5.573619365692139
2013-08-16,5.702534198760986
2013-08-19,5.770782947540283
2013-08-20,5.770782947540283
2013-08-21,5.808698654174805
2013-08-22,5.914860725402832
2013-08-23,5.983109474182129
2013-08-26,5.967944622039795
2013-08-27,5.74044942855835
2013-08-28,5.687366962432861
2013-08-29,5.89969539642334
2013-08-30,5.876945972442627
2013-09-03,5.816280841827393
2013-09-04,5.619119644165039
2013-09-05,5.111045837402344
2013-09-06,5.702534198760986
2013-09-09,5.89969539642334
2013-09-10,5.770782947540283
2013-09-11,5.687366962432861
2013-09-12,5.81645393371582
2013-09-13,5.770895004272461
2013-09-16,5.694960594177246
2013-09-17,5.656994342803955
2013-09-18,5.656994342803955
2013-09-19,5.656994342803955
2013-09-20,5.67218017578125
2013-09-23,5.694960594177246
2013-09-24,5.656994342803955
2013-09-25,5.656994342803955
2013-09-26,5.694960594177246
2013-09-27,5.656994342803955
2013-09-30,5.664587497711182
2013-10-01,5.664587497711182
2013-10-02,5.634215354919434
2013-10-03,5.634215354919434
2013-10-04,5.634215354919434
2013-10-07,5.634215354919434
2013-10-08,5.619028568267822
2013-10-09,5.710148334503174
2013-10-10,5.482348918914795
2013-10-11,5.512723922729492
2013-10-14,5.581060886383057
2013-10-15,5.467162132263184
2013-10-16,5.512723922729492
2013-10-17,5.611435413360596
2013-10-18,5.611435413360596
2013-10-21,5.520317554473877
2013-10-22,5.596247673034668
2013-10-23,5.596247673034668
2013-10-24,5.451977252960205
2013-10-25,5.505128860473633
2013-10-28,5.467162132263184
2013-10-29,5.505128860473633
2013-10-30,5.543095111846924
2013-10-31,5.626622676849365
2013-11-01,5.702554702758789
2013-11-04,5.702554702758789
2013-11-05,5.92275857925415
2013-11-06,5.770895004272461
2013-11-07,5.770895004272461
2013-11-08,5.839232444763184
2013-11-11,5.839232444763184
2013-11-12,5.770895004272461
2013-11-13,5.770895004272461
2013-11-14,5.877200603485107
2013-11-15,5.884793758392334
2013-11-18,5.846828937530518
2013-11-19,5.846828937530518
2013-11-20,5.808859825134277
2013-11-21,5.808859825134277
2013-11-22,5.808859825134277
2013-11-25,5.808859825134277
2013-11-26,5.808859825134277
2013-11-27,5.953132629394531
2013-11-29,5.975912570953369
2013-12-02,5.960726737976074
2013-12-03,5.998692512512207
2013-12-04,5.892386436462402
2013-12-05,5.975912570953369
2013-12-06,5.975912570953369
2013-12-09,5.846828937530518
2013-12-10,5.81645393371582
2013-12-11,5.808859825134277
2013-12-12,5.816463947296143
2013-12-13,6.006544589996338
2013-12-16,5.8392744064331055
2013-12-17,5.778449058532715
2013-12-18,5.778449058532715
2013-12-19,5.778449058532715
2013-12-20,5.846873760223389
2013-12-23,5.884894371032715
2013-12-24,5.9609246253967285
2013-12-26,5.808860778808594
2013-12-27,5.778449058532715
2013-12-30,5.778449058532715
2013-12-31,5.82406759262085
2014-01-02,5.869686126708984
2014-01-03,5.8392744064331055
2014-01-06,5.778449058532715
2014-01-07,5.7936530113220215
2014-01-08,5.7936530113220215
2014-01-09,5.854478359222412
2014-01-10,5.82406759262085
2014-01-13,5.8392744064331055
2014-01-14,5.801255702972412
2014-01-15,5.854478359222412
2014-01-16,5.892498016357422
2014-01-17,5.831670761108398
2014-01-21,5.930512428283691
2014-01-22,5.930512428283691
2014-01-23,5.862083435058594
2014-01-24,5.846873760223389
2014-01-27,5.816463947296143
2014-01-28,5.778449058532715
2014-01-29,5.778449058532715
2014-01-30,5.930512428283691
2014-01-31,5.915304183959961
2014-02-03,5.854478359222412
2014-02-04,5.854478359222412
2014-02-05,5.998940944671631
2014-02-06,6.036956310272217
2014-02-07,5.945718288421631
2014-02-10,5.945718288421631
2014-02-11,6.044560432434082
2014-02-12,5.9685282707214355
2014-02-13,5.976129055023193
2014-02-14,5.976129055023193
2014-02-18,5.976129055023193
2014-02-19,5.953321933746338
2014-02-20,6.006544589996338
2014-02-21,5.945718288421631
2014-02-24,6.006544589996338
2014-02-25,5.9685282707214355
2014-02-26,5.93811559677124
2014-02-27,5.953321933746338
2014-02-28,5.945718288421631
2014-03-03,5.945718288421631
2014-03-04,6.082576274871826
2014-03-05,6.13579797744751
2014-03-06,5.930512428283691
2014-03-07,6.105386257171631
2014-03-10,6.128195762634277
2014-03-11,6.13579797744751
2014-03-12,6.12059211730957
2014-03-13,6.151079177856445
2014-03-14,6.135837078094482
2014-03-17,6.173945426940918
2014-03-18,6.143458366394043
2014-03-19,6.097726821899414
2014-03-20,6.097726821899414
2014-03-21,6.059615135192871
2014-03-24,6.105349540710449
2014-03-25,6.097726821899414
2014-03-26,6.074859619140625
2014-03-27,6.0901031494140625
2014-03-28,6.0901031494140625
2014-03-31,6.059615135192871
2014-04-01,6.097726821899414
2014-04-02,6.059615135192871
2014-04-03,6.059615135192871
2014-04-04,6.059615135192871
2014-04-07,6.029126167297363
2014-04-08,6.029126167297363
2014-04-09,6.036748886108398
2014-04-10,6.044370174407959
2014-04-11,6.036748886108398
2014-04-14,6.0519938468933105
2014-04-15,6.074859619140625
2014-04-16,6.036748886108398
2014-04-17,6.082481384277344
2014-04-21,6.265413284301758
2014-04-22,6.265413284301758
2014-04-23,6.387368679046631
2014-04-24,6.387368679046631
2014-04-25,6.555056095123291
2014-04-28,6.4102349281311035
2014-04-29,6.402612209320068
2014-04-30,6.516943454742432
2014-05-01,6.547432899475098
2014-05-02,6.516943454742432
2014-05-05,6.555056095123291
2014-05-06,6.555056095123291
2014-05-07,6.440722942352295
2014-05-08,6.4788336753845215
2014-05-09,6.471211910247803
2014-05-12,6.509324073791504
2014-05-13,6.516943454742432
2014-05-14,6.524566173553467
2014-05-15,6.562677383422852
2014-05-16,6.555056095123291
2014-05-19,6.509324073791504
2014-05-20,6.555056095123291
2014-05-21,6.5702996253967285
2014-05-22,6.555056095123291
2014-05-23,6.555056095123291
2014-05-27,6.555056095123291
2014-05-28,6.562677383422852
2014-05-29,6.547432899475098
2014-05-30,6.562677383422852
2014-06-02,6.555056095123291
2014-06-03,6.593165397644043
2014-06-04,6.593165397644043
2014-06-05,6.600788593292236
2014-06-06,6.745609760284424
2014-06-09,6.7074995040893555
2014-06-10,6.8218302726745605
2014-06-11,6.936420917510986
2014-06-12,6.8371100425720215
2014-06-13,6.86002779006958
2014-06-16,6.852387428283691
2014-06-17,6.898224830627441
2014-06-18,7.157955646514893
2014-06-19,6.898224830627441
2014-06-20,7.1426777839660645
2014-06-23,7.1426777839660645
2014-06-24,7.0968451499938965
2014-06-25,6.96697473526001
2014-06-26,6.882946491241455
2014-06-27,6.882946491241455
2014-06-30,7.089205741882324
2014-07-01,6.87530517578125
2014-07-02,6.87530517578125
2014-07-03,6.936420917510986
2014-07-07,6.87530517578125
2014-07-08,6.87530517578125
2014-07-09,7.005171775817871
2014-07-10,6.722522258758545
2014-07-11,6.87530517578125
2014-07-14,6.913500785827637
2014-07-15,6.913500785827637
2014-07-16,6.87530517578125
2014-07-17,6.87530517578125
2014-07-18,6.87530517578125
2014-07-21,6.87530517578125
2014-07-22,6.905861854553223
2014-07-23,6.87530517578125
2014-07-24,6.989894866943359
2014-07-25,7.1426777839660645
2014-07-28,7.417690753936768
2014-07-29,7.241988658905029
2014-07-30,6.87530517578125
2014-07-31,6.928780555725098
2014-08-01,6.87530517578125
2014-08-04,6.585015296936035
2014-08-05,6.890583038330078
2014-08-06,6.714881420135498
2014-08-07,6.867666244506836
2014-08-08,6.867666244506836
2014-08-11,6.867666244506836
2014-08-12,6.691963195800781
2014-08-13,6.684324741363525
2014-08-14,6.791274547576904
2014-08-15,6.760715961456299
2014-08-18,6.829471111297607
2014-08-19,6.8218302726745605
2014-08-20,6.798912048339844
2014-08-21,6.684324741363525
2014-08-22,6.775996685028076
2014-08-25,6.753079414367676
2014-08-26,6.691963195800781
2014-08-27,6.760715961456299
2014-08-28,6.714881420135498
2014-08-29,6.852387428283691
2014-09-02,6.753079414367676
2014-09-03,6.867666244506836
2014-09-04,7.028090953826904
2014-09-05,7.035730361938477
2014-09-08,7.066283702850342
2014-09-09,7.066283702850342
2014-09-10,7.0892767906188965
2014-09-11,7.104607105255127
2014-09-12,7.0892767906188965
2014-09-15,7.357524394989014
2014-09-16,7.357524394989014
2014-09-17,7.441826343536377
2014-09-18,7.36518669128418
2014-09-19,7.16591739654541
2014-09-22,7.280881404876709
2014-09-23,7.380512237548828
2014-09-24,7.395842552185059
2014-09-25,7.388177394866943
2014-09-26,7.227232456207275
2014-09-29,7.204239368438721
2014-09-30,7.380512237548828
2014-10-01,7.357524394989014
2014-10-02,7.265554428100586
2014-10-03,7.081614017486572
2014-10-06,7.081614017486572
2014-10-07,7.012637615203857
2014-10-08,6.897676944732666
2014-10-09,6.897676944732666
2014-10-10,7.043292999267578
2014-10-13,7.081614017486572
2014-10-14,6.9130048751831055
2014-10-15,6.8593573570251465
2014-10-16,6.905341625213623
2014-10-17,7.035629749298096
2014-10-20,6.966651439666748
2014-10-21,6.8593573570251465
2014-10-22,6.897676944732666
2014-10-23,6.897676944732666
2014-10-24,6.9359965324401855
2014-10-27,6.882349014282227
2014-10-28,7.027965068817139
2014-10-29,6.9743170738220215
2014-10-30,6.9743170738220215
2014-10-31,6.9743170738220215
2014-11-03,6.943662166595459
2014-11-04,6.9743170738220215
2014-11-05,7.395842552185059
2014-11-06,7.395842552185059
2014-11-07,6.9743170738220215
2014-11-10,7.035629749298096
2014-11-11,7.035629749298096
2014-11-12,6.897676944732666
2014-11-13,6.897676944732666
2014-11-14,6.9359965324401855
2014-11-17,6.9359965324401855
2014-11-18,6.9359965324401855
2014-11-19,6.943662166595459
2014-11-20,6.943662166595459
2014-11-21,7.012637615203857
2014-11-24,7.004972457885742
2014-11-25,7.050959587097168
2014-11-26,7.050959587097168
2014-11-28,7.050959587097168
2014-12-01,6.943662166595459
2014-12-02,6.897676944732666
2014-12-03,7.204239368438721
2014-12-04,7.68862247467041
2014-12-05,7.5732927322387695
2014-12-08,7.911593914031982
2014-12-09,8.265270233154297
2014-12-10,8.0730562210083
2014-12-11,8.249895095825195
2014-12-12,8.126874923706055
2014-12-15,8.226828575134277
2014-12-16,7.834707260131836
2014-12-17,7.957723617553711
2014-12-18,7.773199081420898
2014-12-19,7.342637062072754
2014-12-22,7.035090923309326
2014-12-23,6.950516700744629
2014-12-24,7.019713878631592
2014-12-26,7.465655326843262
2014-12-29,7.073533535003662
2014-12-30,7.135045528411865
2014-12-31,7.250373840332031
2015-01-02,7.165797710418701
2015-01-05,7.165797710418701
2015-01-06,7.050466060638428
2015-01-07,6.87362813949585
2015-01-08,6.8505635261535645
2015-01-09,6.842874526977539
2015-01-12,6.8505635261535645
2015-01-13,6.865940570831299
2015-01-14,6.996646881103516
2015-01-15,6.981269836425781
2015-01-16,7.012024879455566
2015-01-20,7.296504974365234
2015-01-21,7.019713878631592
2015-01-22,6.981269836425781
2015-01-23,7.073533535003662
2015-01-26,7.004337787628174
2015-01-27,7.004337787628174
2015-01-28,6.988956451416016
2015-01-29,7.050466060638428
2015-01-30,7.042778968811035
2015-02-02,7.53485107421875
2015-02-03,7.504093170166016
2015-02-04,7.45796537399292
2015-02-05,7.496406078338623
2015-02-06,7.30419397354126
2015-02-09,7.419523239135742
2015-02-10,7.496406078338623
2015-02-11,7.473343849182129
2015-02-12,7.465655326843262
2015-02-13,7.358014106750488
2015-02-17,7.481032371520996
2015-02-18,7.227306842803955
2015-02-19,7.227306842803955
2015-02-20,7.1965532302856445
2015-02-23,7.30419397354126
2015-02-24,7.473343849182129
2015-02-25,7.481032371520996
2015-02-26,7.465655326843262
2015-02-27,7.1965532302856445
2015-03-02,7.358014106750488
2015-03-03,7.035090923309326
2015-03-04,7.096600532531738
2015-03-05,7.035090923309326
2015-03-06,7.096600532531738
2015-03-09,7.035090923309326
2015-03-10,6.996646881103516
2015-03-11,6.996646881103516
2015-03-12,7.058361053466797
2015-03-13,7.027505874633789
2015-03-16,7.027505874633789
2015-03-17,6.942651271820068
2015-03-18,6.904079437255859
2015-03-19,6.927221298217773
2015-03-20,6.873222827911377
2015-03-23,6.927221298217773
2015-03-24,6.927221298217773
2015-03-25,6.857794761657715
2015-03-26,6.942651271820068
2015-03-27,6.942651271820068
2015-03-30,6.942651271820068
2015-03-31,7.004362106323242
2015-04-01,6.942651271820068
2015-04-02,6.942651271820068
2015-04-06,6.942651271820068
2015-04-07,6.942651271820068
2015-04-08,7.012073516845703
2015-04-09,7.135499000549316
2015-04-10,7.073787212371826
2015-04-13,7.073787212371826
2015-04-14,7.112356662750244
2015-04-15,7.035217761993408
2015-04-16,7.066074848175049
2015-04-17,7.027505874633789
2015-04-20,7.027505874633789
2015-04-21,7.01978874206543
2015-04-22,7.066074848175049
2015-04-23,7.174068927764893
2015-04-24,7.174068927764893
2015-04-27,7.174068927764893
2015-04-28,7.366923809051514
2015-04-29,7.112356662750244
2015-04-30,7.197213649749756
2015-05-01,7.274355411529541
2015-05-04,7.174068927764893
2015-05-05,7.096930503845215
2015-05-06,7.096930503845215
2015-05-07,7.158646106719971
2015-05-08,7.096930503845215
2015-05-11,7.096930503845215
2015-05-12,7.112356662750244
2015-05-13,7.112356662750244
2015-05-14,7.096930503845215
2015-05-15,7.143214702606201
2015-05-18,7.127784729003906
2015-05-19,7.143214702606201
2015-05-20,7.143214702606201
2015-05-21,7.143214702606201
2015-05-22,7.143214702606201
2015-05-26,7.104644298553467
2015-05-27,7.104644298553467
2015-05-28,7.01978874206543
2015-05-29,7.112356662750244
2015-06-01,7.089217185974121
2015-06-02,7.2512125968933105
2015-06-03,7.1894989013671875
2015-06-04,7.058361053466797
2015-06-05,7.174068927764893
2015-06-08,7.266638278961182
2015-06-09,7.235780715942383
2015-06-10,7.220357418060303
2015-06-11,7.204877853393555
2015-06-12,7.259047031402588
2015-06-15,7.282267093658447
2015-06-16,7.599559307098389
2015-06-17,7.553123474121094
2015-06-18,7.553123474121094
2015-06-19,7.545385360717773
2015-06-22,7.61503791809082
2015-06-23,7.553123474121094
2015-06-24,7.553123474121094
2015-06-25,7.545385360717773
2015-06-26,7.545385360717773
2015-06-29,7.545385360717773
2015-06-30,7.576342582702637
2015-07-01,7.553123474121094
2015-07-02,7.545385360717773
2015-07-06,7.553123474121094
2015-07-07,7.560863494873047
2015-07-08,7.553123474121094
2015-07-09,7.545385360717773
2015-07-10,7.545385360717773
2015-07-13,7.738858222961426
2015-07-14,7.553123474121094
2015-07-15,7.553123474121094
2015-07-16,7.545385360717773
2015-07-17,7.545385360717773
2015-07-20,7.715643405914307
2015-07-21,7.653732776641846
2015-07-22,7.645993232727051
2015-07-23,7.700166702270508
2015-07-24,7.591822624206543
2015-07-27,7.545385360717773
2015-07-28,7.576342582702637
2015-07-29,7.560863494873047
2015-07-30,7.61503791809082
2015-07-31,7.653732776641846
2015-08-03,7.584082126617432
2015-08-04,7.545385360717773
2015-08-05,7.545385360717773
2015-08-06,7.545385360717773
2015-08-07,7.545385360717773
2015-08-10,7.591822624206543
2015-08-11,7.568605422973633
2015-08-12,7.568605422973633
2015-08-13,7.545385360717773
2015-08-14,7.6769490242004395
2015-08-17,7.700166702270508
2015-08-18,7.800770282745361
2015-08-19,7.700166702270508
2015-08-20,7.707901954650879
2015-08-21,7.545385360717773
2015-08-24,7.375132083892822
2015-08-25,7.367390155792236
2015-08-26,7.406088829040527
2015-08-27,7.816245079040527
2015-08-28,7.839465618133545
2015-08-31,7.839465618133545
2015-09-01,7.514433860778809
2015-09-02,7.545385360717773
2015-09-03,7.514433860778809
2015-09-04,7.723381519317627
2015-09-08,7.545385360717773
2015-09-09,7.545385360717773
2015-09-10,7.630513668060303
2015-09-11,7.576125621795654
2015-09-14,7.576125621795654
2015-09-15,7.576125621795654
2015-09-16,7.607204914093018
2015-09-17,7.576125621795654
2015-09-18,7.956869125366211
2015-09-21,7.933561325073242
2015-09-22,7.607204914093018
2015-09-23,7.599435329437256
2015-09-24,7.630513668060303
2015-09-25,7.583894729614258
2015-09-28,7.684906005859375
2015-09-29,7.583894729614258
2015-09-30,7.591662883758545
2015-10-01,7.67713737487793
2015-10-02,7.591662883758545
2015-10-05,7.66936731338501
2015-10-06,7.638286113739014
2015-10-07,7.770382881164551
2015-10-08,7.778152942657471
2015-10-09,7.770382881164551
2015-10-12,7.832544803619385
2015-10-13,7.809232711791992
2015-10-14,7.708217620849609
2015-10-15,7.824773788452148
2015-10-16,7.770382881164551
2015-10-19,7.778152942657471
2015-10-20,8.042346954345703
2015-10-21,7.964641094207764
2015-10-22,8.384242057800293
2015-10-23,8.026806831359863
2015-10-26,7.964641094207764
2015-10-27,7.778152942657471
2015-10-28,7.886937618255615
2015-10-29,7.972412586212158
2015-10-30,7.848083972930908
2015-11-02,7.956869125366211
2015-11-03,7.91801643371582
2015-11-04,8.05788516998291
2015-11-05,8.034576416015625
2015-11-06,7.910247802734375
2015-11-09,8.081197738647461
2015-11-10,8.050116539001465
2015-11-11,8.034576416015625
2015-11-12,8.127821922302246
2015-11-13,8.07342529296875
2015-11-16,7.995720863342285
2015-11-17,8.07342529296875
2015-11-18,7.972412586212158
2015-11-19,7.925790786743164
2015-11-20,7.925790786743164
2015-11-23,8.034576416015625
2015-11-24,7.964641094207764
2015-11-25,8.151128768920898
2015-11-27,8.034576416015625
2015-11-30,8.05788516998291
2015-12-01,8.081197738647461
2015-12-02,8.011260032653809
2015-12-03,7.91801643371582
2015-12-04,8.23660659790039
2015-12-07,8.516338348388672
2015-12-08,8.562960624694824
2015-12-09,8.772761344909668
2015-12-10,8.601815223693848
2015-12-11,8.492631912231445
2015-12-14,8.063714027404785
2015-12-15,8.25868034362793
2015-12-16,8.063714027404785
2015-12-17,8.172892570495605
2015-12-18,8.165093421936035
2015-12-21,8.118302345275879
2015-12-22,8.048115730285645
2015-12-23,8.695396423339844
2015-12-24,8.703195571899414
2015-12-28,8.859166145324707
2015-12-29,9.202301979064941
2015-12-30,9.475253105163574
2015-12-31,9.72480583190918
2016-01-04,9.405065536499023
2016-01-05,9.709206581115723
2016-01-06,10.177120208740234
2016-01-07,10.138127326965332
2016-01-08,9.989957809448242
2016-01-11,10.145929336547852
2016-01-12,10.33309555053711
2016-01-13,10.067944526672363
2016-01-14,10.083539962768555
2016-01-15,9.982159614562988
2016-01-19,9.763795852661133
2016-01-20,9.334878921508789
2016-01-21,9.108723640441895
2016-01-22,9.186704635620117
2016-01-25,9.545438766479492
2016-01-26,8.812374114990234
2016-01-27,8.898158073425293
2016-01-28,8.937153816223145
2016-01-29,8.991741180419922
2016-02-01,8.882560729980469
2016-02-02,8.983942031860352
2016-02-03,8.749984741210938
2016-02-04,8.102702140808105
2016-02-05,8.016921043395996
2016-02-08,8.40684700012207
2016-02-09,8.250879287719727
2016-02-10,8.188490867614746
2016-02-11,7.954532623291016
2016-02-12,7.970129489898682
2016-02-16,7.977930545806885
2016-02-17,7.970129489898682
2016-02-18,7.962331295013428
2016-02-19,7.821960926055908
2016-02-22,7.8765435218811035
2016-02-23,7.782964706420898
2016-02-24,7.673786163330078
2016-02-25,7.689380168914795
2016-02-26,7.7439703941345215
2016-02-29,7.938934326171875
2016-03-01,8.079312324523926
2016-03-02,8.055914878845215
2016-03-03,8.414648056030273
2016-03-04,8.36005973815918
2016-03-07,8.477038383483887
2016-03-08,8.243078231811523
2016-03-09,8.274273872375488
2016-03-10,8.040315628051758
2016-03-11,8.321065902709961
2016-03-14,8.165093421936035
2016-03-15,8.53303050994873
2016-03-16,8.196406364440918
2016-03-17,8.493889808654785
2016-03-18,8.626975059509277
2016-03-21,8.947940826416016
2016-03-22,8.517375946044922
2016-03-23,8.517375946044922
2016-03-24,8.517375946044922
2016-03-28,8.423436164855957
2016-03-29,8.462577819824219
2016-03-30,8.916626930236816
2016-03-31,8.900970458984375
2016-04-01,8.885315895080566
2016-04-04,9.002738952636719
2016-04-05,8.869656562805176
2016-04-06,9.34719181060791
2016-04-07,9.081024169921875
2016-04-08,8.932284355163574
2016-04-11,8.963598251342773
2016-04-12,9.081024169921875
2016-04-13,9.081024169921875
2016-04-14,9.206280708312988
2016-04-15,9.237592697143555
2016-04-18,9.01056957244873
2016-04-19,9.237592697143555
2016-04-20,9.01056957244873
2016-04-21,9.01056957244873
2016-04-22,8.963598251342773
2016-04-25,8.994914054870605
2016-04-26,9.018400192260742
2016-04-27,8.979252815246582
2016-04-28,9.206280708312988
2016-04-29,9.026226043701172
2016-05-02,8.932284355163574
2016-05-03,8.932284355163574
2016-05-04,9.018400192260742
2016-05-05,9.237592697143555
2016-05-06,9.245424270629883
2016-05-09,9.15931224822998
2016-05-10,9.151481628417969
2016-05-11,9.15931224822998
2016-05-12,9.088852882385254
2016-05-13,9.237592697143555
2016-05-16,9.206280708312988
2016-05-17,9.112338066101074
2016-05-18,9.135824203491211
2016-05-19,9.12016487121582
2016-05-20,9.198451042175293
2016-05-23,9.237592697143555
2016-05-24,9.261082649230957
2016-05-25,9.300222396850586
2016-05-26,9.237592697143555
2016-05-27,9.198451042175293
2016-05-31,9.253251075744629
2016-06-01,9.488103866577148
2016-06-02,9.433305740356445
2016-06-03,9.394165992736816
2016-06-06,9.777755737304688
2016-06-07,10.521463394165039
2016-06-08,10.435351371765137
2016-06-09,10.200494766235352
2016-06-10,10.10655689239502
2016-06-13,10.122213363647461
2016-06-14,9.847365379333496
2016-06-15,9.768837928771973
2016-06-16,9.517548561096191
2016-06-17,9.713868141174316
2016-06-20,10.428465843200684
2016-06-21,10.287121772766113
2016-06-22,9.988715171813965
2016-06-23,10.16147518157959
2016-06-24,9.933744430541992
2016-06-27,9.808097839355469
2016-06-28,10.255709648132324
2016-06-29,9.95730209350586
2016-06-30,9.980863571166992
2016-07-01,10.19288444519043
2016-07-05,9.965154647827148
2016-07-06,10.067244529724121
2016-07-07,10.0593900680542
2016-07-08,10.200736999511719
2016-07-11,10.098652839660645
2016-07-12,10.051536560058594
2016-07-13,9.988715171813965
2016-07-14,9.933744430541992
2016-07-15,9.933744430541992
2016-07-18,9.902336120605469
2016-07-19,9.902336120605469
2016-07-20,10.090801239013672
2016-07-21,9.933744430541992
2016-07-22,10.020122528076172
2016-07-25,9.839510917663574
2016-07-26,9.682456970214844
2016-07-27,9.651041984558105
2016-07-28,9.933744430541992
2016-07-29,9.910187721252441
2016-08-01,9.690309524536133
2016-08-02,9.776689529418945
2016-08-03,9.815954208374023
2016-08-04,9.815954208374023
2016-08-05,9.792393684387207
2016-08-08,9.815954208374023
2016-08-09,9.674603462219238
2016-08-10,9.737425804138184
2016-08-11,9.76098918914795
2016-08-12,9.815954208374023
2016-08-15,9.815954208374023
2016-08-16,9.823806762695312
2016-08-17,9.839510917663574
2016-08-18,9.815954208374023
2016-08-19,9.808097839355469
2016-08-22,9.698163986206055
2016-08-23,9.753135681152344
2016-08-24,9.87092399597168
2016-08-25,10.051536560058594
2016-08-26,9.87092399597168
2016-08-29,10.020122528076172
2016-08-30,10.287121772766113
2016-08-31,10.200736999511719
2016-09-01,10.169325828552246
2016-09-02,10.279268264770508
2016-09-06,10.294975280761719
2016-09-07,10.255709648132324
2016-09-08,10.428465843200684
2016-09-09,10.278704643249512
2016-09-12,10.333883285522461
2016-09-13,10.708297729492188
2016-09-14,10.925065040588379
2016-09-15,10.890378952026367
2016-09-16,10.621588706970215
2016-09-19,10.569563865661621
2016-09-20,10.517541885375977
2016-09-21,10.57823657989502
2016-09-22,10.552224159240723
2016-09-23,10.439506530761719
2016-09-26,10.344127655029297
2016-09-27,10.40482234954834
2016-09-28,10.40482234954834
2016-09-29,10.777664184570312
2016-09-30,11.115818977355957
2016-10-03,10.664942741394043
2016-10-04,10.422165870666504
2016-10-05,10.430830955505371
2016-10-06,10.387482643127441
2016-10-07,10.465513229370117
2016-10-10,10.656274795532227
2016-10-11,10.760319709777832
2016-10-12,10.586906433105469
2016-10-13,10.673612594604492
2016-10-14,10.647602081298828
2016-10-17,10.552224159240723
2016-10-18,10.57823657989502
2016-10-19,10.534881591796875
2016-10-20,10.448175430297852
2016-10-21,10.508871078491211
2016-10-24,10.491527557373047
2016-10-25,10.664942741394043
2016-10-26,10.708297729492188
2016-10-27,10.708297729492188
2016-10-28,10.621588706970215
2016-10-31,10.664942741394043
2016-11-01,10.699625015258789
2016-11-02,10.491527557373047
2016-11-03,10.448175430297852
2016-11-04,10.448175430297852
2016-11-07,10.7516508102417
2016-11-08,10.838356971740723
2016-11-09,10.968417167663574
2016-11-10,11.358597755432129
2016-11-11,11.271891593933105
2016-11-14,11.271891593933105
2016-11-15,11.532013893127441
2016-11-16,11.618719100952148
2016-11-17,11.878841400146484
2016-11-18,11.757451057434082
2016-11-21,11.83548641204834
2016-11-22,11.83548641204834
2016-11-23,11.792133331298828
2016-11-25,11.83548641204834
2016-11-28,11.792133331298828
2016-11-29,11.792133331298828
2016-11-30,11.878841400146484
2016-12-01,11.922194480895996
2016-12-02,12.138960838317871
2016-12-05,12.797933578491211
2016-12-06,13.309503555297852
2016-12-07,13.78638744354248
2016-12-08,13.656330108642578
2016-12-09,13.569622993469238
2016-12-12,12.875968933105469
2016-12-13,12.745909690856934
2016-12-14,12.702404975891113
2016-12-15,13.093917846679688
2016-12-16,14.529462814331055
2016-12-19,14.26845645904541
2016-12-20,14.26845645904541
2016-12-21,14.224957466125488
2016-12-22,14.35545825958252
2016-12-23,14.26845645904541
2016-12-27,14.007447242736816
2016-12-28,13.659436225891113
2016-12-29,13.2244234085083
2016-12-30,13.659436225891113
2017-01-03,13.615933418273926
2017-01-04,13.615933418273926
2017-01-05,14.224957466125488
2017-01-06,14.007447242736816
2017-01-09,13.920446395874023
2017-01-10,14.181451797485352
2017-01-11,13.920446395874023
2017-01-12,13.7029390335083
2017-01-13,13.746438980102539
2017-01-17,13.7029390335083
2017-01-18,13.5289306640625
2017-01-19,14.050949096679688
2017-01-20,14.181451797485352
2017-01-23,14.398957252502441
2017-01-24,14.35545825958252
2017-01-25,14.224957466125488
2017-01-26,14.442461013793945
2017-01-27,14.442461013793945
2017-01-30,14.35545825958252
2017-01-31,14.311956405639648
2017-02-01,14.529462814331055
2017-02-02,14.616469383239746
2017-02-03,14.48595905303955
2017-02-06,15.13847827911377
2017-02-07,15.225484848022461
2017-02-08,15.13847827911377
2017-02-09,15.007984161376953
2017-02-10,15.007984161376953
2017-02-13,14.964481353759766
2017-02-14,14.920975685119629
2017-02-15,14.703472137451172
2017-02-16,14.572964668273926
2017-02-17,14.790472030639648
2017-02-21,14.398957252502441
2017-02-22,14.74697494506836
2017-02-23,14.659971237182617
2017-02-24,14.790472030639648
2017-02-27,14.790472030639648
2017-02-28,14.703472137451172
2017-03-01,14.74697494506836
2017-03-02,14.572964668273926
2017-03-03,14.964481353759766
2017-03-06,15.181986808776855
2017-03-07,15.13847827911377
2017-03-08,15.007984161376953
2017-03-09,15.13847827911377
2017-03-10,15.13847827911377
2017-03-13,15.09498405456543
2017-03-14,15.007984161376953
2017-03-15,14.658955574035645
2017-03-16,14.833473205566406
2017-03-17,14.3099365234375
2017-03-20,14.658955574035645
2017-03-21,14.091795921325684
2017-03-22,13.655516624450684
2017-03-23,13.786398887634277
2017-03-24,14.266310691833496
2017-03-27,14.833473205566406
2017-03-28,14.746213912963867
2017-03-29,14.746213912963867
2017-03-30,14.571701049804688
2017-03-31,14.789843559265137
2017-04-03,14.44081974029541
2017-04-04,14.658955574035645
2017-04-05,14.222677230834961
2017-04-06,14.222677230834961
2017-04-07,14.615326881408691
2017-04-10,14.615326881408691
2017-04-11,14.658955574035645
2017-04-12,14.702584266662598
2017-04-13,14.658955574035645
2017-04-17,14.615326881408691
2017-04-18,14.44081974029541
2017-04-19,14.39719009399414
2017-04-20,14.266310691833496
2017-04-21,14.3099365234375
2017-04-24,14.528077125549316
2017-04-25,14.702584266662598
2017-04-26,14.658955574035645
2017-04-27,14.48444652557373
2017-04-28,14.266310691833496
2017-05-01,14.17905330657959
2017-05-02,14.091795921325684
2017-05-03,14.048168182373047
2017-05-04,14.17905330657959
2017-05-05,14.39719009399414
2017-05-08,14.353562355041504
2017-05-09,14.353562355041504
2017-05-10,14.528077125549316
2017-05-11,14.222677230834961
2017-05-12,14.17905330657959
2017-05-15,14.222677230834961
2017-05-16,14.39719009399414
2017-05-17,14.266310691833496
2017-05-18,14.16159725189209
2017-05-19,14.266310691833496
2017-05-22,14.17905330657959
2017-05-23,14.17905330657959
2017-05-24,14.048168182373047
2017-05-25,14.091795921325684
2017-05-26,14.135425567626953
2017-05-30,14.135425567626953
2017-05-31,13.917281150817871
2017-06-01,14.091795921325684
2017-06-02,14.091795921325684
2017-06-05,14.17905330657959
2017-06-06,13.786398887634277
2017-06-07,14.091795921325684
2017-06-08,14.091795921325684
2017-06-09,14.353562355041504
2017-06-12,14.048168182373047
2017-06-13,14.232091903686523
2017-06-14,14.232091903686523
2017-06-15,14.407255172729492
2017-06-16,14.319674491882324
2017-06-19,14.49483871459961
2017-06-20,14.58242130279541
2017-06-21,14.538627624511719
2017-06-22,14.49483871459961
2017-06-23,14.58242130279541
2017-06-26,14.58242130279541
2017-06-27,14.84516716003418
2017-06-28,14.888957977294922
2017-06-29,14.888957977294922
2017-06-30,15.064122200012207
2017-07-03,15.23928165435791
2017-07-05,15.283077239990234
2017-07-06,15.326865196228027
2017-07-07,15.326865196228027
2017-07-10,15.545818328857422
2017-07-11,15.677192687988281
2017-07-12,15.852357864379883
2017-07-13,16.027524948120117
2017-07-14,15.80856704711914
2017-07-17,15.764778137207031
2017-07-18,15.720983505249023
2017-07-19,15.852357864379883
2017-07-20,15.720983505249023
2017-07-21,15.677192687988281
2017-07-24,15.677192687988281
2017-07-25,15.93994140625
2017-07-26,15.93994140625
2017-07-27,16.071311950683594
2017-07-28,16.027524948120117
2017-07-31,16.20269012451172
2017-08-01,16.37785530090332
2017-08-02,16.465435028076172
2017-08-03,16.334062576293945
2017-08-04,16.20269012451172
2017-08-07,15.720983505249023
2017-08-08,15.852357864379883
2017-08-09,15.545818328857422
2017-08-10,14.84516716003418
2017-08-11,14.757579803466797
2017-08-14,14.888957977294922
2017-08-15,15.020326614379883
2017-08-16,14.97653579711914
2017-08-17,14.58242130279541
2017-08-18,14.97653579711914
2017-08-21,15.107912063598633
2017-08-22,15.151700973510742
2017-08-23,15.326865196228027
2017-08-24,15.502026557922363
2017-08-25,15.370656967163086
2017-08-28,15.23928165435791
2017-08-29,15.326865196228027
2017-08-30,15.151700973510742
2017-08-31,15.195491790771484
2017-09-01,15.326865196228027
2017-09-05,15.107912063598633
2017-09-06,15.107912063598633
2017-09-07,15.195491790771484
2017-09-08,15.195491790771484
2017-09-11,15.502026557922363
2017-09-12,15.852357864379883
2017-09-13,15.93994140625
2017-09-14,15.992663383483887
2017-09-15,16.34415626525879
2017-09-18,16.563831329345703
2017-09-19,16.519901275634766
2017-09-20,16.388090133666992
2017-09-21,16.34415626525879
2017-09-22,16.432024002075195
2017-09-25,16.651700973510742
2017-09-26,16.915311813354492
2017-09-27,17.574356079101562
2017-09-28,17.75010108947754
2017-09-29,17.39861488342285
2017-10-02,17.486486434936523
2017-10-03,17.486486434936523
2017-10-04,17.44255256652832
2017-10-05,17.6182918548584
2017-10-06,17.39861488342285
2017-10-09,17.39861488342285
2017-10-10,17.6182918548584
2017-10-11,17.6182918548584
2017-10-12,17.486486434936523
2017-10-13,17.530418395996094
2017-10-16,17.574356079101562
2017-10-17,17.486486434936523
2017-10-18,17.39861488342285
2017-10-19,17.574356079101562
2017-10-20,17.530418395996094
2017-10-23,17.39861488342285
2017-10-24,17.39861488342285
2017-10-25,17.39861488342285
2017-10-26,17.44255256652832
2017-10-27,17.486486434936523
2017-10-30,17.35467529296875
2017-10-31,17.35467529296875
2017-11-01,17.39861488342285
2017-11-02,17.486486434936523
2017-11-03,17.39861488342285
2017-11-06,17.222875595092773
2017-11-07,17.003190994262695
2017-11-08,17.266809463500977
2017-11-09,17.266809463500977
2017-11-10,17.178936004638672
2017-11-13,17.222875595092773
2017-11-14,17.222875595092773
2017-11-15,17.266809463500977
2017-11-16,17.574356079101562
2017-11-17,17.70616340637207
2017-11-20,17.75010108947754
2017-11-21,17.92584991455078
2017-11-22,17.88190460205078
2017-11-24,17.96978187561035
2017-11-27,17.96978187561035
2017-11-28,18.18946075439453
2017-11-29,18.321266174316406
2017-11-30,18.2333927154541
2017-12-01,18.057653427124023
2017-12-04,18.101594924926758
2017-12-05,17.794031143188477
2017-12-06,17.794031143188477
2017-12-07,17.794031143188477
2017-12-08,17.794031143188477
2017-12-11,17.75010108947754
2017-12-12,18.057653427124023
2017-12-13,17.96978187561035
2017-12-14,17.846397399902344
2017-12-15,18.24298858642578
2017-12-18,18.375179290771484
2017-12-19,18.154857635498047
2017-12-20,18.110790252685547
2017-12-21,18.022661209106445
2017-12-22,17.80233383178711
2017-12-26,17.80233383178711
2017-12-27,17.75826644897461
2017-12-28,17.626070022583008
2017-12-29,17.405742645263672
2018-01-02,17.71420669555664
2018-01-03,17.890460968017578
2018-01-04,17.49387550354004
2018-01-05,17.626070022583008
2018-01-08,17.361684799194336
2018-01-09,17.18541717529297
2018-01-10,17.361684799194336
2018-01-11,17.49387550354004
2018-01-12,18.198923110961914
2018-01-16,17.890460968017578
2018-01-17,18.06672477722168
2018-01-18,18.06672477722168
2018-01-19,18.06672477722168
2018-01-22,17.97859764099121
2018-01-23,18.022661209106445
2018-01-24,17.80233383178711
2018-01-25,18.022661209106445
2018-01-26,18.110790252685547
2018-01-29,17.97859764099121
2018-01-30,18.06672477722168
2018-01-31,18.110790252685547
2018-02-01,18.198923110961914
2018-02-02,18.110790252685547
2018-02-05,18.022661209106445
2018-02-06,18.06672477722168
2018-02-07,18.154857635498047
2018-02-08,17.934524536132812
2018-02-09,17.934524536132812
2018-02-12,17.890460968017578
2018-02-13,17.405742645263672
2018-02-14,17.626070022583008
2018-02-15,17.80233383178711
2018-02-16,17.97859764099121
2018-02-20,17.582008361816406
2018-02-21,17.97859764099121
2018-02-22,17.890460968017578
2018-02-23,18.24298858642578
2018-02-26,18.419246673583984
2018-02-27,18.507375717163086
2018-02-28,18.198923110961914
2018-03-01,18.287044525146484
2018-03-02,18.63956642150879
2018-03-05,18.771764755249023
2018-03-06,19.036163330078125
2018-03-07,19.212417602539062
2018-03-08,19.036163330078125
2018-03-09,19.829330444335938
2018-03-12,20.049654006958008
2018-03-13,20.005590438842773
2018-03-14,20.005590438842773
2018-03-15,19.926061630249023
2018-03-16,19.970245361328125
2018-03-19,19.616790771484375
2018-03-20,19.660974502563477
2018-03-21,19.837703704833984
2018-03-22,19.837703704833984
2018-03-23,19.572608947753906
2018-03-26,19.793516159057617
2018-03-27,19.4842472076416
2018-03-28,19.351696014404297
2018-03-29,19.4400577545166
2018-04-02,18.909875869750977
2018-04-03,19.572608947753906
2018-04-04,19.572608947753906
2018-04-05,19.705156326293945
2018-04-06,19.52842140197754
2018-04-09,19.52842140197754
2018-04-10,19.793516159057617
2018-04-11,19.881879806518555
2018-04-12,20.27952003479004
2018-04-13,20.853883743286133
2018-04-16,20.456247329711914
2018-04-17,19.970245361328125
2018-04-18,20.058610916137695
2018-04-19,20.014429092407227
2018-04-20,20.102792739868164
2018-04-23,19.52842140197754
2018-04-24,19.926061630249023
2018-04-25,19.26333236694336
2018-04-26,19.130786895751953
2018-04-27,19.572608947753906
2018-04-30,19.4400577545166
2018-05-01,19.351696014404297
2018-05-02,19.042421340942383
2018-05-03,19.086605072021484
2018-05-04,19.351696014404297
2018-05-07,19.4400577545166
2018-05-08,19.616790771484375
2018-05-09,20.500431060791016
2018-05-10,20.544607162475586
2018-05-11,20.456247329711914
2018-05-14,20.500431060791016
2018-05-15,20.323701858520508
2018-05-16,20.323701858520508
2018-05-17,20.500431060791016
2018-05-18,20.323701858520508
2018-05-21,20.412063598632812
2018-05-22,20.014429092407227
2018-05-23,20.14697265625
2018-05-24,20.19114875793457
2018-05-25,20.235334396362305
2018-05-29,20.323701858520508
2018-05-30,20.500431060791016
2018-05-31,20.456247329711914
2018-06-01,20.677162170410156
2018-06-04,20.412063598632812
2018-06-05,20.456247329711914
2018-06-06,20.235334396362305
2018-06-07,20.412063598632812
2018-06-08,20.27952003479004
2018-06-11,20.500431060791016
2018-06-12,20.19114875793457
2018-06-13,20.19114875793457
2018-06-14,19.67707061767578
2018-06-15,19.72138786315918
2018-06-18,19.854337692260742
2018-06-19,20.208881378173828
2018-06-20,20.51910400390625
2018-06-21,20.386150360107422
2018-06-22,20.607742309570312
2018-06-25,20.56342315673828
2018-06-26,20.74069595336914
2018-06-27,20.74069595336914
2018-06-28,20.829328536987305
2018-06-29,20.164566040039062
2018-07-02,20.9179630279541
2018-07-03,20.9179630279541
2018-07-05,21.09524154663086
2018-07-06,21.050918579101562
2018-07-09,21.050918579101562
2018-07-10,21.09524154663086
2018-07-11,21.050918579101562
2018-07-12,21.31682777404785
2018-07-13,21.22818946838379
2018-07-16,21.671367645263672
2018-07-17,21.76000213623047
2018-07-18,21.804317474365234
2018-07-19,21.804317474365234
2018-07-20,22.025909423828125
2018-07-23,22.29181671142578
2018-07-24,22.29181671142578
2018-07-25,22.20318031311035
2018-07-26,22.42476463317871
2018-07-27,21.494098663330078
2018-07-30,21.538408279418945
2018-07-31,21.627046585083008
2018-08-01,21.538408279418945
2018-08-02,21.804317474365234
2018-08-03,20.873645782470703
2018-08-06,20.9179630279541
2018-08-07,21.050918579101562
2018-08-08,21.09524154663086
2018-08-09,21.050918579101562
2018-08-10,21.050918579101562
2018-08-13,21.71568489074707
2018-08-14,21.937273025512695
2018-08-15,21.627046585083008
2018-08-16,21.671367645263672
2018-08-17,21.494098663330078
2018-08-20,21.538408279418945
2018-08-21,21.804317474365234
2018-08-22,21.76000213623047
2018-08-23,21.937273025512695
2018-08-24,21.804317474365234
2018-08-27,21.538408279418945
2018-08-28,21.671367645263672
2018-08-29,21.76000213623047
2018-08-30,21.405460357666016
2018-08-31,21.627046585083008
2018-09-04,21.494098663330078
2018-09-05,21.31682777404785
2018-09-06,21.272510528564453
2018-09-07,21.272510528564453
2018-09-10,21.31682777404785
2018-09-11,21.31682777404785
2018-09-12,21.183866500854492
2018-09-13,21.29054832458496
2018-09-14,20.80162239074707
2018-09-17,20.890514373779297
2018-09-18,20.446035385131836
2018-09-19,20.223798751831055
2018-09-20,20.401588439941406
2018-09-21,20.57938003540039
2018-09-24,21.112754821777344
2018-09-25,20.71272087097168
2018-09-26,20.4904842376709
2018-09-27,20.446035385131836
2018-09-28,20.357139587402344
2018-10-01,20.001558303833008
2018-10-02,20.11712074279785
2018-10-03,20.001558303833008
2018-10-04,19.645967483520508
2018-10-05,19.352617263793945
2018-10-08,19.21038055419922
2018-10-09,19.112598419189453
2018-10-10,19.02370262145996
2018-10-11,18.757015228271484
2018-10-12,18.588111877441406
2018-10-15,18.739238739013672
2018-10-16,18.668119430541992
2018-10-17,18.543668746948242
2018-10-18,18.62367057800293
2018-10-19,19.592639923095703
2018-10-22,19.112598419189453
2018-10-23,19.503742218017578
2018-10-24,19.237056732177734
2018-10-25,19.512630462646484
2018-10-26,19.645967483520508
2018-10-29,19.17482566833496
2018-10-30,18.97036361694336
2018-10-31,18.819244384765625
2018-11-01,18.8814697265625
2018-11-02,18.70368194580078
2018-11-05,18.80146026611328
2018-11-06,18.712570190429688
2018-11-07,18.845911026000977
2018-11-08,18.854799270629883
2018-11-09,18.810352325439453
2018-11-12,18.863689422607422
2018-11-13,21.690574645996094
2018-11-14,20.783836364746094
2018-11-15,20.828290939331055
2018-11-16,20.010440826416016
2018-11-19,19.619304656982422
2018-11-20,19.592639923095703
2018-11-21,19.610414505004883
2018-11-23,19.477075576782227
2018-11-26,19.459293365478516
2018-11-27,19.245943069458008
2018-11-28,19.53040885925293
2018-11-29,19.663753509521484
2018-11-30,19.752649307250977
2018-12-03,19.53040885925293
2018-12-04,19.02370262145996
2018-12-06,19.032590866088867
2018-12-07,18.93480682373047
2018-12-10,19.077043533325195
2018-12-11,19.032590866088867
2018-12-12,18.792577743530273
2018-12-13,18.50716209411621
2018-12-14,18.07012367248535
2018-12-17,17.374435424804688
2018-12-18,18.373376846313477
2018-12-19,18.462570190429688
2018-12-20,16.74117660522461
2018-12-21,16.955238342285156
2018-12-24,16.643068313598633
2018-12-26,17.534982681274414
2018-12-27,17.04442596435547
2018-12-28,17.954174041748047
2018-12-31,18.516084671020508
2019-01-02,18.114721298217773
2019-01-03,17.856067657470703
2019-01-04,17.793628692626953
2019-01-07,16.411170959472656
2019-01-08,16.999834060668945
2019-01-09,16.946319580078125
2019-01-10,16.910634994506836
2019-01-11,16.910634994506836
2019-01-14,16.589557647705078
2019-01-15,16.785778045654297
2019-01-16,17.080102920532227
2019-01-17,17.936342239379883
2019-01-18,17.481464385986328
2019-01-22,17.0533504486084
2019-01-23,17.775794982910156
2019-01-24,17.695524215698242
2019-01-25,17.775794982910156
2019-01-28,17.784717559814453
2019-01-29,17.829309463500977
2019-01-30,17.838228225708008
2019-01-31,17.668764114379883
2019-02-01,17.47254753112793
2019-02-04,17.96309471130371
2019-02-05,17.927417755126953
2019-02-06,17.891742706298828
2019-02-07,17.873903274536133
2019-02-08,17.793628692626953
2019-02-11,17.811477661132812
2019-02-12,17.91850471496582
2019-02-13,17.96309471130371
2019-02-14,17.704442977905273
2019-02-15,17.838228225708008
2019-02-19,17.980932235717773
2019-02-20,18.159320831298828
2019-02-21,18.498247146606445
2019-02-22,18.855010986328125
2019-02-25,19.399072647094727
2019-02-26,19.399072647094727
2019-02-27,19.613128662109375
2019-02-28,19.70232582092285
2019-03-01,19.836111068725586
2019-03-04,19.283126831054688
2019-03-05,18.890684127807617
2019-03-06,19.265289306640625
2019-03-07,18.747982025146484
2019-03-08,18.391218185424805
2019-03-11,18.38229751586914
2019-03-12,18.061203002929688
2019-03-13,18.1503963470459
2019-03-14,18.633697509765625
2019-03-15,18.535240173339844
2019-03-18,18.615793228149414
2019-03-19,17.998247146606445
2019-03-20,17.720802307128906
2019-03-21,17.51495933532715
2019-03-22,16.78106689453125
2019-03-25,16.440967559814453
2019-03-26,16.63786506652832
2019-03-27,16.754207611083984
2019-03-28,17.022706985473633
2019-03-29,16.89740753173828
2019-04-01,16.92426872253418
2019-04-02,17.425445556640625
2019-04-03,17.380706787109375
2019-04-04,17.309110641479492
2019-04-05,17.980350494384766
2019-04-08,18.571044921875
2019-04-09,19.68978500366211
2019-04-10,20.029876708984375
2019-04-11,19.91352653503418
2019-04-12,19.87772560119629
2019-04-15,19.680828094482422
2019-04-16,18.93798828125
2019-04-17,19.23333168029785
2019-04-18,19.412336349487305
2019-04-22,18.82164764404297
2019-04-23,19.134883880615234
2019-04-24,18.454694747924805
2019-04-25,18.2309513092041
2019-04-26,18.517345428466797
2019-04-29,19.143836975097656
2019-04-30,19.3317813873291
2019-05-01,19.081188201904297
2019-05-02,19.421281814575195
2019-05-03,19.37653350830078
2019-05-06,19.97617530822754
2019-05-07,19.394432067871094
2019-05-08,18.597898483276367
2019-05-09,19.027490615844727
2019-05-10,18.82164764404297
2019-05-13,18.92903709411621
2019-05-14,19.34968376159668
2019-05-15,18.91114044189453
2019-05-16,18.79479217529297
2019-05-17,18.2309513092041
2019-05-20,18.79479217529297
2019-05-21,18.74109649658203
2019-05-22,18.56209945678711
2019-05-23,18.374143600463867
2019-05-24,18.776893615722656
2019-05-28,18.374143600463867
2019-05-29,17.998247146606445
2019-05-30,18.222003936767578
2019-05-31,18.034053802490234
2019-06-03,18.016149520874023
2019-06-04,18.04300308227539
2019-06-05,17.8371524810791
2019-06-06,17.872953414916992
2019-06-07,17.872953414916992
2019-06-10,18.078798294067383
2019-06-11,18.034053802490234
2019-06-12,18.481544494628906
2019-06-13,18.697175979614258
2019-06-14,18.6342830657959
2019-06-17,18.742101669311523
2019-06-18,18.643266677856445
2019-06-19,18.643266677856445
2019-06-20,18.445602416992188
2019-06-21,18.742101669311523
2019-06-24,18.598342895507812
2019-06-25,18.643266677856445
2019-06-26,18.68819236755371
2019-06-27,19.820266723632812
2019-06-28,20.39529037475586
2019-07-01,19.766357421875
2019-07-02,19.317123413085938
2019-07-03,19.586660385131836
2019-07-05,19.46088218688965
2019-07-08,19.101486206054688
2019-07-09,19.209300994873047
2019-07-10,19.28118324279785
2019-07-11,19.406967163085938
2019-07-12,19.146408081054688
2019-07-15,19.2901668548584
2019-07-16,19.362043380737305
2019-07-17,19.047582626342773
2019-07-18,18.867883682250977
2019-07-19,18.867883682250977
2019-07-22,18.82296371459961
2019-07-23,18.912809371948242
2019-07-24,18.697175979614258
2019-07-25,18.78702735900879
2019-07-26,18.553422927856445
2019-07-29,18.571392059326172
2019-07-30,18.580371856689453
2019-07-31,18.607328414916992
2019-08-01,18.56240463256836
2019-08-02,18.580371856689453
2019-08-05,18.104188919067383
2019-08-06,18.050273895263672
2019-08-07,17.81667709350586
2019-08-08,18.01433753967285
2019-08-09,17.942461013793945
2019-08-12,17.83464813232422
2019-08-13,17.987382888793945
2019-08-14,17.142820358276367
2019-08-15,17.205717086791992
2019-08-16,17.62799644470215
2019-08-19,18.14910888671875
2019-08-20,17.789722442626953
2019-08-21,17.969411849975586
2019-08-22,17.92449188232422
2019-08-23,17.35845375061035
2019-08-26,17.96042823791504
2019-08-27,17.520183563232422
2019-08-28,17.708860397338867
2019-08-29,17.780738830566406
2019-08-30,17.636980056762695
2019-09-03,17.31353187561035
2019-09-04,17.556119918823242
2019-09-05,17.93347930908203
2019-09-06,18.283884048461914
2019-09-09,17.978397369384766
2019-09-10,17.92449188232422
2019-09-11,18.319814682006836
2019-09-12,18.7347412109375
2019-09-13,19.05044937133789
2019-09-16,18.779848098754883
2019-09-17,19.33909034729004
2019-09-18,18.9873046875
2019-09-19,19.07750701904297
2019-09-20,19.72695541381836
2019-09-23,19.907352447509766
2019-09-24,19.907352447509766
2019-09-25,20.051679611206055
2019-09-26,19.871280670166016
2019-09-27,19.916372299194336
2019-09-30,19.979516983032227
2019-10-01,19.889318466186523
2019-10-02,20.024620056152344
2019-10-03,19.817157745361328
2019-10-04,19.99755859375
2019-10-07,19.86225700378418
2019-10-08,19.934417724609375
2019-10-09,19.934417724609375
2019-10-10,19.772058486938477
2019-10-11,19.69989013671875
2019-10-14,19.366147994995117
2019-10-15,19.303010940551758
2019-10-16,19.095550537109375
2019-10-17,18.870040893554688
2019-10-18,18.166479110717773
2019-10-21,19.05946922302246
2019-10-22,19.321044921875
2019-10-23,19.21280860900879
2019-10-24,19.16770362854004
2019-10-25,18.65355682373047
2019-10-28,19.113584518432617
2019-10-29,19.582630157470703
2019-10-30,19.63675308227539
2019-10-31,19.69989013671875
2019-11-01,19.889318466186523
2019-11-04,19.871280670166016
2019-11-05,19.934417724609375
2019-11-06,19.907352447509766
2019-11-07,19.763031005859375
2019-11-08,19.663814544677734
2019-11-11,19.681856155395508
2019-11-12,19.826175689697266
2019-11-13,19.70890998840332
2019-11-14,19.799114227294922
2019-11-15,19.988536834716797
2019-11-18,19.979516983032227
2019-11-19,19.735971450805664
2019-11-20,19.817157745361328
2019-11-21,19.889318466186523
2019-11-22,19.871280670166016
2019-11-25,20.493663787841797
2019-11-26,20.376399993896484
2019-11-27,20.141876220703125
2019-11-29,19.979516983032227
2019-12-02,19.844215393066406
2019-12-03,19.744993209838867
2019-12-04,20.141876220703125
2019-12-05,20.069711685180664
2019-12-06,19.627731323242188
2019-12-09,20.304241180419922
2019-12-10,20.701126098632812
2019-12-11,21.0078067779541
2019-12-12,21.04401206970215
2019-12-13,21.378902435302734
2019-12-16,21.5599308013916
2019-12-17,21.324600219726562
2019-12-18,21.71379852294922
2019-12-19,21.04401206970215
2019-12-20,20.73627471923828
2019-12-23,20.482833862304688
2019-12-24,20.40137481689453
2019-12-26,20.38327407836914
2019-12-27,20.519041061401367
2019-12-30,20.23845672607422
2019-12-31,20.428537368774414
2020-01-02,20.193199157714844
2020-01-03,19.912612915039062
2020-01-06,19.4781551361084
2020-01-07,19.641082763671875
2020-01-08,19.82210350036621
2020-01-09,19.83115005493164
2020-01-10,19.641082763671875
2020-01-13,19.686336517333984
2020-01-14,19.532468795776367
2020-01-15,19.613922119140625
2020-01-16,19.46910858154297
2020-01-17,19.32428741455078
2020-01-21,19.56867218017578
2020-01-22,19.95787239074707
2020-01-23,19.604875564575195
2020-01-24,19.29713249206543
2020-01-27,19.09800910949707
2020-01-28,19.188520431518555
2020-01-29,19.333337783813477
2020-01-30,19.179466247558594
2020-01-31,19.840208053588867
2020-02-03,19.840208053588867
2020-02-04,19.460054397583008
2020-02-05,19.785898208618164
2020-02-06,19.785898208618164
2020-02-07,19.460054397583008
2020-02-10,20.338016510009766
2020-02-11,19.650129318237305
2020-02-12,19.4781551361084
2020-02-13,19.613922119140625
2020-02-14,18.871726989746094
2020-02-18,18.582088470458984
2020-02-19,18.066171646118164
2020-02-20,17.948503494262695
2020-02-21,17.930402755737305
2020-02-24,17.20631217956543
2020-02-25,16.608930587768555
2020-02-26,17.10674476623535
2020-02-27,16.989078521728516
2020-02-28,15.504688262939453
2020-03-02,15.984397888183594
2020-03-03,15.902942657470703
2020-03-04,15.74907112121582
2020-03-05,14.889204025268555
2020-03-06,14.853002548217773
2020-03-09,14.4366455078125
2020-03-10,15.169795036315918
2020-03-11,14.943512916564941
2020-03-12,13.542841911315918
2020-03-13,14.797988891601562
2020-03-16,9.713738441467285
2020-03-17,13.49736499786377
2020-03-18,10.423168182373047
2020-03-19,14.743417739868164
2020-03-20,11.232645034790039
2020-03-23,10.2958345413208
2020-03-24,10.686929702758789
2020-03-25,10.677834510803223
2020-03-26,10.686929702758789
2020-03-27,10.268548965454102
2020-03-30,10.595977783203125
2020-03-31,10.641453742980957
2020-04-01,9.231687545776367
2020-04-02,9.231687545776367
2020-04-03,8.99521255493164
2020-04-06,9.231687545776367
2020-04-07,8.977022171020508
2020-04-08,9.540925979614258
2020-04-09,11.723790168762207
2020-04-13,11.378171920776367
2020-04-14,11.960265159606934
2020-04-15,10.577787399291992
2020-04-16,10.677834510803223
2020-04-17,11.605552673339844
2020-04-20,10.732407569885254
2020-04-21,10.459549903869629
2020-04-22,10.686929702758789
2020-04-23,10.605072021484375
2020-04-24,11.223550796508789
2020-04-27,12.706077575683594
2020-04-28,13.315462112426758
2020-04-29,15.398273468017578
2020-04-30,13.06079387664795
2020-05-01,14.070365905761719
2020-05-04,13.60650634765625
2020-05-05,13.215412139892578
2020-05-06,12.642411231994629
2020-05-07,12.324078559875488
2020-05-08,13.324555397033691
2020-05-11,12.997123718261719
2020-05-12,12.17855453491211
2020-05-13,12.005745887756348
2020-05-14,11.769264221191406
2020-05-15,12.369553565979004
2020-05-18,13.49736499786377
2020-05-19,12.5059814453125
2020-05-20,13.260887145996094
2020-05-21,12.787936210632324
2020-05-22,13.069890022277832
2020-05-26,13.897557258605957
2020-05-27,14.379606246948242
2020-05-28,13.661078453063965
2020-05-29,13.015317916870117
2020-06-01,13.597415924072266
2020-06-02,13.06079387664795
2020-06-03,13.651987075805664
2020-06-04,14.061271667480469
2020-06-05,14.6524658203125
2020-06-08,14.95261001586914
2020-06-09,14.35231876373291
2020-06-10,13.579221725463867
2020-06-11,12.66479778289795
2020-06-12,13.039713859558105
2020-06-15,14.246753692626953
2020-06-16,13.652377128601074
2020-06-17,12.75623893737793
2020-06-18,12.801962852478027
2020-06-19,12.847681999206543
2020-06-22,12.865970611572266
2020-06-23,12.57335376739502
2020-06-24,12.280739784240723
2020-06-25,12.591645240783691
2020-06-26,12.079565048217773
2020-06-29,13.268319129943848
2020-06-30,13.076287269592285
2020-07-01,13.250028610229492
2020-07-02,12.83853816986084
2020-07-06,12.326459884643555
2020-07-07,11.905821800231934
2020-07-08,12.006409645080566
2020-07-09,11.768661499023438
2020-07-10,12.015554428100586
2020-07-13,11.942399978637695
2020-07-14,12.463623046875
2020-07-15,12.62822151184082
2020-07-16,12.472768783569336
2020-07-17,12.18015193939209
2020-07-20,12.582498550415039
2020-07-21,12.765382766723633
2020-07-22,12.747095108032227
2020-07-23,13.167732238769531
2020-07-24,12.655652046203613
2020-07-27,12.500199317932129
2020-07-28,12.399615287780762
2020-07-29,12.408756256103516
2020-07-30,12.116143226623535
2020-07-31,11.439467430114746
2020-08-03,11.430322647094727
2020-08-04,11.421177864074707
2020-08-05,11.430322647094727
2020-08-06,11.732080459594727
2020-08-07,12.408756256103516
2020-08-10,12.399615287780762
2020-08-11,12.125288009643555
2020-08-12,12.73795223236084
2020-08-13,12.801962852478027
2020-08-14,13.003134727478027
2020-08-17,13.295748710632324
2020-08-18,12.527630805969238
2020-08-19,12.820249557495117
2020-08-20,12.536779403686523
2020-08-21,12.106995582580566
2020-08-24,12.143572807312012
2020-08-25,12.326459884643555
2020-08-26,12.070422172546387
2020-08-27,12.344747543334961
2020-08-28,12.527630805969238
2020-08-31,12.143572807312012
2020-09-01,12.491057395935059
2020-09-02,12.463623046875
2020-09-03,11.969834327697754
2020-09-04,12.006409645080566
2020-09-08,11.832667350769043
2020-09-09,11.604061126708984
2020-09-10,11.309590339660645
2020-09-11,11.171557426452637
2020-09-14,11.613265991210938
2020-09-15,11.778905868530273
2020-09-16,11.686883926391602
2020-09-17,12.726738929748535
2020-09-18,11.677679061889648
2020-09-21,10.674633979797363
2020-09-22,10.315743446350098
2020-09-23,10.039678573608398
2020-09-24,10.085688591003418
2020-09-25,10.18691349029541
2020-09-28,10.251330375671387
2020-09-29,10.370959281921387
2020-09-30,10.656228065490723
2020-10-01,10.785061836242676
2020-10-02,11.107141494750977
2020-10-05,11.512042045593262
2020-10-06,11.005916595458984
2020-10-07,11.723691940307617
2020-10-08,12.073379516601562
2020-10-09,11.86172866821289
2020-10-12,11.870928764343262
2020-10-13,11.935346603393555
2020-10-14,11.880130767822266
2020-10-15,12.377057075500488
2020-10-16,12.386256217956543
2020-10-19,12.146997451782227
2020-10-20,12.469078063964844
2020-10-21,12.8831787109375
2020-10-22,12.570301055908203
2020-10-23,12.754347801208496
2020-10-26,13.030415534973145
2020-10-27,13.223664283752441
2020-10-28,12.607111930847168
2020-10-29,12.8831787109375
2020-10-30,12.901583671569824
2020-11-02,13.75739574432373
2020-11-03,13.637764930725098
2020-11-04,13.37090015411377
2020-11-05,13.858619689941406
2020-11-06,13.416909217834473
2020-11-09,14.668420791625977
2020-11-10,15.174546241760254
2020-11-11,15.266566276550293
2020-11-12,14.465970993041992
2020-11-13,15.505828857421875
2020-11-16,16.13157844543457
2020-11-17,15.689868927001953
2020-11-18,16.149986267089844
2020-11-19,16.011947631835938
2020-11-20,15.745084762573242
2020-11-23,15.689868927001953
2020-11-24,15.892326354980469
2020-11-25,16.913776397705078
2020-11-27,17.097822189331055
2020-11-30,16.186792373657227
2020-12-01,16.232805252075195
2020-12-02,16.232805252075195
2020-12-03,15.892326354980469
2020-12-04,16.554885864257812
2020-12-07,16.646907806396484
2020-12-08,16.757333755493164
2020-12-09,16.96898651123047
2020-12-10,17.15303611755371
2020-12-11,17.15303611755371
2020-12-14,16.610097885131836
2020-12-15,16.932174682617188
2020-12-16,16.50702476501465
2020-12-17,16.451576232910156
2020-12-18,16.18354034423828
2020-12-21,15.989441871643066
2020-12-22,15.194596290588379
2020-12-23,15.619751930236816
2020-12-24,15.961723327636719
2020-12-28,15.730656623840332
2020-12-29,15.878539085388184
2020-12-30,16.174299240112305
2020-12-31,16.220510482788086
2021-01-04,16.2020206451416
2021-01-05,16.368391036987305
2021-01-06,17.357332229614258
2021-01-07,17.90263557434082
2021-01-08,18.152185440063477
2021-01-11,18.44794273376465
2021-01-12,18.549610137939453
2021-01-13,18.438697814941406
2021-01-14,18.71596908569336
2021-01-15,18.226118087768555
2021-01-19,18.105968475341797
2021-01-20,17.01535987854004
2021-01-21,16.70111846923828
2021-01-22,17.911876678466797
2021-01-25,17.893390655517578
2021-01-26,17.930362701416016
2021-01-27,17.893390655517578
2021-01-28,17.66233253479004
2021-01-29,17.375816345214844
2021-02-01,17.135515213012695
2021-02-02,17.73627281188965
2021-02-03,17.856420516967773
2021-02-04,17.97657585144043
2021-02-05,18.198396682739258
2021-02-08,18.75294303894043
2021-02-09,18.669757843017578
2021-02-10,18.02278709411621
2021-02-11,17.551420211791992
2021-02-12,17.569910049438477
2021-02-16,17.837942123413086
2021-02-17,17.653093338012695
2021-02-18,17.458999633789062
2021-02-19,17.70854377746582
2021-02-22,18.02278709411621
2021-02-23,17.87491226196289
2021-02-24,18.614303588867188
2021-02-25,18.438697814941406
2021-02-26,18.34627342224121
2021-03-01,18.484905242919922
2021-03-02,18.484905242919922
2021-03-03,19.067184448242188
2021-03-04,19.788095474243164
2021-03-05,19.769611358642578
2021-03-08,20.592193603515625
2021-03-09,20.481277465820312
2021-03-10,20.296432495117188
2021-03-11,20.407747268676758
2021-03-12,21.14984893798828
2021-03-15,21.35392189025879
2021-03-16,20.19439125061035
2021-03-17,20.129459381103516
2021-03-18,20.379915237426758
2021-03-19,20.036701202392578
2021-03-22,19.795513153076172
2021-03-23,19.238937377929688
2021-03-24,19.071962356567383
2021-03-25,20.574718475341797
2021-03-26,20.296430587768555
2021-03-29,19.795513153076172
2021-03-30,20.491228103637695
2021-03-31,20.407747268676758
2021-04-01,20.036701202392578
2021-04-05,19.619264602661133
2021-04-06,19.452287673950195
2021-04-07,19.238937377929688
2021-04-08,19.554332733154297
2021-04-09,19.526500701904297
2021-04-12,19.489395141601562
2021-04-13,19.08124542236328
2021-04-14,19.211109161376953
2021-04-15,19.146177291870117
2021-04-16,20.32425880432129
2021-04-19,20.379915237426758
2021-04-20,19.749135971069336
2021-04-21,19.712024688720703
2021-04-22,19.851173400878906
2021-04-23,19.879003524780273
2021-04-26,19.776962280273438
2021-04-27,20.036701202392578
2021-04-28,20.08307647705078
2021-04-29,20.19439125061035
2021-04-30,20.454132080078125
2021-05-03,21.409584045410156
2021-05-04,21.242612838745117
2021-05-05,21.363197326660156
2021-05-06,21.35392189025879
2021-05-07,21.010698318481445
2021-05-10,21.845565795898438
2021-05-11,20.704586029052734
2021-05-12,20.741689682006836
2021-05-13,20.583995819091797
2021-05-14,22.003259658813477
2021-05-17,22.27227210998535
2021-05-18,22.40213966369629
2021-05-19,21.984712600708008
2021-05-20,21.956880569458008
2021-05-21,22.596940994262695
2021-05-24,22.12385368347168
2021-05-25,21.891942977905273
2021-05-26,22.29082489013672
2021-05-27,22.494903564453125
2021-05-28,22.485628128051758
2021-06-01,22.550559997558594
2021-06-02,22.61549186706543
2021-06-03,22.40213966369629
2021-06-04,22.05891990661621
2021-06-07,21.483787536621094
2021-06-08,21.28898811340332
2021-06-09,21.205503463745117
2021-06-10,21.121688842773438
2021-06-11,21.037870407104492
2021-06-14,20.898174285888672
2021-06-15,21.25206756591797
2021-06-16,21.18687629699707
2021-06-17,20.814361572265625
2021-06-18,20.590850830078125
2021-06-21,20.628108978271484
2021-06-22,20.479101181030273
2021-06-23,20.451152801513672
2021-06-24,20.814361572265625
2021-06-25,20.637414932250977
2021-06-28,20.8050479888916
2021-06-29,20.628108978271484
2021-06-30,20.534975051879883
2021-07-01,20.60947608947754
2021-07-02,20.52566146850586
2021-07-06,20.36734390258789
2021-07-07,20.20902442932129
2021-07-08,19.855134963989258
2021-07-09,20.674665451049805
2021-07-12,20.711915969848633
2021-07-13,20.4884090423584
2021-07-14,20.963369369506836
2021-07-15,21.699085235595703
2021-07-16,21.419700622558594
2021-07-19,20.954057693481445
2021-07-20,22.02503776550293
2021-07-21,21.727027893066406
2021-07-22,21.503517150878906
2021-07-23,21.30794334411621
2021-07-26,20.98199462890625
2021-07-27,20.898174285888672
2021-07-28,21.000619888305664
2021-07-29,21.037870407104492
2021-07-30,20.683979034423828
2021-08-02,21.084436416625977
2021-08-03,21.065814971923828
2021-08-04,20.730548858642578
2021-08-05,20.879554748535156
2021-08-06,21.270694732666016
2021-08-09,21.270694732666016
2021-08-10,21.773591995239258
2021-08-11,22.211299896240234
2021-08-12,22.13680076599121
2021-08-13,21.75496482849121
2021-08-16,22.164731979370117
2021-08-17,21.857410430908203
2021-08-18,22.099546432495117
2021-08-19,21.429014205932617
2021-08-20,21.792221069335938
2021-08-23,21.68977928161621
2021-08-24,21.373136520385742
2021-08-25,21.438323974609375
2021-08-26,21.494205474853516
2021-08-27,21.68977928161621
2021-08-30,21.25206756591797
2021-08-31,21.28000831604004
2021-09-01,21.233442306518555
2021-09-02,21.578022003173828
2021-09-03,21.86672019958496
2021-09-07,21.587329864501953
2021-09-08,21.36382484436035
2021-09-09,21.289026260375977
2021-09-10,21.083335876464844
2021-09-13,21.232925415039062
2021-09-14,20.90569305419922
2021-09-15,21.027240753173828
2021-09-16,21.111387252807617
2021-09-17,21.765859603881836
2021-09-20,21.447975158691406
2021-09-21,21.270328521728516
2021-09-22,21.410572052001953
2021-09-23,21.48536491394043
2021-09-24,21.52277374267578
2021-09-27,21.971546173095703
2021-09-28,21.93415069580078
2021-09-29,21.8780517578125
2021-09-30,21.8780517578125
2021-10-01,21.887399673461914
2021-10-04,21.74715805053711
2021-10-05,21.887399673461914
2021-10-06,21.990245819091797
2021-10-07,22.345529556274414
2021-10-08,22.36423110961914
2021-10-11,22.439029693603516
2021-10-12,22.298778533935547
2021-10-13,22.14919090270996
2021-10-14,22.439029693603516
2021-10-15,23.617076873779297
2021-10-18,24.215450286865234
2021-10-19,25.12236213684082
2021-10-20,24.54268455505371
2021-10-21,25.243906021118164
2021-10-22,24.27154541015625
2021-10-25,23.58902359008789
2021-10-26,23.57967758178711
2021-10-27,23.336584091186523
2021-10-28,23.82276725769043
2021-10-29,23.70122528076172
2021-11-01,24.589431762695312
2021-11-02,24.869922637939453
2021-11-03,24.748380661010742
2021-11-04,25.702037811279297
2021-11-05,25.215858459472656
2021-11-08,25.477645874023438
2021-11-09,25.243906021118164
2021-11-10,25.010168075561523
2021-11-11,25.22520637512207
2021-11-12,25.617891311645508
2021-11-15,25.309349060058594
2021-11-16,25.000816345214844
2021-11-17,24.84187126159668
2021-11-18,25.243906021118164
2021-11-19,25.234554290771484
2021-11-22,25.028867721557617
2021-11-23,24.701627731323242
2021-11-24,24.776426315307617
2021-11-26,24.729673385620117
2021-11-29,24.54268455505371
2021-11-30,24.30894660949707
2021-12-01,23.869518280029297
2021-12-02,24.103252410888672
2021-12-03,23.635778427124023
2021-12-06,23.523578643798828
2021-12-07,24.168704986572266
2021-12-08,24.75773048400879
2021-12-09,24.38374137878418
2021-12-10,24.290246963500977
2021-12-13,23.60772705078125
2021-12-14,23.467479705810547
2021-12-15,24.215450286865234
2021-12-16,24.16851806640625
2021-12-17,23.699228286743164
2021-12-20,23.811861038208008
2021-12-21,23.93387794494629
2021-12-22,23.71800422668457
2021-12-23,23.764925003051758
2021-12-27,24.055889129638672
2021-12-28,24.590885162353516
2021-12-29,24.90062141418457
2021-12-30,24.412551879882812
2021-12-31,24.6378116607666
2022-01-03,24.975704193115234
2022-01-04,25.238502502441406
2022-01-05,25.238502502441406
2022-01-06,25.942440032958984
2022-01-07,27.688203811645508
2022-01-10,28.62679100036621
2022-01-11,28.035484313964844
2022-01-12,27.20014762878418
2022-01-13,27.218914031982422
2022-01-14,27.03119659423828
2022-01-18,26.7496280670166
2022-01-19,25.951828002929688
2022-01-20,26.045684814453125
2022-01-21,26.655765533447266
2022-01-24,27.20953369140625
2022-01-25,27.387859344482422
2022-01-26,28.17626953125
2022-01-27,28.223203659057617
2022-01-28,27.810222625732422
2022-01-31,27.91346549987793
2022-02-01,27.688203811645508
2022-02-02,27.32215690612793
2022-02-03,27.28461265563965
2022-02-04,27.688203811645508
2022-02-07,27.660049438476562
2022-02-08,27.688203811645508
2022-02-09,28.11995506286621
2022-02-10,27.65066146850586
2022-02-11,27.181373596191406
2022-02-14,27.08751678466797
2022-02-15,27.218914031982422
2022-02-16,27.20014762878418
2022-02-17,27.181373596191406
2022-02-18,26.984272003173828
2022-02-22,27.125059127807617
2022-02-23,26.843482971191406
2022-02-24,27.162601470947266
2022-02-25,26.843482971191406
2022-02-28,26.60883903503418
2022-03-01,25.933055877685547
2022-03-02,26.68392562866211
2022-03-03,26.280332565307617
2022-03-04,26.045684814453125
2022-03-07,25.520078659057617
2022-03-08,25.520078659057617
2022-03-09,25.84858512878418
2022-03-10,26.16886329650879
2022-03-11,26.187707901000977
2022-03-14,26.658706665039062
2022-03-15,26.54566764831543
2022-03-16,26.922470092773438
2022-03-17,26.77174949645996
2022-03-18,26.837688446044922
2022-03-21,26.639867782592773
2022-03-22,26.724647521972656
2022-03-23,26.4797306060791
2022-03-24,27.04492950439453
2022-03-25,26.724647521972656
2022-03-28,26.86595344543457
2022-03-29,26.87537384033203
2022-03-30,26.50798797607422
2022-03-31,26.357267379760742
2022-04-01,26.140607833862305
2022-04-04,25.961624145507812
2022-04-05,25.8109073638916
2022-04-06,25.66960334777832
2022-04-07,25.716703414916992
2022-04-08,26.451465606689453
2022-04-11,26.338428497314453
2022-04-12,26.43262481689453
2022-04-13,26.394947052001953
2022-04-14,26.705806732177734
2022-04-18,27.29926872253418
2022-04-19,27.84563446044922
2022-04-20,27.78911018371582
2022-04-21,27.402891159057617
2022-04-22,27.43115234375
2022-04-25,27.374629974365234
2022-04-26,27.252172470092773
2022-04-27,27.205068588256836
2022-04-28,27.22391128540039
2022-04-29,27.17681121826172
2022-05-02,27.14855194091797
2022-05-03,26.894207000732422
2022-05-04,27.035512924194336
2022-05-05,26.894207000732422
2022-05-06,26.611608505249023
2022-05-09,26.649288177490234
2022-05-10,26.37610626220703
2022-05-11,26.357267379760742
2022-05-12,26.470306396484375
2022-05-13,26.55508804321289
2022-05-16,26.366687774658203
2022-05-17,26.56450653076172
2022-05-18,26.442047119140625
2022-05-19,26.140607833862305
2022-05-20,26.05582618713379
2022-05-23,26.244226455688477
2022-05-24,26.442047119140625
2022-05-25,26.54566764831543
2022-05-26,26.87537384033203
2022-05-27,26.75290870666504
2022-05-31,27.3181095123291
2022-06-01,27.553611755371094
2022-06-02,27.57244873046875
2022-06-03,27.68549156188965
2022-06-06,27.04492950439453
2022-06-07,26.9318904876709
2022-06-08,26.9318904876709
2022-06-09,26.667110443115234
2022-06-10,26.392871856689453
2022-06-13,25.475597381591797
2022-06-14,25.655269622802734
2022-06-15,25.85385513305664
2022-06-16,25.343204498291016
2022-06-17,25.759294509887695
2022-06-21,25.52288246154785
2022-06-22,25.295928955078125
2022-06-23,24.82310676574707
2022-06-24,24.416479110717773
2022-06-27,25.664722442626953
2022-06-28,25.532337188720703
2022-06-29,25.068971633911133
2022-06-30,25.040603637695312
2022-07-01,25.343204498291016
2022-07-05,25.759294509887695
2022-07-06,25.38103675842285
2022-07-07,25.191905975341797
2022-07-08,25.38103675842285
2022-07-11,25.693098068237305
2022-07-12,25.70255470275879
2022-07-13,25.456684112548828
2022-07-14,25.21082305908203
2022-07-15,25.40940284729004
2022-07-18,25.362119674682617
2022-07-19,25.67418098449707
2022-07-20,25.693098068237305
2022-07-21,25.67418098449707
2022-07-22,25.428314208984375
2022-07-25,25.93896484375
2022-07-26,25.92005157470703
2022-07-27,26.147008895874023
2022-07-28,26.298311233520508
2022-07-29,26.49689483642578
2022-08-01,26.487438201904297
2022-08-02,26.2415714263916
2022-08-03,26.232112884521484
2022-08-04,26.336135864257812
2022-08-05,26.430696487426758
2022-08-08,26.477981567382812
2022-08-09,26.88460922241211
2022-08-10,26.648197174072266
2022-08-11,26.572546005249023
2022-08-12,26.82786750793457
2022-08-15,27.366886138916016
2022-08-16,27.877532958984375
2022-08-17,27.8207950592041
2022-08-18,28.01937484741211
2022-08-19,28.047746658325195
2022-08-22,27.508729934692383
2022-08-23,27.423620223999023
2022-08-24,27.291231155395508
2022-08-25,27.546558380126953
2022-08-26,27.14938735961914
2022-08-29,26.761672973632812
2022-08-30,26.723844528198242
2022-08-31,26.506351470947266
2022-09-01,26.09026527404785
2022-09-02,25.99570083618164
2022-09-06,25.655269622802734
2022-09-07,25.882225036621094
2022-09-08,26.062625885009766
2022-09-09,26.299989700317383
2022-09-12,26.21453857421875
2022-09-13,25.483455657958984
2022-09-14,25.23659324645996
2022-09-15,25.52143096923828
2022-09-16,24.970748901367188
2022-09-19,25.502445220947266
2022-09-20,25.27457618713379
2022-09-21,25.065692901611328
2022-09-22,24.7713623046875
2022-09-23,24.496015548706055
2022-09-26,24.12572479248047
2022-09-27,23.802915573120117
2022-09-28,24.173200607299805
2022-09-29,24.144716262817383
2022-09-30,23.84089469909668
2022-10-03,24.192188262939453
2022-10-04,24.875804901123047
2022-10-05,24.76186752319336
2022-10-06,24.44854164123535
2022-10-07,23.973819732666016
2022-10-10,23.93583869934082
2022-10-11,23.85038948059082
2022-10-12,23.973819732666016
2022-10-13,24.306127548217773
2022-10-14,24.657426834106445
2022-10-17,25.59738540649414
2022-10-18,25.74930191040039
2022-10-19,25.796775817871094
2022-10-20,25.369522094726562
2022-10-21,25.578397750854492
2022-10-24,26.053131103515625
2022-10-25,26.499372482299805
2022-10-26,26.499372482299805
2022-10-27,26.594322204589844
2022-10-28,26.75572967529297
2022-10-31,27.211469650268555
2022-11-01,27.20197105407715
2022-11-02,26.831682205200195
2022-11-03,26.67027473449707
2022-11-04,27.239948272705078
2022-11-07,26.784208297729492
2022-11-08,26.632295608520508
2022-11-09,26.77471923828125
2022-11-10,27.496305465698242
2022-11-11,27.268436431884766
2022-11-14,27.00258445739746
2022-11-15,27.040565490722656
2022-11-16,27.050060272216797
2022-11-17,27.088035583496094
2022-11-18,27.059553146362305
2022-11-21,27.059553146362305
2022-11-22,27.135513305664062
2022-11-23,26.974102020263672
2022-11-25,27.059553146362305
2022-11-28,26.75572967529297
2022-11-29,26.698760986328125
2022-11-30,27.06905174255371
2022-12-01,27.107023239135742
2022-12-02,27.173490524291992
2022-12-05,26.65128517150879
2022-12-06,26.679773330688477
2022-12-07,26.499372482299805
2022-12-08,26.07211685180664
2022-12-09,25.986665725708008
2022-12-12,26.015151977539062
2022-12-13,25.901212692260742
2022-12-14,25.464462280273438
2022-12-15,25.43586540222168
2022-12-16,25.454931259155273
2022-12-19,25.48353385925293
2022-12-20,25.445396423339844
2022-12-21,26.11275291442871
2022-12-22,25.96975326538086
2022-12-23,26.07461929321289
2022-12-27,25.86487579345703
2022-12-28,25.750473022460938
2022-12-29,26.017417907714844
2022-12-30,26.055551528930664
2023-01-03,25.4739990234375
2023-01-04,25.283323287963867
2023-01-05,25.140321731567383
2023-01-06,25.359594345092773
2023-01-09,25.149850845336914
2023-01-10,25.168920516967773
2023-01-11,25.254722595214844
2023-01-12,25.826745986938477
2023-01-13,25.8553466796875
2023-01-17,25.359594345092773
2023-01-18,25.035449981689453
2023-01-19,24.949642181396484
2023-01-20,25.168920516967773
2023-01-23,25.025915145874023
2023-01-24,24.83523941040039
2023-01-25,24.911508560180664
2023-01-26,24.968713760375977
2023-01-27,25.035449981689453
2023-01-30,24.911508560180664
2023-01-31,25.235654830932617
2023-02-01,25.302391052246094
2023-02-02,25.86487579345703
2023-02-03,26.179489135742188
2023-02-06,25.84581184387207
2023-02-07,25.96975326538086
2023-02-08,25.931615829467773
2023-02-09,25.836278915405273
2023-02-10,25.607471466064453
2023-02-13,25.531204223632812
2023-02-14,25.397727966308594
2023-02-15,25.407264709472656
2023-02-16,25.416799545288086
2023-02-17,25.340524673461914
2023-02-21,25.292858123779297
2023-02-22,25.159387588500977
2023-02-23,25.359594345092773
2023-02-24,25.159387588500977
2023-02-27,25.168920516967773
2023-02-28,25.178451538085938
2023-03-01,25.140321731567383
2023-03-02,25.130783081054688
2023-03-03,25.159387588500977
2023-03-06,25.00684928894043
2023-03-07,24.911508560180664
2023-03-08,24.778038024902344
2023-03-09,23.83940315246582
2023-03-10,23.3126220703125
2023-03-13,21.387460708618164
2023-03-14,22.441030502319336
2023-03-15,22.201580047607422
2023-03-16,22.555965423583984
2023-03-17,22.53680992126465
2023-03-20,22.527231216430664
2023-03-21,22.862457275390625
2023-03-22,22.29736328125
2023-03-23,21.856775283813477
2023-03-24,21.971715927124023
2023-03-27,22.057910919189453
2023-03-28,21.990863800048828
2023-03-29,21.971715927124023
2023-03-30,21.483238220214844
2023-03-31,21.847196578979492
2023-04-03,22.038761138916016
2023-04-04,21.368305206298828
2023-04-05,21.157590866088867
2023-04-06,21.176746368408203
2023-04-10,21.195899963378906
2023-04-11,21.33957290649414
2023-04-12,21.320411682128906
2023-04-13,21.262948989868164
2023-04-14,21.22463607788086
2023-04-17,21.60775375366211
2023-04-18,21.58859634399414
2023-04-19,22.15369415283203
2023-04-20,22.441030502319336
2023-04-21,22.26862907409668
2023-04-24,22.36440658569336
2023-04-25,21.837623596191406
2023-04-26,21.60775375366211
2023-04-27,21.5502872467041
2023-04-28,22.172849655151367
2023-05-01,21.751420974731445
2023-05-02,20.305158615112305
2023-05-03,20.343469619750977
2023-05-04,19.768798828125
2023-05-05,20.515869140625
2023-05-08,20.70743179321289
2023-05-09,20.49671745300293
2023-05-10,20.59249496459961
2023-05-11,20.295576095581055
2023-05-12,20.32431411743164
2023-05-15,20.640382766723633
2023-05-16,20.400936126708984
2023-05-17,21.061813354492188
2023-05-18,21.195899963378906
2023-05-19,21.071392059326172
2023-05-22,21.310836791992188
2023-05-23,21.741846084594727
2023-05-24,21.741846084594727
2023-05-25,21.789731979370117
2023-05-26,21.751420974731445
2023-05-30,21.7993106842041
2023-05-31,21.789731979370117
2023-06-01,21.7993106842041
2023-06-02,22.402719497680664
2023-06-05,21.837623596191406
2023-06-06,22.728368759155273
2023-06-07,23.30303955078125
2023-06-08,23.13941192626953
2023-06-09,22.985403060913086
2023-06-12,22.86026954650879
2023-06-13,22.850645065307617
2023-06-14,22.889150619506836
2023-06-15,22.995027542114258
2023-06-16,23.004653930664062
2023-06-20,22.764019012451172
2023-06-21,22.600387573242188
2023-06-22,22.032489776611328
2023-06-23,22.677391052246094
2023-06-26,22.427127838134766
2023-06-27,22.927650451660156
2023-06-28,22.744768142700195
2023-06-29,22.96615219116211
2023-06-30,22.706268310546875
2023-07-03,22.869903564453125
2023-07-05,22.398258209228516
2023-07-06,21.926610946655273
2023-07-07,22.388629913330078
2023-07-10,21.984365463256836
2023-07-11,22.224998474121094
2023-07-12,22.14799690246582
2023-07-13,22.244251251220703
2023-07-14,23.43779754638672
2023-07-17,24.236703872680664
2023-07-18,24.525463104248047
2023-07-19,25.382122039794922
2023-07-20,25.006731033325195
2023-07-21,25.420625686645508
2023-07-24,26.142528533935547
2023-07-25,25.276241302490234
2023-07-26,25.50724983215332
2023-07-27,25.50724983215332
2023-07-28,25.189617156982422
2023-07-31,25.526504516601562
2023-08-01,25.70938491821289
2023-08-02,25.613130569458008
2023-08-03,25.71900749206543
2023-08-04,25.36287498474121
2023-08-07,25.680509567260742
2023-08-08,26.161781311035156
2023-08-09,25.420625686645508
2023-08-10,25.31474494934082
2023-08-11,25.391746520996094
2023-08-14,24.717973709106445
2023-08-15,24.150074005126953
2023-08-16,23.66880226135254
2023-08-17,23.79393196105957
2023-08-18,23.2741641998291
2023-08-21,23.341543197631836
2023-08-22,23.072031021118164
2023-08-23,23.37042236328125
2023-08-24,23.553302764892578
2023-08-25,23.476299285888672
2023-08-28,23.49555015563965
2023-08-29,23.572551727294922
2023-08-30,23.553302764892578
2023-08-31,23.26453971862793
2023-09-01,23.73618507385254
2023-09-05,23.44742202758789
2023-09-06,22.927650451660156
2023-09-07,22.56003761291504
2023-09-08,23.05341339111328
2023-09-11,22.88895606994629
2023-09-12,23.256568908691406
2023-09-13,23.22754669189453
2023-09-14,24.26268196105957
2023-09-15,22.995372772216797
2023-09-18,22.956674575805664
2023-09-19,22.80188751220703
2023-09-20,22.82123374938965
2023-09-21,23.15983009338379
2023-09-22,22.618080139160156
2023-09-25,23.0340633392334
2023-09-26,22.84058380126953
2023-09-27,22.94700050354004
2023-09-28,23.043739318847656
2023-09-29,22.66645050048828
2023-10-02,22.66645050048828
2023-10-03,22.366552352905273
2023-10-04,22.753517150878906
2023-10-05,22.995372772216797
2023-10-06,23.072763442993164
2023-10-09,22.8792781829834
2023-10-10,22.753517150878906
2023-10-11,22.86960792541504
2023-10-12,22.78253746032715
2023-10-13,22.966346740722656
2023-10-16,22.540687561035156
2023-10-17,22.73417091369629
2023-10-18,22.472965240478516
2023-10-19,22.27948570251465
2023-10-20,22.03763198852539
2023-10-23,22.16339683532715
2023-10-24,21.93121910095215
2023-10-25,22.056982040405273
2023-10-26,22.753517150878906
2023-10-27,22.250465393066406
2023-10-30,23.188854217529297
2023-10-31,23.27591896057129
2023-11-01,23.072763442993164
2023-11-02,23.92408561706543
2023-11-03,24.562578201293945
2023-11-06,24.591598510742188
2023-11-07,24.378767013549805
2023-11-08,24.233657836914062
2023-11-09,24.04017448425293
2023-11-10,24.34974479675293
2023-11-13,24.475509643554688
2023-11-14,26.033042907714844
2023-11-15,25.810537338256836
2023-11-16,25.578359603881836
2023-11-17,25.916954040527344
2023-11-20,25.62672996520996
2023-11-21,25.123676300048828
2023-11-22,25.65575408935547
2023-11-24,25.762165069580078
2023-11-27,26.1201114654541
2023-11-28,25.897607803344727
2023-11-29,26.83599281311035
2023-11-30,26.53609848022461
2023-12-01,27.106868743896484
2023-12-04,27.23263168334961
2023-12-05,27.193939208984375
2023-12-06,26.50707244873047
2023-12-07,26.6618595123291
2023-12-08,26.816646575927734
2023-12-11,25.810537338256836
2023-12-12,25.791189193725586
2023-12-13,26.44902801513672
2023-12-14,26.759965896606445
2023-12-15,26.886281967163086
2023-12-18,27.05146598815918
2023-12-19,27.12920379638672
2023-12-20,27.226369857788086
2023-12-21,27.87739372253418
2023-12-22,27.86767578125
2023-12-26,28.450685501098633
2023-12-27,28.37294578552246
2023-12-28,28.839353561401367
2023-12-29,28.75189971923828
2024-01-02,28.071727752685547
2024-01-03,27.624755859375
2024-01-04,27.45957374572754
2024-01-05,27.760791778564453
2024-01-08,27.79966163635254
2024-01-09,27.498437881469727
2024-01-10,27.372119903564453
2024-01-11,26.827983856201172
2024-01-12,27.12920379638672
2024-01-16,27.644193649291992
2024-01-17,27.226369857788086
2024-01-18,27.430419921875
2024-01-19,28.450685501098633
2024-01-22,29.830467224121094
2024-01-23,28.713031768798828
2024-01-24,28.577001571655273
2024-01-25,28.936521530151367
2024-01-26,28.839353561401367
2024-01-29,29.140573501586914
2024-01-30,28.80048370361328
2024-01-31,26.614213943481445
2024-02-01,26.7988338470459
2024-02-02,26.487895965576172
2024-02-05,26.128376007080078
2024-02-06,25.457921981811523
2024-02-07,25.992341995239258
2024-02-08,26.1672420501709
2024-02-09,26.458744049072266
2024-02-12,27.12920379638672
2024-02-13,25.477352142333984
2024-02-14,26.5073299407959
2024-02-15,27.25551986694336
2024-02-16,26.487895965576172
2024-02-20,26.303279876708984
2024-02-21,26.779399871826172
2024-02-22,26.623929977416992
2024-02-23,26.69194793701172
2024-02-26,26.410160064697266
2024-02-27,26.93486785888672
2024-02-28,25.778573989868164
2024-02-29,26.6044979095459
2024-03-01,25.992341995239258
2024-03-04,26.342145919799805
2024-03-05,26.623929977416992
2024-03-06,26.565628051757812
2024-03-07,26.847415924072266
2024-03-08,26.964021682739258
2024-03-11,26.87656593322754
2024-03-12,26.526763916015625
2024-03-13,26.905719757080078
2024-03-14,26.16375732421875
2024-03-15,27.35479736328125
2024-03-18,26.671411514282227
2024-03-19,26.38829803466797
2024-03-20,27.140018463134766
2024-03-21,28.99491310119629
2024-03-22,27.999126434326172
2024-03-25,26.82761573791504
2024-03-26,26.729990005493164
2024-03-27,27.188831329345703
2024-03-28,26.944766998291016
2024-04-01,27.042394638061523
2024-04-02,26.368772506713867
2024-04-03,26.066133499145508
2024-04-04,26.241857528686523
2024-04-05,26.046607971191406
2024-04-08,25.724441528320312
2024-04-09,25.724441528320312
2024-04-10,25.714679718017578
2024-04-11,25.38275146484375
2024-04-12,25.65610694885254
2024-04-15,25.802541732788086
2024-04-16,25.773252487182617
2024-04-17,25.65610694885254
2024-04-18,25.773252487182617
2024-04-19,26.271148681640625
2024-04-22,26.856901168823242
2024-04-23,26.974056243896484
2024-04-24,27.08144187927246
2024-04-25,26.603076934814453
2024-04-26,26.964292526245117
2024-04-29,26.368772506713867
2024-04-30,26.28091049194336
2024-05-01,26.622600555419922
2024-05-02,26.788564682006836
2024-05-03,27.042394638061523
2024-05-06,26.710466384887695
2024-05-07,26.456636428833008
2024-05-08,26.895952224731445
2024-05-09,27.188831329345703
2024-05-10,26.993579864501953
2024-05-13,26.456636428833008
2024-05-14,26.241857528686523
2024-05-15,26.944766998291016
2024-05-16,27.042394638061523
2024-05-17,27.276695251464844
2024-05-20,26.271148681640625
2024-05-21,26.84714126586914
2024-05-22,26.964292526245117
2024-05-23,26.808090209960938
2024-05-24,27.21811866760254
2024-05-28,26.769041061401367
2024-05-29,26.915477752685547
2024-05-30,26.7788028717041
2024-05-31,27.315746307373047
2024-06-03,26.427349090576172
2024-06-04,26.15399932861328
2024-06-05,26.066133499145508
2024-06-06,25.92945671081543
2024-06-07,25.79210662841797
2024-06-10,25.723430633544922
2024-06-11,25.860782623291016
2024-06-12,26.19434356689453
2024-06-13,25.831350326538086
2024-06-14,25.272146224975586
2024-06-17,25.782299041748047
2024-06-18,26.05699348449707
2024-06-20,25.43892478942871
2024-06-21,25.41930389404297
2024-06-24,25.98832130432129
2024-06-25,26.14529037475586
2024-06-26,26.41017723083496
2024-06-27,27.342185974121094
2024-06-28,29.00998878479004
2024-07-01,28.303627014160156
2024-07-02,28.038740158081055
2024-07-03,27.440288543701172
2024-07-05,26.586767196655273
2024-07-08,26.80259895324707
2024-07-09,26.881088256835938
2024-07-10,27.61688232421875
2024-07-11,28.597946166992188
2024-07-12,29.5986270904541
2024-07-15,30.697416305541992
2024-07-16,30.972108840942383
2024-07-17,33.81719207763672
2024-07-18,33.43458557128906
2024-07-19,33.60136032104492
2024-07-22,33.620975494384766
2024-07-23,34.337158203125
2024-07-24,33.846622467041016
2024-07-25,34.01340103149414
2024-07-26,34.88654708862305
2024-07-29,33.48362731933594
2024-07-30,33.71908187866211
2024-07-31,33.9643440246582
2024-08-01,33.464012145996094
2024-08-02,32.894989013671875
2024-08-05,31.276241302490234
2024-08-06,30.51101303100586
2024-08-07,30.422718048095703
2024-08-08,30.648361206054688
2024-08-09,30.550254821777344
2024-08-12,30.069534301757812
2024-08-13,30.24612808227539
2024-08-14,30.314802169799805
2024-08-15,31.217378616333008
2024-08-16,31.894309997558594
2024-08-19,32.110145568847656
2024-08-20,31.433212280273438
2024-08-21,31.403779983520508
2024-08-22,31.52150535583496
2024-08-23,33.26779556274414
2024-08-26,32.993099212646484
2024-08-27,32.71840286254883
2024-08-28,32.84593963623047
2024-08-29,32.88518142700195
2024-08-30,33.28741455078125
2024-09-03,32.9832878112793
2024-09-04,31.943368911743164
2024-09-05,32.208248138427734
2024-09-06,31.67637062072754
2024-09-09,31.873363494873047
2024-09-10,31.725616455078125
2024-09-11,31.617271423339844
2024-09-12,31.59757423400879
2024-09-13,32.38554382324219
2024-09-16,32.75982666015625
2024-09-17,32.94697189331055
2024-09-18,33.51824951171875
2024-09-19,34.61155700683594
2024-09-20,34.52290725708008
2024-09-23,34.444114685058594
2024-09-24,33.66598892211914
2024-09-25,33.77434158325195
2024-09-26,33.52809524536133
2024-09-27,33.4099006652832
2024-09-30,33.54779815673828
2024-10-01,32.67117691040039
2024-10-02,32.1097526550293
2024-10-03,31.89305877685547
2024-10-04,32.33629608154297
2024-10-07,32.38554382324219
2024-10-08,31.922605514526367
2024-10-09,32.2673454284668
2024-10-10,32.46434020996094
2024-10-11,34.601707458496094
2024-10-14,37.15275573730469
2024-10-15,37.87178039550781
2024-10-16,38.53170394897461
2024-10-17,39.86140060424805
2024-10-18,38.610504150390625
2024-10-21,37.4482421875
2024-10-22,38.62034606933594
2024-10-23,38.610504150390625
2024-10-24,38.37411117553711
2024-10-25,37.7929801940918
2024-10-28,38.669593811035156
2024-10-29,38.797645568847656
2024-10-30,38.91584014892578
2024-10-31,38.09832000732422
2024-11-01,37.99982833862305
2024-11-04,38.60065460205078
2024-11-05,39.66440963745117
2024-11-06,45.28853988647461
2024-11-07,44.04749298095703
2024-11-08,44.66801071166992
2024-11-11,46.4507942199707
2024-11-12,45.66282653808594
2024-11-13,45.14080047607422
2024-11-14,44.97335433959961
2024-11-15,44.65816879272461
2024-11-18,44.51042175292969
2024-11-19,44.20508575439453
2024-11-20,44.25433349609375
2024-11-21,45.1900520324707
2024-11-22,45.9090690612793
2024-11-25,45.968162536621094
2024-11-26,45.16049575805664
2024-11-27,44.963504791259766
2024-11-29,44.717262268066406
2024-12-02,44.69756317138672
2024-12-03,44.56951904296875
2024-12-04,44.815765380859375
2024-12-05,44.559669494628906
2024-12-06,44.933956146240234
2024-12-09,44.70741653442383
2024-12-10,45.121097564697266
2024-12-11,46.3818473815918
2024-12-12,45.9090690612793
2024-12-13,46.23501205444336
2024-12-16,46.916534423828125
2024-12-17,45.59299850463867
2024-12-18,42.501441955566406
2024-12-19,42.363162994384766
2024-12-20,43.3805046081543
2024-12-23,42.797760009765625
2024-12-24,43.81510925292969
2024-12-26,43.95338821411133
2024-12-27,42.80763626098633
2024-12-30,43.15333557128906
2024-12-31,43.07432556152344
2025-01-02,41.59274673461914
2025-01-03,41.938446044921875
2025-01-06,41.00999450683594
2025-01-07,40.476627349853516
2025-01-08,41.049503326416016
2025-01-10,39.48891067504883
2025-01-13,42.06684875488281
2025-01-14,42.797760009765625
2025-01-15,44.84233474731445
2025-01-16,45.68189239501953
2025-01-17,46.570838928222656
2025-01-21,47.81535720825195
2025-01-22,47.17333984375
2025-01-23,46.64985656738281
2025-01-24,47.44990539550781
2025-01-27,47.8746223449707
2025-01-28,47.49928665161133
2025-01-29,47.48941421508789
2025-01-30,47.558555603027344
2025-01-31,47.7560920715332
2025-02-03,46.89678192138672
2025-02-04,48.407989501953125
2025-02-05,49.30681228637695
2025-02-06,50.22538757324219
2025-02-07,48.90184783935547
2025-02-10,48.812950134277344
2025-02-11,49.16852951049805
2025-02-12,47.686954498291016
2025-02-13,47.440025329589844
2025-02-14,47.696834564208984
2025-02-18,48.18081283569336
2025-02-19,47.686954498291016
2025-02-20,46.62022399902344
2025-02-21,46.56096267700195
2025-02-24,46.373294830322266
2025-02-25,46.343658447265625
2025-02-26,45.97820281982422
2025-02-27,45.59299850463867
2025-02-28,46.90666580200195
2025-03-03,45.49422836303711
2025-03-04,43.281742095947266
2025-03-05,42.34341049194336
2025-03-06,42.165618896484375
2025-03-07,42.28414535522461
2025-03-10,40.46674728393555
2025-03-11,41.97795486450195
2025-03-12,41.928565979003906
2025-03-13,41.61249923706055
2025-03-14,42.068359375
2025-03-17,41.701690673828125
2025-03-18,41.701690673828125
2025-03-19,42.32602310180664
2025-03-20,41.23591613769531
2025-03-21,41.76115036010742
2025-03-24,42.672882080078125
2025-03-25,41.57286071777344
2025-03-26,41.325103759765625
2025-03-27,41.741329193115234
2025-03-28,40.918792724609375
2025-03-31,40.3340950012207
2025-04-01,41.02780532836914
2025-04-02,41.4242057800293
2025-04-03,38.95659255981445
2025-04-04,38.381805419921875
2025-04-07,39.58092498779297
2025-04-08,39.68994140625
2025-04-09,40.84941864013672
2025-04-10,39.174617767333984
2025-04-11,39.03587341308594
2025-04-14,39.48182678222656
2025-04-15,40.30436325073242
2025-04-16,40.74040985107422
2025-04-17,40.94852066040039
2025-04-21,40.294456481933594
2025-04-22,41.62240982055664
2025-04-23,41.49357604980469
2025-04-24,41.652137756347656
2025-04-25,41.08726119995117
2025-04-28,41.43411636352539
2025-04-29,41.72150802612305
2025-04-30,41.02780532836914
2025-05-01,41.4142951965332
2025-05-02,42.64314651489258
2025-05-05,42.51431655883789
2025-05-06,43.09901428222656
2025-05-07,42.51431655883789
2025-05-08,43.62424850463867
2025-05-09,43.049461364746094
2025-05-12,44.595436096191406
2025-05-13,44.981929779052734
2025-05-14,44.89274215698242
2025-05-15,45.130584716796875
2025-05-16,44.70444869995117
2025-05-19,45.090946197509766
2025-05-20,44.991844177246094
2025-05-21,43.27739334106445
2025-05-22,42.64314651489258
2025-05-23,42.97018051147461
2025-05-27,43.85218048095703
2025-05-28,43.118831634521484
2025-05-29,44.32786560058594
2025-05-30,43.812538146972656
2025-06-02,43.24766540527344
2025-06-03,43.19811248779297
2025-06-04,42.32602310180664
2025-06-05,41.91971206665039
2025-06-06,42.7449836730957
2025-06-09,43.00349807739258
2025-06-10,43.669673919677734
2025-06-11,43.977909088134766
2025-06-12,45.4892463684082
2025-06-13,43.41115951538086
2025-06-16,43.45093536376953
2025-06-17,43.669673919677734
2025-06-18,43.65973663330078
2025-06-20,43.54042053222656
2025-06-23,45.39976119995117
2025-06-24,46.02616882324219
2025-06-25,45.20090103149414
2025-06-26,46.523319244384766
2025-06-27,47.17955780029297
2025-06-30,46.811668395996094
2025-07-01,48.42243576049805
2025-07-02,50.01331329345703
2025-07-03,51.96214294433594
2025-07-07,51.8129997253418
2025-07-08,52.01185989379883
2025-07-09,52.0317497253418
2025-07-10,53.68228530883789
2025-07-11,50.838584899902344
2025-07-14,52.34992218017578
2025-07-15,51.57436752319336
2025-07-16,52.13117599487305
2025-07-17,52.30020523071289
2025-07-18,52.320091247558594
2025-07-21,52.91667556762695
2025-07-22,52.34992218017578
2025-07-23,52.628326416015625
2025-07-24,51.266136169433594
2025-07-25,49.864173889160156
2025-07-28,50.072975158691406
2025-07-29,49.89400100708008
2025-07-30,49.436622619628906
2025-07-31,48.83009719848633
2025-08-01,47.5772819519043
2025-08-04,47.60710906982422
2025-08-05,47.04035949707031
2025-08-06,47.060245513916016
2025-08-07,46.215087890625
2025-08-08,46.861385345458984
2025-08-11,47.100013732910156
2025-08-12,49.05878829956055
2025-08-13,49.05878829956055
2025-08-14,49.118446350097656
2025-08-15,48.163917541503906
2025-08-18,48.61135482788086
2025-08-19,47.99488830566406
2025-08-20,48.382659912109375
2025-08-21,48.303123474121094
2025-08-22,51.9223747253418
2025-08-25,51.45505142211914
2025-08-26,52.21072006225586
2025-08-27,52.16100311279297
2025-08-28,52.081459045410156
2025-08-29,52.051631927490234
2025-09-02,51.91242980957031
2025-09-03,51.77322769165039
2025-09-04,52.67803955078125
2025-09-05,52.08974075317383
2025-09-08,52.59827423095703
2025-09-09,51.91025924682617
2025-09-10,52.388877868652344
2025-09-11,52.947265625
2025-09-12,51.740745544433594
2025-09-15,51.97008514404297
2025-09-16,51.13249969482422
2025-09-17,51.800575256347656
2025-09-18,53.57545471191406
2025-09-19,51.3020133972168
2025-09-22,51.21227264404297
2025-09-23,50.66385269165039
2025-09-24,50.42454147338867
2025-09-25,50.44448471069336
2025-09-26,49.846214294433594
2025-09-29,48.85905838012695
2025-09-30,48.72943115234375
2025-10-01,48.32061004638672
2025-10-02,47.68245315551758
2025-10-03,48.23086929321289
2025-10-06,49.3775634765625
2025-10-07,48.78926086425781
2025-10-08,48.14112854003906
2025-10-09,50.0755500793457
2025-10-10,46.485904693603516
2025-10-13,47.02435302734375
2025-10-14,49.16816711425781
2025-10-15,49.8162956237793
2025-10-16,47.6425666809082
2025-10-17,47.53288269042969
2025-10-20,49.178138732910156
2025-10-21,48.29069900512695
2025-10-22,48.26078796386719
2025-10-23,47.42320251464844
2025-10-24,47.90182113647461
2025-10-27,47.28360366821289
2025-10-28,47.68245315551758
2025-10-29,45.75800323486328
2025-10-30,45.47880935668945
2025-10-31,45.27938461303711
2025-11-03,45.229530334472656
2025-11-04,45.18964385986328
2025-11-05,45.76797866821289
2025-11-06,45.04007339477539
2025-11-07,46.49587631225586
2025-11-10,47.27363204956055
2025-11-11,47.50297164916992
2025-11-12,47.931732177734375
2025-11-13,48.17104721069336
2025-11-14,48.430294036865234
2025-11-17,46.914669036865234
2025-11-18,47.08417892456055
2025-11-19,47.941707611083984
2025-11-20,47.52291488647461
2025-11-21,48.63969039916992
2025-11-24,48.78926086425781
2025-11-25,50.29491424560547
2025-11-26,50.16529083251953
2025-11-28,49.8860969543457
2025-12-01,50.514286041259766
2025-12-02,50.28494644165039
2025-12-03,52.04985427856445
2025-12-04,52.0
2025-12-05,52.0099983215332
2025-12-08,52.5
2025-12-09,53.09000015258789
2025-12-10,54.86000061035156
2025-12-11,55.20000076293945
2025-12-12,55.36000061035156
2025-12-15,56.279998779296875
2025-12-16,55.599998474121094
2025-12-17,55.4900016784668
2025-12-18,56.349998474121094
2025-12-19,54.720001220703125
2025-12-22,53.9900016784668
2025-12-23,53.810001373291016
2025-12-24,53.0099983215332
2025-12-26,52.5
2025-12-29,52.380001068115234
2025-12-30,51.86000061035156
2025-12-31,51.720001220703125
2026-01-02,51.08000183105469
2026-01-05,51.970001220703125
2026-01-06,52.06999969482422
2026-01-07,51.540000915527344
2026-01-08,53.09000015258789
2026-01-09,52.779998779296875
2026-01-12,52.47999954223633
2026-01-13,54.68000030517578
2026-01-14,54.0099983215332
2026-01-15,55.38999938964844
2026-01-16,54.0099983215332
2026-01-20,52.459999084472656
2026-01-21,54.5
2026-01-22,54.27000045776367
2026-01-23,52.45000076293945
2026-01-26,52.33000183105469
2026-01-27,52.29999923706055
2026-01-28,51.70000076293945
2026-01-29,53.08000183105469
2026-01-30,53.959999084472656
2026-02-02,55.52000045776367
2026-02-03,55.34000015258789
2026-02-04,56.0099983215332
2026-02-05,56.13999938964844
2026-02-06,56.20000076293945
2026-02-09,55.599998474121094
2026-02-10,55.27000045776367
2026-02-11,54.41999816894531
2026-02-12,53.93000030517578
2026-02-13,54.5099983215332
2026-02-17,54.70000076293945
2026-02-18,54.209999084472656
2026-02-19,53.40999984741211
2026-02-20,54.25
2026-02-23,52.099998474121094
2026-02-24,52.04999923706055
2026-02-25,53.22999954223633
2026-02-26,53.56999969482422
