Date,Close
2006-06-05,84000.0
2006-06-06,84000.0
2006-06-07,84000.0
2006-06-08,84000.0
2006-06-09,84000.0
2006-06-12,84000.0
2006-06-13,84000.0
2006-06-14,84000.0
2006-06-15,84000.0
2006-06-16,84000.0
2006-06-19,84000.0
2006-06-20,84000.0
2006-06-21,84000.0
2006-06-22,84000.0
2006-06-23,84000.0
2006-06-26,84000.0
2006-06-27,84000.0
2006-06-28,84000.0
2006-06-29,84000.0
2006-06-30,84000.0
2006-07-03,84000.0
2006-07-05,84000.0
2006-07-06,84000.0
2006-07-07,84000.0
2006-07-10,84000.0
2006-07-11,84000.0
2006-07-12,84000.0
2006-07-13,84000.0
2006-07-14,84000.0
2006-07-17,84000.0
2006-07-18,84000.0
2006-07-19,84000.0
2006-07-20,84000.0
2006-07-21,84000.0
2006-07-24,84000.0
2006-07-25,84000.0
2006-07-26,84000.0
2006-07-27,84000.0
2006-07-28,84000.0
2006-07-31,84000.0
2006-08-01,84000.0
2006-08-02,84000.0
2006-08-03,84000.0
2006-08-04,84000.0
2006-08-07,84000.0
2006-08-08,84000.0
2006-08-09,84000.0
2006-08-10,84000.0
2006-08-11,84000.0
2006-08-14,84000.0
2006-08-15,84000.0
2006-08-16,84000.0
2006-08-17,84000.0
2006-08-18,84000.0
2006-08-21,84000.0
2006-08-22,84000.0
2006-08-23,84000.0
2006-08-24,84000.0
2006-08-25,84000.0
2006-08-28,84000.0
2006-08-29,84000.0
2006-08-30,84000.0
2006-08-31,84000.0
2006-09-01,84000.0
2006-09-05,84000.0
2006-09-06,84000.0
2006-09-07,84000.0
2006-09-08,84000.0
2006-09-11,84000.0
2006-09-12,84000.0
2006-09-13,84000.0
2006-09-14,56000.0
2006-09-15,42000.0
2006-09-18,42000.0
2006-09-19,49000.0
2006-09-20,57400.0
2006-09-21,67200.0
2006-09-22,84000.0
2006-09-25,84000.0
2006-09-26,77000.0
2006-09-27,74200.0
2006-09-28,75600.0
2006-09-29,71400.0
2006-10-02,84000.0
2006-10-03,65800.0
2006-10-04,67200.0
2006-10-05,56000.0
2006-10-06,56000.0
2006-10-09,54600.0
2006-10-10,42000.0
2006-10-11,35000.0
2006-10-12,40600.0
2006-10-13,37800.0
2006-10-16,35000.0
2006-10-17,35000.0
2006-10-18,42000.0
2006-10-19,40600.0
2006-10-20,36400.0
2006-10-23,36400.0
2006-10-24,23800.0
2006-10-25,25200.0
2006-10-26,30800.0
2006-10-27,28000.0
2006-10-30,35000.0
2006-10-31,30800.0
2006-11-01,30800.0
2006-11-02,30800.0
2006-11-03,35000.0
2006-11-06,35000.0
2006-11-07,26600.0
2006-11-08,28000.0
2006-11-09,26600.0
2006-11-10,29400.0
2006-11-13,30800.0
2006-11-14,28000.0
2006-11-15,28000.0
2006-11-16,28000.0
2006-11-17,28000.0
2006-11-20,28000.0
2006-11-21,25200.0
2006-11-22,26600.0
2006-11-24,26600.0
2006-11-27,21000.0
2006-11-28,16800.0
2006-11-29,22400.0
2006-11-30,25200.0
2006-12-01,22400.0
2006-12-04,22400.0
2006-12-05,18200.0
2006-12-06,16800.0
2006-12-07,16800.0
2006-12-08,16800.0
2006-12-11,14000.0
2006-12-12,12600.0
2006-12-13,9800.0
2006-12-14,11200.0
2006-12-15,11200.0
2006-12-18,15400.0
2006-12-19,15400.0
2006-12-20,14700.0
2006-12-21,14000.0
2006-12-22,14000.0
2006-12-26,14000.0
2006-12-27,9800.0
2006-12-28,9800.0
2006-12-29,12600.0
2007-01-03,12600.0
2007-01-04,14000.0
2007-01-05,15400.0
2007-01-08,14000.0
2007-01-09,14000.0
2007-01-10,14000.0
2007-01-11,14000.0
2007-01-12,14000.0
2007-01-16,16800.0
2007-01-17,16800.0
2007-01-18,16800.0
2007-01-19,16800.0
2007-01-22,16800.0
2007-01-23,11200.0
2007-01-24,12600.0
2007-01-25,11900.0
2007-01-26,14000.0
2007-01-29,14000.0
2007-01-30,16800.0
2007-01-31,16800.0
2007-02-01,7000.0
2007-02-02,14000.0
2007-02-05,12600.0
2007-02-06,12600.0
2007-02-07,12600.0
2007-02-08,12600.0
2007-02-09,9800.0
2007-02-12,9800.0
2007-02-13,9800.0
2007-02-14,9800.0
2007-02-15,9800.0
2007-02-16,9800.0
2007-02-20,9800.0
2007-02-21,9800.0
2007-02-22,9800.0
2007-02-23,9800.0
2007-02-26,9800.0
2007-02-27,9800.0
2007-02-28,9800.0
2007-03-01,9800.0
2007-03-02,9800.0
2007-03-05,9800.0
2007-03-06,8400.0
2007-03-07,7000.0
2007-03-08,7000.0
2007-03-09,12600.0
2007-03-12,12600.0
2007-03-13,7000.0
2007-03-14,7000.0
2007-03-15,7000.0
2007-03-16,7000.0
2007-03-19,7000.0
2007-03-20,7000.0
2007-03-21,7000.0
2007-03-22,7000.0
2007-03-23,4200.0
2007-03-26,4200.0
2007-03-27,4200.0
2007-03-28,4200.0
2007-03-29,4200.0
2007-03-30,5740.0
2007-04-02,5600.0
2007-04-03,4200.0
2007-04-04,4200.0
2007-04-05,2800.0
2007-04-09,2800.0
2007-04-10,2800.0
2007-04-11,2800.0
2007-04-12,2800.0
2007-04-13,2800.0
2007-04-16,9800.0
2007-04-17,9800.0
2007-04-18,8400.0
2007-04-19,4200.0
2007-04-20,4200.0
2007-04-23,4200.0
2007-04-24,4200.0
2007-04-25,7000.0
2007-04-26,7000.0
2007-04-27,7000.0
2007-04-30,7000.0
2007-05-01,7000.0
2007-05-02,7000.0
2007-05-03,7000.0
2007-05-04,7000.0
2007-05-07,7000.0
2007-05-08,5600.0
2007-05-09,5600.0
2007-05-10,5600.0
2007-05-11,5600.0
2007-05-14,5600.0
2007-05-15,5600.0
2007-05-16,5600.0
2007-05-17,5600.0
2007-05-18,5600.0
2007-05-21,5600.0
2007-05-22,5600.0
2007-05-23,5600.0
2007-05-24,5600.0
2007-05-25,5600.0
2007-05-29,5600.0
2007-05-30,5600.0
2007-05-31,5600.0
2007-06-01,5600.0
2007-06-04,4480.0
2007-06-05,4480.0
2007-06-06,4480.0
2007-06-07,4480.0
2007-06-08,4480.0
2007-06-11,4200.0
2007-06-12,4200.0
2007-06-13,4200.0
2007-06-14,4200.0
2007-06-15,4200.0
2007-06-18,4200.0
2007-06-19,4200.0
2007-06-20,4200.0
2007-06-21,4200.0
2007-06-22,4200.0
2007-06-25,4200.0
2007-06-26,4480.0
2007-06-27,4480.0
2007-06-28,4480.0
2007-06-29,4480.0
2007-07-02,4200.0
2007-07-03,4200.0
2007-07-05,4200.0
2007-07-06,4200.0
2007-07-09,2800.0
2007-07-10,2800.0
2007-07-11,2800.0
2007-07-12,3500.0
2007-07-13,4200.0
2007-07-16,2800.0
2007-07-17,2800.0
2007-07-18,2800.0
2007-07-19,2800.0
2007-07-20,2100.0
2007-07-23,1680.0
2007-07-24,1680.0
2007-07-25,2800.0
2007-07-26,1400.0
2007-07-27,2800.0
2007-07-30,3500.0
2007-07-31,6300.0
2007-08-01,8260.0
2007-08-02,5600.0
2007-08-03,3780.0
2007-08-06,2800.0
2007-08-07,4200.0
2007-08-08,4200.0
2007-08-09,4900.0
2007-08-10,4900.0
2007-08-13,4900.0
2007-08-14,6300.0
2007-08-15,5600.0
2007-08-16,3500.0
2007-08-17,7000.0
2007-08-20,7000.0
2007-08-21,7000.0
2007-08-22,4900.0
2007-08-23,4900.0
2007-08-24,4900.0
2007-08-27,7000.0
2007-08-28,4200.0
2007-08-29,4200.0
2007-08-30,6300.0
2007-08-31,4900.0
2007-09-04,6720.0
2007-09-05,5600.0
2007-09-06,4900.0
2007-09-07,4900.0
2007-09-10,4900.0
2007-09-11,3780.0
2007-09-12,3780.0
2007-09-13,3080.0
2007-09-14,3500.0
2007-09-17,7000.0
2007-09-18,7000.0
2007-09-19,3640.0
2007-09-20,3640.0
2007-09-21,3640.0
2007-09-24,4200.0
2007-09-25,5600.0
2007-09-26,4200.0
2007-09-27,5600.0
2007-09-28,5600.0
2007-10-01,5600.0
2007-10-02,5600.0
2007-10-03,5600.0
2007-10-04,5600.0
2007-10-05,5600.0
2007-10-08,5460.0
2007-10-09,5460.0
2007-10-10,4200.0
2007-10-11,4200.0
2007-10-12,3500.0
2007-10-15,3500.0
2007-10-16,4200.0
2007-10-17,4200.0
2007-10-18,3920.0
2007-10-19,3220.0
2007-10-22,2800.0
2007-10-23,2660.0
2007-10-24,2800.0
2007-10-25,2800.0
2007-10-26,2800.0
2007-10-29,2800.0
2007-10-30,2800.0
2007-10-31,2800.0
2007-11-01,2100.0
2007-11-02,2100.0
2007-11-05,1540.0
2007-11-06,2100.0
2007-11-07,2100.0
2007-11-08,2800.0
2007-11-09,3500.0
2007-11-12,3500.0
2007-11-13,3500.0
2007-11-14,2800.0
2007-11-15,4200.0
2007-11-16,4200.0
2007-11-19,4200.0
2007-11-20,4200.0
2007-11-21,3500.0
2007-11-23,3500.0
2007-11-26,3500.0
2007-11-27,3500.0
2007-11-28,3640.0
2007-11-29,3640.0
2007-11-30,3500.0
2007-12-03,3500.0
2007-12-04,2800.0
2007-12-05,2800.0
2007-12-06,2660.0
2007-12-07,1680.0
2007-12-10,1680.0
2007-12-11,1820.0
2007-12-12,1260.0
2007-12-13,1120.0
2007-12-14,1120.0
2007-12-17,700.0
2007-12-18,840.0
2007-12-19,700.0
2007-12-20,980.0
2007-12-21,1120.0
2007-12-24,1120.0
2007-12-26,1120.0
2007-12-27,1120.0
2007-12-28,1120.0
2007-12-31,1120.0
2008-01-02,1260.0
2008-01-03,1120.0
2008-01-04,1260.0
2008-01-07,1260.0
2008-01-08,980.0
2008-01-09,980.0
2008-01-10,700.0
2008-01-11,700.0
2008-01-14,700.0
2008-01-15,700.0
2008-01-16,700.0
2008-01-17,1260.0
2008-01-18,1260.0
2008-01-22,1260.0
2008-01-23,1120.0
2008-01-24,1120.0
2008-01-25,1120.0
2008-01-28,1120.0
2008-01-29,1120.0
2008-01-30,1120.0
2008-01-31,1120.0
2008-02-01,1120.0
2008-02-04,1120.0
2008-02-05,1120.0
2008-02-06,1120.0
2008-02-07,980.0
2008-02-08,1260.0
2008-02-11,1120.0
2008-02-12,1260.0
2008-02-13,1260.0
2008-02-14,1540.0
2008-02-15,2240.0
2008-02-19,2240.0
2008-02-20,2240.0
2008-02-21,1680.0
2008-02-22,1680.0
2008-02-25,1680.0
2008-02-26,1960.0
2008-02-27,2100.0
2008-02-28,2100.0
2008-02-29,2100.0
2008-03-03,1400.0
2008-03-04,1400.0
2008-03-05,1400.0
2008-03-06,1400.0
2008-03-07,1400.0
2008-03-10,1400.0
2008-03-11,1400.0
2008-03-12,980.0
2008-03-13,980.0
2008-03-14,980.0
2008-03-17,980.0
2008-03-18,700.0
2008-03-19,560.0
2008-03-20,560.0
2008-03-24,560.0
2008-03-25,560.0
2008-03-26,560.0
2008-03-27,560.0
2008-03-28,1400.0
2008-03-31,1400.0
2008-04-01,1400.0
2008-04-02,1400.0
2008-04-03,1400.0
2008-04-04,1400.0
2008-04-07,1400.0
2008-04-08,1400.0
2008-04-09,1400.0
2008-04-10,980.0
2008-04-11,980.0
2008-04-14,980.0
2008-04-15,980.0
2008-04-16,980.0
2008-04-17,840.0
2008-04-18,840.0
2008-04-21,840.0
2008-04-22,840.0
2008-04-23,840.0
2008-04-24,840.0
2008-04-25,840.0
2008-04-28,560.0
2008-04-29,560.0
2008-04-30,560.0
2008-05-01,560.0
2008-05-02,560.0
2008-05-05,840.0
2008-05-06,840.0
2008-05-07,840.0
2008-05-08,840.0
2008-05-09,840.0
2008-05-12,840.0
2008-05-13,700.0
2008-05-14,700.0
2008-05-15,700.0
2008-05-16,700.0
2008-05-19,700.0
2008-05-20,700.0
2008-05-21,700.0
2008-05-22,700.0
2008-05-23,700.0
2008-05-27,700.0
2008-05-28,700.0
2008-05-29,560.0
2008-05-30,840.0
2008-06-02,840.0
2008-06-03,840.0
2008-06-04,840.0
2008-06-05,980.0
2008-06-06,840.0
2008-06-09,840.0
2008-06-10,840.0
2008-06-11,840.0
2008-06-12,840.0
2008-06-13,700.0
2008-06-16,840.0
2008-06-17,840.0
2008-06-18,840.0
2008-06-19,840.0
2008-06-20,280.0
2008-06-23,280.0
2008-06-24,140.0
2008-06-25,140.0
2008-06-26,140.0
2008-06-27,140.0
2008-06-30,140.0
2008-07-01,140.0
2008-07-02,140.0
2008-07-03,140.0
2008-07-07,140.0
2008-07-08,140.0
2008-07-09,140.0
2008-07-10,140.0
2008-07-11,140.0
2008-07-14,140.0
2008-07-15,140.0
2008-07-16,140.0
2008-07-17,140.0
2008-07-18,280.0
2008-07-21,140.0
2008-07-22,140.0
2008-07-23,140.0
2008-07-24,140.0
2008-07-25,140.0
2008-07-28,140.0
2008-07-29,140.0
2008-07-30,140.0
2008-07-31,140.0
2008-08-01,140.0
2008-08-04,140.0
2008-08-05,140.0
2008-08-06,140.0
2008-08-07,140.0
2008-08-08,140.0
2008-08-11,140.0
2008-08-12,140.0
2008-08-13,140.0
2008-08-14,140.0
2008-08-15,140.0
2008-08-18,140.0
2008-08-19,140.0
2008-08-20,140.0
2008-08-21,140.0
2008-08-22,140.0
2008-08-25,140.0
2008-08-26,140.0
2008-08-27,140.0
2008-08-28,140.0
2008-08-29,140.0
2008-09-02,140.0
2008-09-03,140.0
2008-09-04,140.0
2008-09-05,140.0
2008-09-08,140.0
2008-09-09,140.0
2008-09-10,140.0
2008-09-11,140.0
2008-09-12,140.0
2008-09-15,140.0
2008-09-16,140.0
2008-09-17,140.0
2008-09-18,140.0
2008-09-19,140.0
2008-09-22,140.0
2008-09-23,140.0
2008-09-24,140.0
2008-09-25,140.0
2008-09-26,140.0
2008-09-29,140.0
2008-09-30,140.0
2008-10-01,140.0
2008-10-02,140.0
2008-10-03,140.0
2008-10-06,140.0
2008-10-07,140.0
2008-10-08,140.0
2008-10-09,140.0
2008-10-10,140.0
2008-10-13,140.0
2008-10-14,140.0
2008-10-15,140.0
2008-10-16,140.0
2008-10-17,140.0
2008-10-20,140.0
2008-10-21,140.0
2008-10-22,140.0
2008-10-23,140.0
2008-10-24,140.0
2008-10-27,140.0
2008-10-28,140.0
2008-10-29,140.0
2008-10-30,140.0
2008-10-31,140.0
2008-11-03,140.0
2008-11-04,140.0
2008-11-05,140.0
2008-11-06,140.0
2008-11-07,140.0
2008-11-10,140.0
2008-11-11,140.0
2008-11-12,140.0
2008-11-13,140.0
2008-11-14,140.0
2008-11-17,140.0
2008-11-18,140.0
2008-11-19,140.0
2008-11-20,140.0
2008-11-21,140.0
2008-11-24,140.0
2008-11-25,140.0
2008-11-26,140.0
2008-11-28,140.0
2008-12-01,140.0
2008-12-02,140.0
2008-12-03,140.0
2008-12-04,140.0
2008-12-05,140.0
2008-12-08,140.0
2008-12-09,140.0
2008-12-10,140.0
2008-12-11,140.0
2008-12-12,140.0
2008-12-15,140.0
2008-12-16,140.0
2008-12-17,140.0
2008-12-18,140.0
2008-12-19,140.0
2008-12-22,140.0
2008-12-23,140.0
2008-12-24,140.0
2008-12-26,140.0
2008-12-29,140.0
2008-12-30,140.0
2008-12-31,140.0
2009-01-02,140.0
2009-01-05,140.0
2009-01-06,140.0
2009-01-07,140.0
2009-01-08,140.0
2009-01-09,140.0
2009-01-12,140.0
2009-01-13,140.0
2009-01-14,140.0
2009-01-15,140.0
2009-01-16,140.0
2009-01-20,140.0
2009-01-21,140.0
2009-01-22,140.0
2009-01-23,140.0
2009-01-26,140.0
2009-01-27,140.0
2009-01-28,140.0
2009-01-29,140.0
2009-01-30,140.0
2009-02-02,140.0
2009-02-03,140.0
2009-02-04,140.0
2009-02-05,140.0
2009-02-06,140.0
2009-02-09,140.0
2009-02-10,140.0
2009-02-11,140.0
2009-02-12,140.0
2009-02-13,140.0
2009-02-17,140.0
2009-02-18,140.0
2009-02-19,140.0
2009-02-20,140.0
2009-02-23,140.0
2009-02-24,140.0
2009-02-25,140.0
2009-02-26,140.0
2009-02-27,140.0
2009-03-02,140.0
2009-03-03,140.0
2009-03-04,140.0
2009-03-05,140.0
2009-03-06,140.0
2009-03-09,140.0
2009-03-10,140.0
2009-03-11,140.0
2009-03-12,140.0
2009-03-13,140.0
2009-03-16,140.0
2009-03-17,140.0
2009-03-18,140.0
2009-03-19,140.0
2009-03-20,140.0
2009-03-23,140.0
2009-03-24,140.0
2009-03-25,140.0
2009-03-26,140.0
2009-03-27,140.0
2009-03-30,140.0
2009-03-31,140.0
2009-04-01,140.0
2009-04-02,140.0
2009-04-03,140.0
2009-04-06,140.0
2009-04-07,140.0
2009-04-08,140.0
2009-04-09,140.0
2009-04-13,140.0
2009-04-14,140.0
2009-04-15,140.0
2009-04-16,140.0
2009-04-17,140.0
2009-04-20,140.0
2009-04-21,140.0
2009-04-22,140.0
2009-04-23,140.0
2009-04-24,140.0
2009-04-27,140.0
2009-04-28,140.0
2009-04-29,140.0
2009-04-30,140.0
2009-05-01,140.0
2009-05-04,140.0
2009-05-05,140.0
2009-05-06,140.0
2009-05-07,140.0
2009-05-08,140.0
2009-05-11,140.0
2009-05-12,140.0
2009-05-13,140.0
2009-05-14,140.0
2009-05-15,140.0
2009-05-18,140.0
2009-05-19,140.0
2009-05-20,140.0
2009-05-21,140.0
2009-05-22,140.0
2009-05-26,140.0
2009-05-27,140.0
2009-05-28,140.0
2009-05-29,140.0
2009-06-01,140.0
2009-06-02,140.0
2009-06-03,140.0
2009-06-04,140.0
2009-06-05,140.0
2009-06-08,140.0
2009-06-09,140.0
2009-06-10,140.0
2009-06-11,140.0
2009-06-12,140.0
2009-06-15,140.0
2009-06-16,140.0
2009-06-17,140.0
2009-06-18,140.0
2009-06-19,140.0
2009-06-22,140.0
2009-06-23,140.0
2009-06-24,140.0
2009-06-25,140.0
2009-06-26,140.0
2009-06-29,140.0
2009-06-30,140.0
2009-07-01,140.0
2009-07-02,420.0
2009-07-06,140.0
2009-07-07,140.0
2009-07-08,140.0
2009-07-09,140.0
2009-07-10,140.0
2009-07-13,140.0
2009-07-14,140.0
2009-07-15,140.0
2009-07-16,140.0
2009-07-17,140.0
2009-07-20,140.0
2009-07-21,140.0
2009-07-22,140.0
2009-07-23,140.0
2009-07-24,140.0
2009-07-27,140.0
2009-07-28,140.0
2009-07-29,140.0
2009-07-30,140.0
2009-07-31,140.0
2009-08-03,140.0
2009-08-04,140.0
2009-08-05,140.0
2009-08-06,140.0
2009-08-07,140.0
2009-08-10,140.0
2009-08-11,140.0
2009-08-12,140.0
2009-08-13,140.0
2009-08-14,280.0
2009-08-17,140.0
2009-08-18,140.0
2009-08-19,140.0
2009-08-20,140.0
2009-08-21,140.0
2009-08-24,140.0
2009-08-25,140.0
2009-08-26,140.0
2009-08-27,140.0
2009-08-28,140.0
2009-08-31,140.0
2009-09-01,140.0
2009-09-02,140.0
2009-09-03,140.0
2009-09-04,140.0
2009-09-08,140.0
2009-09-09,140.0
2009-09-10,140.0
2009-09-11,140.0
2009-09-14,140.0
2009-09-15,140.0
2009-09-16,140.0
2009-09-17,140.0
2009-09-18,140.0
2009-09-21,140.0
2009-09-22,140.0
2009-09-23,140.0
2009-09-24,140.0
2009-09-25,140.0
2009-09-28,140.0
2009-09-29,140.0
2009-09-30,140.0
2009-10-01,140.0
2009-10-02,140.0
2009-10-05,140.0
2009-10-06,140.0
2009-10-07,140.0
2009-10-08,140.0
2009-10-09,140.0
2009-10-12,140.0
2009-10-13,140.0
2009-10-14,140.0
2009-10-15,140.0
2009-10-16,140.0
2009-10-19,140.0
2009-10-20,140.0
2009-10-21,140.0
2009-10-22,140.0
2009-10-23,140.0
2009-10-26,140.0
2009-10-27,140.0
2009-10-28,140.0
2009-10-29,140.0
2009-10-30,140.0
2009-11-02,140.0
2009-11-03,140.0
2009-11-04,140.0
2009-11-05,140.0
2009-11-06,140.0
2009-11-09,140.0
2009-11-10,140.0
2009-11-11,140.0
2009-11-12,140.0
2009-11-13,140.0
2009-11-16,420.0
2009-11-17,420.0
2009-11-18,420.0
2009-11-19,280.0
2009-11-20,280.0
2009-11-23,280.0
2009-11-24,280.0
2009-11-25,280.0
2009-11-27,280.0
2009-11-30,140.0
2009-12-01,140.0
2009-12-02,140.0
2009-12-03,140.0
2009-12-04,140.0
2009-12-07,140.0
2009-12-08,140.0
2009-12-09,140.0
2009-12-10,280.0
2009-12-11,280.0
2009-12-14,280.0
2009-12-15,280.0
2009-12-16,280.0
2009-12-17,140.0
2009-12-18,140.0
2009-12-21,140.0
2009-12-22,140.0
2009-12-23,140.0
2009-12-24,140.0
2009-12-28,140.0
2009-12-29,140.0
2009-12-30,140.0
2009-12-31,140.0
2010-01-04,140.0
2010-01-05,140.0
2010-01-06,140.0
2010-01-07,140.0
2010-01-08,140.0
2010-01-11,140.0
2010-01-12,140.0
2010-01-13,140.0
2010-01-14,140.0
2010-01-15,140.0
2010-01-19,140.0
2010-01-20,280.0
2010-01-21,280.0
2010-01-22,140.0
2010-01-25,140.0
2010-01-26,140.0
2010-01-27,140.0
2010-01-28,140.0
2010-01-29,140.0
2010-02-01,140.0
2010-02-02,140.0
2010-02-03,140.0
2010-02-04,140.0
2010-02-05,140.0
2010-02-08,140.0
2010-02-09,140.0
2010-02-10,140.0
2010-02-11,140.0
2010-02-12,140.0
2010-02-16,140.0
2010-02-17,280.0
2010-02-18,280.0
2010-02-19,280.0
2010-02-22,280.0
2010-02-23,280.0
2010-02-24,280.0
2010-02-25,280.0
2010-02-26,280.0
2010-03-01,280.0
2010-03-02,280.0
2010-03-03,280.0
2010-03-04,280.0
2010-03-05,280.0
2010-03-08,280.0
2010-03-09,280.0
2010-03-10,280.0
2010-03-11,280.0
2010-03-12,280.0
2010-03-15,280.0
2010-03-16,280.0
2010-03-17,280.0
2010-03-18,280.0
2010-03-19,280.0
2010-03-22,280.0
2010-03-23,280.0
2010-03-24,280.0
2010-03-25,280.0
2010-03-26,280.0
2010-03-29,280.0
2010-03-30,280.0
2010-03-31,280.0
2010-04-01,280.0
2010-04-05,280.0
2010-04-06,280.0
2010-04-07,280.0
2010-04-08,280.0
2010-04-09,280.0
2010-04-12,280.0
2010-04-13,280.0
2010-04-14,280.0
2010-04-15,280.0
2010-04-16,280.0
2010-04-19,280.0
2010-04-20,280.0
2010-04-21,280.0
2010-04-22,280.0
2010-04-23,280.0
2010-04-26,280.0
2010-04-27,280.0
2010-04-28,280.0
2010-04-29,280.0
2010-04-30,280.0
2010-05-03,280.0
2010-05-04,280.0
2010-05-05,280.0
2010-05-06,280.0
2010-05-07,280.0
2010-05-10,420.0
2010-05-11,420.0
2010-05-12,420.0
2010-05-13,420.0
2010-05-14,420.0
2010-05-17,420.0
2010-05-18,420.0
2010-05-19,420.0
2010-05-20,420.0
2010-05-21,420.0
2010-05-24,420.0
2010-05-25,420.0
2010-05-26,420.0
2010-05-27,420.0
2010-05-28,420.0
2010-06-01,420.0
2010-06-02,420.0
2010-06-03,420.0
2010-06-04,280.0
2010-06-07,280.0
2010-06-08,280.0
2010-06-09,280.0
2010-06-10,280.0
2010-06-11,280.0
2010-06-14,280.0
2010-06-15,280.0
2010-06-16,280.0
2010-06-17,280.0
2010-06-18,280.0
2010-06-21,280.0
2010-06-22,280.0
2010-06-23,280.0
2010-06-24,280.0
2010-06-25,280.0
2010-06-28,280.0
2010-06-29,280.0
2010-06-30,280.0
2010-07-01,280.0
2010-07-02,280.0
2010-07-06,280.0
2010-07-07,280.0
2010-07-08,280.0
2010-07-09,280.0
2010-07-12,280.0
2010-07-13,280.0
2010-07-14,280.0
2010-07-15,280.0
2010-07-16,280.0
2010-07-19,280.0
2010-07-20,280.0
2010-07-21,280.0
2010-07-22,280.0
2010-07-23,280.0
2010-07-26,280.0
2010-07-27,140.0
2010-07-28,140.0
2010-07-29,140.0
2010-07-30,140.0
2010-08-02,140.0
2010-08-03,140.0
2010-08-04,140.0
2010-08-05,140.0
2010-08-06,140.0
2010-08-09,140.0
2010-08-10,140.0
2010-08-11,140.0
2010-08-12,140.0
2010-08-13,140.0
2010-08-16,140.0
2010-08-17,140.0
2010-08-18,140.0
2010-08-19,140.0
2010-08-20,140.0
2010-08-23,140.0
2010-08-24,140.0
2010-08-25,140.0
2010-08-26,140.0
2010-08-27,140.0
2010-08-30,140.0
2010-08-31,140.0
2010-09-01,140.0
2010-09-02,140.0
2010-09-03,140.0
2010-09-07,140.0
2010-09-08,140.0
2010-09-09,140.0
2010-09-10,140.0
2010-09-13,140.0
2010-09-14,140.0
2010-09-15,140.0
2010-09-16,140.0
2010-09-17,140.0
2010-09-20,140.0
2010-09-21,140.0
2010-09-22,140.0
2010-09-23,140.0
2010-09-24,140.0
2010-09-27,140.0
2010-09-28,140.0
2010-09-29,140.0
2010-09-30,140.0
2010-10-01,140.0
2010-10-04,140.0
2010-10-05,140.0
2010-10-06,140.0
2010-10-07,140.0
2010-10-08,140.0
2010-10-11,140.0
2010-10-12,140.0
2010-10-13,280.0
2010-10-14,140.0
2010-10-15,140.0
2010-10-18,140.0
2010-10-19,140.0
2010-10-20,140.0
2010-10-21,140.0
2010-10-22,140.0
2010-10-25,140.0
2010-10-26,140.0
2010-10-27,140.0
2010-10-28,140.0
2010-10-29,140.0
2010-11-01,140.0
2010-11-02,140.0
2010-11-03,140.0
2010-11-04,140.0
2010-11-05,140.0
2010-11-08,140.0
2010-11-09,140.0
2010-11-10,140.0
2010-11-11,140.0
2010-11-12,140.0
2010-11-15,140.0
2010-11-16,140.0
2010-11-17,140.0
2010-11-18,140.0
2010-11-19,140.0
2010-11-22,280.0
2010-11-23,280.0
2010-11-24,280.0
2010-11-26,280.0
2010-11-29,280.0
2010-11-30,280.0
2010-12-01,280.0
2010-12-02,280.0
2010-12-03,280.0
2010-12-06,280.0
2010-12-07,280.0
2010-12-08,420.0
2010-12-09,420.0
2010-12-10,420.0
2010-12-13,420.0
2010-12-14,420.0
2010-12-15,420.0
2010-12-16,700.0
2010-12-17,700.0
2010-12-20,700.0
2010-12-21,700.0
2010-12-22,700.0
2010-12-23,700.0
2010-12-27,700.0
2010-12-28,700.0
2010-12-29,700.0
2010-12-30,420.0
2010-12-31,420.0
2011-01-03,420.0
2011-01-04,420.0
2011-01-05,560.0
2011-01-06,560.0
2011-01-07,560.0
2011-01-10,560.0
2011-01-11,560.0
2011-01-12,560.0
2011-01-13,560.0
2011-01-14,560.0
2011-01-18,560.0
2011-01-19,560.0
2011-01-20,560.0
2011-01-21,560.0
2011-01-24,560.0
2011-01-25,560.0
2011-01-26,560.0
2011-01-27,560.0
2011-01-28,560.0
2011-01-31,560.0
2011-02-01,560.0
2011-02-02,560.0
2011-02-03,560.0
2011-02-04,560.0
2011-02-07,560.0
2011-02-08,560.0
2011-02-09,560.0
2011-02-10,560.0
2011-02-11,560.0
2011-02-14,560.0
2011-02-15,560.0
2011-02-16,560.0
2011-02-17,700.0
2011-02-18,700.0
2011-02-22,700.0
2011-02-23,700.0
2011-02-24,700.0
2011-02-25,700.0
2011-02-28,700.0
2011-03-01,700.0
2011-03-02,700.0
2011-03-03,700.0
2011-03-04,700.0
2011-03-07,700.0
2011-03-08,700.0
2011-03-09,700.0
2011-03-10,700.0
2011-03-11,700.0
2011-03-14,700.0
2011-03-15,700.0
2011-03-16,700.0
2011-03-17,700.0
2011-03-18,700.0
2011-03-21,700.0
2011-03-22,560.0
2011-03-23,700.0
2011-03-24,700.0
2011-03-25,700.0
2011-03-28,700.0
2011-03-29,700.0
2011-03-30,700.0
2011-03-31,420.0
2011-04-01,560.0
2011-04-04,560.0
2011-04-05,560.0
2011-04-06,560.0
2011-04-07,560.0
2011-04-08,420.0
2011-04-11,420.0
2011-04-12,420.0
2011-04-13,420.0
2011-04-14,420.0
2011-04-15,420.0
2011-04-18,420.0
2011-04-19,420.0
2011-04-20,420.0
2011-04-21,420.0
2011-04-25,420.0
2011-04-26,420.0
2011-04-27,420.0
2011-04-28,420.0
2011-04-29,420.0
2011-05-02,420.0
2011-05-03,420.0
2011-05-04,420.0
2011-05-05,420.0
2011-05-06,420.0
2011-05-09,560.0
2011-05-10,560.0
2011-05-11,560.0
2011-05-12,560.0
2011-05-13,560.0
2011-05-16,700.0
2011-05-17,560.0
2011-05-18,560.0
2011-05-19,560.0
2011-05-20,700.0
2011-05-23,560.0
2011-05-24,560.0
2011-05-25,700.0
2011-05-26,700.0
2011-05-27,700.0
2011-05-31,700.0
2011-06-01,700.0
2011-06-02,700.0
2011-06-03,700.0
2011-06-06,700.0
2011-06-07,700.0
2011-06-08,700.0
2011-06-09,700.0
2011-06-10,700.0
2011-06-13,700.0
2011-06-14,700.0
2011-06-15,560.0
2011-06-16,560.0
2011-06-17,560.0
2011-06-20,560.0
2011-06-21,560.0
2011-06-22,420.0
2011-06-23,420.0
2011-06-24,280.0
2011-06-27,280.0
2011-06-28,280.0
2011-06-29,420.0
2011-06-30,420.0
2011-07-01,420.0
2011-07-05,420.0
2011-07-06,420.0
2011-07-07,420.0
2011-07-08,420.0
2011-07-11,420.0
2011-07-12,280.0
2011-07-13,420.0
2011-07-14,420.0
2011-07-15,420.0
2011-07-18,420.0
2011-07-19,700.0
2011-07-20,560.0
2011-07-21,560.0
2011-07-22,700.0
2011-07-25,700.0
2011-07-26,700.0
2011-07-27,700.0
2011-07-28,700.0
2011-07-29,700.0
2011-08-01,700.0
2011-08-02,700.0
2011-08-03,700.0
2011-08-04,700.0
2011-08-05,700.0
2011-08-08,700.0
2011-08-09,700.0
2011-08-10,420.0
2011-08-11,700.0
2011-08-12,700.0
2011-08-15,700.0
2011-08-16,700.0
2011-08-17,700.0
2011-08-18,700.0
2011-08-19,700.0
2011-08-22,700.0
2011-08-23,700.0
2011-08-24,700.0
2011-08-25,700.0
2011-08-26,700.0
2011-08-29,700.0
2011-08-30,700.0
2011-08-31,700.0
2011-09-01,700.0
2011-09-02,700.0
2011-09-06,700.0
2011-09-07,700.0
2011-09-08,700.0
2011-09-09,700.0
2011-09-12,700.0
2011-09-13,700.0
2011-09-14,700.0
2011-09-15,700.0
2011-09-16,700.0
2011-09-19,700.0
2011-09-20,700.0
2011-09-21,700.0
2011-09-22,700.0
2011-09-23,700.0
2011-09-26,560.0
2011-09-27,560.0
2011-09-28,560.0
2011-09-29,560.0
2011-09-30,420.0
2011-10-03,420.0
2011-10-04,420.0
2011-10-05,420.0
2011-10-06,420.0
2011-10-07,420.0
2011-10-10,420.0
2011-10-11,420.0
2011-10-12,420.0
2011-10-13,420.0
2011-10-14,420.0
2011-10-17,420.0
2011-10-18,420.0
2011-10-19,420.0
2011-10-20,420.0
2011-10-21,420.0
2011-10-24,280.0
2011-10-25,280.0
2011-10-26,280.0
2011-10-27,280.0
2011-10-28,280.0
2011-10-31,280.0
2011-11-01,280.0
2011-11-02,280.0
2011-11-03,280.0
2011-11-04,420.0
2011-11-07,420.0
2011-11-08,280.0
2011-11-09,280.0
2011-11-10,420.0
2011-11-11,280.0
2011-11-14,280.0
2011-11-15,280.0
2011-11-16,280.0
2011-11-17,280.0
2011-11-18,280.0
2011-11-21,140.0
2011-11-22,140.0
2011-11-23,140.0
2011-11-25,140.0
2011-11-28,140.0
2011-11-29,140.0
2011-11-30,280.0
2011-12-01,280.0
2011-12-02,280.0
2011-12-05,280.0
2011-12-06,280.0
2011-12-07,280.0
2011-12-08,280.0
2011-12-09,280.0
2011-12-12,280.0
2011-12-13,280.0
2011-12-14,280.0
2011-12-15,280.0
2011-12-16,280.0
2011-12-19,280.0
2011-12-20,280.0
2011-12-21,280.0
2011-12-22,280.0
2011-12-23,280.0
2011-12-27,280.0
2011-12-28,280.0
2011-12-29,280.0
2011-12-30,280.0
2012-01-03,280.0
2012-01-04,280.0
2012-01-05,280.0
2012-01-06,280.0
2012-01-09,140.0
2012-01-10,140.0
2012-01-11,140.0
2012-01-12,140.0
2012-01-13,140.0
2012-01-17,140.0
2012-01-18,140.0
2012-01-19,140.0
2012-01-20,140.0
2012-01-23,140.0
2012-01-24,280.0
2012-01-25,280.0
2012-01-26,280.0
2012-01-27,280.0
2012-01-30,280.0
2012-01-31,280.0
2012-02-01,280.0
2012-02-02,280.0
2012-02-03,280.0
2012-02-06,280.0
2012-02-07,140.0
2012-02-08,420.0
2012-02-09,420.0
2012-02-10,420.0
2012-02-13,420.0
2012-02-14,420.0
2012-02-15,420.0
2012-02-16,420.0
2012-02-17,420.0
2012-02-21,420.0
2012-02-22,420.0
2012-02-23,420.0
2012-02-24,420.0
2012-02-27,420.0
2012-02-28,420.0
2012-02-29,420.0
2012-03-01,420.0
2012-03-02,420.0
2012-03-05,420.0
2012-03-06,420.0
2012-03-07,420.0
2012-03-08,420.0
2012-03-09,420.0
2012-03-12,420.0
2012-03-13,980.0
2012-03-14,980.0
2012-03-15,980.0
2012-03-16,980.0
2012-03-19,980.0
2012-03-20,980.0
2012-03-21,980.0
2012-03-22,840.0
2012-03-23,840.0
2012-03-26,840.0
2012-03-27,980.0
2012-03-28,980.0
2012-03-29,980.0
2012-03-30,980.0
2012-04-02,980.0
2012-04-03,980.0
2012-04-04,980.0
2012-04-05,980.0
2012-04-09,980.0
2012-04-10,840.0
2012-04-11,840.0
2012-04-12,840.0
2012-04-13,840.0
2012-04-16,840.0
2012-04-17,840.0
2012-04-18,840.0
2012-04-19,840.0
2012-04-20,840.0
2012-04-23,700.0
2012-04-24,700.0
2012-04-25,700.0
2012-04-26,700.0
2012-04-27,700.0
2012-04-30,700.0
2012-05-01,700.0
2012-05-02,700.0
2012-05-03,700.0
2012-05-04,700.0
2012-05-07,700.0
2012-05-08,700.0
2012-05-09,700.0
2012-05-10,700.0
2012-05-11,700.0
2012-05-14,700.0
2012-05-15,700.0
2012-05-16,700.0
2012-05-17,700.0
2012-05-18,700.0
2012-05-21,700.0
2012-05-22,700.0
2012-05-23,700.0
2012-05-24,700.0
2012-05-25,700.0
2012-05-29,700.0
2012-05-30,700.0
2012-05-31,700.0
2012-06-01,700.0
2012-06-04,700.0
2012-06-05,700.0
2012-06-06,700.0
2012-06-07,420.0
2012-06-08,420.0
2012-06-11,560.0
2012-06-12,560.0
2012-06-13,560.0
2012-06-14,560.0
2012-06-15,560.0
2012-06-18,560.0
2012-06-19,560.0
2012-06-20,560.0
2012-06-21,560.0
2012-06-22,560.0
2012-06-25,560.0
2012-06-26,560.0
2012-06-27,560.0
2012-06-28,560.0
2012-06-29,420.0
2012-07-02,420.0
2012-07-03,420.0
2012-07-05,420.0
2012-07-06,560.0
2012-07-09,420.0
2012-07-10,1400.0
2012-07-11,700.0
2012-07-12,1400.0
2012-07-13,1400.0
2012-07-16,1400.0
2012-07-17,1400.0
2012-07-18,1400.0
2012-07-19,1400.0
2012-07-20,1400.0
2012-07-23,1400.0
2012-07-24,2800.0
2012-07-25,2800.0
2012-07-26,2800.0
2012-07-27,2800.0
2012-07-30,2800.0
2012-07-31,2800.0
2012-08-01,2800.0
2012-08-02,2800.0
2012-08-03,2800.0
2012-08-06,7000.0
2012-08-07,7000.0
2012-08-08,7000.0
2012-08-09,2660.0
2012-08-10,2660.0
2012-08-13,2660.0
2012-08-14,2660.0
2012-08-15,2660.0
2012-08-16,2660.0
2012-08-17,2660.0
2012-08-20,2660.0
2012-08-21,2660.0
2012-08-22,2660.0
2012-08-23,2660.0
2012-08-24,2660.0
2012-08-27,2660.0
2012-08-28,2660.0
2012-08-29,2660.0
2012-08-30,2660.0
2012-08-31,2660.0
2012-09-04,2660.0
2012-09-05,2660.0
2012-09-06,2660.0
2012-09-07,2660.0
2012-09-10,2660.0
2012-09-11,2660.0
2012-09-12,2660.0
2012-09-13,2660.0
2012-09-14,2660.0
2012-09-17,2660.0
2012-09-18,2660.0
2012-09-19,2660.0
2012-09-20,2660.0
2012-09-21,2660.0
2012-09-24,2660.0
2012-09-25,2660.0
2012-09-26,2660.0
2012-09-27,2660.0
2012-09-28,2660.0
2012-10-01,2520.0
2012-10-02,2520.0
2012-10-03,2520.0
2012-10-04,2520.0
2012-10-05,2520.0
2012-10-08,2520.0
2012-10-09,2520.0
2012-10-10,2520.0
2012-10-11,2520.0
2012-10-12,2520.0
2012-10-15,2520.0
2012-10-16,2520.0
2012-10-17,1960.0
2012-10-18,1960.0
2012-10-19,1960.0
2012-10-22,1960.0
2012-10-23,1960.0
2012-10-24,1960.0
2012-10-25,2380.0
2012-10-26,2380.0
2012-10-31,2800.0
2012-11-01,2800.0
2012-11-02,2800.0
2012-11-05,2800.0
2012-11-06,2800.0
2012-11-07,2800.0
2012-11-08,2800.0
2012-11-09,2800.0
2012-11-12,2800.0
2012-11-13,2800.0
2012-11-14,2800.0
2012-11-15,2800.0
2012-11-16,2800.0
2012-11-19,2800.0
2012-11-20,2800.0
2012-11-21,2800.0
2012-11-23,2800.0
2012-11-26,2800.0
2012-11-27,2800.0
2012-11-28,3500.0
2012-11-29,3500.0
2012-11-30,3500.0
2012-12-03,3500.0
2012-12-04,980.0
2012-12-05,980.0
2012-12-06,980.0
2012-12-07,980.0
2012-12-10,980.0
2012-12-11,980.0
2012-12-12,980.0
2012-12-13,840.0
2012-12-14,840.0
2012-12-17,840.0
2012-12-18,2100.0
2012-12-19,2800.0
2012-12-20,2800.0
2012-12-21,840.0
2012-12-24,1400.0
2012-12-26,1680.0
2012-12-27,1680.0
2012-12-28,1680.0
2012-12-31,1960.0
2013-01-02,2100.0
2013-01-03,2100.0
2013-01-04,2100.0
2013-01-07,2100.0
2013-01-08,2100.0
2013-01-09,1400.0
2013-01-10,1400.0
2013-01-11,1400.0
2013-01-14,1400.0
2013-01-15,1400.0
2013-01-16,1400.0
2013-01-17,840.0
2013-01-18,840.0
2013-01-22,1400.0
2013-01-23,840.0
2013-01-24,840.0
2013-01-25,840.0
2013-01-28,840.0
2013-01-29,840.0
2013-01-30,840.0
2013-01-31,840.0
2013-02-01,840.0
2013-02-04,840.0
2013-02-05,840.0
2013-02-06,840.0
2013-02-07,840.0
2013-02-08,840.0
2013-02-11,840.0
2013-02-12,840.0
2013-02-13,840.0
2013-02-14,840.0
2013-02-15,840.0
2013-02-19,840.0
2013-02-20,840.0
2013-02-21,840.0
2013-02-22,840.0
2013-02-25,840.0
2013-02-26,840.0
2013-02-27,840.0
2013-02-28,840.0
2013-03-01,840.0
2013-03-04,840.0
2013-03-05,840.0
2013-03-06,840.0
2013-03-07,840.0
2013-03-08,840.0
2013-03-11,840.0
2013-03-12,840.0
2013-03-13,840.0
2013-03-14,840.0
2013-03-15,840.0
2013-03-18,840.0
2013-03-19,840.0
2013-03-20,840.0
2013-03-21,840.0
2013-03-22,840.0
2013-03-25,840.0
2013-03-26,840.0
2013-03-27,840.0
2013-03-28,840.0
2013-04-01,840.0
2013-04-02,840.0
2013-04-03,840.0
2013-04-04,840.0
2013-04-05,840.0
2013-04-08,840.0
2013-04-09,840.0
2013-04-10,840.0
2013-04-11,840.0
2013-04-12,840.0
2013-04-15,700.0
2013-04-16,700.0
2013-04-17,700.0
2013-04-18,700.0
2013-04-19,700.0
2013-04-22,700.0
2013-04-23,700.0
2013-04-24,700.0
2013-04-25,700.0
2013-04-26,700.0
2013-04-29,700.0
2013-04-30,700.0
2013-05-01,700.0
2013-05-02,700.0
2013-05-03,700.0
2013-05-06,560.0
2013-05-07,560.0
2013-05-08,560.0
2013-05-09,560.0
2013-05-10,560.0
2013-05-13,560.0
2013-05-14,560.0
2013-05-15,560.0
2013-05-16,560.0
2013-05-17,560.0
2013-05-20,560.0
2013-05-21,560.0
2013-05-22,560.0
2013-05-23,560.0
2013-05-24,560.0
2013-05-28,560.0
2013-05-29,560.0
2013-05-30,560.0
2013-05-31,700.0
2013-06-03,700.0
2013-06-04,2800.0
2013-06-05,2800.0
2013-06-06,2800.0
2013-06-07,1400.0
2013-06-10,3500.0
2013-06-11,1400.0
2013-06-12,2660.0
2013-06-13,2660.0
2013-06-14,1400.0
2013-06-17,1400.0
2013-06-18,1400.0
2013-06-19,1400.0
2013-06-20,1400.0
2013-06-21,1400.0
2013-06-24,980.0
2013-06-25,1400.0
2013-06-26,1400.0
2013-06-27,1400.0
2013-06-28,1400.0
2013-07-01,1400.0
2013-07-02,1400.0
2013-07-03,1400.0
2013-07-05,1400.0
2013-07-08,1400.0
2013-07-09,1400.0
2013-07-10,2800.0
2013-07-11,2800.0
2013-07-12,2800.0
2013-07-15,2800.0
2013-07-16,2800.0
2013-07-17,2800.0
2013-07-18,2800.0
2013-07-19,980.0
2013-07-22,2800.0
2013-07-23,3500.0
2013-07-24,3500.0
2013-07-25,3500.0
2013-07-26,3500.0
2013-07-29,3500.0
2013-07-30,3500.0
2013-07-31,1260.0
2013-08-01,3500.0
2013-08-02,3500.0
2013-08-05,3500.0
2013-08-06,3500.0
2013-08-07,3500.0
2013-08-08,3500.0
2013-08-09,3500.0
2013-08-12,3500.0
2013-08-13,3500.0
2013-08-14,3500.0
2013-08-15,3500.0
2013-08-16,3500.0
2013-08-19,3500.0
2013-08-20,2660.0
2013-08-21,2380.0
2013-08-22,2660.0
2013-08-23,2660.0
2013-08-26,2660.0
2013-08-27,2660.0
2013-08-28,2660.0
2013-08-29,1400.0
2013-08-30,1400.0
2013-09-03,2660.0
2013-09-04,2660.0
2013-09-05,2660.0
2013-09-06,2660.0
2013-09-09,2660.0
2013-09-10,2660.0
2013-09-11,2660.0
2013-09-12,2660.0
2013-09-13,2660.0
2013-09-16,2660.0
2013-09-17,2380.0
2013-09-18,2380.0
2013-09-19,2380.0
2013-09-20,2380.0
2013-09-23,2380.0
2013-09-24,2380.0
2013-09-25,2380.0
2013-09-26,2380.0
2013-09-27,2380.0
2013-09-30,2380.0
2013-10-01,2380.0
2013-10-02,2380.0
2013-10-03,2380.0
2013-10-04,2380.0
2013-10-07,2380.0
2013-10-08,2100.0
2013-10-09,2100.0
2013-10-10,1540.0
2013-10-11,1540.0
2013-10-14,1540.0
2013-10-15,1540.0
2013-10-16,1540.0
2013-10-17,1540.0
2013-10-18,1540.0
2013-10-21,1540.0
2013-10-22,1540.0
2013-10-23,1540.0
2013-10-24,1540.0
2013-10-25,1540.0
2013-10-28,1540.0
2013-10-29,1540.0
2013-10-30,1400.0
2013-10-31,1400.0
2013-11-01,1400.0
2013-11-04,1400.0
2013-11-05,1400.0
2013-11-06,1400.0
2013-11-07,1400.0
2013-11-08,1400.0
2013-11-11,1400.0
2013-11-12,1400.0
2013-11-13,1400.0
2013-11-14,1400.0
2013-11-15,1400.0
2013-11-18,1400.0
2013-11-19,980.0
2013-11-20,980.0
2013-11-21,980.0
2013-11-22,980.0
2013-11-25,1400.0
2013-11-26,1400.0
2013-11-27,1400.0
2013-11-29,1400.0
2013-12-02,1400.0
2013-12-03,1400.0
2013-12-04,1400.0
2013-12-05,1400.0
2013-12-06,1400.0
2013-12-09,1400.0
2013-12-10,1400.0
2013-12-11,1260.0
2013-12-12,2100.0
2013-12-13,2100.0
2013-12-16,2100.0
2013-12-17,2100.0
2013-12-18,2660.0
2013-12-19,1540.0
2013-12-20,1540.0
2013-12-23,2520.0
2013-12-24,2100.0
2013-12-26,2520.0
2013-12-27,2520.0
2013-12-30,1400.0
2013-12-31,1400.0
2014-01-02,1400.0
2014-01-03,2100.0
2014-01-06,2100.0
2014-01-07,2100.0
2014-01-08,2100.0
2014-01-09,2100.0
2014-01-10,2100.0
2014-01-13,2660.0
2014-01-14,2660.0
2014-01-15,2660.0
2014-01-16,2660.0
2014-01-17,2660.0
2014-01-21,2660.0
2014-01-22,2660.0
2014-01-23,2660.0
2014-01-24,2660.0
2014-01-27,2660.0
2014-01-28,2660.0
2014-01-29,2660.0
2014-01-30,1680.0
2014-01-31,1680.0
2014-02-03,1680.0
2014-02-04,1680.0
2014-02-05,1680.0
2014-02-06,1260.0
2014-02-07,2800.0
2014-02-10,2800.0
2014-02-11,2800.0
2014-02-12,1400.0
2014-02-13,2100.0
2014-02-14,2660.0
2014-02-18,1820.0
2014-02-19,1400.0
2014-02-20,2660.0
2014-02-21,2660.0
2014-02-24,2660.0
2014-02-25,2660.0
2014-02-26,3360.0
2014-02-27,3780.0
2014-02-28,2100.0
2014-03-03,1960.0
2014-03-04,1680.0
2014-03-05,1680.0
2014-03-06,1680.0
2014-03-07,2800.0
2014-03-10,2800.0
2014-03-11,2800.0
2014-03-12,2800.0
2014-03-13,2100.0
2014-03-14,2520.0
2014-03-17,1820.0
2014-03-18,1820.0
2014-03-19,1820.0
2014-03-20,1820.0
2014-03-21,1820.0
2014-03-24,1820.0
2014-03-25,1820.0
2014-03-26,1820.0
2014-03-27,1820.0
2014-03-28,2100.0
2014-03-31,2660.0
2014-04-01,2800.0
2014-04-02,2800.0
2014-04-03,3220.0
2014-04-04,4200.0
2014-04-07,4900.0
2014-04-08,4760.0
2014-04-09,4760.0
2014-04-10,4900.0
2014-04-11,4900.0
2014-04-14,3920.0
2014-04-15,4620.0
2014-04-16,4620.0
2014-04-17,4200.0
2014-04-21,3920.0
2014-04-22,4200.0
2014-04-23,3920.0
2014-04-24,4200.0
2014-04-25,4200.0
2014-04-28,4200.0
2014-04-29,3500.0
2014-04-30,3500.0
2014-05-01,2800.0
2014-05-02,3500.0
2014-05-05,4060.0
2014-05-06,5740.0
2014-05-07,4200.0
2014-05-08,4480.0
2014-05-09,3500.0
2014-05-12,2660.0
2014-05-13,2800.0
2014-05-14,2380.0
2014-05-15,2240.0
2014-05-16,2380.0
2014-05-19,3500.0
2014-05-20,2800.0
2014-05-21,2940.0
2014-05-22,2380.0
2014-05-23,2520.0
2014-05-27,2380.0
2014-05-28,1960.0
2014-05-29,1960.0
2014-05-30,2100.0
2014-06-02,1960.0
2014-06-03,1960.0
2014-06-04,1960.0
2014-06-05,1540.0
2014-06-06,2100.0
2014-06-09,2240.0
2014-06-10,2240.0
2014-06-11,2380.0
2014-06-12,2380.0
2014-06-13,2100.0
2014-06-16,1540.0
2014-06-17,2240.0
2014-06-18,1680.0
2014-06-19,1680.0
2014-06-20,1680.0
2014-06-23,1680.0
2014-06-24,1540.0
2014-06-25,2100.0
2014-06-26,2240.0
2014-06-27,2240.0
2014-06-30,1960.0
2014-07-01,2100.0
2014-07-02,2100.0
2014-07-03,2100.0
2014-07-07,1820.0
2014-07-08,1680.0
2014-07-09,1960.0
2014-07-10,1960.0
2014-07-11,1820.0
2014-07-14,1680.0
2014-07-15,1960.0
2014-07-16,1400.0
2014-07-17,1960.0
2014-07-18,1680.0
2014-07-21,1680.0
2014-07-22,1680.0
2014-07-23,1680.0
2014-07-24,1400.0
2014-07-25,1400.0
2014-07-28,1400.0
2014-07-29,1400.0
2014-07-30,1680.0
2014-07-31,1680.0
2014-08-01,1680.0
2014-08-04,1540.0
2014-08-05,1540.0
2014-08-06,1400.0
2014-08-07,1540.0
2014-08-08,1260.0
2014-08-11,1260.0
2014-08-12,1540.0
2014-08-13,1540.0
2014-08-14,1820.0
2014-08-15,1960.0
2014-08-18,1680.0
2014-08-19,1260.0
2014-08-20,2100.0
2014-08-21,2100.0
2014-08-22,1960.0
2014-08-25,1400.0
2014-08-26,1540.0
2014-08-27,1540.0
2014-08-28,1540.0
2014-08-29,1820.0
2014-09-02,2100.0
2014-09-03,2240.0
2014-09-04,1680.0
2014-09-05,1680.0
2014-09-08,1400.0
2014-09-09,1820.0
2014-09-10,1400.0
2014-09-11,1400.0
2014-09-12,1400.0
2014-09-15,1260.0
2014-09-16,1400.0
2014-09-17,1260.0
2014-09-18,1120.0
2014-09-19,1260.0
2014-09-22,1820.0
2014-09-23,2240.0
2014-09-24,1820.0
2014-09-25,1960.0
2014-09-26,1960.0
2014-09-29,1960.0
2014-09-30,1540.0
2014-10-01,2100.0
2014-10-02,2100.0
2014-10-03,1680.0
2014-10-06,1680.0
2014-10-07,1400.0
2014-10-08,1260.0
2014-10-09,1260.0
2014-10-10,1120.0
2014-10-13,560.0
2014-10-14,1120.0
2014-10-15,1400.0
2014-10-16,1960.0
2014-10-17,1820.0
2014-10-20,1820.0
2014-10-21,1680.0
2014-10-22,1400.0
2014-10-23,1540.0
2014-10-24,1400.0
2014-10-27,1260.0
2014-10-28,1260.0
2014-10-29,840.0
2014-10-30,840.0
2014-10-31,840.0
2014-11-03,840.0
2014-11-04,700.0
2014-11-05,700.0
2014-11-06,840.0
2014-11-07,1120.0
2014-11-10,1120.0
2014-11-11,1260.0
2014-11-12,1680.0
2014-11-13,1680.0
2014-11-14,1680.0
2014-11-17,1680.0
2014-11-18,1680.0
2014-11-19,1400.0
2014-11-20,2240.0
2014-11-21,3220.0
2014-11-24,2800.0
2014-11-25,3220.0
2014-11-26,3360.0
2014-11-28,3640.0
2014-12-01,3220.0
2014-12-02,2800.0
2014-12-03,3640.0
2014-12-04,3640.0
2014-12-05,3640.0
2014-12-08,3500.0
2014-12-09,4060.0
2014-12-10,3780.0
2014-12-11,3640.0
2014-12-12,4200.0
2014-12-15,4340.0
2014-12-16,4200.0
2014-12-17,3920.0
2014-12-18,3640.0
2014-12-19,3640.0
2014-12-22,3500.0
2014-12-23,2800.0
2014-12-24,3080.0
2014-12-26,3080.0
2014-12-29,3220.0
2014-12-30,3080.0
2014-12-31,3500.0
2015-01-02,2240.0
2015-01-05,1820.0
2015-01-06,1960.0
2015-01-07,1820.0
2015-01-08,1820.0
2015-01-09,1820.0
2015-01-12,1820.0
2015-01-13,1820.0
2015-01-14,2520.0
2015-01-15,2100.0
2015-01-16,2100.0
2015-01-20,2100.0
2015-01-21,1680.0
2015-01-22,1540.0
2015-01-23,1400.0
2015-01-26,1540.0
2015-01-27,1680.0
2015-01-28,1400.0
2015-01-29,1120.0
2015-01-30,1260.0
2015-02-02,1400.0
2015-02-03,1260.0
2015-02-04,1120.0
2015-02-05,1120.0
2015-02-06,1260.0
2015-02-09,1540.0
2015-02-10,1540.0
2015-02-11,1120.0
2015-02-12,1120.0
2015-02-13,980.0
2015-02-17,840.0
2015-02-18,700.0
2015-02-19,700.0
2015-02-20,560.0
2015-02-23,700.0
2015-02-24,560.0
2015-02-25,560.0
2015-02-26,560.0
2015-02-27,700.0
2015-03-02,560.0
2015-03-03,700.0
2015-03-04,560.0
2015-03-05,560.0
2015-03-06,560.0
2015-03-09,700.0
2015-03-10,700.0
2015-03-11,560.0
2015-03-12,700.0
2015-03-13,560.0
2015-03-16,560.0
2015-03-17,560.0
2015-03-18,560.0
2015-03-19,560.0
2015-03-20,560.0
2015-03-23,560.0
2015-03-24,560.0
2015-03-25,420.0
2015-03-26,560.0
2015-03-27,420.0
2015-03-30,420.0
2015-03-31,420.0
2015-04-01,560.0
2015-04-02,560.0
2015-04-06,560.0
2015-04-07,560.0
2015-04-08,560.0
2015-04-09,560.0
2015-04-10,700.0
2015-04-13,560.0
2015-04-14,840.0
2015-04-15,980.0
2015-04-16,840.0
2015-04-17,980.0
2015-04-20,980.0
2015-04-21,980.0
2015-04-22,840.0
2015-04-23,700.0
2015-04-24,700.0
2015-04-27,700.0
2015-04-28,560.0
2015-04-29,560.0
2015-04-30,560.0
2015-05-01,420.0
2015-05-04,420.0
2015-05-05,560.0
2015-05-06,420.0
2015-05-07,420.0
2015-05-08,420.0
2015-05-11,420.0
2015-05-12,420.0
2015-05-13,280.0
2015-05-14,280.0
2015-05-15,700.0
2015-05-18,420.0
2015-05-19,420.0
2015-05-20,420.0
2015-05-21,420.0
2015-05-22,560.0
2015-05-26,560.0
2015-05-27,420.0
2015-05-28,280.0
2015-05-29,420.0
2015-06-01,420.0
2015-06-02,140.0
2015-06-03,280.0
2015-06-04,280.0
2015-06-05,280.0
2015-06-08,280.0
2015-06-09,280.0
2015-06-10,280.0
2015-06-11,280.0
2015-06-12,280.0
2015-06-15,280.0
2015-06-16,280.0
2015-06-17,280.0
2015-06-18,280.0
2015-06-19,280.0
2015-06-22,280.0
2015-06-23,280.0
2015-06-24,280.0
2015-06-25,280.0
2015-06-26,280.0
2015-06-29,280.0
2015-06-30,280.0
2015-07-01,280.0
2015-07-02,140.0
2015-07-06,420.0
2015-07-07,420.0
2015-07-08,420.0
2015-07-09,420.0
2015-07-10,420.0
2015-07-13,420.0
2015-07-14,420.0
2015-07-15,420.0
2015-07-16,420.0
2015-07-17,420.0
2015-07-20,280.0
2015-07-21,280.0
2015-07-22,420.0
2015-07-23,420.0
2015-07-24,280.0
2015-07-27,280.0
2015-07-28,420.0
2015-07-29,280.0
2015-07-30,420.0
2015-07-31,420.0
2015-08-03,420.0
2015-08-04,420.0
2015-08-05,560.0
2015-08-06,980.0
2015-08-07,560.0
2015-08-10,560.0
2015-08-11,560.0
2015-08-12,560.0
2015-08-13,420.0
2015-08-14,420.0
2015-08-17,420.0
2015-08-18,420.0
2015-08-19,560.0
2015-08-20,420.0
2015-08-21,420.0
2015-08-24,420.0
2015-08-25,420.0
2015-08-26,420.0
2015-08-27,420.0
2015-08-28,420.0
2015-08-31,280.0
2015-09-01,560.0
2015-09-02,420.0
2015-09-03,420.0
2015-09-04,420.0
2015-09-08,420.0
2015-09-09,420.0
2015-09-10,420.0
2015-09-11,420.0
2015-09-14,420.0
2015-09-15,420.0
2015-09-16,420.0
2015-09-17,420.0
2015-09-18,280.0
2015-09-21,140.0
2015-09-22,140.0
2015-09-23,140.0
2015-09-24,140.0
2015-09-25,140.0
2015-09-28,140.0
2015-09-29,140.0
2015-09-30,140.0
2015-10-01,420.0
2015-10-02,420.0
2015-10-05,420.0
2015-10-06,420.0
2015-10-07,420.0
2015-10-08,420.0
2015-10-09,420.0
2015-10-12,420.0
2015-10-13,280.0
2015-10-14,280.0
2015-10-15,280.0
2015-10-16,280.0
2015-10-19,280.0
2015-10-20,280.0
2015-10-21,140.0
2015-10-22,140.0
2015-10-23,140.0
2015-10-26,140.0
2015-10-27,140.0
2015-10-28,140.0
2015-10-29,280.0
2015-10-30,420.0
2015-11-02,420.0
2015-11-03,420.0
2015-11-04,560.0
2015-11-05,560.0
2015-11-06,420.0
2015-11-09,420.0
2015-11-10,700.0
2015-11-11,560.0
2015-11-12,560.0
2015-11-13,420.0
2015-11-16,280.0
2015-11-17,420.0
2015-11-18,280.0
2015-11-19,280.0
2015-11-20,280.0
2015-11-23,420.0
2015-11-24,420.0
2015-11-25,420.0
2015-11-27,560.0
2015-11-30,840.0
2015-12-01,700.0
2015-12-02,700.0
2015-12-03,560.0
2015-12-04,420.0
2015-12-07,420.0
2015-12-08,420.0
2015-12-09,420.0
2015-12-10,420.0
2015-12-11,280.0
2015-12-14,280.0
2015-12-15,280.0
2015-12-16,280.0
2015-12-17,280.0
2015-12-18,420.0
2015-12-21,420.0
2015-12-22,420.0
2015-12-23,280.0
2015-12-24,420.0
2015-12-28,420.0
2015-12-29,420.0
2015-12-30,420.0
2015-12-31,560.0
2016-01-04,560.0
2016-01-05,280.0
2016-01-06,420.0
2016-01-07,420.0
2016-01-08,420.0
2016-01-11,420.0
2016-01-12,420.0
2016-01-13,420.0
2016-01-14,420.0
2016-01-15,420.0
2016-01-19,280.0
2016-01-20,280.0
2016-01-21,140.0
2016-01-22,140.0
2016-01-25,280.0
2016-01-26,280.0
2016-01-27,140.0
2016-01-28,140.0
2016-01-29,140.0
2016-02-01,140.0
2016-02-02,140.0
2016-02-03,140.0
2016-02-04,140.0
2016-02-05,140.0
2016-02-08,140.0
2016-02-09,140.0
2016-02-10,140.0
2016-02-11,140.0
2016-02-12,140.0
2016-02-16,140.0
2016-02-17,140.0
2016-02-18,140.0
2016-02-19,140.0
2016-02-22,140.0
2016-02-23,140.0
2016-02-24,140.0
2016-02-25,140.0
2016-02-26,140.0
2016-02-29,140.0
2016-03-01,140.0
2016-03-02,140.0
2016-03-03,140.0
2016-03-04,140.0
2016-03-07,140.0
2016-03-08,140.0
2016-03-09,140.0
2016-03-10,140.0
2016-03-11,140.0
2016-03-14,140.0
2016-03-15,140.0
2016-03-16,140.0
2016-03-17,140.0
2016-03-18,140.0
2016-03-21,280.0
2016-03-22,140.0
2016-03-23,140.0
2016-03-24,420.0
2016-03-28,420.0
2016-03-29,280.0
2016-03-30,280.0
2016-03-31,280.0
2016-04-01,280.0
2016-04-04,280.0
2016-04-05,280.0
2016-04-06,280.0
2016-04-07,280.0
2016-04-08,280.0
2016-04-11,280.0
2016-04-12,280.0
2016-04-13,280.0
2016-04-14,140.0
2016-04-15,140.0
2016-04-18,140.0
2016-04-19,140.0
2016-04-20,140.0
2016-04-21,140.0
2016-04-22,140.0
2016-04-25,140.0
2016-04-26,140.0
2016-04-27,140.0
2016-04-28,140.0
2016-04-29,140.0
2016-05-02,140.0
2016-05-03,140.0
2016-05-04,140.0
2016-05-05,140.0
2016-05-06,140.0
2016-05-09,140.0
2016-05-10,140.0
2016-05-11,140.0
2016-05-12,140.0
2016-05-13,140.0
2016-05-16,140.0
2016-05-17,140.0
2016-05-18,140.0
2016-05-19,140.0
2016-05-20,140.0
2016-05-23,140.0
2016-05-24,140.0
2016-05-25,140.0
2016-05-26,140.0
2016-05-27,140.0
2016-05-31,140.0
2016-06-01,140.0
2016-06-02,140.0
2016-06-03,140.0
2016-06-06,140.0
2016-06-07,140.0
2016-06-08,140.0
2016-06-09,280.0
2016-06-10,280.0
2016-06-13,280.0
2016-06-14,280.0
2016-06-15,280.0
2016-06-16,280.0
2016-06-17,280.0
2016-06-20,280.0
2016-06-21,280.0
2016-06-22,280.0
2016-06-23,280.0
2016-06-24,280.0
2016-06-27,280.0
2016-06-28,280.0
2016-06-29,280.0
2016-06-30,280.0
2016-07-01,280.0
2016-07-05,280.0
2016-07-06,280.0
2016-07-07,280.0
2016-07-08,280.0
2016-07-11,280.0
2016-07-12,280.0
2016-07-13,280.0
2016-07-14,280.0
2016-07-15,280.0
2016-07-18,280.0
2016-07-19,280.0
2016-07-20,280.0
2016-07-21,280.0
2016-07-22,140.0
2016-07-25,140.0
2016-07-26,140.0
2016-07-27,140.0
2016-07-28,140.0
2016-07-29,140.0
2016-08-01,140.0
2016-08-02,140.0
2016-08-03,140.0
2016-08-04,140.0
2016-08-05,140.0
2016-08-08,140.0
2016-08-09,140.0
2016-08-10,140.0
2016-08-11,140.0
2016-08-12,140.0
2016-08-15,140.0
2016-08-16,140.0
2016-08-17,140.0
2016-08-18,140.0
2016-08-19,140.0
2016-08-22,140.0
2016-08-23,140.0
2016-08-24,140.0
2016-08-25,140.0
2016-08-26,140.0
2016-08-29,140.0
2016-08-30,140.0
2016-08-31,140.0
2016-09-01,140.0
2016-09-02,140.0
2016-09-06,140.0
2016-09-07,140.0
2016-09-08,140.0
2016-09-09,140.0
2016-09-12,140.0
2016-09-13,140.0
2016-09-14,140.0
2016-09-15,140.0
2016-09-16,140.0
2016-09-19,140.0
2016-09-20,140.0
2016-09-21,140.0
2016-09-22,140.0
2016-09-23,140.0
2016-09-26,140.0
2016-09-27,140.0
2016-09-28,140.0
2016-09-29,140.0
2016-09-30,140.0
2016-10-03,140.0
2016-10-04,140.0
2016-10-05,140.0
2016-10-06,140.0
2016-10-07,140.0
2016-10-10,140.0
2016-10-11,140.0
2016-10-12,140.0
2016-10-13,140.0
2016-10-14,140.0
2016-10-17,140.0
2016-10-18,140.0
2016-10-19,140.0
2016-10-20,140.0
2016-10-21,140.0
2016-10-24,140.0
2016-10-25,140.0
2016-10-26,140.0
2016-10-27,140.0
2016-10-28,140.0
2016-10-31,140.0
2016-11-01,140.0
2016-11-02,140.0
2016-11-03,140.0
2016-11-04,140.0
2016-11-07,140.0
2016-11-08,140.0
2016-11-09,140.0
2016-11-10,140.0
2016-11-11,140.0
2016-11-14,140.0
2016-11-15,140.0
2016-11-16,140.0
2016-11-17,140.0
2016-11-18,140.0
2016-11-21,140.0
2016-11-22,140.0
2016-11-23,140.0
2016-11-25,140.0
2016-11-28,140.0
2016-11-29,140.0
2016-11-30,140.0
2016-12-01,140.0
2016-12-02,140.0
2016-12-05,140.0
2016-12-06,140.0
2016-12-07,140.0
2016-12-08,140.0
2016-12-09,140.0
2016-12-12,140.0
2016-12-13,140.0
2016-12-14,140.0
2016-12-15,140.0
2016-12-16,140.0
2016-12-19,140.0
2016-12-20,140.0
2016-12-21,140.0
2016-12-22,140.0
2016-12-23,140.0
2016-12-27,140.0
2016-12-28,140.0
2016-12-29,140.0
2016-12-30,140.0
2017-01-03,140.0
2017-01-04,140.0
2017-01-05,140.0
2017-01-06,140.0
2017-01-09,140.0
2017-01-10,140.0
2017-01-11,140.0
2017-01-12,140.0
2017-01-13,140.0
2017-01-17,140.0
2017-01-18,140.0
2017-01-19,140.0
2017-01-20,140.0
2017-01-23,140.0
2017-01-24,140.0
2017-01-25,140.0
2017-01-26,140.0
2017-01-27,140.0
2017-01-30,140.0
2017-01-31,140.0
2017-02-01,140.0
2017-02-02,140.0
2017-02-03,140.0
2017-02-06,140.0
2017-02-07,140.0
2017-02-08,140.0
2017-02-09,140.0
2017-02-10,140.0
2017-02-13,140.0
2017-02-14,140.0
2017-02-15,280.0
2017-02-16,140.0
2017-02-17,280.0
2017-02-21,280.0
2017-02-22,280.0
2017-02-23,280.0
2017-02-24,280.0
2017-02-27,280.0
2017-02-28,280.0
2017-03-01,280.0
2017-03-02,280.0
2017-03-03,280.0
2017-03-06,420.0
2017-03-07,280.0
2017-03-08,280.0
2017-03-09,420.0
2017-03-10,280.0
2017-03-13,280.0
2017-03-14,280.0
2017-03-15,280.0
2017-03-16,280.0
2017-03-17,280.0
2017-03-20,280.0
2017-03-21,280.0
2017-03-22,280.0
2017-03-23,280.0
2017-03-24,280.0
2017-03-27,280.0
2017-03-28,280.0
2017-03-29,700.0
2017-03-30,140.0
2017-03-31,140.0
2017-04-03,700.0
2017-04-04,560.0
2017-04-05,560.0
2017-04-06,560.0
2017-04-07,560.0
2017-04-10,560.0
2017-04-11,560.0
2017-04-12,560.0
2017-04-13,560.0
2017-04-17,280.0
2017-04-18,280.0
2017-04-19,140.0
2017-04-20,140.0
2017-04-21,140.0
2017-04-24,140.0
2017-04-25,140.0
2017-04-26,140.0
2017-04-27,140.0
2017-04-28,140.0
2017-05-01,140.0
2017-05-02,140.0
2017-05-03,140.0
2017-05-04,140.0
2017-05-05,140.0
2017-05-08,420.0
2017-05-09,420.0
2017-05-10,420.0
2017-05-11,420.0
2017-05-12,560.0
2017-05-15,420.0
2017-05-16,420.0
2017-05-17,420.0
2017-05-18,420.0
2017-05-19,420.0
2017-05-22,420.0
2017-05-23,420.0
2017-05-24,280.0
2017-05-25,420.0
2017-05-26,420.0
2017-05-30,420.0
2017-05-31,420.0
2017-06-01,420.0
2017-06-02,420.0
2017-06-05,420.0
2017-06-06,420.0
2017-06-07,280.0
2017-06-08,280.0
2017-06-09,280.0
2017-06-12,280.0
2017-06-13,280.0
2017-06-14,280.0
2017-06-15,280.0
2017-06-16,140.0
2017-06-19,280.0
2017-06-20,280.0
2017-06-21,280.0
2017-06-22,280.0
2017-06-23,280.0
2017-06-26,280.0
2017-06-27,280.0
2017-06-28,280.0
2017-06-29,280.0
2017-06-30,280.0
2017-07-03,280.0
2017-07-05,280.0
2017-07-06,280.0
2017-07-07,280.0
2017-07-10,280.0
2017-07-11,280.0
2017-07-12,280.0
2017-07-13,280.0
2017-07-14,280.0
2017-07-17,280.0
2017-07-18,280.0
2017-07-19,280.0
2017-07-20,140.0
2017-07-21,280.0
2017-07-24,280.0
2017-07-25,280.0
2017-07-26,280.0
2017-07-27,280.0
2017-07-28,280.0
2017-07-31,560.0
2017-08-01,420.0
2017-08-02,560.0
2017-08-03,420.0
2017-08-04,700.0
2017-08-07,700.0
2017-08-08,560.0
2017-08-09,560.0
2017-08-10,560.0
2017-08-11,560.0
2017-08-14,560.0
2017-08-15,560.0
2017-08-16,700.0
2017-08-17,560.0
2017-08-18,560.0
2017-08-21,560.0
2017-08-22,420.0
2017-08-23,560.0
2017-08-24,700.0
2017-08-25,700.0
2017-08-28,700.0
2017-08-29,700.0
2017-08-30,700.0
2017-08-31,700.0
2017-09-01,700.0
2017-09-05,700.0
2017-09-06,700.0
2017-09-07,700.0
2017-09-08,700.0
2017-09-11,700.0
2017-09-12,700.0
2017-09-13,700.0
2017-09-14,700.0
2017-09-15,420.0
2017-09-18,700.0
2017-09-19,700.0
2017-09-20,700.0
2017-09-21,700.0
2017-09-22,700.0
2017-09-25,420.0
2017-09-26,280.0
2017-09-27,560.0
2017-09-28,420.0
2017-09-29,560.0
2017-10-02,560.0
2017-10-03,560.0
2017-10-04,420.0
2017-10-05,420.0
2017-10-06,560.0
2017-10-09,560.0
2017-10-10,280.0
2017-10-11,560.0
2017-10-12,420.0
2017-10-13,280.0
2017-10-16,280.0
2017-10-17,420.0
2017-10-18,280.0
2017-10-19,280.0
2017-10-20,420.0
2017-10-23,280.0
2017-10-24,280.0
2017-10-25,280.0
2017-10-26,280.0
2017-10-27,280.0
2017-10-30,280.0
2017-10-31,280.0
2017-11-01,280.0
2017-11-02,280.0
2017-11-03,420.0
2017-11-06,280.0
2017-11-07,280.0
2017-11-08,280.0
2017-11-09,280.0
2017-11-10,280.0
2017-11-13,280.0
2017-11-14,280.0
2017-11-15,280.0
2017-11-16,280.0
2017-11-17,280.0
2017-11-20,280.0
2017-11-21,420.0
2017-11-22,560.0
2017-11-24,420.0
2017-11-27,560.0
2017-11-28,560.0
2017-11-29,560.0
2017-11-30,560.0
2017-12-01,420.0
2017-12-04,560.0
2017-12-05,420.0
2017-12-06,560.0
2017-12-07,560.0
2017-12-08,560.0
2017-12-11,700.0
2017-12-12,700.0
2017-12-13,560.0
2017-12-14,420.0
2017-12-15,420.0
2017-12-18,280.0
2017-12-19,280.0
2017-12-20,420.0
2017-12-21,420.0
2017-12-22,560.0
2017-12-26,560.0
2017-12-27,420.0
2017-12-28,420.0
2017-12-29,560.0
2018-01-02,560.0
2018-01-03,420.0
2018-01-04,700.0
2018-01-05,840.0
2018-01-08,840.0
2018-01-09,700.0
2018-01-10,840.0
2018-01-11,700.0
2018-01-12,840.0
2018-01-16,840.0
2018-01-17,980.0
2018-01-18,1260.0
2018-01-19,1120.0
2018-01-22,980.0
2018-01-23,980.0
2018-01-24,1260.0
2018-01-25,1120.0
2018-01-26,1120.0
2018-01-29,1260.0
2018-01-30,1120.0
2018-01-31,1260.0
2018-02-01,1120.0
2018-02-02,980.0
2018-02-05,980.0
2018-02-06,980.0
2018-02-07,1120.0
2018-02-08,980.0
2018-02-09,840.0
2018-02-12,700.0
2018-02-13,980.0
2018-02-14,980.0
2018-02-15,1120.0
2018-02-16,1120.0
2018-02-20,1120.0
2018-02-21,1120.0
2018-02-22,1120.0
2018-02-23,1260.0
2018-02-26,980.0
2018-02-27,840.0
2018-02-28,840.0
2018-03-01,700.0
2018-03-02,980.0
2018-03-05,980.0
2018-03-06,980.0
2018-03-07,980.0
2018-03-08,700.0
2018-03-09,980.0
2018-03-12,1120.0
2018-03-13,840.0
2018-03-14,1120.0
2018-03-15,1260.0
2018-03-16,1260.0
2018-03-19,700.0
2018-03-20,840.0
2018-03-21,980.0
2018-03-22,980.0
2018-03-23,1120.0
2018-03-26,1120.0
2018-03-27,1120.0
2018-03-28,840.0
2018-03-29,840.0
2018-04-02,700.0
2018-04-03,560.0
2018-04-04,980.0
2018-04-05,980.0
2018-04-06,840.0
2018-04-09,840.0
2018-04-10,700.0
2018-04-11,700.0
2018-04-12,420.0
2018-04-13,560.0
2018-04-16,420.0
2018-04-17,560.0
2018-04-18,560.0
2018-04-19,420.0
2018-04-20,420.0
2018-04-23,420.0
2018-04-24,420.0
2018-04-25,560.0
2018-04-26,560.0
2018-04-27,560.0
2018-04-30,560.0
2018-05-01,560.0
2018-05-02,560.0
2018-05-03,560.0
2018-05-04,560.0
2018-05-07,420.0
2018-05-08,560.0
2018-05-09,560.0
2018-05-10,560.0
2018-05-11,560.0
2018-05-14,560.0
2018-05-15,560.0
2018-05-16,700.0
2018-05-17,700.0
2018-05-18,700.0
2018-05-21,700.0
2018-05-22,700.0
2018-05-23,560.0
2018-05-24,560.0
2018-05-25,560.0
2018-05-29,420.0
2018-05-30,560.0
2018-05-31,420.0
2018-06-01,420.0
2018-06-04,420.0
2018-06-05,420.0
2018-06-06,420.0
2018-06-07,560.0
2018-06-08,560.0
2018-06-11,560.0
2018-06-12,420.0
2018-06-13,420.0
2018-06-14,420.0
2018-06-15,420.0
2018-06-18,280.0
2018-06-19,420.0
2018-06-20,280.0
2018-06-21,420.0
2018-06-22,280.0
2018-06-25,280.0
2018-06-26,280.0
2018-06-27,280.0
2018-06-28,280.0
2018-06-29,280.0
2018-07-02,280.0
2018-07-03,280.0
2018-07-05,280.0
2018-07-06,280.0
2018-07-09,280.0
2018-07-10,140.0
2018-07-11,140.0
2018-07-12,140.0
2018-07-13,140.0
2018-07-16,280.0
2018-07-17,280.0
2018-07-18,280.0
2018-07-19,140.0
2018-07-20,280.0
2018-07-23,140.0
2018-07-24,140.0
2018-07-25,140.0
2018-07-26,280.0
2018-07-27,280.0
2018-07-30,420.0
2018-07-31,280.0
2018-08-01,280.0
2018-08-02,140.0
2018-08-03,280.0
2018-08-06,280.0
2018-08-07,280.0
2018-08-08,280.0
2018-08-09,280.0
2018-08-10,280.0
2018-08-13,280.0
2018-08-14,280.0
2018-08-15,140.0
2018-08-16,140.0
2018-08-17,280.0
2018-08-20,280.0
2018-08-21,280.0
2018-08-22,140.0
2018-08-23,140.0
2018-08-24,140.0
2018-08-27,140.0
2018-08-28,140.0
2018-08-29,140.0
2018-08-30,140.0
2018-08-31,140.0
2018-09-04,140.0
2018-09-05,280.0
2018-09-06,280.0
2018-09-07,280.0
2018-09-10,280.0
2018-09-11,280.0
2018-09-12,140.0
2018-09-13,140.0
2018-09-14,280.0
2018-09-17,280.0
2018-09-18,280.0
2018-09-19,280.0
2018-09-20,140.0
2018-09-21,280.0
2018-09-24,280.0
2018-09-25,280.0
2018-09-26,280.0
2018-09-27,280.0
2018-09-28,280.0
2018-10-01,280.0
2018-10-02,280.0
2018-10-03,280.0
2018-10-04,280.0
2018-10-05,140.0
2018-10-08,140.0
2018-10-09,140.0
2018-10-10,140.0
2018-10-11,140.0
2018-10-12,140.0
2018-10-15,140.0
2018-10-16,280.0
2018-10-17,280.0
2018-10-18,280.0
2018-10-19,280.0
2018-10-22,280.0
2018-10-23,140.0
2018-10-24,280.0
2018-10-25,280.0
2018-10-26,280.0
2018-10-29,280.0
2018-10-30,140.0
2018-10-31,140.0
2018-11-01,140.0
2018-11-02,280.0
2018-11-05,280.0
2018-11-06,280.0
2018-11-07,280.0
2018-11-08,280.0
2018-11-09,280.0
2018-11-12,140.0
2018-11-13,140.0
2018-11-14,140.0
2018-11-15,140.0
2018-11-16,140.0
2018-11-19,140.0
2018-11-20,140.0
2018-11-21,280.0
2018-11-23,280.0
2018-11-26,280.0
2018-11-27,140.0
2018-11-28,140.0
2018-11-29,140.0
2018-11-30,140.0
2018-12-03,140.0
2018-12-04,140.0
2018-12-06,140.0
2018-12-07,140.0
2018-12-10,140.0
2018-12-11,140.0
2018-12-12,140.0
2018-12-13,140.0
2018-12-14,140.0
2018-12-17,280.0
2018-12-18,140.0
2018-12-19,140.0
2018-12-20,140.0
2018-12-21,280.0
2018-12-24,140.0
2018-12-26,280.0
2018-12-27,140.0
2018-12-28,140.0
2018-12-31,140.0
2019-01-02,140.0
2019-01-03,140.0
2019-01-04,140.0
2019-01-07,140.0
2019-01-08,140.0
2019-01-09,140.0
2019-01-10,140.0
2019-01-11,140.0
2019-01-14,140.0
2019-01-15,140.0
2019-01-16,140.0
2019-01-17,140.0
2019-01-18,140.0
2019-01-22,140.0
2019-01-23,140.0
2019-01-24,140.0
2019-01-25,140.0
2019-01-28,140.0
2019-01-29,140.0
2019-01-30,140.0
2019-01-31,140.0
2019-02-01,140.0
2019-02-04,140.0
2019-02-05,140.0
2019-02-06,280.0
2019-02-07,280.0
2019-02-08,140.0
2019-02-11,140.0
2019-02-12,280.0
2019-02-13,280.0
2019-02-14,280.0
2019-02-15,280.0
2019-02-19,280.0
2019-02-20,280.0
2019-02-21,280.0
2019-02-22,280.0
2019-02-25,560.0
2019-02-26,420.0
2019-02-27,280.0
2019-02-28,280.0
2019-03-01,280.0
2019-03-04,280.0
2019-03-05,280.0
2019-03-06,280.0
2019-03-07,280.0
2019-03-08,280.0
2019-03-11,280.0
2019-03-12,420.0
2019-03-13,280.0
2019-03-14,280.0
2019-03-15,280.0
2019-03-18,420.0
2019-03-19,420.0
2019-03-20,560.0
2019-03-21,420.0
2019-03-22,560.0
2019-03-25,560.0
2019-03-26,420.0
2019-03-27,280.0
2019-03-28,420.0
2019-03-29,420.0
2019-04-01,280.0
2019-04-02,280.0
2019-04-03,280.0
2019-04-04,280.0
2019-04-05,420.0
2019-04-08,420.0
2019-04-09,420.0
2019-04-10,420.0
2019-04-11,420.0
2019-04-12,420.0
2019-04-15,420.0
2019-04-16,420.0
2019-04-17,420.0
2019-04-18,420.0
2019-04-22,420.0
2019-04-23,420.0
2019-04-24,560.0
2019-04-25,560.0
2019-04-26,420.0
2019-04-29,420.0
2019-04-30,420.0
2019-05-01,420.0
2019-05-02,420.0
2019-05-03,560.0
2019-05-06,560.0
2019-05-07,560.0
2019-05-08,560.0
2019-05-09,560.0
2019-05-10,560.0
2019-05-13,700.0
2019-05-14,700.0
2019-05-15,700.0
2019-05-16,560.0
2019-05-17,560.0
2019-05-20,560.0
2019-05-21,560.0
2019-05-22,700.0
2019-05-23,560.0
2019-05-24,420.0
2019-05-28,420.0
2019-05-29,560.0
2019-05-30,560.0
2019-05-31,420.0
2019-06-03,420.0
2019-06-04,420.0
2019-06-05,420.0
2019-06-06,420.0
2019-06-07,420.0
2019-06-10,420.0
2019-06-11,420.0
2019-06-12,560.0
2019-06-13,560.0
2019-06-14,420.0
2019-06-17,560.0
2019-06-18,420.0
2019-06-19,420.0
2019-06-20,420.0
2019-06-21,560.0
2019-06-24,560.0
2019-06-25,420.0
2019-06-26,560.0
2019-06-27,560.0
2019-06-28,560.0
2019-07-01,560.0
2019-07-02,420.0
2019-07-03,560.0
2019-07-05,560.0
2019-07-08,560.0
2019-07-09,560.0
2019-07-10,560.0
2019-07-11,560.0
2019-07-12,700.0
2019-07-15,560.0
2019-07-16,560.0
2019-07-17,560.0
2019-07-18,700.0
2019-07-19,700.0
2019-07-22,840.0
2019-07-23,980.0
2019-07-24,980.0
2019-07-25,980.0
2019-07-26,980.0
2019-07-29,1120.0
2019-07-30,1120.0
2019-07-31,980.0
2019-08-01,980.0
2019-08-02,1260.0
2019-08-05,1680.0
2019-08-06,1680.0
2019-08-07,1680.0
2019-08-08,1680.0
2019-08-09,1680.0
2019-08-12,1540.0
2019-08-13,1680.0
2019-08-14,1820.0
2019-08-15,1820.0
2019-08-16,1960.0
2019-08-19,1960.0
2019-08-20,1960.0
2019-08-21,1960.0
2019-08-22,1960.0
2019-08-23,1960.0
2019-08-26,1960.0
2019-08-27,1960.0
2019-08-28,1820.0
2019-08-29,1540.0
2019-08-30,1820.0
2019-09-03,1540.0
2019-09-04,1540.0
2019-09-05,1400.0
2019-09-06,1680.0
2019-09-09,1680.0
2019-09-10,1680.0
2019-09-11,1820.0
2019-09-12,1820.0
2019-09-13,1820.0
2019-09-16,1680.0
2019-09-17,1540.0
2019-09-18,1400.0
2019-09-19,1400.0
2019-09-20,1260.0
2019-09-23,1260.0
2019-09-24,1260.0
2019-09-25,1120.0
2019-09-26,980.0
2019-09-27,1120.0
2019-09-30,1120.0
2019-10-01,1120.0
2019-10-02,1120.0
2019-10-03,1120.0
2019-10-04,1120.0
2019-10-07,980.0
2019-10-08,980.0
2019-10-09,980.0
2019-10-10,980.0
2019-10-11,980.0
2019-10-14,700.0
2019-10-15,840.0
2019-10-16,980.0
2019-10-17,840.0
2019-10-18,840.0
2019-10-21,840.0
2019-10-22,840.0
2019-10-23,840.0
2019-10-24,840.0
2019-10-25,840.0
2019-10-28,840.0
2019-10-29,840.0
2019-10-30,840.0
2019-10-31,1120.0
2019-11-01,980.0
2019-11-04,980.0
2019-11-05,840.0
2019-11-06,980.0
2019-11-07,980.0
2019-11-08,980.0
2019-11-11,840.0
2019-11-12,840.0
2019-11-13,840.0
2019-11-14,700.0
2019-11-15,700.0
2019-11-18,840.0
2019-11-19,840.0
2019-11-20,840.0
2019-11-21,840.0
2019-11-22,840.0
2019-11-25,840.0
2019-11-26,840.0
2019-11-27,840.0
2019-11-29,840.0
2019-12-02,840.0
2019-12-03,840.0
2019-12-04,840.0
2019-12-05,840.0
2019-12-06,980.0
2019-12-09,980.0
2019-12-10,980.0
2019-12-11,1120.0
2019-12-12,1120.0
2019-12-13,1120.0
2019-12-16,1120.0
2019-12-17,980.0
2019-12-18,980.0
2019-12-19,980.0
2019-12-20,840.0
2019-12-23,840.0
2019-12-24,980.0
2019-12-26,980.0
2019-12-27,980.0
2019-12-30,980.0
2019-12-31,980.0
2020-01-02,980.0
2020-01-03,980.0
2020-01-06,980.0
2020-01-07,980.0
2020-01-08,980.0
2020-01-09,1120.0
2020-01-10,980.0
2020-01-13,980.0
2020-01-14,840.0
2020-01-15,840.0
2020-01-16,980.0
2020-01-17,980.0
2020-01-21,840.0
2020-01-22,840.0
2020-01-23,840.0
2020-01-24,840.0
2020-01-27,840.0
2020-01-28,700.0
2020-01-29,700.0
2020-01-30,840.0
2020-01-31,700.0
2020-02-03,700.0
2020-02-04,840.0
2020-02-05,700.0
2020-02-06,700.0
2020-02-07,700.0
2020-02-10,700.0
2020-02-11,700.0
2020-02-12,700.0
2020-02-13,700.0
2020-02-14,560.0
2020-02-18,700.0
2020-02-19,700.0
2020-02-20,700.0
2020-02-21,560.0
2020-02-24,560.0
2020-02-25,700.0
2020-02-26,560.0
2020-02-27,560.0
2020-02-28,700.0
2020-03-02,560.0
2020-03-03,700.0
2020-03-04,700.0
2020-03-05,560.0
2020-03-06,560.0
2020-03-09,560.0
2020-03-10,700.0
2020-03-11,700.0
2020-03-12,420.0
2020-03-13,560.0
2020-03-16,560.0
2020-03-17,560.0
2020-03-18,700.0
2020-03-19,420.0
2020-03-20,700.0
2020-03-23,560.0
2020-03-24,560.0
2020-03-25,700.0
2020-03-26,560.0
2020-03-27,560.0
2020-03-30,560.0
2020-03-31,560.0
2020-04-01,560.0
2020-04-02,560.0
2020-04-03,560.0
2020-04-06,560.0
2020-04-07,560.0
2020-04-08,560.0
2020-04-09,420.0
2020-04-13,420.0
2020-04-14,420.0
2020-04-15,420.0
2020-04-16,420.0
2020-04-17,420.0
2020-04-20,560.0
2020-04-21,560.0
2020-04-22,560.0
2020-04-23,560.0
2020-04-24,560.0
2020-04-27,420.0
2020-04-28,560.0
2020-04-29,560.0
2020-04-30,560.0
2020-05-01,560.0
2020-05-04,420.0
2020-05-05,560.0
2020-05-06,560.0
2020-05-07,560.0
2020-05-08,560.0
2020-05-11,420.0
2020-05-12,840.0
2020-05-13,840.0
2020-05-14,840.0
2020-05-15,700.0
2020-05-18,700.0
2020-05-19,700.0
2020-05-20,700.0
2020-05-21,700.0
2020-05-22,700.0
2020-05-26,700.0
2020-05-27,700.0
2020-05-28,700.0
2020-05-29,700.0
2020-06-01,700.0
2020-06-02,700.0
2020-06-03,840.0
2020-06-04,840.0
2020-06-05,840.0
2020-06-08,840.0
2020-06-09,700.0
2020-06-10,840.0
2020-06-11,840.0
2020-06-12,840.0
2020-06-15,840.0
2020-06-16,700.0
2020-06-17,840.0
2020-06-18,840.0
2020-06-19,840.0
2020-06-22,840.0
2020-06-23,700.0
2020-06-24,700.0
2020-06-25,980.0
2020-06-26,700.0
2020-06-29,700.0
2020-06-30,700.0
2020-07-01,700.0
2020-07-02,700.0
2020-07-06,700.0
2020-07-07,700.0
2020-07-08,700.0
2020-07-09,700.0
2020-07-10,700.0
2020-07-13,700.0
2020-07-14,700.0
2020-07-15,700.0
2020-07-16,560.0
2020-07-17,700.0
2020-07-20,700.0
2020-07-21,700.0
2020-07-22,700.0
2020-07-23,700.0
2020-07-24,560.0
2020-07-27,560.0
2020-07-28,560.0
2020-07-29,700.0
2020-07-30,700.0
2020-07-31,700.0
2020-08-03,700.0
2020-08-04,700.0
2020-08-05,700.0
2020-08-06,700.0
2020-08-07,700.0
2020-08-10,840.0
2020-08-11,1120.0
2020-08-12,1120.0
2020-08-13,840.0
2020-08-14,700.0
2020-08-17,700.0
2020-08-18,840.0
2020-08-19,840.0
2020-08-20,700.0
2020-08-21,700.0
2020-08-24,700.0
2020-08-25,840.0
2020-08-26,700.0
2020-08-27,840.0
2020-08-28,700.0
2020-08-31,700.0
2020-09-01,700.0
2020-09-02,700.0
2020-09-03,700.0
2020-09-04,700.0
2020-09-08,700.0
2020-09-09,700.0
2020-09-10,700.0
2020-09-11,700.0
2020-09-14,700.0
2020-09-15,700.0
2020-09-16,700.0
2020-09-17,700.0
2020-09-18,560.0
2020-09-21,560.0
2020-09-22,560.0
2020-09-23,560.0
2020-09-24,560.0
2020-09-25,560.0
2020-09-28,560.0
2020-09-29,560.0
2020-09-30,560.0
2020-10-01,560.0
2020-10-02,560.0
2020-10-05,560.0
2020-10-06,560.0
2020-10-07,560.0
2020-10-08,560.0
2020-10-09,560.0
2020-10-12,560.0
2020-10-13,560.0
2020-10-14,560.0
2020-10-15,560.0
2020-10-16,420.0
2020-10-19,560.0
2020-10-20,420.0
2020-10-21,560.0
2020-10-22,560.0
2020-10-23,560.0
2020-10-26,560.0
2020-10-27,420.0
2020-10-28,560.0
2020-10-29,560.0
2020-10-30,420.0
2020-11-02,420.0
2020-11-03,420.0
2020-11-04,420.0
2020-11-05,0.20999999344348907
2020-11-06,0.20999999344348907
2020-11-09,0.20999999344348907
2020-11-10,0.20999999344348907
2020-11-11,560.0
2020-11-12,560.0
2020-11-13,560.0
2020-11-16,490.0
2020-11-17,542.5
2020-11-18,541.7999877929688
2020-11-19,542.5
2020-11-20,595.0
2020-11-23,630.0
2020-11-24,630.0
2020-11-25,647.5
2020-11-27,647.5
2020-11-30,647.5
2020-12-01,647.5
2020-12-02,603.75
2020-12-03,603.75
2020-12-04,603.75
2020-12-07,392.70001220703125
2020-12-08,630.0
2020-12-09,630.0
2020-12-10,697.9000244140625
2020-12-11,616.0
2020-12-14,686.0
2020-12-15,770.0
2020-12-16,630.0
2020-12-17,630.0
2020-12-18,612.5
2020-12-21,612.5
2020-12-22,546.0
2020-12-23,546.0
2020-12-24,546.0
2020-12-28,350.70001220703125
2020-12-29,350.70001220703125
2020-12-30,677.5999755859375
2020-12-31,677.5999755859375
2021-01-04,469.0
2021-01-05,469.0
2021-01-06,469.0
2021-01-07,479.5
2021-01-08,646.0999755859375
2021-01-11,682.5
2021-01-12,744.7999877929688
2021-01-13,705.5999755859375
2021-01-14,704.9000244140625
2021-01-15,700.0
2021-01-19,700.0
2021-01-20,700.0
2021-01-21,696.5
2021-01-22,682.5
2021-01-25,679.0
2021-01-26,679.0
2021-01-27,616.0
2021-01-28,616.0
2021-01-29,466.20001220703125
2021-02-01,466.20001220703125
2021-02-02,466.20001220703125
2021-02-03,466.20001220703125
2021-02-04,682.5
2021-02-05,693.0
2021-02-08,686.0
2021-02-09,574.0
2021-02-10,574.0
2021-02-11,640.5
2021-02-12,611.7999877929688
2021-02-16,611.7999877929688
2021-02-17,611.7999877929688
2021-02-18,514.5
2021-02-19,560.0
2021-02-22,560.0
2021-02-23,498.3999938964844
2021-02-24,521.5
2021-02-25,630.0
2021-02-26,630.0
2021-03-01,700.0
2021-03-02,629.2999877929688
2021-03-03,629.2999877929688
2021-03-04,629.2999877929688
2021-03-05,700.0
2021-03-08,700.0
2021-03-09,700.7000122070312
2021-03-10,770.0
2021-03-11,813.4000244140625
2021-03-12,840.0
2021-03-15,836.5
2021-03-16,854.0
2021-03-17,933.7999877929688
2021-03-18,805.0
2021-03-19,910.0
2021-03-22,854.0
2021-03-23,868.0
2021-03-24,768.5999755859375
2021-03-25,763.0
2021-03-26,735.0
2021-03-29,700.0
2021-03-30,700.0
2021-03-31,766.5
2021-04-01,907.2000122070312
2021-04-05,948.5
2021-04-06,976.5
2021-04-07,934.5
2021-04-08,945.0
2021-04-09,966.0
2021-04-12,945.0
2021-04-13,948.5
2021-04-14,948.5
2021-04-15,955.5
2021-04-16,955.5
2021-04-19,927.5
2021-04-20,910.0
2021-04-21,957.5999755859375
2021-04-22,957.5999755859375
2021-04-23,976.5
2021-04-26,976.5
2021-04-27,975.7999877929688
2021-04-28,975.7999877929688
2021-04-29,975.7999877929688
2021-04-30,805.0
2021-05-03,930.2999877929688
2021-05-04,930.2999877929688
2021-05-05,807.7999877929688
2021-05-06,873.5999755859375
2021-05-07,851.2000122070312
2021-05-10,857.5
2021-05-11,875.0
2021-05-12,892.5
2021-05-13,880.5999755859375
2021-05-14,880.5999755859375
2021-05-17,879.2000122070312
2021-05-18,806.4000244140625
2021-05-19,770.0
2021-05-20,770.0
2021-05-21,833.0
2021-05-24,885.5
2021-05-25,882.0
2021-05-26,875.0
2021-05-27,875.0
2021-05-28,875.0
2021-06-01,875.0
2021-06-02,875.0
2021-06-03,875.0
2021-06-04,875.0
2021-06-07,875.0
2021-06-08,875.0
2021-06-09,857.5
2021-06-10,857.5
2021-06-11,857.5
2021-06-14,857.5
2021-06-15,857.5
2021-06-16,857.5
2021-06-17,857.5
2021-06-18,910.0
2021-06-21,910.0
2021-06-22,885.5
2021-06-23,885.5
2021-06-24,906.5
2021-06-25,906.5
2021-06-28,892.5
2021-06-29,969.5
2021-06-30,973.0
2021-07-01,976.5
2021-07-02,896.0
2021-07-06,896.0
2021-07-07,896.0
2021-07-08,893.2000122070312
2021-07-09,1050.0
2021-07-12,1050.0
2021-07-13,1190.0
2021-07-14,1190.0
2021-07-15,1155.0
2021-07-16,1155.0
2021-07-19,1155.0
2021-07-20,1155.0
2021-07-21,1093.75
2021-07-22,1120.0
2021-07-23,1120.0
2021-07-26,1155.0
2021-07-27,1102.5
2021-07-28,1102.5
2021-07-29,1102.5
2021-07-30,1050.0
2021-08-02,1050.0
2021-08-03,1050.0
2021-08-04,1120.0
2021-08-05,1155.0
2021-08-06,1155.0
2021-08-09,1101.800048828125
2021-08-10,910.0
2021-08-11,910.0
2021-08-12,910.0
2021-08-13,910.0
2021-08-16,910.0
2021-08-17,910.0
2021-08-18,910.0
2021-08-19,910.0
2021-08-20,935.2000122070312
2021-08-23,935.2000122070312
2021-08-24,920.5
2021-08-25,920.5
2021-08-26,920.5
2021-08-27,920.5
2021-08-30,920.5
2021-08-31,920.5
2021-09-01,871.5
2021-09-02,843.5
2021-09-03,843.5
2021-09-07,738.5
2021-09-08,742.0
2021-09-09,742.0
2021-09-10,742.0
2021-09-13,721.0
2021-09-14,721.0
2021-09-15,770.0
2021-09-16,770.0
2021-09-17,770.0
2021-09-20,770.0
2021-09-21,770.0
2021-09-22,770.0
2021-09-23,770.0
2021-09-24,777.0
2021-09-27,777.0
2021-09-28,682.5
2021-09-29,682.5
2021-09-30,682.5
2021-10-01,682.5
2021-10-04,644.0
2021-10-05,771.4000244140625
2021-10-06,780.5
2021-10-07,780.5
2021-10-08,857.5
2021-10-11,857.5
2021-10-12,840.0
2021-10-13,840.0
2021-10-14,875.0
2021-10-15,1050.0
2021-10-18,1050.0
2021-10-19,808.5
2021-10-20,808.5
2021-10-21,805.0
2021-10-22,665.0
2021-10-25,665.0
2021-10-26,665.0
2021-10-27,665.0
2021-10-28,665.0
2021-10-29,752.5
2021-11-01,752.5
2021-11-02,752.5
2021-11-03,683.9000244140625
2021-11-04,683.9000244140625
2021-11-05,683.9000244140625
2021-11-08,683.9000244140625
2021-11-09,683.9000244140625
2021-11-10,683.9000244140625
2021-11-11,683.9000244140625
2021-11-12,683.9000244140625
2021-11-15,700.0
2021-11-16,665.0
2021-11-17,700.0
2021-11-18,750.0499877929688
2021-11-19,750.0499877929688
2021-11-22,682.5
2021-11-23,682.5
2021-11-24,682.5
2021-11-26,700.0
2021-11-29,700.0
2021-11-30,665.0
2021-12-01,525.0
2021-12-02,560.0
2021-12-03,560.0
2021-12-06,630.0
2021-12-07,770.0
2021-12-08,770.0
2021-12-09,700.0
2021-12-10,700.0
2021-12-13,700.0
2021-12-14,751.7999877929688
2021-12-15,751.7999877929688
2021-12-16,700.0
2021-12-17,751.0999755859375
2021-12-20,751.0999755859375
2021-12-21,746.760009765625
2021-12-22,805.0
2021-12-23,1050.0
2021-12-27,1050.0
2021-12-28,1050.0
2021-12-29,1050.0
2021-12-30,1050.0
2021-12-31,1050.0
2022-01-03,1050.0
2022-01-04,1050.0
2022-01-05,840.0
2022-01-06,787.5
2022-01-07,787.5
2022-01-10,787.5
2022-01-11,794.5
2022-01-12,700.0
2022-01-13,700.0
2022-01-14,612.5
2022-01-18,612.5
2022-01-19,700.0
2022-01-20,700.0
2022-01-21,770.0
2022-01-24,770.0
2022-01-25,770.0
2022-01-26,770.0
2022-01-27,770.0
2022-01-28,770.0
2022-01-31,707.0
2022-02-01,707.0
2022-02-02,707.0
2022-02-03,707.0
2022-02-04,707.0
2022-02-07,707.0
2022-02-08,707.0
2022-02-09,815.5
2022-02-10,707.0
2022-02-11,707.0
2022-02-14,707.0
2022-02-15,707.0
2022-02-16,707.0
2022-02-17,707.0
2022-02-18,840.0
2022-02-22,758.0999755859375
2022-02-23,738.5
2022-02-24,738.5
2022-02-25,738.5
2022-02-28,738.5
2022-03-01,714.0
2022-03-02,714.0
2022-03-03,700.0
2022-03-04,689.5
2022-03-07,644.0
2022-03-08,647.5
2022-03-09,647.5
2022-03-10,647.5
2022-03-11,647.5
2022-03-14,647.5
2022-03-15,647.5
2022-03-16,647.5
2022-03-17,647.5
2022-03-18,665.0
2022-03-21,665.0
2022-03-22,665.0
2022-03-23,665.0
2022-03-24,665.0
2022-03-25,665.0
2022-03-28,686.0
2022-03-29,738.5
2022-03-30,738.5
2022-03-31,756.7000122070312
2022-04-01,756.7000122070312
2022-04-04,756.7000122070312
2022-04-05,756.7000122070312
2022-04-06,700.0
2022-04-07,700.0
2022-04-08,700.0
2022-04-11,700.0
2022-04-12,700.0
2022-04-13,700.0
2022-04-14,700.0
2022-04-18,700.0
2022-04-19,700.0
2022-04-20,700.0
2022-04-21,693.0
2022-04-22,693.0
2022-04-25,693.0
2022-04-26,693.0
2022-04-27,693.0
2022-04-28,630.0
2022-04-29,630.0
2022-05-02,630.0
2022-05-03,630.0
2022-05-04,630.0
2022-05-05,630.0
2022-05-06,630.0
2022-05-09,630.0
2022-05-10,560.0
2022-05-11,490.0
2022-05-12,490.0
2022-05-13,560.0
2022-05-16,490.0
2022-05-17,577.5
2022-05-18,577.5
2022-05-19,514.5
2022-05-20,469.0
2022-05-23,469.0
2022-05-24,469.0
2022-05-25,469.0
2022-05-26,525.7000122070312
2022-05-27,525.7000122070312
2022-05-31,525.0
2022-06-01,525.0
2022-06-02,525.0
2022-06-03,525.0
2022-06-06,525.0
2022-06-07,525.0
2022-06-08,525.0
2022-06-09,525.0
2022-06-10,525.0
2022-06-13,525.0
2022-06-14,535.5
2022-06-15,535.5
2022-06-16,535.5
2022-06-17,535.5
2022-06-21,535.5
2022-06-22,535.5
2022-06-23,535.5
2022-06-24,535.5
2022-06-27,535.5
2022-06-28,535.5
2022-06-29,591.5
2022-06-30,591.5
2022-07-01,591.5
2022-07-05,735.0
2022-07-06,735.0
2022-07-07,787.5
2022-07-08,490.0
2022-07-11,490.0
2022-07-12,577.5
2022-07-13,182.6999969482422
2022-07-14,199.5
2022-07-15,227.5
2022-07-18,210.0
2022-07-19,233.10000610351562
2022-07-20,240.8000030517578
2022-07-21,225.75
2022-07-22,211.25999450683594
2022-07-25,219.10000610351562
2022-07-26,214.1999969482422
2022-07-27,204.39999389648438
2022-07-28,212.8000030517578
2022-07-29,210.0
2022-08-01,215.60000610351562
2022-08-02,228.89999389648438
2022-08-03,226.10000610351562
2022-08-04,242.89999389648438
2022-08-05,246.39999389648438
2022-08-08,254.8000030517578
2022-08-09,258.29998779296875
2022-08-10,241.36000061035156
2022-08-11,249.1999969482422
2022-08-12,224.0
2022-08-15,219.10000610351562
2022-08-16,213.5
2022-08-17,210.0
2022-08-18,224.0
2022-08-19,223.7899932861328
2022-08-22,217.0
2022-08-23,217.0
2022-08-24,205.8000030517578
2022-08-25,252.6999969482422
2022-08-26,222.60000610351562
2022-08-29,298.20001220703125
2022-08-30,269.5
2022-08-31,260.3999938964844
2022-09-01,233.10000610351562
2022-09-02,210.6999969482422
2022-09-06,196.0
2022-09-07,207.1999969482422
2022-09-08,216.3000030517578
2022-09-09,207.89999389648438
2022-09-12,218.39999389648438
2022-09-13,199.5
2022-09-14,210.0
2022-09-15,194.60000610351562
2022-09-16,143.5
2022-09-19,159.60000610351562
2022-09-20,154.0
2022-09-21,140.0
2022-09-22,134.39999389648438
2022-09-23,137.89999389648438
2022-09-26,126.0
2022-09-27,128.10000610351562
2022-09-28,139.3000030517578
2022-09-29,127.4000015258789
2022-09-30,130.89999389648438
2022-10-03,139.3000030517578
2022-10-04,143.5
2022-10-05,129.5
2022-10-06,137.89999389648438
2022-10-07,133.0
2022-10-10,128.10000610351562
2022-10-11,119.69999694824219
2022-10-12,128.10000610351562
2022-10-13,124.5999984741211
2022-10-14,115.8499984741211
2022-10-17,120.4000015258789
2022-10-18,100.0999984741211
2022-10-19,113.4000015258789
2022-10-20,107.02999877929688
2022-10-21,114.0999984741211
2022-10-24,113.4000015258789
2022-10-25,119.69999694824219
2022-10-26,119.0
2022-10-27,115.5
2022-10-28,124.5999984741211
2022-10-31,125.30000305175781
2022-11-01,124.5999984741211
2022-11-02,114.30999755859375
2022-11-03,112.0
2022-11-04,114.44999694824219
2022-11-07,109.9000015258789
2022-11-08,107.80000305175781
2022-11-09,100.80000305175781
2022-11-10,103.87999725341797
2022-11-11,116.9000015258789
2022-11-14,121.80000305175781
2022-11-15,115.5
2022-11-16,103.5999984741211
2022-11-17,110.5999984741211
2022-11-18,108.5
2022-11-21,100.0999984741211
2022-11-22,95.19999694824219
2022-11-23,97.6500015258789
2022-11-25,95.9000015258789
2022-11-28,93.80000305175781
2022-11-29,93.0999984741211
2022-11-30,93.0999984741211
2022-12-01,91.69999694824219
2022-12-02,86.0999984741211
2022-12-05,86.0999984741211
2022-12-06,81.9000015258789
2022-12-07,83.30000305175781
2022-12-08,80.56999969482422
2022-12-09,101.5
2022-12-12,97.30000305175781
2022-12-13,154.0
2022-12-14,97.30000305175781
2022-12-15,98.0
2022-12-16,94.5
2022-12-19,91.0
2022-12-20,87.5
2022-12-21,86.0999984741211
2022-12-22,86.0999984741211
2022-12-23,86.80000305175781
2022-12-27,94.5
2022-12-28,107.80000305175781
2022-12-29,99.4000015258789
2022-12-30,105.0
2023-01-03,100.0999984741211
2023-01-04,97.30000305175781
2023-01-05,86.0999984741211
2023-01-06,93.80000305175781
2023-01-09,105.69999694824219
2023-01-10,100.80000305175781
2023-01-11,98.0
2023-01-12,95.19999694824219
2023-01-13,87.5
2023-01-17,89.5999984741211
2023-01-18,99.4000015258789
2023-01-19,96.5999984741211
2023-01-20,92.4000015258789
2023-01-23,92.4000015258789
2023-01-24,91.0
2023-01-25,91.69999694824219
2023-01-26,94.5
2023-01-27,95.05999755859375
2023-01-30,87.5
2023-01-31,93.0999984741211
2023-02-01,91.69999694824219
2023-02-02,91.69999694824219
2023-02-03,93.0999984741211
2023-02-06,100.80000305175781
2023-02-07,98.69999694824219
2023-02-08,100.80000305175781
2023-02-09,95.19999694824219
2023-02-10,99.4000015258789
2023-02-13,95.19999694824219
2023-02-14,87.5
2023-02-15,93.0999984741211
2023-02-16,90.30000305175781
2023-02-17,88.19999694824219
2023-02-21,80.5
2023-02-22,86.0999984741211
2023-02-23,89.5999984741211
2023-02-24,82.25
2023-02-27,83.51000213623047
2023-02-28,79.0999984741211
2023-03-01,80.5
2023-03-02,84.0
2023-03-03,82.94999694824219
2023-03-06,82.5999984741211
2023-03-07,86.80000305175781
2023-03-08,85.4000015258789
2023-03-09,81.9000015258789
2023-03-10,77.0
2023-03-13,74.97000122070312
2023-03-14,79.80000305175781
2023-03-15,77.69999694824219
2023-03-16,78.4000015258789
2023-03-17,79.0999984741211
2023-03-20,77.0
2023-03-21,74.9000015258789
2023-03-22,75.45999908447266
2023-03-23,73.5
2023-03-24,72.80000305175781
2023-03-27,73.5
2023-03-28,72.80000305175781
2023-03-29,70.0
2023-03-30,68.66999816894531
2023-03-31,69.58000183105469
2023-04-03,68.25
2023-04-04,65.44999694824219
2023-04-05,72.0999984741211
2023-04-06,70.0
2023-04-10,65.0999984741211
2023-04-11,67.19999694824219
2023-04-12,65.80000305175781
2023-04-13,66.8499984741211
2023-04-14,67.19999694824219
2023-04-17,72.0999984741211
2023-04-18,69.30000305175781
2023-04-19,65.94000244140625
2023-04-20,63.0
2023-04-21,61.66999816894531
2023-04-24,106.4000015258789
2023-04-25,98.0
2023-04-26,112.0
2023-04-27,96.5999984741211
2023-04-28,95.19999694824219
2023-05-01,80.5
2023-05-02,88.19999694824219
2023-05-03,85.4000015258789
2023-05-04,87.5
2023-05-05,100.80000305175781
2023-05-08,109.9000015258789
2023-05-09,102.19999694824219
2023-05-10,109.9000015258789
2023-05-11,119.69999694824219
2023-05-12,115.5
2023-05-15,114.0999984741211
2023-05-16,103.5999984741211
2023-05-17,127.4000015258789
2023-05-18,131.60000610351562
2023-05-19,137.1999969482422
2023-05-22,168.13999938964844
2023-05-23,114.0999984741211
2023-05-24,112.0
2023-05-25,111.30000305175781
2023-05-26,98.0
2023-05-30,90.30000305175781
2023-05-31,102.19999694824219
2023-06-01,105.0
2023-06-02,101.5
2023-06-05,99.4000015258789
2023-06-06,98.0
2023-06-07,100.80000305175781
2023-06-08,98.3499984741211
2023-06-09,95.9000015258789
2023-06-12,94.5
2023-06-13,96.5999984741211
2023-06-14,95.19999694824219
2023-06-15,98.0
2023-06-16,95.9000015258789
2023-06-20,92.4000015258789
2023-06-21,95.9000015258789
2023-06-22,98.0
2023-06-23,93.80000305175781
2023-06-26,87.5
2023-06-27,84.0
2023-06-28,86.0999984741211
2023-06-29,78.4000015258789
2023-06-30,77.55999755859375
2023-07-03,79.0999984741211
2023-07-05,78.4000015258789
2023-07-06,76.30000305175781
2023-07-07,75.5999984741211
2023-07-10,75.5999984741211
2023-07-11,77.0
2023-07-12,77.0
2023-07-13,82.5999984741211
2023-07-14,80.5
2023-07-17,79.0999984741211
2023-07-18,80.5
2023-07-19,81.9000015258789
2023-07-20,47.599998474121094
2023-07-21,46.54999923706055
2023-07-24,47.25
2023-07-25,45.56999969482422
2023-07-26,47.11000061035156
2023-07-27,48.22999954223633
2023-07-28,47.95000076293945
2023-07-31,47.599998474121094
2023-08-01,49.0
2023-08-02,47.25
2023-08-03,46.83000183105469
2023-08-04,46.900001525878906
2023-08-07,46.27000045776367
2023-08-08,47.25
2023-08-09,45.5
2023-08-10,45.08000183105469
2023-08-11,45.36000061035156
2023-08-14,44.869998931884766
2023-08-15,44.79999923706055
2023-08-16,43.400001525878906
2023-08-17,44.099998474121094
2023-08-18,43.959999084472656
2023-08-21,44.2400016784668
2023-08-22,39.7599983215332
2023-08-23,37.52000045776367
2023-08-24,37.099998474121094
2023-08-25,35.41999816894531
2023-08-28,36.400001525878906
2023-08-29,35.77000045776367
2023-08-30,35.70000076293945
2023-08-31,35.0
2023-09-01,36.400001525878906
2023-09-05,35.0
2023-09-06,34.439998626708984
2023-09-07,34.439998626708984
2023-09-08,34.369998931884766
2023-09-11,34.93000030517578
2023-09-12,34.22999954223633
2023-09-13,34.22999954223633
2023-09-14,37.099998474121094
2023-09-15,34.09000015258789
2023-09-18,32.900001525878906
2023-09-19,32.20000076293945
2023-09-20,31.56999969482422
2023-09-21,29.75
2023-09-22,29.1200008392334
2023-09-25,28.209999084472656
2023-09-26,28.559999465942383
2023-09-27,28.350000381469727
2023-09-28,28.06999969482422
2023-09-29,28.700000762939453
2023-10-02,28.559999465942383
2023-10-03,25.479999542236328
2023-10-04,26.739999771118164
2023-10-05,26.670000076293945
2023-10-06,26.31999969482422
2023-10-09,26.25
2023-10-10,24.56999969482422
2023-10-11,23.8700008392334
2023-10-12,25.549999237060547
2023-10-13,27.299999237060547
2023-10-16,28.0
2023-10-17,27.299999237060547
2023-10-18,27.579999923706055
2023-10-19,28.209999084472656
2023-10-20,36.61000061035156
2023-10-23,32.27000045776367
2023-10-24,36.61000061035156
2023-10-25,31.43000030517578
2023-10-26,29.399999618530273
2023-10-27,30.799999237060547
2023-10-30,27.93000030517578
2023-10-31,28.139999389648438
2023-11-01,26.739999771118164
2023-11-02,28.0
2023-11-03,27.020000457763672
2023-11-06,25.899999618530273
2023-11-07,24.56999969482422
2023-11-08,26.040000915527344
2023-11-09,25.6200008392334
2023-11-10,25.40999984741211
2023-11-13,25.34000015258789
2023-11-14,25.200000762939453
2023-11-15,24.5
2023-11-16,20.15999984741211
2023-11-17,18.549999237060547
2023-11-20,23.030000686645508
2023-11-21,21.489999771118164
2023-11-22,23.100000381469727
2023-11-24,22.75
2023-11-27,23.100000381469727
2023-11-28,23.100000381469727
2023-11-29,23.170000076293945
2023-11-30,22.399999618530273
2023-12-01,24.56999969482422
2023-12-04,24.5
2023-12-05,21.979999542236328
2023-12-06,22.260000228881836
2023-12-07,23.65999984741211
2023-12-08,24.639999389648438
2023-12-11,25.059999465942383
2023-12-12,23.59000015258789
2023-12-13,23.799999237060547
2023-12-14,24.850000381469727
2023-12-15,24.780000686645508
2023-12-18,30.030000686645508
2023-12-19,28.700000762939453
2023-12-20,25.899999618530273
2023-12-21,23.100000381469727
2023-12-22,13.510000228881836
2023-12-26,15.050000190734863
2023-12-27,14.5600004196167
2023-12-28,14.84000015258789
2023-12-29,14.84000015258789
2024-01-02,15.260000228881836
2024-01-03,15.960000038146973
2024-01-04,15.119999885559082
2024-01-05,14.350000381469727
2024-01-08,14.84000015258789
2024-01-09,14.210000038146973
2024-01-10,14.350000381469727
2024-01-11,14.279999732971191
2024-01-12,14.350000381469727
2024-01-16,14.140000343322754
2024-01-17,13.649999618530273
2024-01-18,14.069999694824219
2024-01-19,13.859999656677246
2024-01-22,13.649999618530273
2024-01-23,13.300000190734863
2024-01-24,12.8100004196167
2024-01-25,12.039999961853027
2024-01-26,12.670000076293945
2024-01-29,12.600000381469727
2024-01-30,12.109999656677246
2024-01-31,12.390000343322754
2024-02-01,12.180000305175781
2024-02-02,11.899999618530273
2024-02-05,11.550000190734863
2024-02-06,10.850000381469727
2024-02-07,10.149999618530273
2024-02-08,10.640000343322754
2024-02-09,9.800000190734863
2024-02-12,10.359999656677246
2024-02-13,10.149999618530273
2024-02-14,10.220000267028809
2024-02-15,10.920000076293945
2024-02-16,10.779999732971191
2024-02-20,10.359999656677246
2024-02-21,11.0600004196167
2024-02-22,10.569999694824219
2024-02-23,10.079999923706055
2024-02-26,9.9399995803833
2024-02-27,9.800000190734863
2024-02-28,9.449999809265137
2024-02-29,10.149999618530273
2024-03-01,10.5
2024-03-04,10.430000305175781
2024-03-05,10.359999656677246
2024-03-06,10.569999694824219
2024-03-07,10.010000228881836
2024-03-08,10.430000305175781
2024-03-11,9.9399995803833
2024-03-12,9.239999771118164
2024-03-13,9.3100004196167
2024-03-14,9.729999542236328
2024-03-15,9.380000114440918
2024-03-18,9.239999771118164
2024-03-19,8.470000267028809
2024-03-20,8.680000305175781
2024-03-21,8.539999961853027
2024-03-22,8.960000038146973
2024-03-25,8.819999694824219
2024-03-26,8.890000343322754
2024-03-27,8.75
2024-03-28,8.75
2024-04-01,9.800000190734863
2024-04-02,9.59000015258789
2024-04-03,8.75
2024-04-04,8.960000038146973
2024-04-05,8.399999618530273
2024-04-08,8.329999923706055
2024-04-09,8.960000038146973
2024-04-10,8.539999961853027
2024-04-11,8.399999618530273
2024-04-12,8.75
2024-04-15,9.100000381469727
2024-04-16,8.75
2024-04-17,8.960000038146973
2024-04-18,8.890000343322754
2024-04-19,9.170000076293945
2024-04-22,8.960000038146973
2024-04-23,9.100000381469727
2024-04-24,10.149999618530273
2024-04-25,9.170000076293945
2024-04-26,9.100000381469727
2024-04-29,9.520000457763672
2024-04-30,9.3100004196167
2024-05-01,9.170000076293945
2024-05-02,8.819999694824219
2024-05-03,8.680000305175781
2024-05-06,8.680000305175781
2024-05-07,8.539999961853027
2024-05-08,8.819999694824219
2024-05-09,8.819999694824219
2024-05-10,8.75
2024-05-13,8.960000038146973
2024-05-14,9.239999771118164
2024-05-15,8.960000038146973
2024-05-16,12.949999809265137
2024-05-17,9.239999771118164
2024-05-20,11.829999923706055
2024-05-21,10.430000305175781
2024-05-22,10.640000343322754
2024-05-23,12.25
2024-05-24,13.510000228881836
2024-05-28,10.079999923706055
2024-05-29,8.75
2024-05-30,9.170000076293945
2024-05-31,9.100000381469727
2024-06-03,8.960000038146973
2024-06-04,7.630000114440918
2024-06-05,7.0
2024-06-06,7.28000020980835
2024-06-07,7.28000020980835
2024-06-10,7.699999809265137
2024-06-11,8.260000228881836
2024-06-12,8.050000190734863
2024-06-13,7.630000114440918
2024-06-14,6.929999828338623
2024-06-17,6.510000228881836
2024-06-18,6.860000133514404
2024-06-20,8.609999656677246
2024-06-21,7.769999980926514
2024-06-24,8.75
2024-06-25,9.3100004196167
2024-06-26,7.980000019073486
2024-06-27,7.699999809265137
2024-06-28,7.630000114440918
2024-07-01,7.070000171661377
2024-07-02,6.929999828338623
2024-07-03,7.139999866485596
2024-07-05,7.139999866485596
2024-07-08,6.929999828338623
2024-07-09,6.650000095367432
2024-07-10,6.230000019073486
2024-07-11,6.510000228881836
2024-07-12,6.860000133514404
2024-07-15,6.440000057220459
2024-07-16,6.510000228881836
2024-07-17,6.440000057220459
2024-07-18,6.510000228881836
2024-07-19,7.28000020980835
2024-07-22,7.840000152587891
2024-07-23,6.510000228881836
2024-07-24,6.510000228881836
2024-07-25,6.650000095367432
2024-07-26,6.579999923706055
2024-07-29,6.300000190734863
2024-07-30,5.809999942779541
2024-07-31,4.829999923706055
2024-08-01,4.690000057220459
2024-08-02,3.75
2024-08-05,3.0299999713897705
2024-08-06,2.890000104904175
2024-08-07,3.0299999713897705
2024-08-08,3.309999942779541
2024-08-09,3.2300000190734863
2024-08-12,3.5199999809265137
2024-08-13,3.6600000858306885
2024-08-14,3.700000047683716
2024-08-15,4.050000190734863
2024-08-16,3.6500000953674316
2024-08-19,3.6500000953674316
2024-08-20,3.7300000190734863
2024-08-21,3.390000104904175
2024-08-22,3.309999942779541
2024-08-23,3.5199999809265137
2024-08-26,3.4600000381469727
2024-08-27,3.380000114440918
2024-08-28,3.119999885559082
2024-08-29,3.200000047683716
2024-08-30,3.1700000762939453
2024-09-03,2.7300000190734863
2024-09-04,2.4000000953674316
2024-09-05,2.7300000190734863
2024-09-06,2.5
2024-09-09,2.5799999237060547
2024-09-10,2.799999952316284
2024-09-11,2.369999885559082
2024-09-12,2.4700000286102295
2024-09-13,2.5899999141693115
2024-09-16,2.880000114440918
2024-09-17,2.059999942779541
2024-09-18,1.7200000286102295
2024-09-19,1.6299999952316284
2024-09-20,1.6399999856948853
2024-09-23,1.7300000190734863
2024-09-24,1.6299999952316284
2024-09-25,1.6799999475479126
2024-09-26,1.649999976158142
2024-09-27,1.6100000143051147
2024-09-30,1.590000033378601
2024-10-01,1.5800000429153442
2024-10-02,1.5099999904632568
2024-10-03,1.590000033378601
2024-10-04,1.5700000524520874
2024-10-07,1.5199999809265137
2024-10-08,1.5299999713897705
2024-10-09,1.5499999523162842
2024-10-10,1.5399999618530273
2024-10-11,1.600000023841858
2024-10-14,1.559999942779541
2024-10-15,1.600000023841858
2024-10-16,1.6799999475479126
2024-10-17,1.75
2024-10-18,1.600000023841858
2024-10-21,1.5499999523162842
2024-10-22,1.5700000524520874
2024-10-23,1.590000033378601
2024-10-24,1.590000033378601
2024-10-25,1.690000057220459
2024-10-28,1.690000057220459
2024-10-29,1.600000023841858
2024-10-30,1.6100000143051147
2024-10-31,1.5299999713897705
2024-11-01,1.5299999713897705
2024-11-04,1.590000033378601
2024-11-05,1.600000023841858
2024-11-06,1.6399999856948853
2024-11-07,1.7999999523162842
2024-11-08,1.659999966621399
2024-11-11,1.75
2024-11-12,1.7899999618530273
2024-11-13,1.7200000286102295
2024-11-14,1.7599999904632568
2024-11-15,1.7300000190734863
2024-11-18,1.690000057220459
2024-11-19,1.649999976158142
2024-11-20,1.7300000190734863
2024-11-21,1.850000023841858
2024-11-22,1.7699999809265137
2024-11-25,2.059999942779541
2024-11-26,1.9500000476837158
2024-11-27,1.8799999952316284
2024-11-29,1.909999966621399
2024-12-02,1.9299999475479126
2024-12-03,2.0
2024-12-04,2.119999885559082
2024-12-05,2.119999885559082
2024-12-06,2.140000104904175
2024-12-09,2.490000009536743
2024-12-10,2.059999942779541
2024-12-11,2.0
2024-12-12,1.9199999570846558
2024-12-13,2.009999990463257
2024-12-16,2.049999952316284
2024-12-17,1.7599999904632568
2024-12-18,1.7699999809265137
2024-12-19,1.690000057220459
2024-12-20,1.850000023841858
2024-12-23,2.0199999809265137
2024-12-24,1.909999966621399
2024-12-26,1.9900000095367432
2024-12-27,2.140000104904175
2024-12-30,2.119999885559082
2024-12-31,2.0799999237060547
2025-01-02,2.049999952316284
2025-01-03,2.109999895095825
2025-01-06,2.190000057220459
2025-01-07,2.1600000858306885
2025-01-08,2.069999933242798
2025-01-10,1.8200000524520874
2025-01-13,1.8300000429153442
2025-01-14,1.7200000286102295
2025-01-15,1.850000023841858
2025-01-16,1.8200000524520874
2025-01-17,1.899999976158142
2025-01-21,1.8600000143051147
2025-01-22,1.8799999952316284
2025-01-23,1.909999966621399
2025-01-24,1.8899999856948853
2025-01-27,1.909999966621399
2025-01-28,1.8600000143051147
2025-01-29,1.9800000190734863
2025-01-30,2.009999990463257
2025-01-31,2.059999942779541
2025-02-03,2.0299999713897705
2025-02-04,2.059999942779541
2025-02-05,2.0899999141693115
2025-02-06,2.2300000190734863
2025-02-07,2.234999895095825
2025-02-10,2.3299999237060547
2025-02-11,2.369999885559082
2025-02-12,2.190000057220459
2025-02-13,2.2899999618530273
2025-02-14,2.430000066757202
2025-02-18,2.440000057220459
2025-02-19,2.4100000858306885
2025-02-20,2.3399999141693115
2025-02-21,2.2899999618530273
2025-02-24,2.2899999618530273
2025-02-25,2.1500000953674316
2025-02-26,2.069999933242798
2025-02-27,2.0199999809265137
2025-02-28,2.0299999713897705
2025-03-03,1.909999966621399
2025-03-04,2.0299999713897705
2025-03-05,2.069999933242798
2025-03-06,2.0199999809265137
2025-03-07,1.940000057220459
2025-03-10,1.8600000143051147
2025-03-11,1.8200000524520874
2025-03-12,1.8600000143051147
2025-03-13,1.8200000524520874
2025-03-14,1.899999976158142
2025-03-17,1.8799999952316284
2025-03-18,1.850000023841858
2025-03-19,1.8600000143051147
2025-03-20,1.7200000286102295
2025-03-21,1.6799999475479126
2025-03-24,1.7999999523162842
2025-03-25,1.7400000095367432
2025-03-26,1.7799999713897705
2025-03-27,1.7599999904632568
2025-03-28,1.7200000286102295
2025-03-31,1.7000000476837158
2025-04-01,1.840000033378601
2025-04-02,1.940000057220459
2025-04-03,1.850000023841858
2025-04-04,1.7649999856948853
2025-04-07,1.7100000381469727
2025-04-08,1.6699999570846558
2025-04-09,1.7100000381469727
2025-04-10,1.7000000476837158
2025-04-11,1.7910000085830688
2025-04-14,1.9800000190734863
2025-04-15,1.9500000476837158
2025-04-16,1.940000057220459
2025-04-17,1.8899999856948853
2025-04-21,1.9199999570846558
2025-04-22,1.9299999475479126
2025-04-23,1.9800000190734863
2025-04-24,1.975000023841858
2025-04-25,1.9600000381469727
2025-04-28,2.049999952316284
2025-04-29,2.0
2025-04-30,2.0199999809265137
2025-05-01,2.0399999618530273
2025-05-02,2.115999937057495
2025-05-05,2.009999990463257
2025-05-06,1.809999942779541
2025-05-07,1.850000023841858
2025-05-08,1.850000023841858
2025-05-09,1.9199999570846558
2025-05-12,1.9700000286102295
2025-05-13,1.8899999856948853
2025-05-14,2.0399999618530273
2025-05-15,2.0260000228881836
2025-05-16,2.0199999809265137
2025-05-19,2.0399999618530273
2025-05-20,2.0799999237060547
2025-05-21,1.899999976158142
2025-05-22,1.899999976158142
2025-05-23,1.899999976158142
2025-05-27,2.0450000762939453
2025-05-28,2.0399999618530273
2025-05-29,2.0199999809265137
2025-05-30,2.6700000762939453
2025-06-02,2.700000047683716
2025-06-03,2.496000051498413
2025-06-04,2.4200000762939453
2025-06-05,2.4800000190734863
2025-06-06,2.680000066757202
2025-06-09,3.2300000190734863
2025-06-10,2.805000066757202
2025-06-11,2.819999933242798
2025-06-12,2.4700000286102295
2025-06-13,2.6600000858306885
2025-06-16,3.630000114440918
2025-06-17,3.240000009536743
2025-06-18,3.869999885559082
2025-06-20,4.130000114440918
2025-06-23,4.25
2025-06-24,4.079999923706055
2025-06-25,4.929999828338623
2025-06-26,4.730000019073486
2025-06-27,5.679999828338623
2025-06-30,6.860000133514404
2025-07-01,8.640000343322754
2025-07-02,8.449999809265137
2025-07-03,6.699999809265137
2025-07-07,7.0
2025-07-08,6.579999923706055
2025-07-09,6.550000190734863
2025-07-10,6.909999847412109
2025-07-11,6.860000133514404
2025-07-14,4.699999809265137
2025-07-15,4.550000190734863
2025-07-16,3.2100000381469727
2025-07-17,2.9700000286102295
2025-07-18,3.240000009536743
2025-07-21,3.009999990463257
2025-07-22,3.119999885559082
2025-07-23,3.180000066757202
2025-07-24,3.2699999809265137
2025-07-25,3.190000057220459
2025-07-28,3.5299999713897705
2025-07-29,3.2899999618530273
2025-07-30,3.319999933242798
2025-07-31,3.390000104904175
2025-08-01,3.440000057220459
2025-08-04,3.2100000381469727
2025-08-05,3.2850000858306885
2025-08-06,3.0399999618530273
2025-08-07,2.869999885559082
2025-08-08,3.119999885559082
2025-08-11,2.490000009536743
2025-08-12,2.619999885559082
2025-08-13,2.069999933242798
2025-08-14,2.0399999618530273
2025-08-15,1.9850000143051147
2025-08-18,2.1700000762939453
2025-08-19,1.9600000381469727
2025-08-20,2.009999990463257
2025-08-21,2.0199999809265137
2025-08-22,2.0899999141693115
2025-08-25,2.0899999141693115
2025-08-26,2.180000066757202
2025-08-27,2.0999999046325684
2025-08-28,2.059999942779541
2025-08-29,2.0
2025-09-02,1.9800000190734863
2025-09-03,1.9199999570846558
2025-09-04,1.899999976158142
2025-09-05,1.850000023841858
2025-09-08,2.0399999618530273
2025-09-09,2.1700000762939453
2025-09-10,2.2799999713897705
2025-09-11,2.180000066757202
2025-09-12,2.3399999141693115
2025-09-15,2.3399999141693115
2025-09-16,2.3399999141693115
2025-09-17,2.299999952316284
2025-09-18,2.380000114440918
2025-09-19,2.4200000762939453
2025-09-22,2.390000104904175
2025-09-23,2.3499999046325684
2025-09-24,2.4100000858306885
2025-09-25,2.369999885559082
2025-09-26,2.240000009536743
2025-09-29,2.380000114440918
2025-09-30,2.4000000953674316
2025-10-01,2.440000057220459
2025-10-02,2.4700000286102295
2025-10-03,2.5299999713897705
2025-10-06,2.5399999618530273
2025-10-07,2.2850000858306885
2025-10-08,2.3399999141693115
2025-10-09,2.4800000190734863
2025-10-10,2.309999942779541
2025-10-13,2.3570001125335693
2025-10-14,2.309999942779541
2025-10-15,2.2950000762939453
2025-10-16,2.240000009536743
2025-10-17,2.240000009536743
2025-10-20,2.309999942779541
2025-10-21,2.4000000953674316
2025-10-22,2.4800000190734863
2025-10-23,2.380000114440918
2025-10-24,2.390000104904175
2025-10-27,2.369999885559082
2025-10-28,2.180000066757202
2025-10-29,1.9900000095367432
2025-10-30,2.0799999237060547
2025-10-31,2.1700000762939453
2025-11-03,2.0799999237060547
2025-11-04,1.940000057220459
2025-11-05,2.0
2025-11-06,1.8700000047683716
2025-11-07,1.899999976158142
2025-11-10,1.9500000476837158
2025-11-11,1.9500000476837158
2025-11-12,1.9199999570846558
2025-11-13,1.8700000047683716
2025-11-14,1.809999942779541
2025-11-17,1.7369999885559082
2025-11-18,1.6699999570846558
2025-11-19,1.0499999523162842
2025-11-20,0.6899999976158142
2025-11-21,0.8270000219345093
2025-11-24,0.9269999861717224
2025-11-25,1.065000057220459
2025-11-26,0.9980000257492065
2025-11-28,0.9200000166893005
2025-12-01,1.190000057220459
2025-12-02,1.0049999952316284
2025-12-03,0.9900000095367432
2025-12-04,0.9100000262260437
2025-12-05,0.8410000205039978
2025-12-08,0.6589999794960022
2025-12-09,1.399999976158142
2025-12-10,1.159999966621399
2025-12-11,1.059999942779541
2025-12-12,1.090000033378601
2025-12-15,1.1200000047683716
2025-12-16,1.090000033378601
2025-12-17,1.0
2025-12-18,0.8659999966621399
2025-12-19,0.9139999747276306
2025-12-22,0.8870000243186951
2025-12-23,0.8240000009536743
2025-12-24,0.7879999876022339
2025-12-26,0.7680000066757202
2025-12-29,0.6949999928474426
2025-12-30,0.7049999833106995
2025-12-31,0.6600000262260437
2026-01-02,0.6589999794960022
2026-01-05,0.6600000262260437
2026-01-06,0.6809999942779541
2026-01-07,0.7409999966621399
2026-01-08,0.7900000214576721
2026-01-09,0.8379999995231628
2026-01-12,0.800000011920929
2026-01-13,0.7490000128746033
2026-01-14,0.7559999823570251
2026-01-15,0.7300000190734863
2026-01-16,0.6890000104904175
2026-01-20,0.6769999861717224
2026-01-21,0.6639999747276306
2026-01-22,0.7049999833106995
2026-01-23,0.7540000081062317
2026-01-26,0.75
2026-01-27,0.7699999809265137
2026-01-28,0.777999997138977
2026-01-29,0.7390000224113464
2026-01-30,0.7120000123977661
2026-02-02,0.6959999799728394
2026-02-03,0.6899999976158142
2026-02-04,0.6449999809265137
2026-02-05,0.5699999928474426
2026-02-06,0.6119999885559082
2026-02-09,0.6069999933242798
2026-02-10,0.5699999928474426
2026-02-11,0.5450000166893005
2026-02-12,0.5619999766349792
2026-02-13,0.5450000166893005
2026-02-17,0.5189999938011169
2026-02-18,0.5419999957084656
2026-02-19,0.6190000176429749
2026-02-20,0.5830000042915344
2026-02-23,0.5360000133514404
2026-02-24,0.5370000004768372
2026-02-25,0.5400000214576721
2026-02-26,0.5329999923706055
2026-02-27,0.5109999775886536
2026-03-02,0.45500001311302185
2026-03-03,0.41999998688697815
2026-03-04,0.4350000023841858
2026-03-05,0.45500001311302185
2026-03-06,0.49000000953674316
2026-03-09,0.47200000286102295
2026-03-10,0.49000000953674316
2026-03-11,0.4699999988079071
2026-03-12,0.4650000035762787
2026-03-13,0.4519999921321869
2026-03-16,0.5099999904632568
2026-03-17,0.5080000162124634
2026-03-18,0.5339999794960022
2026-03-19,0.5180000066757202
2026-03-20,0.4860000014305115
2026-03-23,0.4729999899864197
2026-03-24,0.4569999873638153
2026-03-25,0.40799999237060547
2026-03-26,0.3840000033378601
2026-03-27,0.3499999940395355
2026-03-30,0.3230000138282776
2026-03-31,0.3230000138282776
2026-04-01,0.32100000977516174
2026-04-02,0.3319999873638153
2026-04-06,0.3790000081062317
2026-04-07,0.34599998593330383
