Date,Close
2002-03-21,14.034380912780762
2002-03-22,14.04340648651123
2002-03-25,13.781671524047852
2002-03-26,13.763620376586914
2002-03-27,13.763620376586914
2002-03-28,13.763620376586914
2002-04-01,13.673367500305176
2002-04-02,13.583114624023438
2002-04-03,13.20405101776123
2002-04-04,13.122823715209961
2002-04-05,13.53798770904541
2002-04-08,13.808749198913574
2002-04-09,13.899001121520996
2002-04-10,16.24558448791504
2002-04-11,15.613811492919922
2002-04-12,15.478431701660156
2002-04-15,15.11741828918457
2002-04-16,15.162545204162598
2002-04-17,15.388176918029785
2002-04-18,15.595760345458984
2002-04-19,15.649910926818848
2002-04-22,15.884572982788086
2002-04-23,17.012737274169922
2002-04-24,17.64451026916504
2002-04-25,16.96761131286621
2002-04-26,17.283498764038086
2002-04-29,17.283498764038086
2002-04-30,17.743789672851562
2002-05-01,17.46400260925293
2002-05-02,17.46400260925293
2002-05-03,18.411659240722656
2002-05-06,18.90805435180664
2002-05-07,18.736572265625
2002-05-08,19.404447555541992
2002-05-09,20.081348419189453
2002-05-10,19.639108657836914
2002-05-13,19.223941802978516
2002-05-14,19.973045349121094
2002-05-15,19.575929641723633
2002-05-16,18.86292839050293
2002-05-17,18.068702697753906
2002-05-20,18.86292839050293
2002-05-21,18.357511520385742
2002-05-22,17.68963623046875
2002-05-23,17.834041595458984
2002-05-24,18.041624069213867
2002-05-28,17.373750686645508
2002-05-29,17.012737274169922
2002-05-30,16.380962371826172
2002-05-31,17.599380493164062
2002-06-03,16.40804100036621
2002-06-04,14.37734317779541
2002-06-05,14.756407737731934
2002-06-06,14.801531791687012
2002-06-07,13.673367500305176
2002-06-10,14.097557067871094
2002-06-11,13.98925495147705
2002-06-12,13.086721420288086
2002-06-13,12.175163269042969
2002-06-14,11.552414894104004
2002-06-17,13.222100257873535
2002-06-18,13.763620376586914
2002-06-19,14.1246337890625
2002-06-20,13.086721420288086
2002-06-21,12.996467590332031
2002-06-24,12.50007438659668
2002-06-25,12.50007438659668
2002-06-26,12.274442672729492
2002-06-27,12.7257080078125
2002-06-28,12.274442672729492
2002-07-01,12.166138648986816
2002-07-02,11.326783180236816
2002-07-03,11.056023597717285
2002-07-05,11.42606258392334
2002-07-08,12.057833671569824
2002-07-09,12.093935012817383
2002-07-10,11.823177337646484
2002-07-11,11.814149856567383
2002-07-12,12.093935012817383
2002-07-15,11.597542762756348
2002-07-16,11.371909141540527
2002-07-17,11.191402435302734
2002-07-18,10.830389976501465
2002-07-19,10.451326370239258
2002-07-22,10.379122734069824
2002-07-23,9.611970901489258
2002-07-24,10.063237190246582
2002-07-25,10.009085655212402
2002-07-26,9.936882972717285
2002-07-29,10.884542465209961
2002-07-30,10.10836410522461
2002-07-31,10.243743896484375
2002-08-01,10.198617935180664
2002-08-02,9.2960844039917
2002-08-05,9.025324821472168
2002-08-06,9.2960844039917
2002-08-07,9.386337280273438
2002-08-08,9.250958442687988
2002-08-09,9.025324821472168
2002-08-12,8.682364463806152
2002-08-13,8.980196952819824
2002-08-14,9.205829620361328
2002-08-15,8.610159873962402
2002-08-16,9.278033256530762
2002-08-19,10.225692749023438
2002-08-20,10.514503479003906
2002-08-21,10.333995819091797
2002-08-22,10.162515640258789
2002-08-23,9.747349739074707
2002-08-26,10.018110275268555
2002-08-27,10.279845237731934
2002-08-28,9.657096862792969
2002-08-29,10.10836410522461
2002-08-30,11.236530303955078
2002-09-03,10.469377517700195
2002-09-04,10.658909797668457
2002-09-05,10.514503479003906
2002-09-06,10.261795043945312
2002-09-09,10.189592361450195
2002-09-10,10.568657875061035
2002-09-11,10.830389976501465
2002-09-12,10.514503479003906
2002-09-13,10.270818710327148
2002-09-16,9.991033554077148
2002-09-17,10.135438919067383
2002-09-18,9.630023002624512
2002-09-19,9.431464195251465
2002-09-20,9.223882675170898
2002-09-23,8.032539367675781
2002-09-24,7.861057281494141
2002-09-25,8.023515701293945
2002-09-26,8.12279224395752
2002-09-27,8.104740142822266
2002-09-30,7.897160053253174
2002-10-01,8.167919158935547
2002-10-02,8.086692810058594
2002-10-03,8.041563987731934
2002-10-04,7.897160053253174
2002-10-07,8.086692810058594
2002-10-08,7.933260917663574
2002-10-09,7.175133228302002
2002-10-10,7.20220947265625
2002-10-11,7.626399517059326
2002-10-14,7.536146640777588
2002-10-15,8.032539367675781
2002-10-16,8.176944732666016
2002-10-17,8.574058532714844
2002-10-18,8.258172988891602
2002-10-21,8.032539367675781
2002-10-22,7.752753734588623
2002-10-23,7.797880172729492
2002-10-24,7.509069919586182
2002-10-25,7.20220947265625
2002-10-28,6.58848762512207
2002-10-29,7.220259666442871
2002-10-30,7.310513019561768
2002-10-31,7.897160053253174
2002-11-01,8.384527206420898
2002-11-04,7.906184673309326
2002-11-05,8.12279224395752
2002-11-06,8.546982765197754
2002-11-07,8.664312362670898
2002-11-08,8.483805656433105
2002-11-11,7.617374420166016
2002-11-12,7.698602199554443
2002-11-13,7.85203218460083
2002-11-14,7.626399517059326
2002-11-15,7.599324703216553
2002-11-18,7.536146640777588
2002-11-19,7.400765895843506
2002-11-20,7.463944435119629
2002-11-21,7.472968101501465
2002-11-22,7.491020202636719
2002-11-25,8.032539367675781
2002-11-26,7.996438026428223
2002-11-27,8.411602973937988
2002-11-29,8.483805656433105
2002-12-02,8.528931617736816
2002-12-03,8.21304702758789
2002-12-04,8.005464553833008
2002-12-05,7.98741340637207
2002-12-06,7.85203218460083
2002-12-09,7.445893287658691
2002-12-10,7.445893287658691
2002-12-11,7.220259666442871
2002-12-12,7.093905448913574
2002-12-13,7.057804107666016
2002-12-16,7.220259666442871
2002-12-17,7.120980739593506
2002-12-18,6.98560094833374
2002-12-19,7.20220947265625
2002-12-20,7.635424613952637
2002-12-23,7.843006610870361
2002-12-24,7.806905746459961
2002-12-26,7.8159308433532715
2002-12-27,7.761780261993408
2002-12-30,7.635424613952637
2002-12-31,7.590299129486084
2003-01-02,8.077666282653809
2003-01-03,8.06864070892334
2003-01-06,7.996438026428223
2003-01-07,8.104740142822266
2003-01-08,7.924234390258789
2003-01-09,8.12279224395752
2003-01-10,7.98741340637207
2003-01-13,8.077666282653809
2003-01-14,8.167919158935547
2003-01-15,8.483805656433105
2003-01-16,8.528931617736816
2003-01-17,8.483805656433105
2003-01-21,8.465753555297852
2003-01-22,8.303298950195312
2003-01-23,8.176944732666016
2003-01-24,7.716653347015381
2003-01-27,7.436867713928223
2003-01-28,7.518094539642334
2003-01-29,7.400765895843506
2003-01-30,7.626399517059326
2003-01-31,7.716653347015381
2003-02-03,7.897160053253174
2003-02-04,7.942286491394043
2003-02-05,7.491020202636719
2003-02-06,7.689578056335449
2003-02-07,7.120980739593506
2003-02-10,7.355639457702637
2003-02-11,7.626399517059326
2003-02-12,7.491020202636719
2003-02-13,7.265387058258057
2003-02-14,7.25636100769043
2003-02-18,7.265387058258057
2003-02-19,6.850221633911133
2003-02-20,6.498233795166016
2003-02-21,6.3809051513671875
2003-02-24,6.317727565765381
2003-02-25,6.335778713226318
2003-02-26,6.236498832702637
2003-02-27,6.389929294586182
2003-02-28,6.6336140632629395
2003-03-03,6.58848762512207
2003-03-04,6.137221336364746
2003-03-05,5.758158206939697
2003-03-06,5.451295852661133
2003-03-07,5.388119220733643
2003-03-10,5.370068073272705
2003-03-11,5.388119220733643
2003-03-12,5.415194988250732
2003-03-13,5.46032190322876
2003-03-14,5.52349853515625
2003-03-17,5.731081485748291
2003-03-18,5.776207447052002
2003-03-19,5.965739727020264
2003-03-20,6.019891738891602
2003-03-21,6.9314494132995605
2003-03-24,6.732892036437988
2003-03-25,6.994627475738525
2003-03-26,6.750942707061768
2003-03-27,7.130006790161133
2003-03-28,7.310513019561768
2003-03-31,7.220259666442871
2003-04-01,6.543360710144043
2003-04-02,7.0126776695251465
2003-04-03,6.967550277709961
2003-04-04,6.949500560760498
2003-04-07,7.057804107666016
2003-04-08,7.211233615875244
2003-04-09,7.220259666442871
2003-04-10,7.229285717010498
2003-04-11,7.247335910797119
2003-04-14,7.346614360809326
2003-04-15,7.418817043304443
2003-04-16,7.382716655731201
2003-04-17,7.436867713928223
2003-04-21,7.445893287658691
2003-04-22,7.400765895843506
2003-04-23,7.626399517059326
2003-04-24,7.509069919586182
2003-04-25,7.590299129486084
2003-04-28,8.077666282653809
2003-04-29,7.98741340637207
2003-04-30,8.348426818847656
2003-05-01,8.492831230163574
2003-05-02,8.592111587524414
2003-05-05,8.70943832397461
2003-05-06,8.871894836425781
2003-05-07,8.90799617767334
2003-05-08,8.998249053955078
2003-05-09,9.323159217834473
2003-05-12,9.476590156555176
2003-05-13,9.738325119018555
2003-05-14,10.18056583404541
2003-05-15,9.864680290222168
2003-05-16,9.566844940185547
2003-05-19,9.431464195251465
2003-05-20,9.44049072265625
2003-05-21,9.395363807678223
2003-05-22,9.702223777770996
2003-05-23,10.234719276428223
2003-05-27,10.830389976501465
2003-05-28,10.803314208984375
2003-05-29,10.063237190246582
2003-05-30,10.803314208984375
2003-06-02,11.037972450256348
2003-06-03,10.902591705322266
2003-06-04,10.96576976776123
2003-06-05,11.516316413879395
2003-06-06,11.417036056518555
2003-06-09,11.272629737854004
2003-06-10,11.371909141540527
2003-06-11,11.489238739013672
2003-06-12,11.732922554016113
2003-06-13,11.245555877685547
2003-06-16,11.642668724060059
2003-06-17,11.705845832824707
2003-06-18,11.462162971496582
2003-06-19,11.371909141540527
2003-06-20,11.417036056518555
2003-06-23,11.552414894104004
2003-06-24,12.003683090209961
2003-06-25,11.913429260253906
2003-06-26,12.36469554901123
2003-06-27,12.13906192779541
2003-06-30,12.166138648986816
2003-07-01,12.13906192779541
2003-07-02,12.048809051513672
2003-07-03,11.814149856567383
2003-07-07,12.093935012817383
2003-07-08,12.472997665405273
2003-07-09,12.635455131530762
2003-07-10,12.734733581542969
2003-07-11,13.086721420288086
2003-07-14,13.39358139038086
2003-07-15,13.447732925415039
2003-07-16,13.447732925415039
2003-07-17,13.131848335266113
2003-07-18,13.104771614074707
2003-07-21,13.0054931640625
2003-07-22,13.258200645446777
2003-07-23,13.17697525024414
2003-07-24,13.312355041503906
2003-07-25,13.402607917785645
2003-07-28,13.610189437866211
2003-07-29,13.357481002807617
2003-07-30,12.590328216552734
2003-07-31,13.799722671508789
2003-08-01,12.662530899047852
2003-08-04,13.231125831604004
2003-08-05,13.312355041503906
2003-08-06,12.996467590332031
2003-08-07,13.086721420288086
2003-08-08,13.0054931640625
2003-08-11,12.996467590332031
2003-08-12,13.18599796295166
2003-08-13,13.74556827545166
2003-08-14,14.539800643920898
2003-08-15,15.11741828918457
2003-08-18,15.559659957885742
2003-08-19,15.794320106506348
2003-08-20,15.451356887817383
2003-08-21,15.613811492919922
2003-08-22,15.478431701660156
2003-08-25,15.270849227905273
2003-08-26,15.830421447753906
2003-08-27,15.568685531616211
2003-08-28,15.65893840789795
2003-08-29,15.595760345458984
2003-09-02,15.929696083068848
2003-09-03,16.22753143310547
2003-09-04,16.218507766723633
2003-09-05,16.119230270385742
2003-09-08,16.344863891601562
2003-09-09,16.13728141784668
2003-09-10,15.478431701660156
2003-09-11,15.604787826538086
2003-09-12,15.884572982788086
2003-09-15,16.001901626586914
2003-09-16,15.361104965209961
2003-09-17,15.839445114135742
2003-09-18,16.24558448791504
2003-09-19,16.42609405517578
2003-09-22,15.613811492919922
2003-09-23,15.731142044067383
2003-09-24,15.767242431640625
2003-09-25,15.361104965209961
2003-09-26,15.11741828918457
2003-09-29,14.982040405273438
2003-09-30,15.027164459228516
2003-10-01,16.01995277404785
2003-10-02,16.110204696655273
2003-10-03,16.22753143310547
2003-10-06,16.588546752929688
2003-10-07,16.904436111450195
2003-10-08,16.606597900390625
2003-10-09,16.65172576904297
2003-10-10,16.471220016479492
2003-10-13,17.13909149169922
2003-10-14,17.057863235473633
2003-10-15,16.24558448791504
2003-10-16,16.480241775512695
2003-10-17,15.803345680236816
2003-10-20,16.01995277404785
2003-10-21,15.830421447753906
2003-10-22,14.621026039123535
2003-10-23,14.711278915405273
2003-10-24,13.718494415283203
2003-10-27,14.774456977844238
2003-10-28,14.936910629272461
2003-10-29,13.763620376586914
2003-10-30,15.343050956726074
2003-10-31,15.343050956726074
2003-11-03,15.334027290344238
2003-11-04,15.523560523986816
2003-11-05,15.415258407592773
2003-11-06,15.505507469177246
2003-11-07,15.514534950256348
2003-11-10,14.99106502532959
2003-11-11,14.756407737731934
2003-11-12,15.334027290344238
2003-11-13,14.982040405273438
2003-11-14,14.729331016540527
2003-11-17,14.359291076660156
2003-11-18,14.395393371582031
2003-11-19,14.187810897827148
2003-11-20,13.97120189666748
2003-11-21,14.666152000427246
2003-11-24,14.982040405273438
2003-11-25,15.252799034118652
2003-11-26,15.153521537780762
2003-11-28,15.072293281555176
2003-12-01,15.32500171661377
2003-12-02,15.388176918029785
2003-12-03,15.279873847961426
2003-12-04,14.521748542785645
2003-12-05,14.801531791687012
2003-12-08,15.334027290344238
2003-12-09,15.072293281555176
2003-12-10,15.072293281555176
2003-12-11,15.343050956726074
2003-12-12,15.740169525146484
2003-12-15,15.135470390319824
2003-12-16,15.75821304321289
2003-12-17,15.929696083068848
2003-12-18,15.97482681274414
2003-12-19,15.929696083068848
2003-12-22,15.857494354248047
2003-12-23,16.38998794555664
2003-12-24,16.24558448791504
2003-12-26,16.3629150390625
2003-12-29,16.66074562072754
2003-12-30,16.344863891601562
2003-12-31,16.16435432434082
2004-01-02,16.42609405517578
2004-01-05,16.6427001953125
2004-01-06,16.380962371826172
2004-01-07,16.065078735351562
2004-01-08,17.23836898803711
2004-01-09,16.516345977783203
2004-01-12,17.283498764038086
2004-01-13,17.148117065429688
2004-01-14,17.1932430267334
2004-01-15,16.741975784301758
2004-01-16,17.373750686645508
2004-01-20,16.96761131286621
2004-01-21,17.328624725341797
2004-01-22,17.46400260925293
2004-01-23,16.96761131286621
2004-01-26,17.13909149169922
2004-01-27,17.102989196777344
2004-01-28,15.97482681274414
2004-01-29,15.713089942932129
2004-01-30,15.74919319152832
2004-02-02,15.568685531616211
2004-02-03,15.343050956726074
2004-02-04,14.900813102722168
2004-02-05,15.225724220275879
2004-02-06,16.110204696655273
2004-02-09,16.597570419311523
2004-02-10,16.606597900390625
2004-02-11,16.66074562072754
2004-02-12,16.471220016479492
2004-02-13,16.155332565307617
2004-02-17,16.769054412841797
2004-02-18,16.0741024017334
2004-02-19,16.40804100036621
2004-02-20,16.38998794555664
2004-02-23,15.794320106506348
2004-02-24,16.38998794555664
2004-02-25,16.380962371826172
2004-02-26,16.769054412841797
2004-02-27,16.110204696655273
2004-03-01,16.23655891418457
2004-03-02,15.920675277709961
2004-03-03,15.388176918029785
2004-03-04,16.101179122924805
2004-03-05,15.794320106506348
2004-03-08,15.072293281555176
2004-03-09,15.568685531616211
2004-03-10,15.297924041748047
2004-03-11,14.86470890045166
2004-03-12,15.162545204162598
2004-03-15,14.711278915405273
2004-03-16,14.982040405273438
2004-03-17,15.433306694030762
2004-03-18,15.388176918029785
2004-03-19,14.765433311462402
2004-03-22,14.178787231445312
2004-03-23,14.449545860290527
2004-03-24,14.675178527832031
2004-03-25,14.846661567687988
2004-03-26,15.018139839172363
2004-03-29,14.936910629272461
2004-03-30,14.954964637756348
2004-03-31,15.622835159301758
2004-04-01,15.523560523986816
2004-04-02,15.613811492919922
2004-04-05,15.550634384155273
2004-04-06,15.667962074279785
2004-04-07,15.21669864654541
2004-04-08,14.81055736541748
2004-04-12,15.577709197998047
2004-04-13,14.666152000427246
2004-04-14,14.801531791687012
2004-04-15,15.297924041748047
2004-04-16,14.882761001586914
2004-04-19,15.343050956726074
2004-04-20,14.873735427856445
2004-04-21,15.297924041748047
2004-04-22,15.451356887817383
2004-04-23,15.379156112670898
2004-04-26,15.063265800476074
2004-04-27,15.153521537780762
2004-04-28,14.792506217956543
2004-04-29,14.557848930358887
2004-04-30,14.61199951171875
2004-05-03,14.413443565368652
2004-05-04,14.936910629272461
2004-05-05,14.539800643920898
2004-05-06,14.305140495300293
2004-05-07,13.501885414123535
2004-05-10,12.888163566589355
2004-05-11,12.987442970275879
2004-05-12,12.36469554901123
2004-05-13,12.048809051513672
2004-05-14,12.436897277832031
2004-05-17,12.01270866394043
2004-05-18,12.563251495361328
2004-05-19,12.003683090209961
2004-05-20,12.788884162902832
2004-05-21,12.256390571594238
2004-05-24,12.427872657775879
2004-05-25,13.050620079040527
2004-05-26,12.815960884094238
2004-05-27,12.852062225341797
2004-05-28,12.90621566772461
2004-06-01,13.086721420288086
2004-06-02,12.761810302734375
2004-06-03,12.752784729003906
2004-06-04,12.770834922790527
2004-06-07,13.041595458984375
2004-06-08,12.852062225341797
2004-06-09,12.834012031555176
2004-06-10,12.834012031555176
2004-06-14,13.17697525024414
2004-06-15,13.853874206542969
2004-06-16,13.583114624023438
2004-06-17,13.447732925415039
2004-06-18,13.167947769165039
2004-06-21,13.528962135314941
2004-06-22,13.357481002807617
2004-06-23,13.547013282775879
2004-06-24,13.429683685302734
2004-06-25,13.402607917785645
2004-06-28,13.402607917785645
2004-06-29,13.258200645446777
2004-06-30,13.53798770904541
2004-07-01,13.375532150268555
2004-07-02,12.843037605285645
2004-07-06,12.978416442871094
2004-07-07,13.510910987854004
2004-07-08,12.680583000183105
2004-07-09,12.093935012817383
2004-07-12,12.13906192779541
2004-07-13,12.175163269042969
2004-07-14,11.931479454040527
2004-07-15,11.823177337646484
2004-07-16,11.398984909057617
2004-07-19,11.570466041564941
2004-07-20,11.362882614135742
2004-07-21,11.597542762756348
2004-07-22,11.78707504272461
2004-07-23,11.642668724060059
2004-07-26,11.543389320373535
2004-07-27,12.743758201599121
2004-07-28,12.824986457824707
2004-07-29,12.409821510314941
2004-07-30,12.301517486572266
2004-08-02,12.436897277832031
2004-08-03,12.039783477783203
2004-08-04,12.563251495361328
2004-08-05,12.319568634033203
2004-08-06,11.859275817871094
2004-08-09,11.732922554016113
2004-08-10,11.805124282836914
2004-08-11,11.823177337646484
2004-08-12,11.841225624084473
2004-08-13,11.877327919006348
2004-08-16,11.913429260253906
2004-08-17,12.121010780334473
2004-08-18,11.71487045288086
2004-08-19,11.868301391601562
2004-08-20,11.98563289642334
2004-08-23,12.680583000183105
2004-08-24,12.436897277832031
2004-08-25,12.482025146484375
2004-08-26,12.13906192779541
2004-08-27,12.472997665405273
2004-08-30,12.36469554901123
2004-08-31,12.436897277832031
2004-09-01,12.111985206604004
2004-09-02,12.454948425292969
2004-09-03,12.581302642822266
2004-09-07,12.671557426452637
2004-09-08,12.572278022766113
2004-09-09,12.563251495361328
2004-09-10,12.662530899047852
2004-09-13,12.861089706420898
2004-09-14,12.626429557800293
2004-09-15,12.3737211227417
2004-09-16,12.7257080078125
2004-09-17,12.951342582702637
2004-09-20,12.680583000183105
2004-09-21,12.770834922790527
2004-09-22,12.301517486572266
2004-09-23,11.95855712890625
2004-09-24,11.904403686523438
2004-09-27,11.552414894104004
2004-09-28,11.642668724060059
2004-09-29,11.967581748962402
2004-09-30,12.184189796447754
2004-10-01,12.7257080078125
2004-10-04,12.7257080078125
2004-10-05,12.617403984069824
2004-10-06,12.617403984069824
2004-10-07,12.491047859191895
2004-10-08,12.409821510314941
2004-10-11,12.472997665405273
2004-10-12,12.157112121582031
2004-10-13,11.741948127746582
2004-10-14,11.615592956542969
2004-10-15,11.669746398925781
2004-10-18,11.615592956542969
2004-10-19,11.696821212768555
2004-10-20,11.98563289642334
2004-10-21,12.238340377807617
2004-10-22,11.95855712890625
2004-10-25,11.922454833984375
2004-10-26,11.859275817871094
2004-10-27,12.409821510314941
2004-10-28,12.427872657775879
2004-10-29,12.211264610290527
2004-11-01,12.599352836608887
2004-11-02,12.599352836608887
2004-11-03,12.608378410339355
2004-11-04,12.572278022766113
2004-11-05,12.55422592163086
2004-11-08,12.518125534057617
2004-11-09,12.599352836608887
2004-11-10,12.599352836608887
2004-11-11,12.599352836608887
2004-11-12,12.599352836608887
2004-11-15,12.626429557800293
2004-11-16,12.157112121582031
2004-11-17,12.319568634033203
2004-11-18,12.400795936584473
2004-11-19,12.193214416503906
2004-11-22,12.572278022766113
2004-11-23,12.409821510314941
2004-11-24,12.572278022766113
2004-11-26,12.50007438659668
2004-11-29,12.527151107788086
2004-11-30,12.527151107788086
2004-12-01,12.617403984069824
2004-12-02,12.608378410339355
2004-12-03,12.572278022766113
2004-12-06,12.545201301574707
2004-12-07,12.06685733795166
2004-12-08,12.22028923034668
2004-12-09,12.283466339111328
2004-12-10,12.36469554901123
2004-12-13,12.427872657775879
2004-12-14,12.50007438659668
2004-12-15,12.626429557800293
2004-12-16,12.518125534057617
2004-12-17,12.409821510314941
2004-12-20,12.445921897888184
2004-12-21,12.581302642822266
2004-12-22,12.608378410339355
2004-12-23,12.626429557800293
2004-12-27,12.545201301574707
2004-12-28,12.626429557800293
2004-12-29,12.608378410339355
2004-12-30,12.617403984069824
2004-12-31,12.436897277832031
2005-01-03,12.518125534057617
2005-01-04,12.509099006652832
2005-01-05,12.689606666564941
2005-01-06,12.797910690307617
2005-01-07,12.924263954162598
2005-01-10,12.996467590332031
2005-01-11,13.041595458984375
2005-01-12,13.140873908996582
2005-01-13,13.18599796295166
2005-01-14,13.438709259033203
2005-01-18,13.610189437866211
2005-01-19,13.817773818969727
2005-01-20,15.054241180419922
2005-01-21,15.28890323638916
2005-01-24,15.541606903076172
2005-01-25,15.297924041748047
2005-01-26,15.297924041748047
2005-01-27,15.270849227905273
2005-01-28,15.270849227905273
2005-01-31,15.234748840332031
2005-02-01,15.343050956726074
2005-02-02,15.297924041748047
2005-02-03,15.379156112670898
2005-02-04,15.695040702819824
2005-02-07,15.586738586425781
2005-02-08,15.424280166625977
2005-02-09,14.828609466552734
2005-02-10,15.000092506408691
2005-02-11,14.882761001586914
2005-02-14,15.162545204162598
2005-02-15,15.000092506408691
2005-02-16,14.702256202697754
2005-02-17,14.873735427856445
2005-02-18,14.440519332885742
2005-02-22,14.395393371582031
2005-02-23,14.4044189453125
2005-02-24,14.061456680297852
2005-02-25,13.853874206542969
2005-02-28,13.718494415283203
2005-03-01,13.962178230285645
2005-03-02,13.817773818969727
2005-03-03,14.260013580322266
2005-03-04,14.079507827758789
2005-03-07,14.10658073425293
2005-03-08,13.962178230285645
2005-03-09,13.95315170288086
2005-03-10,13.853874206542969
2005-03-11,13.763620376586914
2005-03-14,13.74556827545166
2005-03-15,13.826796531677246
2005-03-16,13.655316352844238
2005-03-17,13.601164817810059
2005-03-18,13.556037902832031
2005-03-21,13.501885414123535
2005-03-22,13.456759452819824
2005-03-23,13.149898529052734
2005-03-24,13.258200645446777
2005-03-28,13.61921501159668
2005-03-29,13.565061569213867
2005-03-30,13.908024787902832
2005-03-31,13.899001121520996
2005-04-01,13.655316352844238
2005-04-04,13.4928617477417
2005-04-05,13.592140197753906
2005-04-06,13.41163158416748
2005-04-07,13.826796531677246
2005-04-08,13.384556770324707
2005-04-11,13.303328514099121
2005-04-12,12.978416442871094
2005-04-13,12.861089706420898
2005-04-14,12.770834922790527
2005-04-15,12.509099006652832
2005-04-18,12.445921897888184
2005-04-19,12.680583000183105
2005-04-20,12.454948425292969
2005-04-21,13.15892219543457
2005-04-22,12.770834922790527
2005-04-25,12.7257080078125
2005-04-26,12.779858589172363
2005-04-27,12.626429557800293
2005-04-28,12.454948425292969
2005-04-29,12.400795936584473
2005-05-02,12.427872657775879
2005-05-03,12.472997665405273
2005-05-04,12.942315101623535
2005-05-05,12.635455131530762
2005-05-06,12.626429557800293
2005-05-09,12.743758201599121
2005-05-10,12.55422592163086
2005-05-11,12.545201301574707
2005-05-12,12.518125534057617
2005-05-13,12.400795936584473
2005-05-16,12.3737211227417
2005-05-17,12.617403984069824
2005-05-18,12.987442970275879
2005-05-19,12.960367202758789
2005-05-20,12.888163566589355
2005-05-23,12.933290481567383
2005-05-24,13.366507530212402
2005-05-25,13.18599796295166
2005-05-26,13.429683685302734
2005-05-27,12.915239334106445
2005-05-31,13.267228126525879
2005-06-01,13.2852783203125
2005-06-02,13.402607917785645
2005-06-03,13.267228126525879
2005-06-06,13.276252746582031
2005-06-07,13.149898529052734
2005-06-08,13.4928617477417
2005-06-09,13.4928617477417
2005-06-10,13.294302940368652
2005-06-13,13.519935607910156
2005-06-14,13.519935607910156
2005-06-15,13.53798770904541
2005-06-16,14.052431106567383
2005-06-17,13.97120189666748
2005-06-20,13.547013282775879
2005-06-21,13.808749198913574
2005-06-22,14.025355339050293
2005-06-23,14.025355339050293
2005-06-24,13.772645950317383
2005-06-27,14.052431106567383
2005-06-28,14.341241836547852
2005-06-29,14.1246337890625
2005-06-30,13.908024787902832
2005-07-01,13.835823059082031
2005-07-05,13.98022747039795
2005-07-06,14.350266456604004
2005-07-07,14.449545860290527
2005-07-08,14.530774116516113
2005-07-11,14.936910629272461
2005-07-12,15.090343475341797
2005-07-13,14.982040405273438
2005-07-14,14.846661567687988
2005-07-15,14.828609466552734
2005-07-18,14.891786575317383
2005-07-19,15.11741828918457
2005-07-20,15.252799034118652
2005-07-21,15.207672119140625
2005-07-22,15.451356887817383
2005-07-25,15.171568870544434
2005-07-26,15.270849227905273
2005-07-27,15.11741828918457
2005-07-28,15.343050956726074
2005-07-29,15.334027290344238
2005-08-01,15.532583236694336
2005-08-02,15.97482681274414
2005-08-03,15.920675277709961
2005-08-04,15.649910926818848
2005-08-05,15.740169525146484
2005-08-08,16.04703140258789
2005-08-09,16.119230270385742
2005-08-10,16.128253936767578
2005-08-11,16.23655891418457
2005-08-12,16.23655891418457
2005-08-15,16.24558448791504
2005-08-16,16.22753143310547
2005-08-17,15.857494354248047
2005-08-18,15.839445114135742
2005-08-19,15.821393966674805
2005-08-22,16.22753143310547
2005-08-23,16.010929107666016
2005-08-24,15.776266098022461
2005-08-25,15.70406436920166
2005-08-26,15.731142044067383
2005-08-29,15.713089942932129
2005-08-30,15.406229972839355
2005-08-31,15.397204399108887
2005-09-01,15.433306694030762
2005-09-02,15.11741828918457
2005-09-06,15.054241180419922
2005-09-07,15.225724220275879
2005-09-08,15.261824607849121
2005-09-09,15.478431701660156
2005-09-12,16.065078735351562
2005-09-13,15.514534950256348
2005-09-14,15.523560523986816
2005-09-15,15.270849227905273
2005-09-16,15.406229972839355
2005-09-19,15.559659957885742
2005-09-20,15.559659957885742
2005-09-21,14.711278915405273
2005-09-22,14.783479690551758
2005-09-23,15.261824607849121
2005-09-26,15.676989555358887
2005-09-27,15.135470390319824
2005-09-28,15.126443862915039
2005-09-29,15.460382461547852
2005-09-30,15.370128631591797
2005-10-03,15.162545204162598
2005-10-04,15.252799034118652
2005-10-05,15.081316947937012
2005-10-06,15.243773460388184
2005-10-07,15.180598258972168
2005-10-10,15.081316947937012
2005-10-11,15.189620018005371
2005-10-12,15.027164459228516
2005-10-13,14.982040405273438
2005-10-14,15.252799034118652
2005-10-17,15.198649406433105
2005-10-18,14.801531791687012
2005-10-19,15.171568870544434
2005-10-20,14.936910629272461
2005-10-21,14.99106502532959
2005-10-24,15.090343475341797
2005-10-25,15.505507469177246
2005-10-26,15.315973281860352
2005-10-27,14.332215309143066
2005-10-28,15.027164459228516
2005-10-31,15.252799034118652
2005-11-01,15.252799034118652
2005-11-02,15.297924041748047
2005-11-03,15.559659957885742
2005-11-04,15.505507469177246
2005-11-07,15.261824607849121
2005-11-08,15.388176918029785
2005-11-09,15.541606903076172
2005-11-10,14.891786575317383
2005-11-11,14.891786575317383
2005-11-14,14.765433311462402
2005-11-15,14.413443565368652
2005-11-16,14.296113967895508
2005-11-17,14.494671821594238
2005-11-18,14.882761001586914
2005-11-21,14.711278915405273
2005-11-22,14.918863296508789
2005-11-23,14.801531791687012
2005-11-25,14.891786575317383
2005-11-28,14.449545860290527
2005-11-29,14.801531791687012
2005-11-30,15.11741828918457
2005-12-01,15.75821304321289
2005-12-02,15.306951522827148
2005-12-05,15.388176918029785
2005-12-06,15.577709197998047
2005-12-07,15.649910926818848
2005-12-08,15.640889167785645
2005-12-09,15.794320106506348
2005-12-12,16.101179122924805
2005-12-13,16.18240737915039
2005-12-14,15.803345680236816
2005-12-15,15.270849227905273
2005-12-16,15.171568870544434
2005-12-19,15.11741828918457
2005-12-20,15.207672119140625
2005-12-21,15.478431701660156
2005-12-22,15.496479988098145
2005-12-23,15.65893840789795
2005-12-27,15.027164459228516
2005-12-28,14.837634086608887
2005-12-29,14.747382164001465
2005-12-30,14.855685234069824
2006-01-03,14.73835563659668
2006-01-04,15.207672119140625
2006-01-05,15.045217514038086
2006-01-06,15.045217514038086
2006-01-09,14.94593620300293
2006-01-10,15.189620018005371
2006-01-11,15.21669864654541
2006-01-12,14.81055736541748
2006-01-13,15.261824607849121
2006-01-17,14.783479690551758
2006-01-18,14.81958293914795
2006-01-19,14.96398639678955
2006-01-20,14.891786575317383
2006-01-23,15.135470390319824
2006-01-24,15.676989555358887
2006-01-25,15.884572982788086
2006-01-26,15.965802192687988
2006-01-27,16.038000106811523
2006-01-30,16.065078735351562
2006-01-31,16.24558448791504
2006-02-01,16.24558448791504
2006-02-02,16.13728141784668
2006-02-03,16.24558448791504
2006-02-06,16.254610061645508
2006-02-07,16.35388946533203
2006-02-08,16.32681655883789
2006-02-09,16.6427001953125
2006-02-10,16.498294830322266
2006-02-13,16.399015426635742
2006-02-14,16.507322311401367
2006-02-15,16.6427001953125
2006-02-16,17.130067825317383
2006-02-17,17.779888153076172
2006-02-21,17.87014389038086
2006-02-22,17.725738525390625
2006-02-23,17.996498107910156
2006-02-24,17.915271759033203
2006-02-27,17.64451026916504
2006-02-28,17.283498764038086
2006-03-01,17.57230567932129
2006-03-02,17.843069076538086
2006-03-03,17.527183532714844
2006-03-06,17.68963623046875
2006-03-07,17.41887664794922
2006-03-08,17.68963623046875
2006-03-09,17.581331253051758
2006-03-10,17.87014389038086
2006-03-13,17.563282012939453
2006-03-14,17.834041595458984
2006-03-15,18.19505500793457
2006-03-16,18.321409225463867
2006-03-17,18.14090347290039
2006-03-20,18.26725959777832
2006-03-21,17.825014114379883
2006-03-22,18.34848976135254
2006-03-23,18.249208450317383
2006-03-24,18.339460372924805
2006-03-27,18.14090347290039
2006-03-28,18.14090347290039
2006-03-29,18.104799270629883
2006-03-30,17.888195037841797
2006-03-31,17.79793930053711
2006-04-03,17.373750686645508
2006-04-04,17.202266693115234
2006-04-05,17.599380493164062
2006-04-06,17.1932430267334
2006-04-07,16.850282669067383
2006-04-10,16.741975784301758
2006-04-11,16.814178466796875
2006-04-12,16.723926544189453
2006-04-13,16.787107467651367
2006-04-17,16.65172576904297
2006-04-18,16.79612922668457
2006-04-19,16.760025024414062
2006-04-20,16.823205947875977
2006-04-21,16.96761131286621
2006-04-24,16.96761131286621
2006-04-25,17.07591438293457
2006-04-26,17.021760940551758
2006-04-27,17.148117065429688
2006-04-28,17.391803741455078
2006-05-01,17.761838912963867
2006-05-02,17.825014114379883
2006-05-03,18.11382484436035
2006-05-04,18.19505500793457
2006-05-05,18.249208450317383
2006-05-08,18.53801727294922
2006-05-09,18.411659240722656
2006-05-10,18.357511520385742
2006-05-11,17.852094650268555
2006-05-12,17.743789672851562
2006-05-15,17.67158317565918
2006-05-16,17.906246185302734
2006-05-17,17.680612564086914
2006-05-18,17.662561416625977
2006-05-19,17.599380493164062
2006-05-22,17.716712951660156
2006-05-23,17.98747444152832
2006-05-24,18.31238555908203
2006-05-25,18.456787109375
2006-05-26,18.619245529174805
2006-05-30,18.547040939331055
2006-05-31,18.82682991027832
2006-06-01,19.269067764282227
2006-06-02,19.485675811767578
2006-06-05,19.593978881835938
2006-06-06,19.575929641723633
2006-06-07,19.305173873901367
2006-06-08,19.296142578125
2006-06-09,19.269067764282227
2006-06-12,19.20589256286621
2006-06-13,18.835853576660156
2006-06-14,18.80878257751465
2006-06-15,19.350297927856445
2006-06-16,19.260046005249023
2006-06-19,18.754627227783203
2006-06-20,18.844879150390625
2006-06-21,18.980260848999023
2006-06-22,18.63729476928711
2006-06-23,18.501916885375977
2006-06-26,18.528995513916016
2006-06-27,18.438737869262695
2006-06-28,18.321409225463867
2006-06-29,18.8809814453125
2006-06-30,18.899032592773438
2006-07-03,18.501916885375977
2006-07-05,18.628271102905273
2006-07-06,18.85390281677246
2006-07-07,18.76365089416504
2006-07-10,19.070512771606445
2006-07-11,18.80878257751465
2006-07-12,18.411659240722656
2006-07-13,17.879167556762695
2006-07-14,17.969423294067383
2006-07-17,17.924293518066406
2006-07-18,17.834041595458984
2006-07-19,18.14090347290039
2006-07-20,18.077726364135742
2006-07-21,18.34848976135254
2006-07-24,18.80878257751465
2006-07-25,18.890003204345703
2006-07-26,18.628271102905273
2006-07-27,18.303361892700195
2006-07-28,18.36653709411621
2006-07-31,18.11382484436035
2006-08-01,17.635486602783203
2006-08-02,17.915271759033203
2006-08-03,18.46581268310547
2006-08-04,18.65534782409668
2006-08-07,18.492889404296875
2006-08-08,18.411659240722656
2006-08-09,18.274940490722656
2006-08-10,18.138221740722656
2006-08-11,18.110877990722656
2006-08-14,18.493696212768555
2006-08-15,18.666872024536133
2006-08-16,18.985889434814453
2006-08-17,18.79448127746582
2006-08-18,18.59395408630371
2006-08-21,18.356977462768555
2006-08-22,18.22025489807129
2006-08-23,17.94681739807129
2006-08-24,17.764522552490234
2006-08-25,17.691604614257812
2006-08-28,18.584842681884766
2006-08-29,18.730674743652344
2006-08-30,18.657758712768555
2006-08-31,18.675989151000977
2006-09-01,18.7215633392334
2006-09-05,18.840055465698242
2006-09-06,18.89474105834961
2006-09-07,18.685104370117188
2006-09-08,18.129106521606445
2006-09-11,18.338747024536133
2006-09-12,18.92208480834961
2006-09-13,18.9676570892334
2006-09-14,18.648643493652344
2006-09-15,18.34786033630371
2006-09-18,17.54576873779297
2006-09-19,16.907739639282227
2006-09-20,17.77363395690918
2006-09-21,17.892126083374023
2006-09-22,17.9559268951416
2006-09-25,18.047075271606445
2006-09-26,18.548383712768555
2006-09-27,18.557497024536133
2006-09-28,18.51192283630371
2006-09-29,18.776248931884766
2006-10-02,18.903858184814453
2006-10-03,19.1864070892334
2006-10-04,19.596572875976562
2006-10-05,19.68771743774414
2006-10-06,19.669490814208984
2006-10-09,19.797094345092773
2006-10-10,19.997617721557617
2006-10-11,19.815326690673828
2006-10-12,20.562726974487305
2006-10-13,20.945545196533203
2006-10-16,20.68122100830078
2006-10-17,20.76325035095215
2006-10-18,21.191640853881836
2006-10-19,21.67472267150879
2006-10-20,21.866125106811523
2006-10-23,20.945545196533203
2006-10-24,21.683835983276367
2006-10-25,22.039308547973633
2006-10-26,22.221599578857422
2006-10-27,21.692947387695312
2006-10-30,22.130455017089844
2006-10-31,22.056930541992188
2006-11-01,21.615793228149414
2006-11-02,22.167219161987305
2006-11-03,21.431983947753906
2006-11-06,21.762840270996094
2006-11-07,21.900697708129883
2006-11-08,22.553213119506836
2006-11-09,22.865684509277344
2006-11-10,22.874874114990234
2006-11-13,23.067874908447266
2006-11-14,23.876628875732422
2006-11-15,21.983409881591797
2006-11-16,22.130455017089844
2006-11-17,22.12126350402832
2006-11-20,22.084503173828125
2006-11-21,22.1396484375
2006-11-22,22.102882385253906
2006-11-24,21.21141815185547
2006-11-27,21.68012809753418
2006-11-28,21.358463287353516
2006-11-29,21.597412109375
2006-11-30,21.634174346923828
2006-12-01,21.68012809753418
2006-12-04,22.020170211791992
2006-12-05,21.937456130981445
2006-12-06,21.983409881591797
2006-12-07,21.900697708129883
2006-12-08,21.965028762817383
2006-12-11,21.955835342407227
2006-12-12,21.937456130981445
2006-12-13,21.891502380371094
2006-12-14,21.983409881591797
2006-12-15,22.047739028930664
2006-12-18,21.808792114257812
2006-12-19,22.020170211791992
2006-12-20,21.974218368530273
2006-12-21,21.946643829345703
2006-12-22,21.781219482421875
2006-12-26,21.91907501220703
2006-12-27,21.965028762817383
2006-12-28,21.726078033447266
2006-12-29,21.652555465698242
2007-01-03,21.726078033447266
2007-01-04,21.37684440612793
2007-01-05,21.533079147338867
2007-01-08,21.60660171508789
2007-01-09,21.183841705322266
2007-01-10,21.16546630859375
2007-01-11,21.634174346923828
2007-01-12,21.615793228149414
2007-01-16,21.082752227783203
2007-01-17,21.597412109375
2007-01-18,21.487125396728516
2007-01-19,21.799598693847656
2007-01-22,21.698509216308594
2007-01-23,21.873125076293945
2007-01-24,22.18824577331543
2007-01-25,21.90092658996582
2007-01-26,22.114099502563477
2007-01-29,22.419950485229492
2007-01-30,22.35507583618164
2007-01-31,22.670196533203125
2007-02-01,22.772144317626953
2007-02-02,22.670196533203125
2007-02-05,22.512636184692383
2007-02-06,22.679460525512695
2007-02-07,23.272634506225586
2007-02-08,23.33751106262207
2007-02-09,23.3282413482666
2007-02-12,23.457998275756836
2007-02-13,23.365314483642578
2007-02-14,23.634096145629883
2007-02-15,23.949216842651367
2007-02-16,24.560924530029297
2007-02-20,24.950191497802734
2007-02-21,24.96872901916504
2007-02-22,25.005800247192383
2007-02-23,24.977996826171875
2007-02-26,24.885311126708984
2007-02-27,24.551652908325195
2007-02-28,24.75555419921875
2007-03-01,24.607263565063477
2007-03-02,24.76482582092285
2007-03-05,24.25507164001465
2007-03-06,24.560924530029297
2007-03-07,24.44043731689453
2007-03-08,25.487749099731445
2007-03-09,25.589702606201172
2007-03-12,25.71945571899414
2007-03-13,25.571165084838867
2007-03-14,25.459945678710938
2007-03-15,26.071653366088867
2007-03-16,25.951162338256836
2007-03-19,26.219945907592773
2007-03-20,26.414579391479492
2007-03-21,26.09018898010254
2007-03-22,26.025310516357422
2007-03-23,26.043848037719727
2007-03-26,26.043848037719727
2007-03-27,25.91408920288086
2007-03-28,25.886289596557617
2007-03-29,25.90482521057129
2007-03-30,26.182870864868164
2007-04-02,26.182870864868164
2007-04-03,26.599945068359375
2007-04-04,25.209701538085938
2007-04-05,25.033605575561523
2007-04-09,25.12628936767578
2007-04-10,24.93165397644043
2007-04-11,25.376529693603516
2007-04-12,25.636043548583984
2007-04-13,25.070674896240234
2007-04-16,25.673114776611328
2007-04-17,25.83994483947754
2007-04-18,25.941896438598633
2007-04-19,26.368236541748047
2007-04-20,25.89555549621582
2007-04-23,25.97896957397461
2007-04-24,26.173603057861328
2007-04-25,27.118967056274414
2007-04-26,27.40628433227539
2007-04-27,27.637989044189453
2007-04-30,26.664823532104492
2007-05-01,26.831653594970703
2007-05-02,26.423845291137695
2007-05-03,26.358970642089844
2007-05-04,26.599945068359375
2007-05-07,26.414579391479492
2007-05-08,26.33116340637207
2007-05-09,26.107149124145508
2007-05-10,25.145750045776367
2007-05-11,25.10841178894043
2007-05-14,25.285757064819336
2007-05-15,24.772390365600586
2007-05-16,25.043073654174805
2007-05-17,24.828393936157227
2007-05-18,25.173749923706055
2007-05-21,25.29509162902832
2007-05-22,25.60311508178711
2007-05-23,25.50977325439453
2007-05-24,25.32309341430664
2007-05-25,25.08974266052246
2007-05-29,25.164417266845703
2007-05-30,25.54711151123047
2007-05-31,25.463104248046875
2007-06-01,25.715120315551758
2007-06-04,25.66844940185547
2007-06-05,25.285757064819336
2007-06-06,24.277687072753906
2007-06-07,23.3349552154541
2007-06-08,23.129608154296875
2007-06-11,22.980266571044922
2007-06-12,22.606903076171875
2007-06-13,22.737581253051758
2007-06-14,22.644243240356445
2007-06-15,23.03626823425293
2007-06-18,24.44569969177246
2007-06-19,24.23101806640625
2007-06-20,24.212350845336914
2007-06-21,24.35236167907715
2007-06-22,24.08167266845703
2007-06-25,23.913663864135742
2007-06-26,23.362957000732422
2007-06-27,23.344289779663086
2007-06-28,23.456296920776367
2007-06-29,23.288286209106445
2007-07-02,23.5963077545166
2007-07-03,23.605640411376953
2007-07-05,23.241615295410156
2007-07-06,22.924259185791016
2007-07-09,22.980266571044922
2007-07-10,22.52289581298828
2007-07-11,22.616235733032227
2007-07-12,22.924259185791016
2007-07-13,22.52289581298828
2007-07-16,22.513566970825195
2007-07-17,22.578901290893555
2007-07-18,22.196210861206055
2007-07-19,22.26154899597168
2007-07-20,22.056198120117188
2007-07-23,22.0281982421875
2007-07-24,21.692174911499023
2007-07-25,21.58016586303711
2007-07-26,20.450754165649414
2007-07-27,20.758777618408203
2007-07-30,20.562763214111328
2007-07-31,20.64676856994629
2007-08-01,20.665435791015625
2007-08-02,20.59471321105957
2007-08-03,19.793176651000977
2007-08-06,19.642301559448242
2007-08-07,19.274539947509766
2007-08-08,18.699321746826172
2007-08-09,18.73703956604004
2007-08-10,19.680023193359375
2007-08-13,20.340106964111328
2007-08-14,19.9534854888916
2007-08-15,19.312257766723633
2007-08-16,19.75545883178711
2007-08-17,20.623001098632812
2007-08-20,21.47168731689453
2007-08-21,21.349096298217773
2007-08-22,20.755020141601562
2007-08-23,20.10436248779297
2007-08-24,20.24580955505371
2007-08-27,20.24580955505371
2007-08-28,19.878047943115234
2007-08-29,20.08550262451172
2007-08-30,20.170372009277344
2007-08-31,20.387258529663086
2007-09-04,20.698442459106445
2007-09-05,20.415546417236328
2007-09-06,20.509843826293945
2007-09-07,19.981775283813477
2007-09-10,19.59515380859375
2007-09-11,19.161380767822266
2007-09-12,18.97278594970703
2007-09-13,19.0105037689209
2007-09-14,19.15195083618164
2007-09-17,19.54800033569336
2007-09-18,20.934186935424805
2007-09-19,21.273658752441406
2007-09-20,20.50041389465332
2007-09-21,19.764888763427734
2007-09-24,18.906776428222656
2007-09-25,18.133529663085938
2007-09-26,18.284406661987305
2007-09-27,17.926076889038086
2007-09-28,18.68045997619629
2007-10-01,18.26555061340332
2007-10-02,19.387697219848633
2007-10-03,19.368837356567383
2007-10-04,19.057653427124023
2007-10-05,20.057214736938477
2007-10-08,19.208528518676758
2007-10-09,19.585723876953125
2007-10-10,19.359407424926758
2007-10-11,19.133092880249023
2007-10-12,18.887916564941406
2007-10-15,18.93506622314453
2007-10-16,18.642742156982422
2007-10-17,18.303268432617188
2007-10-18,17.96379280090332
2007-10-19,17.596031188964844
2007-10-22,18.708749771118164
2007-10-23,18.312698364257812
2007-10-24,18.237258911132812
2007-10-25,18.058094024658203
2007-10-26,18.171253204345703
2007-10-29,18.340988159179688
2007-10-30,17.086822509765625
2007-10-31,17.284849166870117
2007-11-01,16.86955451965332
2007-11-02,17.1273250579834
2007-11-05,16.086700439453125
2007-11-06,16.115341186523438
2007-11-07,15.876664161682129
2007-11-08,16.65951919555664
2007-11-09,16.573596954345703
2007-11-12,16.544954299926758
2007-11-13,17.222793579101562
2007-11-14,16.98411750793457
2007-11-15,16.735897064208984
2007-11-16,16.802724838256836
2007-11-19,16.70725440979004
2007-11-20,16.697708129882812
2007-11-21,15.962587356567383
2007-11-23,16.640426635742188
2007-11-26,15.685726165771484
2007-11-27,15.628443717956543
2007-11-28,16.239452362060547
2007-11-29,16.0294189453125
2007-11-30,15.981682777404785
2007-12-03,15.905305862426758
2007-12-04,15.676177978515625
2007-12-05,15.609349250793457
2007-12-06,16.105792999267578
2007-12-07,16.34446907043457
2007-12-10,16.497220993041992
2007-12-11,15.695272445678711
2007-12-12,15.284751892089844
2007-12-13,14.597366333007812
2007-12-14,14.167753219604492
2007-12-17,14.167753219604492
2007-12-18,14.645101547241211
2007-12-19,14.186846733093262
2007-12-20,14.406427383422852
2007-12-21,14.578272819519043
2007-12-24,15.07471752166748
2007-12-26,14.788307189941406
2007-12-27,14.358692169189453
2007-12-28,14.444615364074707
2007-12-31,14.368239402770996
2008-01-02,14.33005142211914
2008-01-03,14.2727689743042
2008-01-04,13.652213096618652
2008-01-07,13.575838088989258
2008-01-08,13.213051795959473
2008-01-09,13.298974990844727
2008-01-10,13.480367660522461
2008-01-11,13.117581367492676
2008-01-14,12.917095184326172
2008-01-15,12.563855171203613
2008-01-16,12.47793197631836
2008-01-17,12.096052169799805
2008-01-18,11.637796401977539
2008-01-22,12.201068878173828
2008-01-23,13.098487854003906
2008-01-24,12.621137619018555
2008-01-25,12.506573677062988
2008-01-28,12.812077522277832
2008-01-29,12.47793197631836
2008-01-30,12.65932559967041
2008-01-31,13.575838088989258
2008-02-01,14.291863441467285
2008-02-04,14.167753219604492
2008-02-05,13.843154907226562
2008-02-06,13.392221450805664
2008-02-07,13.673447608947754
2008-02-08,13.877096176147461
2008-02-11,13.964371681213379
2008-02-12,14.517129898071289
2008-02-13,15.147464752197266
2008-02-14,14.332877159118652
2008-02-15,14.371665954589844
2008-02-19,14.197113037109375
2008-02-20,14.25529670715332
2008-02-21,13.828607559204102
2008-02-22,14.032255172729492
2008-02-25,14.235901832580566
2008-02-26,14.88563346862793
2008-02-27,14.546221733093262
2008-02-28,14.061347961425781
2008-02-29,13.595868110656738
2008-03-03,13.809212684631348
2008-03-04,14.080742835998535
2008-03-05,14.041951179504395
2008-03-06,13.518287658691406
2008-03-07,13.624960899353027
2008-03-10,13.431011199951172
2008-03-11,13.780119895935059
2008-03-12,13.55707836151123
2008-03-13,13.721935272216797
2008-03-14,13.479498863220215
2008-03-17,13.072203636169434
2008-03-18,13.508591651916504
2008-03-19,13.46980094909668
2008-03-20,14.284388542175293
2008-03-24,15.118372917175293
2008-03-25,14.798356056213379
2008-03-26,14.497733116149902
2008-03-27,13.799514770507812
2008-03-28,13.275850296020508
2008-03-31,13.343733787536621
2008-04-01,13.663750648498535
2008-04-02,13.760725021362305
2008-04-03,13.77042293548584
2008-04-04,14.090439796447754
2008-04-07,14.323180198669434
2008-04-08,14.264994621276855
2008-04-09,13.828607559204102
2008-04-10,13.86739730834961
2008-04-11,13.624960899353027
2008-04-14,13.450406074523926
2008-04-15,13.479498863220215
2008-04-16,13.925581932067871
2008-04-17,13.663750648498535
2008-04-18,13.741331100463867
2008-04-21,13.751028060913086
2008-04-22,13.55707836151123
2008-04-23,13.624960899353027
2008-04-24,14.778961181640625
2008-04-25,14.788658142089844
2008-04-28,15.923263549804688
2008-04-29,16.46632194519043
2008-04-30,16.146305084228516
2008-05-01,16.86391830444336
2008-05-02,16.80573272705078
2008-05-05,16.204490661621094
2008-05-06,16.388742446899414
2008-05-07,15.903868675231934
2008-05-08,15.448087692260742
2008-05-09,15.496574401855469
2008-05-12,16.291767120361328
2008-05-13,16.50511360168457
2008-05-14,16.718456268310547
2008-05-15,16.841278076171875
2008-05-16,17.037792205810547
2008-05-19,16.92970848083496
2008-05-20,16.684066772460938
2008-05-21,16.02574348449707
2008-05-22,16.37946891784668
2008-05-23,15.937312126159668
2008-05-27,16.232084274291992
2008-05-28,16.222257614135742
2008-05-29,16.340166091918945
2008-05-30,16.182954788208008
2008-06-02,16.212432861328125
2008-06-03,15.839056015014648
2008-06-04,16.01591682434082
2008-06-05,16.30086326599121
2008-06-06,15.39689826965332
2008-06-09,15.131603240966797
2008-06-10,14.149031639099121
2008-06-11,13.814957618713379
2008-06-12,13.972168922424316
2008-06-13,14.139206886291504
2008-06-16,14.188334465026855
2008-06-17,13.991820335388184
2008-06-18,13.539836883544922
2008-06-19,13.569314956665039
2008-06-20,13.461231231689453
2008-06-23,13.058377265930176
2008-06-24,12.940468788146973
2008-06-25,13.421928405761719
2008-06-26,13.009248733520508
2008-06-27,13.058377265930176
2008-06-30,12.626046180725098
2008-07-01,12.6850004196167
2008-07-02,11.289748191833496
2008-07-03,10.818114280700684
2008-07-07,10.975325584411621
2008-07-08,11.496088027954102
2008-07-09,10.985151290893555
2008-07-10,10.847591400146484
2008-07-11,10.690380096435547
2008-07-14,10.405433654785156
2008-07-15,10.228570938110352
2008-07-16,10.877067565917969
2008-07-17,11.613996505737305
2008-07-18,11.338876724243164
2008-07-21,11.486262321472168
2008-07-22,12.694826126098633
2008-07-23,12.714476585388184
2008-07-24,12.370577812194824
2008-07-25,12.085631370544434
2008-07-28,11.4076566696167
2008-07-29,12.6850004196167
2008-07-30,10.130000114440918
2008-07-31,9.90999984741211
2008-08-01,10.140000343322754
2008-08-04,10.829999923706055
2008-08-05,11.399999618530273
2008-08-06,11.699999809265137
2008-08-07,10.829999923706055
2008-08-08,12.220000267028809
2008-08-11,12.960000038146973
2008-08-12,12.770000457763672
2008-08-13,12.760000228881836
2008-08-14,13.180000305175781
2008-08-15,13.130000114440918
2008-08-18,13.039999961853027
2008-08-19,12.619999885559082
2008-08-20,12.430000305175781
2008-08-21,11.859999656677246
2008-08-22,12.180000305175781
2008-08-25,11.899999618530273
2008-08-26,11.890000343322754
2008-08-27,12.15999984741211
2008-08-28,12.5
2008-08-29,12.140000343322754
2008-09-02,12.640000343322754
2008-09-03,13.279999732971191
2008-09-04,12.970000267028809
2008-09-05,12.949999809265137
2008-09-08,13.470000267028809
2008-09-09,13.170000076293945
2008-09-10,13.449999809265137
2008-09-11,13.600000381469727
2008-09-12,13.279999732971191
2008-09-15,12.920000076293945
2008-09-16,13.069999694824219
2008-09-17,12.010000228881836
2008-09-18,13.0
2008-09-19,13.710000038146973
2008-09-22,12.75
2008-09-23,12.34000015258789
2008-09-24,12.539999961853027
2008-09-25,12.529999732971191
2008-09-26,12.460000038146973
2008-09-29,11.300000190734863
2008-09-30,11.520000457763672
2008-10-01,10.920000076293945
2008-10-02,9.239999771118164
2008-10-03,8.949999809265137
2008-10-06,8.369999885559082
2008-10-07,7.739999771118164
2008-10-08,7.579999923706055
2008-10-09,6.28000020980835
2008-10-10,5.150000095367432
2008-10-13,4.820000171661377
2008-10-14,4.849999904632568
2008-10-15,4.090000152587891
2008-10-16,4.21999979019165
2008-10-17,3.9200000762939453
2008-10-20,3.8499999046325684
2008-10-21,3.3499999046325684
2008-10-22,2.8399999141693115
2008-10-23,2.0
2008-10-24,2.0999999046325684
2008-10-27,2.049999952316284
2008-10-28,2.299999952316284
2008-10-29,3.0
2008-10-30,2.990000009536743
2008-10-31,3.25
2008-11-03,3.1700000762939453
2008-11-04,3.819999933242798
2008-11-05,3.5399999618530273
2008-11-06,3.430000066757202
2008-11-07,3.509999990463257
2008-11-10,3.200000047683716
2008-11-11,2.869999885559082
2008-11-12,2.7699999809265137
2008-11-13,3.2699999809265137
2008-11-14,3.7200000286102295
2008-11-17,3.109999895095825
2008-11-18,3.5399999618530273
2008-11-19,3.740000009536743
2008-11-20,3.4600000381469727
2008-11-21,3.6500000953674316
2008-11-24,3.390000104904175
2008-11-25,3.4600000381469727
2008-11-26,4.179999828338623
2008-11-28,5.03000020980835
2008-12-01,3.6700000762939453
2008-12-02,3.359999895095825
2008-12-03,2.990000009536743
2008-12-04,3.0999999046325684
2008-12-05,3.9800000190734863
2008-12-08,4.409999847412109
2008-12-09,4.239999771118164
2008-12-10,4.389999866485596
2008-12-11,3.990000009536743
2008-12-12,3.9100000858306885
2008-12-15,3.799999952316284
2008-12-16,4.449999809265137
2008-12-17,4.940000057220459
2008-12-18,4.449999809265137
2008-12-19,4.670000076293945
2008-12-22,3.869999885559082
2008-12-23,3.680000066757202
2008-12-24,3.880000114440918
2008-12-26,4.289999961853027
2008-12-29,4.429999828338623
2008-12-30,4.510000228881836
2008-12-31,4.570000171661377
2009-01-02,4.699999809265137
2009-01-05,4.489999771118164
2009-01-06,4.909999847412109
2009-01-07,4.730000019073486
2009-01-08,5.230000019073486
2009-01-09,4.989999771118164
2009-01-12,4.369999885559082
2009-01-13,4.550000190734863
2009-01-14,3.630000114440918
2009-01-15,4.170000076293945
2009-01-16,3.5399999618530273
2009-01-20,3.259999990463257
2009-01-21,3.5399999618530273
2009-01-22,3.5
2009-01-23,3.4600000381469727
2009-01-26,3.859999895095825
2009-01-27,3.869999885559082
2009-01-28,4.130000114440918
2009-01-29,3.640000104904175
2009-01-30,3.5799999237060547
2009-02-02,3.5799999237060547
2009-02-03,3.5
2009-02-04,3.2799999713897705
2009-02-05,3.75
2009-02-06,4.409999847412109
2009-02-09,4.420000076293945
2009-02-10,4.070000171661377
2009-02-11,3.859999895095825
2009-02-12,3.799999952316284
2009-02-13,3.880000114440918
2009-02-17,3.5999999046325684
2009-02-18,3.180000066757202
2009-02-19,3.4100000858306885
2009-02-20,3.549999952316284
2009-02-23,3.859999895095825
2009-02-24,3.9100000858306885
2009-02-25,3.3299999237060547
2009-02-26,3.0399999618530273
2009-02-27,2.8499999046325684
2009-03-02,2.7200000286102295
2009-03-03,2.569999933242798
2009-03-04,2.450000047683716
2009-03-05,2.140000104904175
2009-03-06,2.4000000953674316
2009-03-09,2.0199999809265137
2009-03-10,2.1700000762939453
2009-03-11,2.009999990463257
2009-03-12,2.130000114440918
2009-03-13,2.2899999618530273
2009-03-16,2.819999933242798
2009-03-17,3.7200000286102295
2009-03-18,3.6500000953674316
2009-03-19,4.0
2009-03-20,3.930000066757202
2009-03-23,4.699999809265137
2009-03-24,4.139999866485596
2009-03-25,4.199999809265137
2009-03-26,4.710000038146973
2009-03-27,4.940000057220459
2009-03-30,4.46999979019165
2009-03-31,4.309999942779541
2009-04-01,4.739999771118164
2009-04-02,5.590000152587891
2009-04-03,5.800000190734863
2009-04-06,5.239999771118164
2009-04-07,4.909999847412109
2009-04-08,5.380000114440918
2009-04-09,5.800000190734863
2009-04-13,5.679999828338623
2009-04-14,5.889999866485596
2009-04-15,5.769999980926514
2009-04-16,6.71999979019165
2009-04-17,7.03000020980835
2009-04-20,6.039999961853027
2009-04-21,6.699999809265137
2009-04-22,7.300000190734863
2009-04-23,8.0600004196167
2009-04-24,7.800000190734863
2009-04-27,7.460000038146973
2009-04-28,7.909999847412109
2009-04-29,9.09000015258789
2009-04-30,9.670000076293945
2009-05-01,10.270000457763672
2009-05-04,10.149999618530273
2009-05-05,10.8100004196167
2009-05-06,10.399999618530273
2009-05-07,9.850000381469727
2009-05-08,9.670000076293945
2009-05-11,9.470000267028809
2009-05-12,9.420000076293945
2009-05-13,8.329999923706055
2009-05-14,8.819999694824219
2009-05-15,8.550000190734863
2009-05-18,10.859999656677246
2009-05-19,10.180000305175781
2009-05-20,10.0600004196167
2009-05-21,9.930000305175781
2009-05-22,9.260000228881836
2009-05-26,9.880000114440918
2009-05-27,9.220000267028809
2009-05-28,9.350000381469727
2009-05-29,9.5
2009-06-01,10.210000038146973
2009-06-02,11.0600004196167
2009-06-03,10.8100004196167
2009-06-04,10.579999923706055
2009-06-05,11.010000228881836
2009-06-08,11.220000267028809
2009-06-09,11.84000015258789
2009-06-10,11.9399995803833
2009-06-11,11.90999984741211
2009-06-12,11.699999809265137
2009-06-15,11.100000381469727
2009-06-16,10.199999809265137
2009-06-17,10.779999732971191
2009-06-18,10.800000190734863
2009-06-19,10.3100004196167
2009-06-22,9.770000457763672
2009-06-23,9.890000343322754
2009-06-24,10.270000457763672
2009-06-25,11.020000457763672
2009-06-26,11.399999618530273
2009-06-29,10.989999771118164
2009-06-30,10.239999771118164
2009-07-01,10.170000076293945
2009-07-02,9.850000381469727
2009-07-06,9.09000015258789
2009-07-07,8.989999771118164
2009-07-08,9.350000381469727
2009-07-09,9.170000076293945
2009-07-10,9.25
2009-07-13,10.199999809265137
2009-07-14,10.369999885559082
2009-07-15,11.15999984741211
2009-07-16,11.760000228881836
2009-07-17,11.609999656677246
2009-07-20,12.15999984741211
2009-07-21,11.930000305175781
2009-07-22,12.079999923706055
2009-07-23,12.420000076293945
2009-07-24,12.119999885559082
2009-07-27,12.270000457763672
2009-07-28,12.109999656677246
2009-07-29,11.949999809265137
2009-07-30,13.050000190734863
2009-07-31,13.989999771118164
2009-08-03,13.979999542236328
2009-08-04,13.930000305175781
2009-08-05,13.8100004196167
2009-08-06,13.5
2009-08-07,14.170000076293945
2009-08-10,14.170000076293945
2009-08-11,13.140000343322754
2009-08-12,13.619999885559082
2009-08-13,13.800000190734863
2009-08-14,13.020000457763672
2009-08-17,12.329999923706055
2009-08-18,12.850000381469727
2009-08-19,13.119999885559082
2009-08-20,13.319999694824219
2009-08-21,13.3100004196167
2009-08-24,13.050000190734863
2009-08-25,13.279999732971191
2009-08-26,13.489999771118164
2009-08-27,13.25
2009-08-28,13.319999694824219
2009-08-31,12.5
2009-09-01,12.390000343322754
2009-09-02,12.449999809265137
2009-09-03,12.479999542236328
2009-09-04,12.550000190734863
2009-09-08,12.770000457763672
2009-09-09,13.4399995803833
2009-09-10,14.050000190734863
2009-09-11,14.119999885559082
2009-09-14,14.479999542236328
2009-09-15,14.819999694824219
2009-09-16,14.859999656677246
2009-09-17,14.0
2009-09-18,13.210000038146973
2009-09-21,13.449999809265137
2009-09-22,13.65999984741211
2009-09-23,13.050000190734863
2009-09-24,12.539999961853027
2009-09-25,12.710000038146973
2009-09-28,13.130000114440918
2009-09-29,13.170000076293945
2009-09-30,12.680000305175781
2009-10-01,12.3100004196167
2009-10-02,12.289999961853027
2009-10-05,12.65999984741211
2009-10-06,13.0
2009-10-07,12.6899995803833
2009-10-08,12.890000343322754
2009-10-09,13.050000190734863
2009-10-12,13.170000076293945
2009-10-13,13.220000267028809
2009-10-14,14.180000305175781
2009-10-15,14.100000381469727
2009-10-16,13.859999656677246
2009-10-19,14.100000381469727
2009-10-20,13.989999771118164
2009-10-21,14.430000305175781
2009-10-22,14.579999923706055
2009-10-23,14.300000190734863
2009-10-26,13.699999809265137
2009-10-27,12.65999984741211
2009-10-28,11.699999809265137
2009-10-29,11.260000228881836
2009-10-30,9.739999771118164
2009-11-02,10.460000038146973
2009-11-03,10.800000190734863
2009-11-04,10.130000114440918
2009-11-05,10.40999984741211
2009-11-06,10.390000343322754
2009-11-09,10.75
2009-11-10,10.149999618530273
2009-11-11,10.529999732971191
2009-11-12,10.079999923706055
2009-11-13,10.350000381469727
2009-11-16,10.739999771118164
2009-11-17,10.569999694824219
2009-11-18,10.239999771118164
2009-11-19,9.630000114440918
2009-11-20,9.75
2009-11-23,9.979999542236328
2009-11-24,11.069999694824219
2009-11-25,11.029999732971191
2009-11-27,10.649999618530273
2009-11-30,10.65999984741211
2009-12-01,10.9399995803833
2009-12-02,11.050000190734863
2009-12-03,11.15999984741211
2009-12-04,11.479999542236328
2009-12-07,11.899999618530273
2009-12-08,11.569999694824219
2009-12-09,11.630000114440918
2009-12-10,11.329999923706055
2009-12-11,11.4399995803833
2009-12-14,11.649999618530273
2009-12-15,11.260000228881836
2009-12-16,11.680000305175781
2009-12-17,11.270000457763672
2009-12-18,11.109999656677246
2009-12-21,11.489999771118164
2009-12-22,11.640000343322754
2009-12-23,11.829999923706055
2009-12-24,12.039999961853027
2009-12-28,11.90999984741211
2009-12-29,11.779999732971191
2009-12-30,11.8100004196167
2009-12-31,11.529999732971191
2010-01-04,11.829999923706055
2010-01-05,12.390000343322754
2010-01-06,12.760000228881836
2010-01-07,13.050000190734863
2010-01-08,13.149999618530273
2010-01-11,13.199999809265137
2010-01-12,13.069999694824219
2010-01-13,13.100000381469727
2010-01-14,13.0600004196167
2010-01-15,13.289999961853027
2010-01-19,13.15999984741211
2010-01-20,12.9399995803833
2010-01-21,12.600000381469727
2010-01-22,11.720000267028809
2010-01-25,12.0
2010-01-26,11.9399995803833
2010-01-27,11.779999732971191
2010-01-28,11.239999771118164
2010-01-29,11.069999694824219
2010-02-01,11.779999732971191
2010-02-02,12.100000381469727
2010-02-03,11.90999984741211
2010-02-04,11.420000076293945
2010-02-05,11.34000015258789
2010-02-08,10.960000038146973
2010-02-09,11.0
2010-02-10,10.90999984741211
2010-02-11,10.989999771118164
2010-02-12,11.239999771118164
2010-02-16,11.40999984741211
2010-02-17,11.579999923706055
2010-02-18,11.699999809265137
2010-02-19,11.699999809265137
2010-02-22,11.5600004196167
2010-02-23,11.470000267028809
2010-02-24,11.59000015258789
2010-02-25,11.710000038146973
2010-02-26,11.630000114440918
2010-03-01,12.029999732971191
2010-03-02,11.960000038146973
2010-03-03,12.359999656677246
2010-03-04,12.520000457763672
2010-03-05,12.899999618530273
2010-03-08,12.970000267028809
2010-03-09,13.109999656677246
2010-03-10,13.449999809265137
2010-03-11,13.359999656677246
2010-03-12,13.289999961853027
2010-03-15,13.470000267028809
2010-03-16,13.979999542236328
2010-03-17,14.050000190734863
2010-03-18,13.859999656677246
2010-03-19,14.039999961853027
2010-03-22,14.020000457763672
2010-03-23,14.239999771118164
2010-03-24,13.920000076293945
2010-03-25,13.90999984741211
2010-03-26,13.960000038146973
2010-03-29,13.680000305175781
2010-03-30,13.630000114440918
2010-03-31,13.300000190734863
2010-04-01,13.609999656677246
2010-04-05,13.829999923706055
2010-04-06,13.760000228881836
2010-04-07,13.989999771118164
2010-04-08,13.600000381469727
2010-04-09,13.59000015258789
2010-04-12,13.510000228881836
2010-04-13,13.470000267028809
2010-04-14,13.859999656677246
2010-04-15,14.029999732971191
2010-04-16,13.859999656677246
2010-04-19,13.5
2010-04-20,13.59000015258789
2010-04-21,13.989999771118164
2010-04-22,14.949999809265137
2010-04-23,15.039999961853027
2010-04-26,15.09000015258789
2010-04-27,14.350000381469727
2010-04-28,13.970000267028809
2010-04-29,16.790000915527344
2010-04-30,15.550000190734863
2010-05-03,15.930000305175781
2010-05-04,15.170000076293945
2010-05-05,14.600000381469727
2010-05-06,13.869999885559082
2010-05-07,13.3100004196167
2010-05-10,14.479999542236328
2010-05-11,14.800000190734863
2010-05-12,15.40999984741211
2010-05-13,14.770000457763672
2010-05-14,14.109999656677246
2010-05-17,13.670000076293945
2010-05-18,13.489999771118164
2010-05-19,13.0
2010-05-20,12.109999656677246
2010-05-21,12.460000038146973
2010-05-24,12.260000228881836
2010-05-25,12.59000015258789
2010-05-26,12.859999656677246
2010-05-27,13.390000343322754
2010-05-28,13.220000267028809
2010-06-01,12.4399995803833
2010-06-02,12.670000076293945
2010-06-03,13.390000343322754
2010-06-04,12.59000015258789
2010-06-07,11.699999809265137
2010-06-08,11.630000114440918
2010-06-09,11.960000038146973
2010-06-10,12.399999618530273
2010-06-11,12.75
2010-06-14,12.899999618530273
2010-06-15,13.6899995803833
2010-06-16,13.289999961853027
2010-06-17,12.960000038146973
2010-06-18,12.239999771118164
2010-06-21,11.819999694824219
2010-06-22,11.359999656677246
2010-06-23,11.720000267028809
2010-06-24,11.279999732971191
2010-06-25,11.369999885559082
2010-06-28,10.960000038146973
2010-06-29,10.710000038146973
2010-06-30,10.539999961853027
2010-07-01,10.270000457763672
2010-07-02,10.34000015258789
2010-07-06,9.819999694824219
2010-07-07,10.270000457763672
2010-07-08,10.329999923706055
2010-07-09,10.289999961853027
2010-07-12,10.109999656677246
2010-07-13,10.930000305175781
2010-07-14,11.079999923706055
2010-07-15,11.039999961853027
2010-07-16,10.40999984741211
2010-07-19,10.380000114440918
2010-07-20,10.989999771118164
2010-07-21,10.880000114440918
2010-07-22,11.850000381469727
2010-07-23,12.319999694824219
2010-07-26,12.75
2010-07-27,13.609999656677246
2010-07-28,13.359999656677246
2010-07-29,13.279999732971191
2010-07-30,13.460000038146973
2010-08-02,14.050000190734863
2010-08-03,13.779999732971191
2010-08-04,13.760000228881836
2010-08-05,13.460000038146973
2010-08-06,13.90999984741211
2010-08-09,14.420000076293945
2010-08-10,14.0
2010-08-11,13.1899995803833
2010-08-12,13.15999984741211
2010-08-13,12.880000114440918
2010-08-16,12.710000038146973
2010-08-17,13.039999961853027
2010-08-18,13.319999694824219
2010-08-19,12.720000267028809
2010-08-20,12.760000228881836
2010-08-23,12.170000076293945
2010-08-24,12.100000381469727
2010-08-25,12.109999656677246
2010-08-26,12.020000457763672
2010-08-27,12.489999771118164
2010-08-30,11.899999618530273
2010-08-31,11.930000305175781
2010-09-01,12.90999984741211
2010-09-02,13.130000114440918
2010-09-03,13.600000381469727
2010-09-07,13.079999923706055
2010-09-08,13.039999961853027
2010-09-09,12.880000114440918
2010-09-10,12.770000457763672
2010-09-13,12.819999694824219
2010-09-14,12.6899995803833
2010-09-15,12.800000190734863
2010-09-16,12.390000343322754
2010-09-17,12.239999771118164
2010-09-20,13.0
2010-09-21,12.90999984741211
2010-09-22,12.609999656677246
2010-09-23,12.6899995803833
2010-09-24,13.40999984741211
2010-09-27,13.720000267028809
2010-09-28,13.770000457763672
2010-09-29,13.960000038146973
2010-09-30,14.069999694824219
2010-10-01,14.40999984741211
2010-10-04,13.729999542236328
2010-10-05,14.260000228881836
2010-10-06,14.25
2010-10-07,14.289999961853027
2010-10-08,14.449999809265137
2010-10-11,14.319999694824219
2010-10-12,14.5600004196167
2010-10-13,14.699999809265137
2010-10-14,14.609999656677246
2010-10-15,14.579999923706055
2010-10-18,15.079999923706055
2010-10-19,14.460000038146973
2010-10-20,14.65999984741211
2010-10-21,14.899999618530273
2010-10-22,14.779999732971191
2010-10-25,14.829999923706055
2010-10-26,14.369999885559082
2010-10-27,14.399999618530273
2010-10-28,14.380000114440918
2010-10-29,14.420000076293945
2010-11-01,14.569999694824219
2010-11-02,14.899999618530273
2010-11-03,15.0
2010-11-04,15.829999923706055
2010-11-05,15.8100004196167
2010-11-08,16.010000228881836
2010-11-09,15.859999656677246
2010-11-10,16.030000686645508
2010-11-11,15.890000343322754
2010-11-12,15.619999885559082
2010-11-15,15.5600004196167
2010-11-16,15.449999809265137
2010-11-17,15.380000114440918
2010-11-18,16.030000686645508
2010-11-19,15.649999618530273
2010-11-22,15.600000381469727
2010-11-23,15.449999809265137
2010-11-24,16.149999618530273
2010-11-26,16.100000381469727
2010-11-29,16.0
2010-11-30,15.739999771118164
2010-12-01,16.139999389648438
2010-12-02,16.75
2010-12-03,17.1299991607666
2010-12-06,17.1299991607666
2010-12-07,17.280000686645508
2010-12-08,17.010000228881836
2010-12-09,17.040000915527344
2010-12-10,17.540000915527344
2010-12-13,16.799999237060547
2010-12-14,16.940000534057617
2010-12-15,16.899999618530273
2010-12-16,17.040000915527344
2010-12-17,16.8700008392334
2010-12-20,17.5
2010-12-21,18.670000076293945
2010-12-22,18.139999389648438
2010-12-23,18.059999465942383
2010-12-27,18.100000381469727
2010-12-28,17.81999969482422
2010-12-29,18.450000762939453
2010-12-30,18.799999237060547
2010-12-31,18.479999542236328
2011-01-03,18.760000228881836
2011-01-04,18.510000228881836
2011-01-05,18.6299991607666
2011-01-06,18.6200008392334
2011-01-07,18.719999313354492
2011-01-10,18.90999984741211
2011-01-11,18.760000228881836
2011-01-12,18.829999923706055
2011-01-13,18.59000015258789
2011-01-14,18.559999465942383
2011-01-18,18.389999389648438
2011-01-19,18.15999984741211
2011-01-20,18.020000457763672
2011-01-21,18.110000610351562
2011-01-24,18.309999465942383
2011-01-25,18.329999923706055
2011-01-26,18.989999771118164
2011-01-27,19.3700008392334
2011-01-28,18.420000076293945
2011-01-31,18.40999984741211
2011-02-01,18.709999084472656
2011-02-02,18.5
2011-02-03,18.68000030517578
2011-02-04,18.780000686645508
2011-02-07,19.479999542236328
2011-02-08,19.93000030517578
2011-02-09,19.59000015258789
2011-02-10,19.56999969482422
2011-02-11,19.979999542236328
2011-02-14,19.59000015258789
2011-02-15,19.06999969482422
2011-02-16,18.81999969482422
2011-02-17,18.450000762939453
2011-02-18,18.299999237060547
2011-02-22,19.40999984741211
2011-02-23,18.420000076293945
2011-02-24,18.15999984741211
2011-02-25,18.559999465942383
2011-02-28,18.450000762939453
2011-03-01,18.18000030517578
2011-03-02,18.530000686645508
2011-03-03,19.100000381469727
2011-03-04,19.110000610351562
2011-03-07,19.290000915527344
2011-03-08,19.549999237060547
2011-03-09,19.719999313354492
2011-03-10,18.920000076293945
2011-03-11,19.15999984741211
2011-03-14,17.799999237060547
2011-03-15,17.389999389648438
2011-03-16,17.139999389648438
2011-03-17,17.459999084472656
2011-03-18,17.040000915527344
2011-03-21,18.209999084472656
2011-03-22,17.450000762939453
2011-03-23,17.610000610351562
2011-03-24,18.149999618530273
2011-03-25,18.81999969482422
2011-03-28,18.479999542236328
2011-03-29,18.649999618530273
2011-03-30,19.09000015258789
2011-03-31,18.489999771118164
2011-04-01,18.65999984741211
2011-04-04,18.469999313354492
2011-04-05,18.719999313354492
2011-04-06,18.760000228881836
2011-04-07,18.959999084472656
2011-04-08,18.25
2011-04-11,18.09000015258789
2011-04-12,17.559999465942383
2011-04-13,17.59000015258789
2011-04-14,17.270000457763672
2011-04-15,16.969999313354492
2011-04-18,16.75
2011-04-19,16.670000076293945
2011-04-20,17.200000762939453
2011-04-21,17.600000381469727
2011-04-25,17.989999771118164
2011-04-26,16.940000534057617
2011-04-27,16.6299991607666
2011-04-28,17.139999389648438
2011-04-29,17.299999237060547
2011-05-02,16.989999771118164
2011-05-03,16.690000534057617
2011-05-04,16.709999084472656
2011-05-05,16.5
2011-05-06,16.59000015258789
2011-05-09,16.75
2011-05-10,17.0
2011-05-11,16.75
2011-05-12,17.110000610351562
2011-05-13,16.860000610351562
2011-05-16,16.40999984741211
2011-05-17,16.219999313354492
2011-05-18,16.59000015258789
2011-05-19,16.6299991607666
2011-05-20,15.899999618530273
2011-05-23,16.0
2011-05-24,16.31999969482422
2011-05-25,16.639999389648438
2011-05-26,16.600000381469727
2011-05-27,16.440000534057617
2011-05-31,16.799999237060547
2011-06-01,16.059999465942383
2011-06-02,15.949999809265137
2011-06-03,15.670000076293945
2011-06-06,15.239999771118164
2011-06-07,15.529999732971191
2011-06-08,15.289999961853027
2011-06-09,15.649999618530273
2011-06-10,15.449999809265137
2011-06-13,15.039999961853027
2011-06-14,15.850000381469727
2011-06-15,15.430000305175781
2011-06-16,15.640000343322754
2011-06-17,16.25
2011-06-20,17.049999237060547
2011-06-21,17.649999618530273
2011-06-22,17.020000457763672
2011-06-23,17.40999984741211
2011-06-24,17.309999465942383
2011-06-27,17.969999313354492
2011-06-28,18.549999237060547
2011-06-29,18.399999618530273
2011-06-30,18.530000686645508
2011-07-01,18.719999313354492
2011-07-05,18.809999465942383
2011-07-06,18.81999969482422
2011-07-07,19.239999771118164
2011-07-08,19.639999389648438
2011-07-11,19.209999084472656
2011-07-12,18.950000762939453
2011-07-13,19.420000076293945
2011-07-14,18.790000915527344
2011-07-15,19.520000457763672
2011-07-18,19.5
2011-07-19,19.950000762939453
2011-07-20,19.530000686645508
2011-07-21,19.93000030517578
2011-07-22,20.3700008392334
2011-07-25,20.100000381469727
2011-07-26,21.399999618530273
2011-07-27,20.610000610351562
2011-07-28,21.399999618530273
2011-07-29,21.530000686645508
2011-08-01,21.65999984741211
2011-08-02,20.84000015258789
2011-08-03,21.43000030517578
2011-08-04,19.6200008392334
2011-08-05,19.68000030517578
2011-08-08,18.030000686645508
2011-08-09,19.09000015258789
2011-08-10,17.350000381469727
2011-08-11,18.1299991607666
2011-08-12,17.899999618530273
2011-08-15,18.15999984741211
2011-08-16,17.90999984741211
2011-08-17,17.56999969482422
2011-08-18,16.489999771118164
2011-08-19,16.389999389648438
2011-08-22,16.18000030517578
2011-08-23,17.200000762939453
2011-08-24,17.719999313354492
2011-08-25,17.100000381469727
2011-08-26,17.59000015258789
2011-08-29,18.59000015258789
2011-08-30,18.56999969482422
2011-08-31,18.809999465942383
2011-09-01,18.020000457763672
2011-09-02,16.84000015258789
2011-09-06,17.25
2011-09-07,18.950000762939453
2011-09-08,18.3799991607666
2011-09-09,18.020000457763672
2011-09-12,18.350000381469727
2011-09-13,19.309999465942383
2011-09-14,19.729999542236328
2011-09-15,19.06999969482422
2011-09-16,18.979999542236328
2011-09-19,18.3700008392334
2011-09-20,17.809999465942383
2011-09-21,16.90999984741211
2011-09-22,16.219999313354492
2011-09-23,16.420000076293945
2011-09-26,17.100000381469727
2011-09-27,17.81999969482422
2011-09-28,17.06999969482422
2011-09-29,17.389999389648438
2011-09-30,16.489999771118164
2011-10-03,15.520000457763672
2011-10-04,17.559999465942383
2011-10-05,17.729999542236328
2011-10-06,18.3799991607666
2011-10-07,17.860000610351562
2011-10-10,18.920000076293945
2011-10-11,19.06999969482422
2011-10-12,19.540000915527344
2011-10-13,19.09000015258789
2011-10-14,19.299999237060547
2011-10-17,18.93000030517578
2011-10-18,19.610000610351562
2011-10-19,19.350000381469727
2011-10-20,19.399999618530273
2011-10-21,19.649999618530273
2011-10-24,20.610000610351562
2011-10-25,19.799999237060547
2011-10-26,19.110000610351562
2011-10-27,19.530000686645508
2011-10-28,19.31999969482422
2011-10-31,18.649999618530273
2011-11-01,18.329999923706055
2011-11-02,18.799999237060547
2011-11-03,18.6299991607666
2011-11-04,18.520000457763672
2011-11-07,18.399999618530273
2011-11-08,18.299999237060547
2011-11-09,17.799999237060547
2011-11-10,18.459999084472656
2011-11-11,18.940000534057617
2011-11-14,18.790000915527344
2011-11-15,19.190000534057617
2011-11-16,18.8799991607666
2011-11-17,18.739999771118164
2011-11-18,19.049999237060547
2011-11-21,18.90999984741211
2011-11-22,18.889999389648438
2011-11-23,18.219999313354492
2011-11-25,18.219999313354492
2011-11-28,18.889999389648438
2011-11-29,18.950000762939453
2011-11-30,19.719999313354492
2011-12-01,19.780000686645508
2011-12-02,20.239999771118164
2011-12-05,20.56999969482422
2011-12-06,20.56999969482422
2011-12-07,20.510000228881836
2011-12-08,20.190000534057617
2011-12-09,20.989999771118164
2011-12-12,21.15999984741211
2011-12-13,19.979999542236328
2011-12-14,19.799999237060547
2011-12-15,19.889999389648438
2011-12-16,19.959999084472656
2011-12-19,19.059999465942383
2011-12-20,19.81999969482422
2011-12-21,20.389999389648438
2011-12-22,20.68000030517578
2011-12-23,20.8799991607666
2011-12-27,21.020000457763672
2011-12-28,20.989999771118164
2011-12-29,21.399999618530273
2011-12-30,21.559999465942383
2012-01-03,21.709999084472656
2012-01-04,21.5
2012-01-05,21.65999984741211
2012-01-06,21.56999969482422
2012-01-09,22.389999389648438
2012-01-10,22.530000686645508
2012-01-11,22.549999237060547
2012-01-12,22.40999984741211
2012-01-13,22.84000015258789
2012-01-17,22.6299991607666
2012-01-18,23.579999923706055
2012-01-19,23.270000457763672
2012-01-20,23.389999389648438
2012-01-23,23.219999313354492
2012-01-24,23.200000762939453
2012-01-25,23.15999984741211
2012-01-26,23.040000915527344
2012-01-27,23.399999618530273
2012-01-30,23.290000915527344
2012-01-31,22.90999984741211
2012-02-01,23.350000381469727
2012-02-02,23.75
2012-02-03,24.469999313354492
2012-02-06,24.530000686645508
2012-02-07,24.600000381469727
2012-02-08,24.190000534057617
2012-02-09,24.639999389648438
2012-02-10,24.68000030517578
2012-02-13,24.65999984741211
2012-02-14,26.5
2012-02-15,25.420000076293945
2012-02-16,26.06999969482422
2012-02-17,25.920000076293945
2012-02-21,25.1200008392334
2012-02-22,25.25
2012-02-23,25.020000457763672
2012-02-24,25.540000915527344
2012-02-27,25.649999618530273
2012-02-28,26.31999969482422
2012-02-29,25.93000030517578
2012-03-01,26.510000228881836
2012-03-02,26.479999542236328
2012-03-05,26.719999313354492
2012-03-06,26.25
2012-03-07,26.510000228881836
2012-03-08,27.06999969482422
2012-03-09,27.200000762939453
2012-03-12,26.969999313354492
2012-03-13,27.440000534057617
2012-03-14,27.260000228881836
2012-03-15,27.809999465942383
2012-03-16,26.6299991607666
2012-03-19,26.709999084472656
2012-03-20,26.700000762939453
2012-03-21,26.809999465942383
2012-03-22,26.68000030517578
2012-03-23,26.639999389648438
2012-03-26,28.229999542236328
2012-03-27,27.40999984741211
2012-03-28,27.219999313354492
2012-03-29,27.200000762939453
2012-03-30,27.0
2012-04-02,27.290000915527344
2012-04-03,28.6200008392334
2012-04-04,28.25
2012-04-05,27.799999237060547
2012-04-09,27.079999923706055
2012-04-10,26.440000534057617
2012-04-11,27.329999923706055
2012-04-12,27.700000762939453
2012-04-13,27.389999389648438
2012-04-16,27.520000457763672
2012-04-17,27.760000228881836
2012-04-18,27.290000915527344
2012-04-19,26.510000228881836
2012-04-20,26.43000030517578
2012-04-23,26.350000381469727
2012-04-24,25.860000610351562
2012-04-25,27.229999542236328
2012-04-26,27.719999313354492
2012-04-27,28.68000030517578
2012-04-30,27.920000076293945
2012-05-01,28.190000534057617
2012-05-02,28.450000762939453
2012-05-03,27.760000228881836
2012-05-04,26.829999923706055
2012-05-07,26.700000762939453
2012-05-08,25.639999389648438
2012-05-09,26.020000457763672
2012-05-10,26.530000686645508
2012-05-11,26.06999969482422
2012-05-14,25.760000228881836
2012-05-15,25.84000015258789
2012-05-16,25.84000015258789
2012-05-17,25.350000381469727
2012-05-18,25.540000915527344
2012-05-21,26.399999618530273
2012-05-22,26.450000762939453
2012-05-23,26.860000610351562
2012-05-24,26.75
2012-05-25,26.549999237060547
2012-05-29,27.6299991607666
2012-05-30,26.520000457763672
2012-05-31,26.729999542236328
2012-06-01,24.790000915527344
2012-06-04,24.299999237060547
2012-06-05,24.06999969482422
2012-06-06,25.329999923706055
2012-06-07,25.059999465942383
2012-06-08,25.43000030517578
2012-06-11,24.18000030517578
2012-06-12,24.350000381469727
2012-06-13,23.559999465942383
2012-06-14,24.350000381469727
2012-06-15,24.5
2012-06-18,24.329999923706055
2012-06-19,25.06999969482422
2012-06-20,24.68000030517578
2012-06-21,23.709999084472656
2012-06-22,23.860000610351562
2012-06-25,22.309999465942383
2012-06-26,22.18000030517578
2012-06-27,22.43000030517578
2012-06-28,22.5
2012-06-29,23.690000534057617
2012-07-02,24.889999389648438
2012-07-03,25.56999969482422
2012-07-05,26.18000030517578
2012-07-06,25.790000915527344
2012-07-09,25.260000228881836
2012-07-10,25.299999237060547
2012-07-11,25.09000015258789
2012-07-12,25.139999389648438
2012-07-13,26.440000534057617
2012-07-16,26.270000457763672
2012-07-17,26.579999923706055
2012-07-18,27.350000381469727
2012-07-19,27.469999313354492
2012-07-20,27.149999618530273
2012-07-23,26.6200008392334
2012-07-24,25.899999618530273
2012-07-25,26.1200008392334
2012-07-26,25.510000228881836
2012-07-27,26.420000076293945
2012-07-30,26.209999084472656
2012-07-31,26.15999984741211
2012-08-01,25.09000015258789
2012-08-02,25.56999969482422
2012-08-03,26.860000610351562
2012-08-06,27.0
2012-08-07,26.760000228881836
2012-08-08,26.75
2012-08-09,27.0
2012-08-10,26.530000686645508
2012-08-13,26.81999969482422
2012-08-14,26.510000228881836
2012-08-15,26.709999084472656
2012-08-16,26.770000457763672
2012-08-17,27.079999923706055
2012-08-20,26.829999923706055
2012-08-21,26.6299991607666
2012-08-22,26.239999771118164
2012-08-23,26.34000015258789
2012-08-24,26.389999389648438
2012-08-27,26.780000686645508
2012-08-28,26.81999969482422
2012-08-29,27.6200008392334
2012-08-30,27.459999084472656
2012-08-31,27.690000534057617
2012-09-04,27.899999618530273
2012-09-05,28.010000228881836
2012-09-06,29.34000015258789
2012-09-07,29.8700008392334
2012-09-10,29.81999969482422
2012-09-11,29.459999084472656
2012-09-12,28.899999618530273
2012-09-13,29.190000534057617
2012-09-14,29.93000030517578
2012-09-17,29.110000610351562
2012-09-18,28.229999542236328
2012-09-19,28.389999389648438
2012-09-20,28.1200008392334
2012-09-21,28.239999771118164
2012-09-24,28.18000030517578
2012-09-25,27.989999771118164
2012-09-26,27.700000762939453
2012-09-27,28.270000457763672
2012-09-28,27.950000762939453
2012-10-01,28.100000381469727
2012-10-02,28.149999618530273
2012-10-03,28.579999923706055
2012-10-04,29.110000610351562
2012-10-05,29.770000457763672
2012-10-08,31.059999465942383
2012-10-09,30.489999771118164
2012-10-10,29.969999313354492
2012-10-11,29.610000610351562
2012-10-12,29.610000610351562
2012-10-15,29.829999923706055
2012-10-16,30.0
2012-10-17,30.5
2012-10-18,31.020000457763672
2012-10-19,30.34000015258789
2012-10-22,30.040000915527344
2012-10-23,30.889999389648438
2012-10-24,31.239999771118164
2012-10-25,30.34000015258789
2012-10-26,30.549999237060547
2012-10-31,31.719999313354492
2012-11-01,32.349998474121094
2012-11-02,31.0
2012-11-05,31.270000457763672
2012-11-06,31.440000534057617
2012-11-07,30.459999084472656
2012-11-08,29.489999771118164
2012-11-09,29.309999465942383
2012-11-12,29.229999542236328
2012-11-13,29.219999313354492
2012-11-14,27.829999923706055
2012-11-15,28.43000030517578
2012-11-16,28.479999542236328
2012-11-19,29.170000076293945
2012-11-20,29.56999969482422
2012-11-21,30.0
2012-11-23,30.760000228881836
2012-11-26,29.829999923706055
2012-11-27,29.860000610351562
2012-11-28,29.989999771118164
2012-11-29,30.15999984741211
2012-11-30,30.190000534057617
2012-12-03,30.639999389648438
2012-12-04,31.5
2012-12-05,31.299999237060547
2012-12-06,31.420000076293945
2012-12-07,30.670000076293945
2012-12-10,30.530000686645508
2012-12-11,30.760000228881836
2012-12-12,30.280000686645508
2012-12-13,29.559999465942383
2012-12-14,29.209999084472656
2012-12-17,30.719999313354492
2012-12-18,31.030000686645508
2012-12-19,31.229999542236328
2012-12-20,31.389999389648438
2012-12-21,31.110000610351562
2012-12-24,31.040000915527344
2012-12-26,30.90999984741211
2012-12-27,30.780000686645508
2012-12-28,30.610000610351562
2012-12-31,32.029998779296875
2013-01-02,32.2599983215332
2013-01-03,33.029998779296875
2013-01-04,34.40999984741211
2013-01-07,33.540000915527344
2013-01-08,34.13999938964844
2013-01-09,34.36000061035156
2013-01-10,33.0099983215332
2013-01-11,33.029998779296875
2013-01-14,32.38999938964844
2013-01-15,33.349998474121094
2013-01-16,33.40999984741211
2013-01-17,33.58000183105469
2013-01-18,33.939998626708984
2013-01-22,33.61000061035156
2013-01-23,34.59000015258789
2013-01-24,34.220001220703125
2013-01-25,34.40999984741211
2013-01-28,34.45000076293945
2013-01-29,34.77000045776367
2013-01-30,34.29999923706055
2013-01-31,35.560001373291016
2013-02-01,35.90999984741211
2013-02-04,35.380001068115234
2013-02-05,37.11000061035156
2013-02-06,36.45000076293945
2013-02-07,35.959999084472656
2013-02-08,36.36000061035156
2013-02-11,36.08000183105469
2013-02-12,36.209999084472656
2013-02-13,36.310001373291016
2013-02-14,36.2400016784668
2013-02-15,36.08000183105469
2013-02-19,35.810001373291016
2013-02-20,34.970001220703125
2013-02-21,33.119998931884766
2013-02-22,33.75
2013-02-25,32.630001068115234
2013-02-26,33.09000015258789
2013-02-27,33.790000915527344
2013-02-28,33.7599983215332
2013-03-01,33.68000030517578
2013-03-04,33.2599983215332
2013-03-05,34.22999954223633
2013-03-06,35.349998474121094
2013-03-07,35.279998779296875
2013-03-08,36.130001068115234
2013-03-11,36.61000061035156
2013-03-12,36.189998626708984
2013-03-13,37.18000030517578
2013-03-14,37.31999969482422
2013-03-15,38.040000915527344
2013-03-18,37.189998626708984
2013-03-19,37.06999969482422
2013-03-20,37.7400016784668
2013-03-21,37.0099983215332
2013-03-22,36.9900016784668
2013-03-25,36.97999954223633
2013-03-26,37.040000915527344
2013-03-27,36.849998474121094
2013-03-28,36.689998626708984
2013-04-01,36.45000076293945
2013-04-02,36.599998474121094
2013-04-03,34.619998931884766
2013-04-04,35.11000061035156
2013-04-05,34.84000015258789
2013-04-08,35.13999938964844
2013-04-09,34.970001220703125
2013-04-10,36.279998779296875
2013-04-11,36.91999816894531
2013-04-12,36.90999984741211
2013-04-15,35.369998931884766
2013-04-16,35.599998474121094
2013-04-17,34.849998474121094
2013-04-18,33.560001373291016
2013-04-19,34.18000030517578
2013-04-22,34.75
2013-04-23,35.54999923706055
2013-04-24,38.09000015258789
2013-04-25,39.7599983215332
2013-04-26,39.5099983215332
2013-04-29,39.84000015258789
2013-04-30,40.09000015258789
2013-05-01,38.689998626708984
2013-05-02,40.220001220703125
2013-05-03,40.779998779296875
2013-05-06,41.16999816894531
2013-05-07,42.38999938964844
2013-05-08,42.5
2013-05-09,41.7599983215332
2013-05-10,42.0099983215332
2013-05-13,41.5099983215332
2013-05-14,43.04999923706055
2013-05-15,42.189998626708984
2013-05-16,41.22999954223633
2013-05-17,41.709999084472656
2013-05-20,41.529998779296875
2013-05-21,41.59000015258789
2013-05-22,41.0
2013-05-23,41.15999984741211
2013-05-24,41.11000061035156
2013-05-28,42.209999084472656
2013-05-29,41.5099983215332
2013-05-30,41.0
2013-05-31,41.20000076293945
2013-06-03,41.209999084472656
2013-06-04,41.400001525878906
2013-06-05,39.95000076293945
2013-06-06,40.29999923706055
2013-06-07,41.529998779296875
2013-06-10,41.619998931884766
2013-06-11,41.09000015258789
2013-06-12,39.400001525878906
2013-06-13,40.81999969482422
2013-06-14,40.18000030517578
2013-06-17,40.47999954223633
2013-06-18,41.29999923706055
2013-06-19,39.9900016784668
2013-06-20,38.70000076293945
2013-06-21,38.2599983215332
2013-06-24,37.4900016784668
2013-06-25,37.88999938964844
2013-06-26,39.02000045776367
2013-06-27,40.099998474121094
2013-06-28,40.099998474121094
2013-07-01,40.54999923706055
2013-07-02,41.04999923706055
2013-07-03,40.93000030517578
2013-07-05,41.939998626708984
2013-07-08,42.959999084472656
2013-07-09,43.72999954223633
2013-07-10,43.63999938964844
2013-07-11,43.959999084472656
2013-07-12,43.709999084472656
2013-07-15,44.150001525878906
2013-07-16,44.16999816894531
2013-07-17,44.45000076293945
2013-07-18,45.099998474121094
2013-07-19,44.63999938964844
2013-07-22,45.04999923706055
2013-07-23,46.81999969482422
2013-07-24,46.81999969482422
2013-07-25,47.040000915527344
2013-07-26,47.7599983215332
2013-07-29,47.66999816894531
2013-07-30,48.06999969482422
2013-07-31,48.84000015258789
2013-08-01,50.869998931884766
2013-08-02,50.90999984741211
2013-08-05,50.5
2013-08-06,50.790000915527344
2013-08-07,50.619998931884766
2013-08-08,51.869998931884766
2013-08-09,51.43000030517578
2013-08-12,51.41999816894531
2013-08-13,51.209999084472656
2013-08-14,51.33000183105469
2013-08-15,49.560001373291016
2013-08-16,49.369998931884766
2013-08-19,49.31999969482422
2013-08-20,50.06999969482422
2013-08-21,50.06999969482422
2013-08-22,50.130001068115234
2013-08-23,50.02000045776367
2013-08-26,49.529998779296875
2013-08-27,48.619998931884766
2013-08-28,48.939998626708984
2013-08-29,49.59000015258789
2013-08-30,49.130001068115234
2013-09-03,49.09000015258789
2013-09-04,50.290000915527344
2013-09-05,51.66999816894531
2013-09-06,51.88999938964844
2013-09-09,52.959999084472656
2013-09-10,54.0
2013-09-11,53.2400016784668
2013-09-12,52.630001068115234
2013-09-13,52.630001068115234
2013-09-16,52.93000030517578
2013-09-17,53.400001525878906
2013-09-18,53.4900016784668
2013-09-19,53.43000030517578
2013-09-20,52.939998626708984
2013-09-23,52.83000183105469
2013-09-24,53.2400016784668
2013-09-25,53.619998931884766
2013-09-26,53.81999969482422
2013-09-27,53.79999923706055
2013-09-30,53.20000076293945
2013-10-01,54.0
2013-10-02,55.61000061035156
2013-10-03,54.43000030517578
2013-10-04,55.06999969482422
2013-10-07,54.380001068115234
2013-10-08,51.54999923706055
2013-10-09,51.13999938964844
2013-10-10,52.279998779296875
2013-10-11,52.810001373291016
2013-10-14,53.09000015258789
2013-10-15,52.09000015258789
2013-10-16,52.470001220703125
2013-10-17,53.619998931884766
2013-10-18,54.04999923706055
2013-10-21,54.20000076293945
2013-10-22,51.2400016784668
2013-10-23,48.310001373291016
2013-10-24,48.9900016784668
2013-10-25,48.61000061035156
2013-10-28,48.0
2013-10-29,47.83000183105469
2013-10-30,47.5099983215332
2013-10-31,48.04999923706055
2013-11-01,48.7400016784668
2013-11-04,49.81999969482422
2013-11-05,49.66999816894531
2013-11-06,48.470001220703125
2013-11-07,47.86000061035156
2013-11-08,48.619998931884766
2013-11-11,48.56999969482422
2013-11-12,49.939998626708984
2013-11-13,50.650001525878906
2013-11-14,50.2599983215332
2013-11-15,51.150001525878906
2013-11-18,50.02000045776367
2013-11-19,49.13999938964844
2013-11-20,50.15999984741211
2013-11-21,51.470001220703125
2013-11-22,51.65999984741211
2013-11-25,51.52000045776367
2013-11-26,51.290000915527344
2013-11-27,51.869998931884766
2013-11-29,51.91999816894531
2013-12-02,51.31999969482422
2013-12-03,51.20000076293945
2013-12-04,50.779998779296875
2013-12-05,51.59000015258789
2013-12-06,52.279998779296875
2013-12-09,51.880001068115234
2013-12-10,52.150001525878906
2013-12-11,51.959999084472656
2013-12-12,52.0
2013-12-13,51.75
2013-12-16,53.43000030517578
2013-12-17,53.540000915527344
2013-12-18,53.619998931884766
2013-12-19,54.790000915527344
2013-12-20,53.02000045776367
2013-12-23,53.65999984741211
2013-12-24,53.779998779296875
2013-12-26,54.08000183105469
2013-12-27,54.0
2013-12-30,53.470001220703125
2013-12-31,53.7400016784668
2014-01-02,53.97999954223633
2014-01-03,53.029998779296875
2014-01-06,52.709999084472656
2014-01-07,52.810001373291016
2014-01-08,52.09000015258789
2014-01-09,51.869998931884766
2014-01-10,51.43000030517578
2014-01-13,49.810001373291016
2014-01-14,51.41999816894531
2014-01-15,48.5
2014-01-16,48.97999954223633
2014-01-17,49.439998626708984
2014-01-21,49.279998779296875
2014-01-22,49.91999816894531
2014-01-23,49.369998931884766
2014-01-24,47.95000076293945
2014-01-27,46.810001373291016
2014-01-28,46.86000061035156
2014-01-29,46.150001525878906
2014-01-30,47.70000076293945
2014-01-31,47.02000045776367
2014-02-03,45.41999816894531
2014-02-04,49.11000061035156
2014-02-05,49.220001220703125
2014-02-06,50.349998474121094
2014-02-07,50.130001068115234
2014-02-10,49.45000076293945
2014-02-11,49.099998474121094
2014-02-12,48.189998626708984
2014-02-13,49.040000915527344
2014-02-14,49.2599983215332
2014-02-18,49.029998779296875
2014-02-19,49.08000183105469
2014-02-20,48.88999938964844
2014-02-21,48.439998626708984
2014-02-24,48.04999923706055
2014-02-25,49.08000183105469
2014-02-26,50.40999984741211
2014-02-27,51.369998931884766
2014-02-28,50.84000015258789
2014-03-03,50.779998779296875
2014-03-04,53.130001068115234
2014-03-05,52.81999969482422
2014-03-06,53.97999954223633
2014-03-07,54.880001068115234
2014-03-10,55.02000045776367
2014-03-11,53.47999954223633
2014-03-12,53.0
2014-03-13,51.47999954223633
2014-03-14,51.54999923706055
2014-03-17,52.779998779296875
2014-03-18,53.970001220703125
2014-03-19,53.75
2014-03-20,53.90999984741211
2014-03-21,55.04999923706055
2014-03-24,55.41999816894531
2014-03-25,55.11000061035156
2014-03-26,54.75
2014-03-27,54.22999954223633
2014-03-28,54.130001068115234
2014-03-31,55.310001373291016
2014-04-01,56.5099983215332
2014-04-02,57.5
2014-04-03,57.66999816894531
2014-04-04,56.65999984741211
2014-04-07,55.220001220703125
2014-04-08,55.58000183105469
2014-04-09,56.290000915527344
2014-04-10,54.900001525878906
2014-04-11,53.150001525878906
2014-04-14,53.5099983215332
2014-04-15,53.790000915527344
2014-04-16,54.880001068115234
2014-04-17,55.029998779296875
2014-04-21,55.0
2014-04-22,54.93000030517578
2014-04-23,57.47999954223633
2014-04-24,60.09000015258789
2014-04-25,59.5099983215332
2014-04-28,59.79999923706055
2014-04-29,60.709999084472656
2014-04-30,61.7400016784668
2014-05-01,62.439998626708984
2014-05-02,63.130001068115234
2014-05-05,62.77000045776367
2014-05-06,61.5
2014-05-07,61.220001220703125
2014-05-08,61.36000061035156
2014-05-09,62.849998474121094
2014-05-12,64.66000366210938
2014-05-13,63.439998626708984
2014-05-14,62.939998626708984
2014-05-15,62.470001220703125
2014-05-16,62.77000045776367
2014-05-19,63.18000030517578
2014-05-20,63.040000915527344
2014-05-21,63.91999816894531
2014-05-22,63.84000015258789
2014-05-23,64.05000305175781
2014-05-27,64.87999725341797
2014-05-28,64.3499984741211
2014-05-29,64.62999725341797
2014-05-30,64.63999938964844
2014-06-02,64.4000015258789
2014-06-03,66.19999694824219
2014-06-04,65.8499984741211
2014-06-05,65.77999877929688
2014-06-06,65.51000213623047
2014-06-09,65.23999786376953
2014-06-10,65.5
2014-06-11,64.62000274658203
2014-06-12,62.439998626708984
2014-06-13,62.279998779296875
2014-06-16,63.13999938964844
2014-06-17,63.65999984741211
2014-06-18,64.58000183105469
2014-06-19,64.69999694824219
2014-06-20,65.75
2014-06-23,66.0999984741211
2014-06-24,65.62999725341797
2014-06-25,66.37999725341797
2014-06-26,66.73999786376953
2014-06-27,68.01000213623047
2014-06-30,68.73999786376953
2014-07-01,69.37999725341797
2014-07-02,70.19000244140625
2014-07-03,71.05000305175781
2014-07-07,70.88999938964844
2014-07-08,71.0199966430664
2014-07-09,71.12000274658203
2014-07-10,71.01000213623047
2014-07-11,71.12999725341797
2014-07-14,71.33999633789062
2014-07-15,71.29000091552734
2014-07-16,71.36000061035156
2014-07-17,69.26000213623047
2014-07-18,71.1500015258789
2014-07-21,70.77999877929688
2014-07-22,70.77999877929688
2014-07-23,70.33999633789062
2014-07-24,71.86000061035156
2014-07-25,70.66000366210938
2014-07-28,69.97000122070312
2014-07-29,69.33999633789062
2014-07-30,69.26000213623047
2014-07-31,67.52999877929688
2014-08-01,68.05000305175781
2014-08-04,68.68000030517578
2014-08-05,68.38999938964844
2014-08-06,68.08000183105469
2014-08-07,66.66999816894531
2014-08-08,67.41000366210938
2014-08-11,69.27999877929688
2014-08-12,68.93000030517578
2014-08-13,70.04000091552734
2014-08-14,70.41000366210938
2014-08-15,69.19999694824219
2014-08-18,69.48999786376953
2014-08-19,69.4000015258789
2014-08-20,69.30000305175781
2014-08-21,68.77999877929688
2014-08-22,68.18000030517578
2014-08-25,68.87999725341797
2014-08-26,69.75
2014-08-27,69.80999755859375
2014-08-28,69.4800033569336
2014-08-29,69.68000030517578
2014-09-02,71.13999938964844
2014-09-03,71.98999786376953
2014-09-04,71.81999969482422
2014-09-05,71.94000244140625
2014-09-08,71.4000015258789
2014-09-09,69.5199966430664
2014-09-10,69.0
2014-09-11,69.02999877929688
2014-09-12,67.11000061035156
2014-09-15,65.66999816894531
2014-09-16,66.4000015258789
2014-09-17,66.56999969482422
2014-09-18,66.47000122070312
2014-09-19,65.37000274658203
2014-09-22,66.83999633789062
2014-09-23,64.45999908447266
2014-09-24,64.6500015258789
2014-09-25,65.19000244140625
2014-09-26,65.3499984741211
2014-09-29,65.69999694824219
2014-09-30,64.41999816894531
2014-10-01,63.20000076293945
2014-10-02,65.47000122070312
2014-10-03,68.75
2014-10-06,68.05000305175781
2014-10-07,65.94999694824219
2014-10-08,67.87000274658203
2014-10-09,66.3499984741211
2014-10-10,67.12000274658203
2014-10-13,62.040000915527344
2014-10-14,63.869998931884766
2014-10-15,65.20999908447266
2014-10-16,63.959999084472656
2014-10-17,65.19000244140625
2014-10-20,65.30000305175781
2014-10-21,64.91999816894531
2014-10-22,61.459999084472656
2014-10-23,64.9800033569336
2014-10-24,66.55999755859375
2014-10-27,66.30000305175781
2014-10-28,69.3499984741211
2014-10-29,68.27999877929688
2014-10-30,69.4000015258789
2014-10-31,70.04000091552734
2014-11-03,70.52999877929688
2014-11-04,68.93000030517578
2014-11-05,70.88999938964844
2014-11-06,72.81999969482422
2014-11-07,73.62999725341797
2014-11-10,73.54000091552734
2014-11-11,73.87000274658203
2014-11-12,76.0
2014-11-13,74.44000244140625
2014-11-14,74.01000213623047
2014-11-17,73.19999694824219
2014-11-18,73.69999694824219
2014-11-19,73.93000030517578
2014-11-20,73.86000061035156
2014-11-21,74.66999816894531
2014-11-24,74.91999816894531
2014-11-25,75.52999877929688
2014-11-26,75.7699966430664
2014-11-28,75.70999908447266
2014-12-01,74.75
2014-12-02,75.69999694824219
2014-12-03,76.93000030517578
2014-12-04,77.19999694824219
2014-12-05,76.94999694824219
2014-12-08,76.2300033569336
2014-12-09,76.69999694824219
2014-12-10,75.58999633789062
2014-12-11,75.36000061035156
2014-12-12,74.63999938964844
2014-12-15,74.98999786376953
2014-12-16,73.16999816894531
2014-12-17,74.8499984741211
2014-12-18,75.0
2014-12-19,75.52999877929688
2014-12-22,75.41000366210938
2014-12-23,76.69000244140625
2014-12-24,77.12000274658203
2014-12-26,77.55999755859375
2014-12-29,77.54000091552734
2014-12-30,76.86000061035156
2014-12-31,75.91999816894531
2015-01-02,76.08999633789062
2015-01-05,74.0
2015-01-06,72.69000244140625
2015-01-07,75.01000213623047
2015-01-08,75.5
2015-01-09,74.44999694824219
2015-01-12,73.66999816894531
2015-01-13,72.93000030517578
2015-01-14,72.2300033569336
2015-01-15,70.12000274658203
2015-01-16,70.79000091552734
2015-01-20,70.68000030517578
2015-01-21,71.87000274658203
2015-01-22,74.04000091552734
2015-01-23,74.7300033569336
2015-01-26,77.18000030517578
2015-01-27,76.51000213623047
2015-01-28,75.80999755859375
2015-01-29,77.30999755859375
2015-01-30,74.20999908447266
2015-02-02,76.0999984741211
2015-02-03,78.80000305175781
2015-02-04,78.4800033569336
2015-02-05,77.91999816894531
2015-02-06,79.70999908447266
2015-02-09,78.69000244140625
2015-02-10,79.20999908447266
2015-02-11,78.73999786376953
2015-02-12,80.36000061035156
2015-02-13,79.87000274658203
2015-02-17,78.19000244140625
2015-02-18,78.51000213623047
2015-02-19,78.94000244140625
2015-02-20,78.87000274658203
2015-02-23,78.52999877929688
2015-02-24,77.70999908447266
2015-02-25,77.95999908447266
2015-02-26,79.0199966430664
2015-02-27,78.66999816894531
2015-03-02,79.29000091552734
2015-03-03,78.2699966430664
2015-03-04,76.72000122070312
2015-03-05,78.5999984741211
2015-03-06,76.29000091552734
2015-03-09,75.80999755859375
2015-03-10,75.18000030517578
2015-03-11,75.43000030517578
2015-03-12,76.97000122070312
2015-03-13,76.30000305175781
2015-03-16,77.9000015258789
2015-03-17,77.8499984741211
2015-03-18,78.55000305175781
2015-03-19,79.4800033569336
2015-03-20,79.45999908447266
2015-03-23,81.73999786376953
2015-03-24,82.13999938964844
2015-03-25,80.12000274658203
2015-03-26,80.05000305175781
2015-03-27,81.54000091552734
2015-03-30,83.05000305175781
2015-03-31,83.0999984741211
2015-04-01,82.26000213623047
2015-04-02,83.79000091552734
2015-04-06,85.01000213623047
2015-04-07,84.80999755859375
2015-04-08,84.93000030517578
2015-04-09,84.95999908447266
2015-04-10,85.4800033569336
2015-04-13,85.3499984741211
2015-04-14,85.44999694824219
2015-04-15,86.37999725341797
2015-04-16,85.8499984741211
2015-04-17,85.33000183105469
2015-04-20,88.05000305175781
2015-04-21,87.12999725341797
2015-04-22,86.97000122070312
2015-04-23,87.58999633789062
2015-04-24,87.79000091552734
2015-04-27,86.56999969482422
2015-04-28,86.63999938964844
2015-04-29,85.63999938964844
2015-04-30,84.02999877929688
2015-05-01,84.97000122070312
2015-05-04,85.33000183105469
2015-05-05,83.7300033569336
2015-05-06,84.19999694824219
2015-05-07,84.80000305175781
2015-05-08,85.83999633789062
2015-05-11,85.6500015258789
2015-05-12,85.16999816894531
2015-05-13,84.54000091552734
2015-05-14,84.54000091552734
2015-05-15,84.66000366210938
2015-05-18,86.8499984741211
2015-05-19,86.41999816894531
2015-05-20,86.75
2015-05-21,86.38999938964844
2015-05-22,85.87000274658203
2015-05-26,85.63999938964844
2015-05-27,86.91999816894531
2015-05-28,86.70999908447266
2015-05-29,85.12000274658203
2015-06-01,85.93000030517578
2015-06-02,86.12000274658203
2015-06-03,87.45999908447266
2015-06-04,87.08000183105469
2015-06-05,90.0
2015-06-08,89.37999725341797
2015-06-09,88.58999633789062
2015-06-10,88.95999908447266
2015-06-11,88.13999938964844
2015-06-12,87.62000274658203
2015-06-15,86.9800033569336
2015-06-16,88.66999816894531
2015-06-17,88.2699966430664
2015-06-18,87.94000244140625
2015-06-19,88.22000122070312
2015-06-22,89.55999755859375
2015-06-23,92.13999938964844
2015-06-24,92.7300033569336
2015-06-25,92.7300033569336
2015-06-26,92.52999877929688
2015-06-29,90.05999755859375
2015-06-30,90.62000274658203
2015-07-01,92.2699966430664
2015-07-02,91.05999755859375
2015-07-06,90.91999816894531
2015-07-07,91.77999877929688
2015-07-08,89.47000122070312
2015-07-09,90.02999877929688
2015-07-10,90.9800033569336
2015-07-13,93.93000030517578
2015-07-14,93.37000274658203
2015-07-15,93.5
2015-07-16,94.02999877929688
2015-07-17,95.16999816894531
2015-07-20,95.54000091552734
2015-07-21,91.4000015258789
2015-07-22,86.94000244140625
2015-07-23,87.87000274658203
2015-07-24,84.52999877929688
2015-07-27,83.12999725341797
2015-07-28,83.6500015258789
2015-07-29,85.70999908447266
2015-07-30,87.55000305175781
2015-07-31,88.30000305175781
2015-08-03,85.29000091552734
2015-08-04,84.04000091552734
2015-08-05,85.80000305175781
2015-08-06,85.20999908447266
2015-08-07,83.62000274658203
2015-08-10,84.75
2015-08-11,83.7300033569336
2015-08-12,82.08000183105469
2015-08-13,82.27999877929688
2015-08-14,83.72000122070312
2015-08-17,84.7300033569336
2015-08-18,84.62000274658203
2015-08-19,83.30999755859375
2015-08-20,79.62999725341797
2015-08-21,78.9000015258789
2015-08-24,76.54000091552734
2015-08-25,77.94000244140625
2015-08-26,79.0199966430664
2015-08-27,80.0999984741211
2015-08-28,80.25
2015-08-31,80.56999969482422
2015-09-01,78.51000213623047
2015-09-02,80.33000183105469
2015-09-03,79.36000061035156
2015-09-04,78.81999969482422
2015-09-08,81.91999816894531
2015-09-09,81.98999786376953
2015-09-10,81.27999877929688
2015-09-11,81.23999786376953
2015-09-14,81.22000122070312
2015-09-15,82.30999755859375
2015-09-16,83.16000366210938
2015-09-17,84.88999938964844
2015-09-18,83.2699966430664
2015-09-21,84.75
2015-09-22,83.6500015258789
2015-09-23,83.63999938964844
2015-09-24,82.08000183105469
2015-09-25,82.27999877929688
2015-09-28,78.30999755859375
2015-09-29,79.55000305175781
2015-09-30,81.1500015258789
2015-10-01,81.51000213623047
2015-10-02,83.56999969482422
2015-10-05,85.4000015258789
2015-10-06,83.9000015258789
2015-10-07,84.0
2015-10-08,84.55999755859375
2015-10-09,84.26000213623047
2015-10-12,84.12000274658203
2015-10-13,82.48999786376953
2015-10-14,82.5199966430664
2015-10-15,85.8499984741211
2015-10-16,86.94999694824219
2015-10-19,86.38999938964844
2015-10-20,87.2699966430664
2015-10-21,77.16999816894531
2015-10-22,78.98999786376953
2015-10-23,80.55000305175781
2015-10-26,80.26000213623047
2015-10-27,77.54000091552734
2015-10-28,80.05999755859375
2015-10-29,77.73999786376953
2015-10-30,79.19999694824219
2015-11-02,79.9800033569336
2015-11-03,80.81999969482422
2015-11-04,81.2699966430664
2015-11-05,80.3499984741211
2015-11-06,78.13999938964844
2015-11-09,76.08000183105469
2015-11-10,76.69999694824219
2015-11-11,75.75
2015-11-12,72.56999969482422
2015-11-13,68.9800033569336
2015-11-16,70.18000030517578
2015-11-17,70.5
2015-11-18,70.70999908447266
2015-11-19,70.79000091552734
2015-11-20,72.37999725341797
2015-11-23,74.44000244140625
2015-11-24,75.83999633789062
2015-11-25,76.79000091552734
2015-11-27,76.52999877929688
2015-11-30,75.0999984741211
2015-12-01,75.5
2015-12-02,74.61000061035156
2015-12-03,72.7300033569336
2015-12-04,73.80999755859375
2015-12-07,73.16999816894531
2015-12-08,73.06999969482422
2015-12-09,73.52999877929688
2015-12-10,73.0199966430664
2015-12-11,70.30000305175781
2015-12-14,69.0
2015-12-15,70.0999984741211
2015-12-16,70.19000244140625
2015-12-17,68.1500015258789
2015-12-18,66.76000213623047
2015-12-21,68.30000305175781
2015-12-22,69.13999938964844
2015-12-23,69.16999816894531
2015-12-24,68.9000015258789
2015-12-28,68.55999755859375
2015-12-29,69.37999725341797
2015-12-30,68.04000091552734
2015-12-31,67.44000244140625
2016-01-04,66.5199966430664
2016-01-05,65.12999725341797
2016-01-06,57.34000015258789
2016-01-07,55.619998931884766
2016-01-08,53.34000015258789
2016-01-11,55.709999084472656
2016-01-12,52.560001373291016
2016-01-13,49.58000183105469
2016-01-14,50.13999938964844
2016-01-15,48.060001373291016
2016-01-19,45.970001220703125
2016-01-20,48.189998626708984
2016-01-21,47.36000061035156
2016-01-22,47.970001220703125
2016-01-25,49.33000183105469
2016-01-26,49.09000015258789
2016-01-27,46.939998626708984
2016-01-28,45.810001373291016
2016-01-29,47.08000183105469
2016-02-01,46.75
2016-02-02,45.06999969482422
2016-02-03,45.20000076293945
2016-02-04,48.630001068115234
2016-02-05,46.70000076293945
2016-02-08,46.06999969482422
2016-02-09,47.02000045776367
2016-02-10,48.959999084472656
2016-02-11,49.099998474121094
2016-02-12,49.04999923706055
2016-02-16,50.810001373291016
2016-02-17,52.650001525878906
2016-02-18,51.869998931884766
2016-02-19,51.619998931884766
2016-02-22,54.4900016784668
2016-02-23,56.02000045776367
2016-02-24,58.400001525878906
2016-02-25,59.29999923706055
2016-02-26,58.540000915527344
2016-02-29,58.400001525878906
2016-03-01,59.11000061035156
2016-03-02,59.25
2016-03-03,60.45000076293945
2016-03-04,60.369998931884766
2016-03-07,61.0
2016-03-08,58.25
2016-03-09,59.0
2016-03-10,58.77000045776367
2016-03-11,61.27000045776367
2016-03-14,59.2400016784668
2016-03-15,58.130001068115234
2016-03-16,58.31999969482422
2016-03-17,58.9900016784668
2016-03-18,59.849998474121094
2016-03-21,61.27000045776367
2016-03-22,60.369998931884766
2016-03-23,59.45000076293945
2016-03-24,59.810001373291016
2016-03-28,59.34000015258789
2016-03-29,61.779998779296875
2016-03-30,61.56999969482422
2016-03-31,59.84000015258789
2016-04-01,56.779998779296875
2016-04-04,55.38999938964844
2016-04-05,56.209999084472656
2016-04-06,56.439998626708984
2016-04-07,54.189998626708984
2016-04-08,53.93000030517578
2016-04-11,54.060001373291016
2016-04-12,55.93000030517578
2016-04-13,59.119998931884766
2016-04-14,59.2599983215332
2016-04-15,59.34000015258789
2016-04-18,59.84000015258789
2016-04-19,60.0
2016-04-20,60.38999938964844
2016-04-21,57.08000183105469
2016-04-22,58.720001220703125
2016-04-25,57.41999816894531
2016-04-26,62.25
2016-04-27,62.61000061035156
2016-04-28,60.91999816894531
2016-04-29,60.619998931884766
2016-05-02,59.47999954223633
2016-05-03,58.119998931884766
2016-05-04,57.220001220703125
2016-05-05,56.290000915527344
2016-05-06,56.18000030517578
2016-05-09,56.9900016784668
2016-05-10,57.90999984741211
2016-05-11,55.189998626708984
2016-05-12,55.369998931884766
2016-05-13,54.56999969482422
2016-05-16,53.400001525878906
2016-05-17,54.04999923706055
2016-05-18,53.220001220703125
2016-05-19,53.279998779296875
2016-05-20,54.4900016784668
2016-05-23,52.52000045776367
2016-05-24,53.599998474121094
2016-05-25,55.040000915527344
2016-05-26,54.810001373291016
2016-05-27,56.09000015258789
2016-05-31,56.099998474121094
2016-06-01,55.900001525878906
2016-06-02,56.18000030517578
2016-06-03,54.79999923706055
2016-06-06,55.540000915527344
2016-06-07,57.0099983215332
2016-06-08,57.439998626708984
2016-06-09,55.5099983215332
2016-06-10,54.41999816894531
2016-06-13,54.099998474121094
2016-06-14,53.880001068115234
2016-06-15,54.66999816894531
2016-06-16,55.15999984741211
2016-06-17,56.150001525878906
2016-06-20,57.86000061035156
2016-06-21,54.81999969482422
2016-06-22,54.349998474121094
2016-06-23,55.79999923706055
2016-06-24,53.33000183105469
2016-06-27,51.970001220703125
2016-06-28,52.130001068115234
2016-06-29,53.619998931884766
2016-06-30,52.7400016784668
2016-07-01,54.099998474121094
2016-07-05,50.56999969482422
2016-07-06,51.45000076293945
2016-07-07,51.59000015258789
2016-07-08,54.630001068115234
2016-07-11,55.95000076293945
2016-07-12,56.689998626708984
2016-07-13,56.689998626708984
2016-07-14,57.63999938964844
2016-07-15,57.5099983215332
2016-07-18,59.220001220703125
2016-07-19,59.290000915527344
2016-07-20,59.540000915527344
2016-07-21,61.310001373291016
2016-07-22,61.130001068115234
2016-07-25,60.90999984741211
2016-07-26,61.439998626708984
2016-07-27,60.060001373291016
2016-07-28,59.119998931884766
2016-07-29,60.79999923706055
2016-08-01,59.63999938964844
2016-08-02,55.88999938964844
2016-08-03,56.02000045776367
2016-08-04,56.08000183105469
2016-08-05,57.529998779296875
2016-08-08,57.599998474121094
2016-08-09,54.9900016784668
2016-08-10,55.04999923706055
2016-08-11,56.650001525878906
2016-08-12,55.86000061035156
2016-08-15,56.709999084472656
2016-08-16,55.939998626708984
2016-08-17,54.65999984741211
2016-08-18,54.36000061035156
2016-08-19,53.939998626708984
2016-08-22,52.630001068115234
2016-08-23,53.54999923706055
2016-08-24,52.83000183105469
2016-08-25,53.0099983215332
2016-08-26,52.849998474121094
2016-08-29,53.61000061035156
2016-08-30,53.900001525878906
2016-08-31,53.720001220703125
2016-09-01,54.27000045776367
2016-09-02,55.18000030517578
2016-09-06,54.70000076293945
2016-09-07,55.150001525878906
2016-09-08,55.08000183105469
2016-09-09,53.5
2016-09-12,54.849998474121094
2016-09-13,55.02000045776367
2016-09-14,55.13999938964844
2016-09-15,55.58000183105469
2016-09-16,53.630001068115234
2016-09-19,53.52000045776367
2016-09-20,52.779998779296875
2016-09-21,53.2400016784668
2016-09-22,55.20000076293945
2016-09-23,55.619998931884766
2016-09-26,55.150001525878906
2016-09-27,55.09000015258789
2016-09-28,54.560001373291016
2016-09-29,54.43000030517578
2016-09-30,55.66999816894531
2016-10-03,54.72999954223633
2016-10-04,54.119998931884766
2016-10-05,55.97999954223633
2016-10-06,54.900001525878906
2016-10-07,54.02000045776367
2016-10-10,54.54999923706055
2016-10-11,54.75
2016-10-12,55.29999923706055
2016-10-13,54.599998474121094
2016-10-14,55.400001525878906
2016-10-17,55.25
2016-10-18,54.70000076293945
2016-10-19,55.95000076293945
2016-10-20,53.20000076293945
2016-10-21,53.099998474121094
2016-10-24,53.900001525878906
2016-10-25,50.25
2016-10-26,50.54999923706055
2016-10-27,50.349998474121094
2016-10-28,51.0
2016-10-31,50.95000076293945
2016-11-01,49.95000076293945
2016-11-02,49.54999923706055
2016-11-03,48.849998474121094
2016-11-04,49.29999923706055
2016-11-07,50.20000076293945
2016-11-08,49.849998474121094
2016-11-09,52.5
2016-11-10,54.349998474121094
2016-11-11,54.29999923706055
2016-11-14,57.95000076293945
2016-11-15,58.79999923706055
2016-11-16,58.400001525878906
2016-11-17,58.349998474121094
2016-11-18,58.5
2016-11-21,58.900001525878906
2016-11-22,58.900001525878906
2016-11-23,59.599998474121094
2016-11-25,60.349998474121094
2016-11-28,59.0
2016-11-29,58.70000076293945
2016-11-30,58.75
2016-12-01,58.599998474121094
2016-12-02,56.900001525878906
2016-12-05,58.900001525878906
2016-12-06,61.25
2016-12-07,62.79999923706055
2016-12-08,63.95000076293945
2016-12-09,63.45000076293945
2016-12-12,62.0
2016-12-13,62.349998474121094
2016-12-14,60.95000076293945
2016-12-15,62.29999923706055
2016-12-16,62.45000076293945
2016-12-19,63.5
2016-12-20,65.30000305175781
2016-12-21,65.05000305175781
2016-12-22,62.5
2016-12-23,62.45000076293945
2016-12-27,63.650001525878906
2016-12-28,62.099998474121094
2016-12-29,61.900001525878906
2016-12-30,61.70000076293945
2017-01-03,62.5
2017-01-04,64.0
2017-01-05,62.79999923706055
2017-01-06,61.75
2017-01-09,62.25
2017-01-10,63.45000076293945
2017-01-11,63.29999923706055
2017-01-12,63.650001525878906
2017-01-13,63.650001525878906
2017-01-17,64.55000305175781
2017-01-18,65.5
2017-01-19,64.5999984741211
2017-01-20,63.900001525878906
2017-01-23,63.349998474121094
2017-01-24,65.5
2017-01-25,67.44999694824219
2017-01-26,65.1500015258789
2017-01-27,64.69999694824219
2017-01-30,64.9000015258789
2017-01-31,65.5999984741211
2017-02-01,65.30000305175781
2017-02-02,64.69999694824219
2017-02-03,64.44999694824219
2017-02-06,63.849998474121094
2017-02-07,66.19999694824219
2017-02-08,65.6500015258789
2017-02-09,65.55000305175781
2017-02-10,65.6500015258789
2017-02-13,66.3499984741211
2017-02-14,66.4000015258789
2017-02-15,67.94999694824219
2017-02-16,65.94999694824219
2017-02-17,67.55000305175781
2017-02-21,69.44999694824219
2017-02-22,68.44999694824219
2017-02-23,65.8499984741211
2017-02-24,66.69999694824219
2017-02-27,66.94999694824219
2017-02-28,65.1500015258789
2017-03-01,65.44999694824219
2017-03-02,65.6500015258789
2017-03-03,65.30000305175781
2017-03-06,64.5999984741211
2017-03-07,62.25
2017-03-08,62.45000076293945
2017-03-09,61.5
2017-03-10,61.54999923706055
2017-03-13,62.150001525878906
2017-03-14,62.54999923706055
2017-03-15,62.75
2017-03-16,62.900001525878906
2017-03-17,61.900001525878906
2017-03-20,61.599998474121094
2017-03-21,60.5
2017-03-22,60.349998474121094
2017-03-23,60.45000076293945
2017-03-24,60.650001525878906
2017-03-27,61.29999923706055
2017-03-28,62.04999923706055
2017-03-29,62.5
2017-03-30,61.900001525878906
2017-03-31,60.099998474121094
2017-04-03,57.599998474121094
2017-04-04,56.75
2017-04-05,55.70000076293945
2017-04-06,58.400001525878906
2017-04-07,58.0
2017-04-10,59.0
2017-04-11,59.79999923706055
2017-04-12,59.04999923706055
2017-04-13,57.54999923706055
2017-04-17,58.650001525878906
2017-04-18,58.70000076293945
2017-04-19,61.0
2017-04-20,62.25
2017-04-21,61.349998474121094
2017-04-24,63.099998474121094
2017-04-25,62.650001525878906
2017-04-26,63.099998474121094
2017-04-27,63.650001525878906
2017-04-28,61.20000076293945
2017-05-01,61.650001525878906
2017-05-02,58.099998474121094
2017-05-03,58.349998474121094
2017-05-04,58.25
2017-05-05,59.54999923706055
2017-05-08,59.150001525878906
2017-05-09,58.45000076293945
2017-05-10,57.900001525878906
2017-05-11,56.5
2017-05-12,56.20000076293945
2017-05-15,57.04999923706055
2017-05-16,57.29999923706055
2017-05-17,55.75
2017-05-18,56.45000076293945
2017-05-19,57.29999923706055
2017-05-22,57.79999923706055
2017-05-23,56.150001525878906
2017-05-24,56.25
2017-05-25,55.79999923706055
2017-05-26,56.20000076293945
2017-05-30,55.75
2017-05-31,55.95000076293945
2017-06-01,57.599998474121094
2017-06-02,56.70000076293945
2017-06-05,56.5
2017-06-06,56.29999923706055
2017-06-07,56.599998474121094
2017-06-08,54.150001525878906
2017-06-09,55.349998474121094
2017-06-12,57.70000076293945
2017-06-13,57.45000076293945
2017-06-14,57.849998474121094
2017-06-15,57.75
2017-06-16,54.650001525878906
2017-06-19,55.75
2017-06-20,54.400001525878906
2017-06-21,52.70000076293945
2017-06-22,52.400001525878906
2017-06-23,52.25
2017-06-26,54.150001525878906
2017-06-27,54.95000076293945
2017-06-28,55.099998474121094
2017-06-29,55.849998474121094
2017-06-30,56.54999923706055
2017-07-03,57.650001525878906
2017-07-05,56.099998474121094
2017-07-06,54.75
2017-07-07,55.45000076293945
2017-07-10,54.70000076293945
2017-07-11,55.45000076293945
2017-07-12,56.650001525878906
2017-07-13,57.349998474121094
2017-07-14,57.0
2017-07-17,57.599998474121094
2017-07-18,56.25
2017-07-19,57.29999923706055
2017-07-20,57.599998474121094
2017-07-21,57.349998474121094
2017-07-24,56.79999923706055
2017-07-25,53.5
2017-07-26,53.79999923706055
2017-07-27,53.95000076293945
2017-07-28,55.20000076293945
2017-07-31,54.0
2017-08-01,54.54999923706055
2017-08-02,53.45000076293945
2017-08-03,53.349998474121094
2017-08-04,54.25
2017-08-07,54.20000076293945
2017-08-08,52.95000076293945
2017-08-09,53.0
2017-08-10,51.95000076293945
2017-08-11,52.25
2017-08-14,51.900001525878906
2017-08-15,51.20000076293945
2017-08-16,51.20000076293945
2017-08-17,50.150001525878906
2017-08-18,50.650001525878906
2017-08-21,50.849998474121094
2017-08-22,51.25
2017-08-23,50.900001525878906
2017-08-24,50.75
2017-08-25,51.099998474121094
2017-08-28,51.0
2017-08-29,50.849998474121094
2017-08-30,52.150001525878906
2017-08-31,53.849998474121094
2017-09-01,54.400001525878906
2017-09-05,54.70000076293945
2017-09-06,54.25
2017-09-07,54.79999923706055
2017-09-08,56.0
2017-09-11,56.95000076293945
2017-09-12,57.599998474121094
2017-09-13,59.150001525878906
2017-09-14,58.45000076293945
2017-09-15,58.45000076293945
2017-09-18,58.150001525878906
2017-09-19,58.45000076293945
2017-09-20,58.75
2017-09-21,58.400001525878906
2017-09-22,59.599998474121094
2017-09-25,60.150001525878906
2017-09-26,61.599998474121094
2017-09-27,61.5
2017-09-28,61.45000076293945
2017-09-29,61.099998474121094
2017-10-02,61.900001525878906
2017-10-03,62.29999923706055
2017-10-04,61.70000076293945
2017-10-05,61.79999923706055
2017-10-06,61.75
2017-10-09,60.650001525878906
2017-10-10,60.29999923706055
2017-10-11,58.54999923706055
2017-10-12,57.400001525878906
2017-10-13,57.54999923706055
2017-10-16,56.79999923706055
2017-10-17,57.04999923706055
2017-10-18,57.400001525878906
2017-10-19,55.04999923706055
2017-10-20,55.849998474121094
2017-10-23,56.04999923706055
2017-10-24,57.04999923706055
2017-10-25,59.04999923706055
2017-10-26,61.599998474121094
2017-10-27,60.900001525878906
2017-10-30,60.849998474121094
2017-10-31,61.400001525878906
2017-11-01,62.45000076293945
2017-11-02,62.599998474121094
2017-11-03,61.95000076293945
2017-11-06,61.650001525878906
2017-11-07,60.849998474121094
2017-11-08,60.849998474121094
2017-11-09,60.79999923706055
2017-11-10,61.95000076293945
2017-11-13,61.54999923706055
2017-11-14,61.95000076293945
2017-11-15,62.25
2017-11-16,61.70000076293945
2017-11-17,61.75
2017-11-20,62.25
2017-11-21,63.75
2017-11-22,64.25
2017-11-24,63.599998474121094
2017-11-27,64.30000305175781
2017-11-28,65.25
2017-11-29,67.4000015258789
2017-11-30,65.80000305175781
2017-12-01,66.25
2017-12-04,67.6500015258789
2017-12-05,67.0
2017-12-06,66.19999694824219
2017-12-07,66.5
2017-12-08,67.75
2017-12-11,67.55000305175781
2017-12-12,66.44999694824219
2017-12-13,65.8499984741211
2017-12-14,63.5
2017-12-15,65.05000305175781
2017-12-18,66.44999694824219
2017-12-19,65.1500015258789
2017-12-20,65.30000305175781
2017-12-21,64.69999694824219
2017-12-22,64.44999694824219
2017-12-26,64.3499984741211
2017-12-27,64.6500015258789
2017-12-28,65.5
2017-12-29,64.0
2018-01-02,63.25
2018-01-03,63.5
2018-01-04,64.0999984741211
2018-01-05,66.55000305175781
2018-01-08,70.80000305175781
2018-01-09,71.05000305175781
2018-01-10,71.0999984741211
2018-01-11,74.6500015258789
2018-01-12,75.30000305175781
2018-01-16,73.0
2018-01-17,72.5999984741211
2018-01-18,72.8499984741211
2018-01-19,73.9000015258789
2018-01-22,75.05000305175781
2018-01-23,75.19999694824219
2018-01-24,75.8499984741211
2018-01-25,75.1500015258789
2018-01-26,75.55000305175781
2018-01-29,75.3499984741211
2018-01-30,74.19999694824219
2018-01-31,72.6500015258789
2018-02-01,71.8499984741211
2018-02-02,68.5
2018-02-05,65.5999984741211
2018-02-06,67.75
2018-02-07,68.5
2018-02-08,67.75
2018-02-09,69.1500015258789
2018-02-12,69.1500015258789
2018-02-13,67.9000015258789
2018-02-14,68.4000015258789
2018-02-15,68.55000305175781
2018-02-16,68.80000305175781
2018-02-20,67.94999694824219
2018-02-21,67.5
2018-02-22,67.5999984741211
2018-02-23,68.9000015258789
2018-02-26,69.30000305175781
2018-02-27,67.80000305175781
2018-02-28,65.8499984741211
2018-03-01,64.94999694824219
2018-03-02,66.1500015258789
2018-03-05,67.0999984741211
2018-03-06,68.30000305175781
2018-03-07,67.94999694824219
2018-03-08,67.5999984741211
2018-03-09,69.6500015258789
2018-03-12,68.75
2018-03-13,68.4000015258789
2018-03-14,69.05000305175781
2018-03-15,68.6500015258789
2018-03-16,69.05000305175781
2018-03-19,68.4000015258789
2018-03-20,64.5999984741211
2018-03-21,65.4000015258789
2018-03-22,64.1500015258789
2018-03-23,63.900001525878906
2018-03-26,65.44999694824219
2018-03-27,64.69999694824219
2018-03-28,65.55000305175781
2018-03-29,67.5
2018-04-02,63.650001525878906
2018-04-03,64.5
2018-04-04,66.3499984741211
2018-04-05,67.80000305175781
2018-04-06,66.5
2018-04-09,65.30000305175781
2018-04-10,68.0
2018-04-11,67.05000305175781
2018-04-12,67.25
2018-04-13,66.6500015258789
2018-04-16,68.0999984741211
2018-04-17,69.05000305175781
2018-04-18,68.94999694824219
2018-04-19,67.5
2018-04-20,66.19999694824219
2018-04-23,67.6500015258789
2018-04-24,69.30000305175781
2018-04-25,70.4000015258789
2018-04-26,69.19999694824219
2018-04-27,68.75
2018-04-30,67.05000305175781
2018-05-01,68.5
2018-05-02,69.19999694824219
2018-05-03,69.5
2018-05-04,70.55000305175781
2018-05-07,69.0999984741211
2018-05-08,69.6500015258789
2018-05-09,69.75
2018-05-10,68.9000015258789
2018-05-11,70.0
2018-05-14,70.4000015258789
2018-05-15,70.0
2018-05-16,70.44999694824219
2018-05-17,70.5999984741211
2018-05-18,69.69999694824219
2018-05-21,70.80000305175781
2018-05-22,68.94999694824219
2018-05-23,68.8499984741211
2018-05-24,70.1500015258789
2018-05-25,69.94999694824219
2018-05-29,69.19999694824219
2018-05-30,70.19999694824219
2018-05-31,69.55000305175781
2018-06-01,70.19999694824219
2018-06-04,71.0
2018-06-05,72.25
2018-06-06,73.5
2018-06-07,73.5999984741211
2018-06-08,74.19999694824219
2018-06-11,75.1500015258789
2018-06-12,74.5
2018-06-13,72.75
2018-06-14,73.1500015258789
2018-06-15,73.55000305175781
2018-06-18,74.1500015258789
2018-06-19,74.94999694824219
2018-06-20,75.80000305175781
2018-06-21,75.19999694824219
2018-06-22,74.80000305175781
2018-06-25,72.55000305175781
2018-06-26,72.5
2018-06-27,70.80000305175781
2018-06-28,70.1500015258789
2018-06-29,68.55000305175781
2018-07-02,68.80000305175781
2018-07-03,69.69999694824219
2018-07-05,70.4000015258789
2018-07-06,70.44999694824219
2018-07-09,72.4000015258789
2018-07-10,70.5999984741211
2018-07-11,68.6500015258789
2018-07-12,67.44999694824219
2018-07-13,67.3499984741211
2018-07-16,67.80000305175781
2018-07-17,68.75
2018-07-18,69.80000305175781
2018-07-19,69.4000015258789
2018-07-20,69.3499984741211
2018-07-23,69.3499984741211
2018-07-24,69.94999694824219
2018-07-25,68.6500015258789
2018-07-26,68.19999694824219
2018-07-27,68.1500015258789
2018-07-30,70.5999984741211
2018-07-31,70.30000305175781
2018-08-01,70.69999694824219
2018-08-02,71.30000305175781
2018-08-03,72.8499984741211
2018-08-06,74.05000305175781
2018-08-07,74.5
2018-08-08,75.44999694824219
2018-08-09,75.4000015258789
2018-08-10,75.0
2018-08-13,74.55000305175781
2018-08-14,75.0
2018-08-15,74.4000015258789
2018-08-16,74.4000015258789
2018-08-17,74.75
2018-08-20,76.05000305175781
2018-08-21,77.4000015258789
2018-08-22,76.94999694824219
2018-08-23,75.75
2018-08-24,75.3499984741211
2018-08-27,75.5999984741211
2018-08-28,76.0
2018-08-29,76.05000305175781
2018-08-30,74.80000305175781
2018-08-31,74.5
2018-09-04,74.44999694824219
2018-09-05,73.30000305175781
2018-09-06,71.6500015258789
2018-09-07,71.9000015258789
2018-09-10,72.75
2018-09-11,72.75
2018-09-12,71.69999694824219
2018-09-13,71.80000305175781
2018-09-14,73.19999694824219
2018-09-17,71.3499984741211
2018-09-18,70.75
2018-09-19,72.0
2018-09-20,72.5999984741211
2018-09-21,72.25
2018-09-24,71.19999694824219
2018-09-25,70.1500015258789
2018-09-26,70.0
2018-09-27,70.0
2018-09-28,68.75
2018-10-01,68.26000213623047
2018-10-02,67.05000305175781
2018-10-03,65.83000183105469
2018-10-04,64.2699966430664
2018-10-05,63.18000030517578
2018-10-08,63.540000915527344
2018-10-09,63.060001373291016
2018-10-10,61.790000915527344
2018-10-11,60.189998626708984
2018-10-12,59.939998626708984
2018-10-15,60.29999923706055
2018-10-16,61.20000076293945
2018-10-17,60.720001220703125
2018-10-18,59.040000915527344
2018-10-19,59.7599983215332
2018-10-22,59.54999923706055
2018-10-23,66.2300033569336
2018-10-24,65.91999816894531
2018-10-25,67.01000213623047
2018-10-26,67.61000061035156
2018-10-29,65.05000305175781
2018-10-30,65.08999633789062
2018-10-31,65.0999984741211
2018-11-01,68.20999908447266
2018-11-02,68.12000274658203
2018-11-05,67.2300033569336
2018-11-06,67.26000213623047
2018-11-07,67.83000183105469
2018-11-08,69.0
2018-11-09,67.95999908447266
2018-11-12,67.93000030517578
2018-11-13,68.63999938964844
2018-11-14,68.66000366210938
2018-11-15,69.45999908447266
2018-11-16,69.02999877929688
2018-11-19,69.12000274658203
2018-11-20,67.20999908447266
2018-11-21,68.41999816894531
2018-11-23,69.9000015258789
2018-11-26,71.51000213623047
2018-11-27,70.0999984741211
2018-11-28,70.83999633789062
2018-11-29,69.06999969482422
2018-11-30,69.12000274658203
2018-12-03,70.13999938964844
2018-12-04,66.3499984741211
2018-12-06,65.94999694824219
2018-12-07,64.3499984741211
2018-12-10,63.47999954223633
2018-12-11,63.91999816894531
2018-12-12,64.66000366210938
2018-12-13,65.08999633789062
2018-12-14,66.30999755859375
2018-12-17,66.94000244140625
2018-12-18,66.37999725341797
2018-12-19,64.43000030517578
2018-12-20,64.45999908447266
2018-12-21,62.5
2018-12-24,62.29999923706055
2018-12-26,64.86000061035156
2018-12-27,64.80000305175781
2018-12-28,65.70999908447266
2018-12-31,66.66000366210938
2019-01-02,68.12000274658203
2019-01-03,67.83999633789062
2019-01-04,68.47000122070312
2019-01-07,70.66000366210938
2019-01-08,69.83000183105469
2019-01-09,70.58999633789062
2019-01-10,68.95999908447266
2019-01-11,69.63999938964844
2019-01-14,69.12000274658203
2019-01-15,69.38999938964844
2019-01-16,70.0199966430664
2019-01-17,71.08999633789062
2019-01-18,72.62999725341797
2019-01-22,70.5199966430664
2019-01-23,69.31999969482422
2019-01-24,68.91999816894531
2019-01-25,69.87999725341797
2019-01-28,69.55999755859375
2019-01-29,69.0999984741211
2019-01-30,70.22000122070312
2019-01-31,70.6500015258789
2019-02-01,70.51000213623047
2019-02-04,72.1500015258789
2019-02-05,72.45999908447266
2019-02-06,73.62999725341797
2019-02-07,69.18000030517578
2019-02-08,69.0199966430664
2019-02-11,69.0199966430664
2019-02-12,69.9800033569336
2019-02-13,70.62000274658203
2019-02-14,69.98999786376953
2019-02-15,71.9000015258789
2019-02-19,70.80000305175781
2019-02-20,72.94999694824219
2019-02-21,71.0
2019-02-22,70.37000274658203
2019-02-25,70.77999877929688
2019-02-26,71.37999725341797
2019-02-27,71.56999969482422
2019-02-28,71.79000091552734
2019-03-01,71.19000244140625
2019-03-04,68.76000213623047
2019-03-05,68.04000091552734
2019-03-06,66.98999786376953
2019-03-07,66.38999938964844
2019-03-08,67.02999877929688
2019-03-11,67.62999725341797
2019-03-12,68.0
2019-03-13,69.0
2019-03-14,67.8499984741211
2019-03-15,68.29000091552734
2019-03-18,68.94000244140625
2019-03-19,68.43000030517578
2019-03-20,68.08000183105469
2019-03-21,69.30999755859375
2019-03-22,66.88999938964844
2019-03-25,67.94000244140625
2019-03-26,68.56999969482422
2019-03-27,69.62000274658203
2019-03-28,68.58000183105469
2019-03-29,69.36000061035156
2019-04-01,70.94999694824219
2019-04-02,70.22000122070312
2019-04-03,71.36000061035156
2019-04-04,72.83000183105469
2019-04-05,71.61000061035156
2019-04-08,72.16000366210938
2019-04-09,71.73999786376953
2019-04-10,72.63999938964844
2019-04-11,73.0999984741211
2019-04-12,75.3499984741211
2019-04-15,75.38999938964844
2019-04-16,76.4000015258789
2019-04-17,75.87000274658203
2019-04-18,75.6500015258789
2019-04-22,73.30000305175781
2019-04-23,76.83000183105469
2019-04-24,79.44000244140625
2019-04-25,79.0199966430664
2019-04-26,81.05000305175781
2019-04-29,79.66999816894531
2019-04-30,80.18000030517578
2019-05-01,79.18000030517578
2019-05-02,79.06999969482422
2019-05-03,80.44999694824219
2019-05-06,80.58000183105469
2019-05-07,79.80000305175781
2019-05-08,79.83999633789062
2019-05-09,80.26000213623047
2019-05-10,80.25
2019-05-13,78.5199966430664
2019-05-14,79.66999816894531
2019-05-15,79.62000274658203
2019-05-16,79.62999725341797
2019-05-17,78.56999969482422
2019-05-20,77.9800033569336
2019-05-21,78.66000366210938
2019-05-22,77.62999725341797
2019-05-23,77.80000305175781
2019-05-24,78.58000183105469
2019-05-28,77.19000244140625
2019-05-29,76.9000015258789
2019-05-30,76.91999816894531
2019-05-31,74.19000244140625
2019-06-03,77.25
2019-06-04,79.66999816894531
2019-06-05,77.80000305175781
2019-06-06,76.94999694824219
2019-06-07,77.94999694824219
2019-06-10,78.87999725341797
2019-06-11,79.4000015258789
2019-06-12,79.20999908447266
2019-06-13,80.36000061035156
2019-06-14,79.80999755859375
2019-06-17,80.58999633789062
2019-06-18,82.7300033569336
2019-06-19,82.13999938964844
2019-06-20,83.16000366210938
2019-06-21,81.75
2019-06-24,80.5
2019-06-25,81.0999984741211
2019-06-26,82.5
2019-06-27,83.94000244140625
2019-06-28,84.33999633789062
2019-07-01,84.1500015258789
2019-07-02,84.5199966430664
2019-07-03,84.97000122070312
2019-07-05,83.91000366210938
2019-07-08,82.97000122070312
2019-07-09,84.48999786376953
2019-07-10,83.83000183105469
2019-07-11,84.16000366210938
2019-07-12,84.5
2019-07-15,83.72000122070312
2019-07-16,84.05000305175781
2019-07-17,84.20999908447266
2019-07-18,84.1500015258789
2019-07-19,84.44000244140625
2019-07-22,84.48999786376953
2019-07-23,86.68000030517578
2019-07-24,90.4800033569336
2019-07-25,89.76000213623047
2019-07-26,89.5
2019-07-29,94.5199966430664
2019-07-30,92.97000122070312
2019-07-31,92.08000183105469
2019-08-01,91.4800033569336
2019-08-02,92.16000366210938
2019-08-05,91.16999816894531
2019-08-06,92.8499984741211
2019-08-07,91.9000015258789
2019-08-08,92.93000030517578
2019-08-09,92.55999755859375
2019-08-12,91.45999908447266
2019-08-13,92.44999694824219
2019-08-14,89.44000244140625
2019-08-15,88.76000213623047
2019-08-16,90.06999969482422
2019-08-19,90.95999908447266
2019-08-20,90.48999786376953
2019-08-21,90.56999969482422
2019-08-22,91.25
2019-08-23,88.73999786376953
2019-08-26,90.48999786376953
2019-08-27,90.3499984741211
2019-08-28,92.62999725341797
2019-08-29,93.33999633789062
2019-08-30,94.30000305175781
2019-09-03,92.66999816894531
2019-09-04,95.27999877929688
2019-09-05,97.62999725341797
2019-09-06,96.55000305175781
2019-09-09,100.06999969482422
2019-09-10,101.4800033569336
2019-09-11,102.55999755859375
2019-09-12,101.80000305175781
2019-09-13,100.33000183105469
2019-09-16,99.0999984741211
2019-09-17,100.91999816894531
2019-09-18,100.95999908447266
2019-09-19,100.48999786376953
2019-09-20,100.93000030517578
2019-09-23,101.97000122070312
2019-09-24,101.25
2019-09-25,101.62999725341797
2019-09-26,100.36000061035156
2019-09-27,100.95999908447266
2019-09-30,102.33000183105469
2019-10-01,99.13999938964844
2019-10-02,98.66000366210938
2019-10-03,96.27999877929688
2019-10-04,97.12999725341797
2019-10-07,96.4800033569336
2019-10-08,94.80000305175781
2019-10-09,97.19000244140625
2019-10-10,99.0199966430664
2019-10-11,99.86000061035156
2019-10-14,98.63999938964844
2019-10-15,99.5
2019-10-16,100.25
2019-10-17,101.12999725341797
2019-10-18,103.31999969482422
2019-10-21,105.9800033569336
2019-10-22,96.63999938964844
2019-10-23,99.33999633789062
2019-10-24,103.29000091552734
2019-10-25,102.93000030517578
2019-10-28,104.4800033569336
2019-10-29,104.5
2019-10-30,103.45999908447266
2019-10-31,103.12999725341797
2019-11-01,107.4000015258789
2019-11-04,108.13999938964844
2019-11-05,109.08999633789062
2019-11-06,107.7699966430664
2019-11-07,108.12999725341797
2019-11-08,109.05999755859375
2019-11-11,109.8499984741211
2019-11-12,109.33000183105469
2019-11-13,108.55999755859375
2019-11-14,109.41999816894531
2019-11-15,110.0
2019-11-18,110.3499984741211
2019-11-19,109.5
2019-11-20,108.4000015258789
2019-11-21,108.93000030517578
2019-11-22,109.69000244140625
2019-11-25,111.13999938964844
2019-11-26,111.66999816894531
2019-11-27,112.5199966430664
2019-11-29,110.83999633789062
2019-12-02,109.94999694824219
2019-12-03,108.5999984741211
2019-12-04,109.83999633789062
2019-12-05,109.48999786376953
2019-12-06,110.91999816894531
2019-12-09,110.0999984741211
2019-12-10,110.1500015258789
2019-12-11,114.52999877929688
2019-12-12,122.66999816894531
2019-12-13,116.66999816894531
2019-12-16,115.70999908447266
2019-12-17,117.75
2019-12-18,117.88999938964844
2019-12-19,118.73999786376953
2019-12-20,117.91999816894531
2019-12-23,114.12000274658203
2019-12-24,114.44999694824219
2019-12-26,114.05000305175781
2019-12-27,113.55000305175781
2019-12-30,112.29000091552734
2019-12-31,111.79000091552734
2020-01-02,111.33000183105469
2020-01-03,108.38999938964844
2020-01-06,107.73999786376953
2020-01-07,103.79000091552734
2020-01-08,103.12999725341797
2020-01-09,100.5999984741211
2020-01-10,100.27999877929688
2020-01-13,102.3499984741211
2020-01-14,101.87999725341797
2020-01-15,101.23999786376953
2020-01-16,102.5
2020-01-17,102.26000213623047
2020-01-21,102.93000030517578
2020-01-22,100.98999786376953
2020-01-23,102.30000305175781
2020-01-24,99.73999786376953
2020-01-27,100.05999755859375
2020-01-28,100.29000091552734
2020-01-29,99.55999755859375
2020-01-30,99.43000030517578
2020-01-31,96.44999694824219
2020-02-03,99.26000213623047
2020-02-04,95.66000366210938
2020-02-05,96.33000183105469
2020-02-06,94.13999938964844
2020-02-07,93.66999816894531
2020-02-10,94.86000061035156
2020-02-11,100.0
2020-02-12,97.01000213623047
2020-02-13,96.88999938964844
2020-02-14,95.69999694824219
2020-02-18,96.4000015258789
2020-02-19,98.9000015258789
2020-02-20,99.73999786376953
2020-02-21,99.48999786376953
2020-02-24,97.9000015258789
2020-02-25,97.0
2020-02-26,94.80999755859375
2020-02-27,90.08000183105469
2020-02-28,88.63999938964844
2020-03-02,93.02999877929688
2020-03-03,91.61000061035156
2020-03-04,94.13999938964844
2020-03-05,88.62000274658203
2020-03-06,87.0199966430664
2020-03-09,80.20999908447266
2020-03-10,81.3499984741211
2020-03-11,72.41000366210938
2020-03-12,58.70000076293945
2020-03-13,55.11000061035156
2020-03-16,46.38999938964844
2020-03-17,48.11000061035156
2020-03-18,44.619998931884766
2020-03-19,48.97999954223633
2020-03-20,50.599998474121094
2020-03-23,45.81999969482422
2020-03-24,53.529998779296875
2020-03-25,58.66999816894531
2020-03-26,60.81999969482422
2020-03-27,55.5
2020-03-30,55.279998779296875
2020-03-31,55.22999954223633
2020-04-01,47.25
2020-04-02,47.0
2020-04-03,42.099998474121094
2020-04-06,47.650001525878906
2020-04-07,49.040000915527344
2020-04-08,54.34000015258789
2020-04-09,60.43000030517578
2020-04-13,57.040000915527344
2020-04-14,60.45000076293945
2020-04-15,53.20000076293945
2020-04-16,53.16999816894531
2020-04-17,58.119998931884766
2020-04-20,54.81999969482422
2020-04-21,52.0
2020-04-22,52.06999969482422
2020-04-23,54.5
2020-04-24,58.470001220703125
2020-04-27,60.630001068115234
2020-04-28,63.540000915527344
2020-04-29,69.4800033569336
2020-04-30,67.5
2020-05-01,65.7300033569336
2020-05-04,65.9800033569336
2020-05-05,67.44999694824219
2020-05-06,64.88999938964844
2020-05-07,65.4000015258789
2020-05-08,69.5199966430664
2020-05-11,66.77999877929688
2020-05-12,63.70000076293945
2020-05-13,58.540000915527344
2020-05-14,60.650001525878906
2020-05-15,62.29999923706055
2020-05-18,70.61000061035156
2020-05-19,68.80000305175781
2020-05-20,70.70999908447266
2020-05-21,72.97000122070312
2020-05-22,72.06999969482422
2020-05-26,77.38999938964844
2020-05-27,79.08000183105469
2020-05-28,76.20999908447266
2020-05-29,72.27999877929688
2020-06-01,72.75
2020-06-02,74.25
2020-06-03,78.88999938964844
2020-06-04,80.6500015258789
2020-06-05,81.5
2020-06-08,82.61000061035156
2020-06-09,81.5199966430664
2020-06-10,78.11000061035156
2020-06-11,73.93000030517578
2020-06-12,76.06999969482422
2020-06-15,78.05000305175781
2020-06-16,79.73999786376953
2020-06-17,77.93000030517578
2020-06-18,78.02999877929688
2020-06-19,74.9800033569336
2020-06-22,75.87999725341797
2020-06-23,76.61000061035156
2020-06-24,73.04000091552734
2020-06-25,74.36000061035156
2020-06-26,73.08999633789062
2020-06-29,78.44999694824219
2020-06-30,77.33000183105469
2020-07-01,75.3499984741211
2020-07-02,76.58999633789062
2020-07-06,78.41000366210938
2020-07-07,85.7300033569336
2020-07-08,92.01000213623047
2020-07-09,88.16000366210938
2020-07-10,92.0
2020-07-13,90.44000244140625
2020-07-14,97.08999633789062
2020-07-15,101.0999984741211
2020-07-16,101.18000030517578
2020-07-17,99.25
2020-07-20,98.23999786376953
2020-07-21,99.79000091552734
2020-07-22,106.04000091552734
2020-07-23,106.1500015258789
2020-07-24,104.58000183105469
2020-07-27,108.7699966430664
2020-07-28,103.54000091552734
2020-07-29,104.05000305175781
2020-07-30,101.58000183105469
2020-07-31,100.1500015258789
2020-08-03,100.79000091552734
2020-08-04,102.43000030517578
2020-08-05,106.08000183105469
2020-08-06,103.91000366210938
2020-08-07,102.51000213623047
2020-08-10,100.62999725341797
2020-08-11,105.45999908447266
2020-08-12,110.51000213623047
2020-08-13,108.30999755859375
2020-08-14,108.55000305175781
2020-08-17,108.91999816894531
2020-08-18,109.6500015258789
2020-08-19,107.6500015258789
2020-08-20,105.2699966430664
2020-08-21,103.08999633789062
2020-08-24,104.55000305175781
2020-08-25,103.87999725341797
2020-08-26,100.22000122070312
2020-08-27,103.73999786376953
2020-08-28,108.0
2020-08-31,105.79000091552734
2020-09-01,108.12000274658203
2020-09-02,109.66999816894531
2020-09-03,105.9800033569336
2020-09-04,106.31999969482422
2020-09-08,107.6500015258789
2020-09-09,110.81999969482422
2020-09-10,107.9800033569336
2020-09-11,104.61000061035156
2020-09-14,107.44000244140625
2020-09-15,106.70999908447266
2020-09-16,102.95999908447266
2020-09-17,101.08999633789062
2020-09-18,98.27999877929688
2020-09-21,94.11000061035156
2020-09-22,98.70999908447266
2020-09-23,95.93000030517578
2020-09-24,93.8499984741211
2020-09-25,93.13999938964844
2020-09-28,98.66000366210938
2020-09-29,95.5
2020-09-30,97.44999694824219
2020-10-01,100.30000305175781
2020-10-02,103.7300033569336
2020-10-05,109.87999725341797
2020-10-06,112.55999755859375
2020-10-07,113.70999908447266
2020-10-08,115.1500015258789
2020-10-09,114.69999694824219
2020-10-12,113.5199966430664
2020-10-13,112.62999725341797
2020-10-14,112.2699966430664
2020-10-15,116.63999938964844
2020-10-16,114.5199966430664
2020-10-19,114.66000366210938
2020-10-20,120.0999984741211
2020-10-21,123.0
2020-10-22,119.94999694824219
2020-10-23,118.94000244140625
2020-10-26,116.58999633789062
2020-10-27,106.04000091552734
2020-10-28,106.51000213623047
2020-10-29,103.04000091552734
2020-10-30,102.9800033569336
2020-11-02,109.51000213623047
2020-11-03,114.7300033569336
2020-11-04,113.5
2020-11-05,115.47000122070312
2020-11-06,114.19000244140625
2020-11-09,122.48999786376953
2020-11-10,127.18000030517578
2020-11-11,122.56999969482422
2020-11-12,117.6500015258789
2020-11-13,119.95999908447266
2020-11-16,125.4000015258789
2020-11-17,125.83999633789062
2020-11-18,123.94999694824219
2020-11-19,120.8499984741211
2020-11-20,117.04000091552734
2020-11-23,121.37000274658203
2020-11-24,126.58000183105469
2020-11-25,120.81999969482422
2020-11-27,118.33000183105469
2020-11-30,112.7699966430664
2020-12-01,117.76000213623047
2020-12-02,122.81999969482422
2020-12-03,130.60000610351562
2020-12-04,137.7100067138672
2020-12-07,143.38999938964844
2020-12-08,139.61000061035156
2020-12-09,143.97000122070312
2020-12-10,141.6300048828125
2020-12-11,143.44000244140625
2020-12-14,139.8000030517578
2020-12-15,143.19000244140625
2020-12-16,144.77999877929688
2020-12-17,147.64999389648438
2020-12-18,142.60000610351562
2020-12-21,141.4600067138672
2020-12-22,137.61000061035156
2020-12-23,139.7899932861328
2020-12-24,139.83999633789062
2020-12-28,144.49000549316406
2020-12-29,139.3000030517578
2020-12-30,145.94000244140625
2020-12-31,145.74000549316406
2021-01-04,142.6999969482422
2021-01-05,147.27000427246094
2021-01-06,158.6199951171875
2021-01-07,161.3699951171875
2021-01-08,161.80999755859375
2021-01-11,163.77999877929688
2021-01-12,167.5500030517578
2021-01-13,162.25999450683594
2021-01-14,165.3800048828125
2021-01-15,162.4600067138672
2021-01-19,160.38999938964844
2021-01-20,167.00999450683594
2021-01-21,167.3000030517578
2021-01-22,162.4499969482422
2021-01-25,156.8300018310547
2021-01-26,155.4199981689453
2021-01-27,144.63999938964844
2021-01-28,146.86000061035156
2021-01-29,142.61000061035156
2021-02-01,151.32000732421875
2021-02-02,144.44000244140625
2021-02-03,146.77000427246094
2021-02-04,153.24000549316406
2021-02-05,155.1199951171875
2021-02-08,165.0
2021-02-09,164.5
2021-02-10,160.97999572753906
2021-02-11,159.1300048828125
2021-02-12,157.99000549316406
2021-02-16,157.0
2021-02-17,160.64999389648438
2021-02-18,157.0
2021-02-19,160.89999389648438
2021-02-22,163.8800048828125
2021-02-23,165.0
2021-02-24,170.4199981689453
2021-02-25,167.60000610351562
2021-02-26,169.4499969482422
2021-03-01,172.14999389648438
2021-03-02,167.6999969482422
2021-03-03,166.94000244140625
2021-03-04,167.9199981689453
2021-03-05,171.64999389648438
2021-03-08,180.05999755859375
2021-03-09,176.72000122070312
2021-03-10,186.47000122070312
2021-03-11,187.94000244140625
2021-03-12,191.0500030517578
2021-03-15,190.5
2021-03-16,190.3800048828125
2021-03-17,194.25999450683594
2021-03-18,193.3000030517578
2021-03-19,188.5399932861328
2021-03-22,186.41000366210938
2021-03-23,180.36000061035156
2021-03-24,181.3800048828125
2021-03-25,191.49000549316406
2021-03-26,199.2899932861328
2021-03-29,194.08999633789062
2021-03-30,201.07000732421875
2021-03-31,196.5
2021-04-01,196.7100067138672
2021-04-05,197.3699951171875
2021-04-06,196.38999938964844
2021-04-07,193.24000549316406
2021-04-08,195.39999389648438
2021-04-09,198.49000549316406
2021-04-12,199.2899932861328
2021-04-13,198.77000427246094
2021-04-14,209.8000030517578
2021-04-15,215.1699981689453
2021-04-16,208.2100067138672
2021-04-19,205.63999938964844
2021-04-20,201.14999389648438
2021-04-21,206.74000549316406
2021-04-22,205.97999572753906
2021-04-23,211.3300018310547
2021-04-26,207.94000244140625
2021-04-27,204.72999572753906
2021-04-28,204.6999969482422
2021-04-29,204.1199951171875
2021-04-30,198.61000061035156
2021-05-03,202.22000122070312
2021-05-04,205.42999267578125
2021-05-05,205.58999633789062
2021-05-06,209.1699981689453
2021-05-07,209.02000427246094
2021-05-10,205.49000549316406
2021-05-11,200.5399932861328
2021-05-12,197.66000366210938
2021-05-13,199.83999633789062
2021-05-14,209.85000610351562
2021-05-17,206.49000549316406
2021-05-18,201.75
2021-05-19,196.64999389648438
2021-05-20,193.35000610351562
2021-05-21,197.3000030517578
2021-05-24,197.11000061035156
2021-05-25,193.83999633789062
2021-05-26,195.66000366210938
2021-05-27,199.4600067138672
2021-05-28,198.2899932861328
2021-06-01,204.89999389648438
2021-06-02,193.02999877929688
2021-06-03,190.02000427246094
2021-06-04,184.08999633789062
2021-06-07,181.82000732421875
2021-06-08,183.07000732421875
2021-06-09,179.77999877929688
2021-06-10,175.25999450683594
2021-06-11,177.13999938964844
2021-06-14,171.5
2021-06-15,173.52000427246094
2021-06-16,173.5
2021-06-17,169.88999938964844
2021-06-18,158.27000427246094
2021-06-21,161.30999755859375
2021-06-22,161.85000610351562
2021-06-23,162.0500030517578
2021-06-24,161.00999450683594
2021-06-25,169.00999450683594
2021-06-28,166.13999938964844
2021-06-29,163.1300048828125
2021-06-30,171.3699951171875
2021-07-01,176.00999450683594
2021-07-02,177.58999633789062
2021-07-06,174.35000610351562
2021-07-07,176.52000427246094
2021-07-08,177.4499969482422
2021-07-09,182.1300048828125
2021-07-12,187.52999877929688
2021-07-13,189.22000122070312
2021-07-14,188.8000030517578
2021-07-15,186.8800048828125
2021-07-16,184.1699981689453
2021-07-19,184.82000732421875
2021-07-20,192.64999389648438
2021-07-21,197.11000061035156
2021-07-22,195.22000122070312
2021-07-23,196.50999450683594
2021-07-26,196.97999572753906
2021-07-27,196.9199981689453
2021-07-28,194.61000061035156
2021-07-29,202.6199951171875
2021-07-30,205.4600067138672
2021-08-02,204.3000030517578
2021-08-03,198.22000122070312
2021-08-04,193.2100067138672
2021-08-05,195.05999755859375
2021-08-06,194.9600067138672
2021-08-09,193.30999755859375
2021-08-10,196.82000732421875
2021-08-11,199.39999389648438
2021-08-12,198.99000549316406
2021-08-13,195.11000061035156
2021-08-16,201.52999877929688
2021-08-17,191.0399932861328
2021-08-18,189.88999938964844
2021-08-19,186.1199951171875
2021-08-20,185.75
2021-08-23,189.1199951171875
2021-08-24,190.83999633789062
2021-08-25,190.52999877929688
2021-08-26,185.3800048828125
2021-08-27,190.86000061035156
2021-08-30,185.6199951171875
2021-08-31,186.24000549316406
2021-09-01,185.10000610351562
2021-09-02,181.0399932861328
2021-09-03,179.44000244140625
2021-09-07,173.41000366210938
2021-09-08,174.6699981689453
2021-09-09,174.6300048828125
2021-09-10,171.0800018310547
2021-09-13,173.52000427246094
2021-09-14,171.6199951171875
2021-09-15,174.55999755859375
2021-09-16,180.1199951171875
2021-09-17,181.92999267578125
2021-09-20,179.11000061035156
2021-09-21,181.13999938964844
2021-09-22,185.7100067138672
2021-09-23,191.0
2021-09-24,196.02999877929688
2021-09-27,202.9199981689453
2021-09-28,198.82000732421875
2021-09-29,203.24000549316406
2021-09-30,196.74000549316406
2021-10-01,197.77000427246094
2021-10-04,203.5
2021-10-05,200.25999450683594
2021-10-06,196.05999755859375
2021-10-07,204.11000061035156
2021-10-08,208.75
2021-10-11,211.1699981689453
2021-10-12,212.5
2021-10-13,211.8300018310547
2021-10-14,210.9199981689453
2021-10-15,210.6300048828125
2021-10-18,212.10000610351562
2021-10-19,213.33999633789062
2021-10-20,215.27000427246094
2021-10-21,229.64999389648438
2021-10-22,228.02999877929688
2021-10-25,223.4600067138672
2021-10-26,208.8000030517578
2021-10-27,198.6300048828125
2021-10-28,196.07000732421875
2021-10-29,195.7100067138672
2021-11-01,202.02000427246094
2021-11-02,184.8800048828125
2021-11-03,182.1999969482422
2021-11-04,184.47999572753906
2021-11-05,182.07000732421875
2021-11-08,184.82000732421875
2021-11-09,182.9600067138672
2021-11-10,183.1699981689453
2021-11-11,182.3800048828125
2021-11-12,184.72000122070312
2021-11-15,184.0
2021-11-16,183.5500030517578
2021-11-17,166.2899932861328
2021-11-18,169.22999572753906
2021-11-19,162.99000549316406
2021-11-22,167.8000030517578
2021-11-23,166.63999938964844
2021-11-24,163.97000122070312
2021-11-26,159.7899932861328
2021-11-29,163.50999450683594
2021-11-30,163.63999938964844
2021-12-01,160.82000732421875
2021-12-02,167.8300018310547
2021-12-03,166.83999633789062
2021-12-06,174.24000549316406
2021-12-07,173.22999572753906
2021-12-08,168.9600067138672
2021-12-09,167.50999450683594
2021-12-10,172.4499969482422
2021-12-13,165.99000549316406
2021-12-14,167.7100067138672
2021-12-15,173.0800018310547
2021-12-16,165.89999389648438
2021-12-17,164.10000610351562
2021-12-20,159.35000610351562
2021-12-21,163.0
2021-12-22,163.61000061035156
2021-12-23,164.4199981689453
2021-12-27,167.49000549316406
2021-12-28,169.52000427246094
2021-12-29,169.0
2021-12-30,170.08999633789062
2021-12-31,172.72999572753906
2022-01-03,174.16000366210938
2022-01-04,177.11000061035156
2022-01-05,172.02000427246094
2022-01-06,174.3800048828125
2022-01-07,175.1699981689453
2022-01-10,180.00999450683594
2022-01-11,176.57000732421875
2022-01-12,166.74000549316406
2022-01-13,167.3699951171875
2022-01-14,167.2100067138672
2022-01-18,168.27000427246094
2022-01-19,163.22999572753906
2022-01-20,157.35000610351562
2022-01-21,157.25
2022-01-24,168.5800018310547
2022-01-25,166.85000610351562
2022-01-26,158.57000732421875
2022-01-27,154.94000244140625
2022-01-28,156.89999389648438
2022-01-31,160.97000122070312
2022-02-01,168.17999267578125
2022-02-02,170.25
2022-02-03,164.02999877929688
2022-02-04,152.72000122070312
2022-02-07,151.49000549316406
2022-02-08,156.8300018310547
2022-02-09,164.75999450683594
2022-02-10,162.6699981689453
2022-02-11,161.55999755859375
2022-02-14,161.17999267578125
2022-02-15,175.44000244140625
2022-02-16,184.72999572753906
2022-02-17,185.32000732421875
2022-02-18,186.3300018310547
2022-02-22,184.85000610351562
2022-02-23,183.1699981689453
2022-02-24,186.30999755859375
2022-02-25,191.55999755859375
2022-02-28,194.11000061035156
2022-03-01,191.47000122070312
2022-03-02,200.8800048828125
2022-03-03,195.1300048828125
2022-03-04,190.85000610351562
2022-03-07,188.07000732421875
2022-03-08,187.25999450683594
2022-03-09,185.14999389648438
2022-03-10,185.5500030517578
2022-03-11,187.9499969482422
2022-03-14,181.58999633789062
2022-03-15,185.5
2022-03-16,192.72999572753906
2022-03-17,194.52000427246094
2022-03-18,190.30999755859375
2022-03-21,188.47000122070312
2022-03-22,186.8000030517578
2022-03-23,179.69000244140625
2022-03-24,173.97000122070312
2022-03-25,172.69000244140625
2022-03-28,164.7100067138672
2022-03-29,173.27999877929688
2022-03-30,164.41000366210938
2022-03-31,160.1999969482422
2022-04-01,157.86000061035156
2022-04-04,155.1199951171875
2022-04-05,153.83999633789062
2022-04-06,156.77999877929688
2022-04-07,153.9499969482422
2022-04-08,156.57000732421875
2022-04-11,161.61000061035156
2022-04-12,154.85000610351562
2022-04-13,155.2100067138672
2022-04-14,153.66000366210938
2022-04-18,154.89999389648438
2022-04-19,164.22000122070312
2022-04-20,161.7100067138672
2022-04-21,158.52000427246094
2022-04-22,160.50999450683594
2022-04-25,165.35000610351562
2022-04-26,159.7100067138672
2022-04-27,158.17999267578125
2022-04-28,173.77000427246094
2022-04-29,183.7100067138672
2022-05-02,187.86000061035156
2022-05-03,194.6999969482422
2022-05-04,200.72000122070312
2022-05-05,190.02000427246094
2022-05-06,191.6300048828125
2022-05-09,188.97999572753906
2022-05-10,181.35000610351562
2022-05-11,179.52999877929688
2022-05-12,179.66000366210938
2022-05-13,191.97999572753906
2022-05-16,186.0500030517578
2022-05-17,192.9199981689453
2022-05-18,176.42999267578125
2022-05-19,179.44000244140625
2022-05-20,170.9600067138672
2022-05-23,166.3300018310547
2022-05-24,168.83999633789062
2022-05-25,177.9600067138672
2022-05-26,178.8300018310547
2022-05-27,185.0
2022-05-31,181.14999389648438
2022-06-01,184.7100067138672
2022-06-02,181.9199981689453
2022-06-03,182.72000122070312
2022-06-06,187.91000366210938
2022-06-07,186.8699951171875
2022-06-08,186.42999267578125
2022-06-09,188.57000732421875
2022-06-10,183.13999938964844
2022-06-13,170.0500030517578
2022-06-14,173.66000366210938
2022-06-15,172.9600067138672
2022-06-16,157.0800018310547
2022-06-17,164.11000061035156
2022-06-21,160.8300018310547
2022-06-22,164.6699981689453
2022-06-23,166.36000061035156
2022-06-24,177.3000030517578
2022-06-27,178.36000061035156
2022-06-28,175.0399932861328
2022-06-29,174.27000427246094
2022-06-30,169.33999633789062
2022-07-01,173.27999877929688
2022-07-05,177.7899932861328
2022-07-06,169.39999389648438
2022-07-07,174.69000244140625
2022-07-08,171.24000549316406
2022-07-11,163.69000244140625
2022-07-12,165.89999389648438
2022-07-13,161.5
2022-07-14,150.97999572753906
2022-07-15,161.27999877929688
2022-07-18,166.0
2022-07-19,174.9600067138672
2022-07-20,172.74000549316406
2022-07-21,167.10000610351562
2022-07-22,167.22000122070312
2022-07-25,164.47000122070312
2022-07-26,160.5800018310547
2022-07-27,163.52999877929688
2022-07-28,171.9600067138672
2022-07-29,171.63999938964844
2022-08-01,180.75
2022-08-02,174.8000030517578
2022-08-03,178.5
2022-08-04,176.88999938964844
2022-08-05,179.22000122070312
2022-08-08,180.61000061035156
2022-08-09,178.02999877929688
2022-08-10,182.85000610351562
2022-08-11,182.14999389648438
2022-08-12,184.80999755859375
2022-08-15,186.02999877929688
2022-08-16,198.57000732421875
2022-08-17,189.27999877929688
2022-08-18,188.4199981689453
2022-08-19,186.14999389648438
2022-08-22,181.42999267578125
2022-08-23,181.83999633789062
2022-08-24,182.3000030517578
2022-08-25,188.66000366210938
2022-08-26,184.27999877929688
2022-08-29,184.27000427246094
2022-08-30,180.42999267578125
2022-08-31,174.47999572753906
2022-09-01,173.61000061035156
2022-09-02,171.10000610351562
2022-09-06,165.08999633789062
2022-09-07,170.02999877929688
2022-09-08,168.19000244140625
2022-09-09,170.69000244140625
2022-09-12,174.19000244140625
2022-09-13,161.1199951171875
2022-09-14,161.0
2022-09-15,159.19000244140625
2022-09-16,156.83999633789062
2022-09-19,158.7899932861328
2022-09-20,153.10000610351562
2022-09-21,150.27000427246094
2022-09-22,148.89999389648438
2022-09-23,147.67999267578125
2022-09-26,150.77000427246094
2022-09-27,151.7100067138672
2022-09-28,157.52999877929688
2022-09-29,147.0
2022-09-30,151.10000610351562
2022-10-03,156.27000427246094
2022-10-04,160.75999450683594
2022-10-05,158.0399932861328
2022-10-06,152.67999267578125
2022-10-07,154.6300048828125
2022-10-10,155.22999572753906
2022-10-11,157.52999877929688
2022-10-12,156.10000610351562
2022-10-13,158.88999938964844
2022-10-14,154.42999267578125
2022-10-17,156.89999389648438
2022-10-18,159.0
2022-10-19,147.47999572753906
2022-10-20,141.05999755859375
2022-10-21,143.14999389648438
2022-10-24,148.24000549316406
2022-10-25,154.14999389648438
2022-10-26,154.61000061035156
2022-10-27,157.9499969482422
2022-10-28,156.92999267578125
2022-10-31,157.75
2022-11-01,167.75
2022-11-02,155.33999633789062
2022-11-03,155.86000061035156
2022-11-04,153.8800048828125
2022-11-07,159.6300048828125
2022-11-08,165.02999877929688
2022-11-09,159.5500030517578
2022-11-10,175.8000030517578
2022-11-11,181.0500030517578
2022-11-14,178.9600067138672
2022-11-15,180.27000427246094
2022-11-16,176.19000244140625
2022-11-17,179.39999389648438
2022-11-18,178.36000061035156
2022-11-21,179.49000549316406
2022-11-22,179.82000732421875
2022-11-23,181.89999389648438
2022-11-25,181.55999755859375
2022-11-28,180.44000244140625
2022-11-29,182.08999633789062
2022-11-30,187.6199951171875
2022-12-01,182.74000549316406
2022-12-02,183.32000732421875
2022-12-05,176.5500030517578
2022-12-06,180.44000244140625
2022-12-07,178.9600067138672
2022-12-08,181.5399932861328
2022-12-09,181.17999267578125
2022-12-12,179.77999877929688
2022-12-13,175.77000427246094
2022-12-14,177.41000366210938
2022-12-15,170.36000061035156
2022-12-16,167.10000610351562
2022-12-19,161.8699951171875
2022-12-20,158.7100067138672
2022-12-21,165.17999267578125
2022-12-22,166.27000427246094
2022-12-23,169.00999450683594
2022-12-27,172.5
2022-12-28,169.9600067138672
2022-12-29,175.0
2022-12-30,179.25
2023-01-03,174.3000030517578
2023-01-04,179.33999633789062
2023-01-05,180.24000549316406
2023-01-06,184.22999572753906
2023-01-09,184.24000549316406
2023-01-10,189.3699951171875
2023-01-11,191.97000122070312
2023-01-12,193.5399932861328
2023-01-13,189.0500030517578
2023-01-17,186.19000244140625
2023-01-18,184.33999633789062
2023-01-19,184.0399932861328
2023-01-20,189.9600067138672
2023-01-23,191.83999633789062
2023-01-24,189.0399932861328
2023-01-25,193.63999938964844
2023-01-26,200.6300048828125
2023-01-27,214.83999633789062
2023-01-30,214.17999267578125
2023-01-31,220.0
2023-02-01,231.63999938964844
2023-02-02,241.7100067138672
2023-02-03,243.1300048828125
2023-02-06,236.0
2023-02-07,235.9199981689453
2023-02-08,232.32000732421875
2023-02-09,231.4499969482422
2023-02-10,231.50999450683594
2023-02-13,232.24000549316406
2023-02-14,233.19000244140625
2023-02-15,234.1199951171875
2023-02-16,233.50999450683594
2023-02-17,241.52000427246094
2023-02-21,223.2899932861328
2023-02-22,228.97999572753906
2023-02-23,229.38999938964844
2023-02-24,221.24000549316406
2023-02-27,227.0
2023-02-28,227.10000610351562
2023-03-01,232.85000610351562
2023-03-02,232.75
2023-03-03,238.02000427246094
2023-03-06,235.44000244140625
2023-03-07,235.47999572753906
2023-03-08,234.6999969482422
2023-03-09,234.74000549316406
2023-03-10,225.24000549316406
2023-03-13,207.47000122070312
2023-03-14,201.60000610351562
2023-03-15,199.2899932861328
2023-03-16,202.94000244140625
2023-03-17,196.0399932861328
2023-03-20,200.24000549316406
2023-03-21,204.25
2023-03-22,198.75999450683594
2023-03-23,197.9600067138672
2023-03-24,198.36000061035156
2023-03-27,198.5399932861328
2023-03-28,199.38999938964844
2023-03-29,199.64999389648438
2023-03-30,206.4600067138672
2023-03-31,210.0
2023-04-03,209.97999572753906
2023-04-04,203.4600067138672
2023-04-05,194.6699981689453
2023-04-06,193.5399932861328
2023-04-10,196.4600067138672
2023-04-11,205.36000061035156
2023-04-12,203.77000427246094
2023-04-13,205.27000427246094
2023-04-14,208.27000427246094
2023-04-17,204.6300048828125
2023-04-18,208.0800018310547
2023-04-19,206.3000030517578
2023-04-20,204.8800048828125
2023-04-21,203.92999267578125
2023-04-24,206.8699951171875
2023-04-25,187.63999938964844
2023-04-26,186.02999877929688
2023-04-27,193.19000244140625
2023-04-28,193.4600067138672
2023-05-01,198.3300018310547
2023-05-02,196.07000732421875
2023-05-03,191.82000732421875
2023-05-04,189.41000366210938
2023-05-05,196.92999267578125
2023-05-08,201.8800048828125
2023-05-09,202.07000732421875
2023-05-10,204.17999267578125
2023-05-11,203.61000061035156
2023-05-12,199.47000122070312
2023-05-15,202.05999755859375
2023-05-16,197.52999877929688
2023-05-17,205.6699981689453
2023-05-18,208.75999450683594
2023-05-19,204.22999572753906
2023-05-22,204.35000610351562
2023-05-23,206.39999389648438
2023-05-24,203.0500030517578
2023-05-25,201.0399932861328
2023-05-26,212.60000610351562
2023-05-30,216.47000122070312
2023-05-31,209.11000061035156
2023-06-01,204.88999938964844
2023-06-02,218.49000549316406
2023-06-05,210.9600067138672
2023-06-06,220.16000366210938
2023-06-07,230.10000610351562
2023-06-08,230.89999389648438
2023-06-09,226.25999450683594
2023-06-12,226.72999572753906
2023-06-13,227.85000610351562
2023-06-14,221.83999633789062
2023-06-15,228.75999450683594
2023-06-16,221.7899932861328
2023-06-20,224.47000122070312
2023-06-21,226.47999572753906
2023-06-22,229.88999938964844
2023-06-23,228.36000061035156
2023-06-26,229.0
2023-06-27,235.89999389648438
2023-06-28,240.99000549316406
2023-06-29,240.67999267578125
2023-06-30,240.4199981689453
2023-07-03,239.08999633789062
2023-07-05,241.64999389648438
2023-07-06,236.6300048828125
2023-07-07,243.67999267578125
2023-07-10,243.11000061035156
2023-07-11,250.85000610351562
2023-07-12,251.19000244140625
2023-07-13,248.3000030517578
2023-07-14,243.25999450683594
2023-07-17,244.22999572753906
2023-07-18,247.4199981689453
2023-07-19,249.97999572753906
2023-07-20,243.0800018310547
2023-07-21,232.3699951171875
2023-07-24,232.94000244140625
2023-07-25,218.30999755859375
2023-07-26,221.91000366210938
2023-07-27,221.1699981689453
2023-07-28,219.99000549316406
2023-07-31,225.60000610351562
2023-08-01,225.4600067138672
2023-08-02,225.1699981689453
2023-08-03,224.42999267578125
2023-08-04,221.42999267578125
2023-08-07,225.69000244140625
2023-08-08,219.58999633789062
2023-08-09,223.2100067138672
2023-08-10,221.4499969482422
2023-08-11,226.08999633789062
2023-08-14,229.3000030517578
2023-08-15,223.19000244140625
2023-08-16,219.32000732421875
2023-08-17,218.61000061035156
2023-08-18,221.3699951171875
2023-08-21,219.8699951171875
2023-08-22,219.05999755859375
2023-08-23,222.27000427246094
2023-08-24,217.57000732421875
2023-08-25,218.6999969482422
2023-08-28,221.72000122070312
2023-08-29,225.60000610351562
2023-08-30,229.0
2023-08-31,230.0
2023-09-01,233.47999572753906
2023-09-05,227.47000122070312
2023-09-06,225.24000549316406
2023-09-07,219.1999969482422
2023-09-08,222.27000427246094
2023-09-11,221.0399932861328
2023-09-12,222.61000061035156
2023-09-13,220.5800018310547
2023-09-14,234.19000244140625
2023-09-15,225.1300048828125
2023-09-18,225.9199981689453
2023-09-19,224.97000122070312
2023-09-20,226.5500030517578
2023-09-21,225.22999572753906
2023-09-22,223.0
2023-09-25,223.69000244140625
2023-09-26,221.55999755859375
2023-09-27,225.47000122070312
2023-09-28,229.19000244140625
2023-09-29,230.07000732421875
2023-10-02,218.85000610351562
2023-10-03,214.07000732421875
2023-10-04,214.32000732421875
2023-10-05,207.99000549316406
2023-10-06,210.8800048828125
2023-10-09,217.08999633789062
2023-10-10,221.52000427246094
2023-10-11,218.07000732421875
2023-10-12,212.69000244140625
2023-10-13,212.39999389648438
2023-10-16,216.17999267578125
2023-10-17,216.49000549316406
2023-10-18,212.8300018310547
2023-10-19,207.0500030517578
2023-10-20,204.7100067138672
2023-10-23,199.16000366210938
2023-10-24,186.52000427246094
2023-10-25,184.9199981689453
2023-10-26,189.0399932861328
2023-10-27,186.55999755859375
2023-10-30,186.07000732421875
2023-10-31,191.3699951171875
2023-11-01,196.33999633789062
2023-11-02,201.77000427246094
2023-11-03,210.02000427246094
2023-11-06,204.2899932861328
2023-11-07,202.66000366210938
2023-11-08,201.47000122070312
2023-11-09,198.55999755859375
2023-11-10,201.6199951171875
2023-11-13,203.6999969482422
2023-11-14,218.5800018310547
2023-11-15,222.74000549316406
2023-11-16,204.99000549316406
2023-11-17,209.6699981689453
2023-11-20,212.19000244140625
2023-11-21,205.6999969482422
2023-11-22,207.07000732421875
2023-11-24,209.75999450683594
2023-11-27,207.52999877929688
2023-11-28,209.17999267578125
2023-11-29,209.2899932861328
2023-11-30,209.82000732421875
2023-12-01,217.61000061035156
2023-12-04,222.7100067138672
2023-12-05,217.22000122070312
2023-12-06,214.6199951171875
2023-12-07,215.80999755859375
2023-12-08,215.2100067138672
2023-12-11,216.5
2023-12-12,211.1999969482422
2023-12-13,221.75
2023-12-14,234.33999633789062
2023-12-15,233.1699981689453
2023-12-18,223.05999755859375
2023-12-19,225.5500030517578
2023-12-20,221.7899932861328
2023-12-21,226.27999877929688
2023-12-22,224.17999267578125
2023-12-26,223.3300018310547
2023-12-27,223.99000549316406
2023-12-28,227.47999572753906
2023-12-29,224.97000122070312
2024-01-02,222.83999633789062
2024-01-03,208.6699981689453
2024-01-04,207.0
2024-01-05,205.5399932861328
2024-01-08,208.75
2024-01-09,209.0500030517578
2024-01-10,210.44000244140625
2024-01-11,209.5
2024-01-12,202.22999572753906
2024-01-16,202.58999633789062
2024-01-17,202.5399932861328
2024-01-18,203.39999389648438
2024-01-19,204.4600067138672
2024-01-22,207.57000732421875
2024-01-23,207.75
2024-01-24,205.07000732421875
2024-01-25,211.58999633789062
2024-01-26,213.9199981689453
2024-01-29,219.67999267578125
2024-01-30,218.36000061035156
2024-01-31,209.05999755859375
2024-02-01,213.6699981689453
2024-02-02,213.27000427246094
2024-02-05,210.8000030517578
2024-02-06,209.8000030517578
2024-02-07,210.74000549316406
2024-02-08,206.7899932861328
2024-02-09,215.9199981689453
2024-02-12,222.39999389648438
2024-02-13,218.35000610351562
2024-02-14,221.00999450683594
2024-02-15,221.33999633789062
2024-02-16,216.88999938964844
2024-02-20,208.17999267578125
2024-02-21,208.7899932861328
2024-02-22,211.91000366210938
2024-02-23,214.6199951171875
2024-02-26,211.1300048828125
2024-02-27,212.0
2024-02-28,208.2899932861328
2024-02-29,208.8300018310547
2024-03-01,209.8000030517578
2024-03-04,205.5
2024-03-05,205.27000427246094
2024-03-06,206.4199981689453
2024-03-07,210.14999389648438
2024-03-08,209.6999969482422
2024-03-11,210.52000427246094
2024-03-12,210.8699951171875
2024-03-13,210.42999267578125
2024-03-14,204.6999969482422
2024-03-15,210.0
2024-03-18,208.27000427246094
2024-03-19,209.2100067138672
2024-03-20,218.61000061035156
2024-03-21,224.58999633789062
2024-03-22,224.00999450683594
2024-03-25,222.6300048828125
2024-03-26,225.5399932861328
2024-03-27,233.72999572753906
2024-03-28,235.77999877929688
2024-04-01,234.35000610351562
2024-04-02,226.36000061035156
2024-04-03,225.63999938964844
2024-04-04,222.55999755859375
2024-04-05,224.05999755859375
2024-04-08,224.82000732421875
2024-04-09,229.97999572753906
2024-04-10,220.0399932861328
2024-04-11,220.3800048828125
2024-04-12,217.50999450683594
2024-04-15,215.1199951171875
2024-04-16,216.39999389648438
2024-04-17,211.8699951171875
2024-04-18,211.49000549316406
2024-04-19,215.1199951171875
2024-04-22,216.86000061035156
2024-04-23,222.19000244140625
2024-04-24,221.5399932861328
2024-04-25,217.1199951171875
2024-04-26,221.97000122070312
2024-04-29,218.47000122070312
2024-04-30,210.24000549316406
2024-05-01,210.63999938964844
2024-05-02,208.4499969482422
2024-05-03,213.75
2024-05-06,221.60000610351562
2024-05-07,219.3000030517578
2024-05-08,221.69000244140625
2024-05-09,226.27999877929688
2024-05-10,224.82000732421875
2024-05-13,234.85000610351562
2024-05-14,242.99000549316406
2024-05-15,239.72999572753906
2024-05-16,243.8800048828125
2024-05-17,241.1300048828125
2024-05-20,239.00999450683594
2024-05-21,240.0
2024-05-22,234.75999450683594
2024-05-23,228.0800018310547
2024-05-24,231.3000030517578
2024-05-28,232.44000244140625
2024-05-29,227.38999938964844
2024-05-30,233.61000061035156
2024-05-31,235.07000732421875
2024-06-03,242.72999572753906
2024-06-04,237.72999572753906
2024-06-05,236.72999572753906
2024-06-06,235.42999267578125
2024-06-07,234.22000122070312
2024-06-10,231.4600067138672
2024-06-11,230.30999755859375
2024-06-12,234.5399932861328
2024-06-13,233.36000061035156
2024-06-14,229.92999267578125
2024-06-17,235.75
2024-06-18,233.1199951171875
2024-06-20,228.22000122070312
2024-06-21,228.64999389648438
2024-06-24,229.75999450683594
2024-06-25,223.66000366210938
2024-06-26,222.08999633789062
2024-06-27,226.13999938964844
2024-06-28,227.8699951171875
2024-07-01,228.24000549316406
2024-07-02,227.30999755859375
2024-07-03,225.61000061035156
2024-07-05,224.75999450683594
2024-07-08,227.27000427246094
2024-07-09,222.60000610351562
2024-07-10,227.27999877929688
2024-07-11,243.5500030517578
2024-07-12,247.97999572753906
2024-07-15,249.61000061035156
2024-07-16,259.6199951171875
2024-07-17,255.83999633789062
2024-07-18,250.91000366210938
2024-07-19,245.86000061035156
2024-07-22,251.92999267578125
2024-07-23,247.3800048828125
2024-07-24,245.02000427246094
2024-07-25,249.4499969482422
2024-07-26,254.2100067138672
2024-07-29,255.60000610351562
2024-07-30,257.19000244140625
2024-07-31,269.2200012207031
2024-08-01,263.42999267578125
2024-08-02,235.35000610351562
2024-08-05,230.1699981689453
2024-08-06,232.6999969482422
2024-08-07,227.22999572753906
2024-08-08,234.3000030517578
2024-08-09,233.9199981689453
2024-08-12,226.5500030517578
2024-08-13,229.85000610351562
2024-08-14,223.2100067138672
2024-08-15,231.99000549316406
2024-08-16,230.36000061035156
2024-08-19,230.02999877929688
2024-08-20,226.25999450683594
2024-08-21,235.0399932861328
2024-08-22,230.88999938964844
2024-08-23,241.77999877929688
2024-08-26,244.05999755859375
2024-08-27,240.36000061035156
2024-08-28,241.67999267578125
2024-08-29,242.1999969482422
2024-08-30,245.63999938964844
2024-09-03,237.74000549316406
2024-09-04,233.72000122070312
2024-09-05,230.77000427246094
2024-09-06,221.88999938964844
2024-09-09,223.2100067138672
2024-09-10,216.52999877929688
2024-09-11,214.52000427246094
2024-09-12,212.92999267578125
2024-09-13,221.6999969482422
2024-09-16,219.80999755859375
2024-09-17,222.0500030517578
2024-09-18,219.9499969482422
2024-09-19,227.33999633789062
2024-09-20,224.9499969482422
2024-09-23,227.9499969482422
2024-09-24,230.24000549316406
2024-09-25,231.6999969482422
2024-09-26,238.2100067138672
2024-09-27,244.35000610351562
2024-09-30,238.58999633789062
2024-10-01,233.36000061035156
2024-10-02,228.64999389648438
2024-10-03,223.50999450683594
2024-10-04,231.82000732421875
2024-10-07,229.00999450683594
2024-10-08,228.27999877929688
2024-10-09,223.61000061035156
2024-10-10,221.8300018310547
2024-10-11,223.1300048828125
2024-10-14,225.64999389648438
2024-10-15,225.8300018310547
2024-10-16,234.99000549316406
2024-10-17,235.27999877929688
2024-10-18,234.64999389648438
2024-10-21,229.97000122070312
2024-10-22,225.89999389648438
2024-10-23,229.77000427246094
2024-10-24,225.13999938964844
2024-10-25,222.8699951171875
2024-10-28,225.5800018310547
2024-10-29,231.4199981689453
2024-10-30,233.02999877929688
2024-10-31,227.83999633789062
2024-11-01,227.97999572753906
2024-11-04,236.97999572753906
2024-11-05,242.0399932861328
2024-11-06,259.20001220703125
2024-11-07,259.8800048828125
2024-11-08,260.45001220703125
2024-11-11,265.75
2024-11-12,258.6600036621094
2024-11-13,264.7900085449219
2024-11-14,261.6199951171875
2024-11-15,258.17999267578125
2024-11-18,255.89999389648438
2024-11-19,250.47000122070312
2024-11-20,250.47999572753906
2024-11-21,258.1600036621094
2024-11-22,261.29998779296875
2024-11-25,266.82000732421875
2024-11-26,263.7200012207031
2024-11-27,260.0299987792969
2024-11-29,259.8299865722656
2024-12-02,265.0199890136719
2024-12-03,265.3500061035156
2024-12-04,265.3699951171875
2024-12-05,259.1600036621094
2024-12-06,258.9800109863281
2024-12-09,257.260009765625
2024-12-10,256.739990234375
2024-12-11,255.6300048828125
2024-12-12,254.9499969482422
2024-12-13,253.72000122070312
2024-12-16,256.6700134277344
2024-12-17,252.3000030517578
2024-12-18,243.50999450683594
2024-12-19,243.86000061035156
2024-12-20,245.77000427246094
2024-12-23,243.77999877929688
2024-12-24,247.0399932861328
2024-12-26,249.27000427246094
2024-12-27,244.52999877929688
2024-12-30,242.9600067138672
2024-12-31,243.02999877929688
2025-01-02,236.4199981689453
2025-01-03,236.92999267578125
2025-01-06,237.0500030517578
2025-01-07,241.36000061035156
2025-01-08,241.99000549316406
2025-01-10,237.8000030517578
2025-01-13,241.9199981689453
2025-01-14,248.58999633789062
2025-01-15,249.8000030517578
2025-01-16,245.36000061035156
2025-01-17,244.77999877929688
2025-01-21,256.9200134277344
2025-01-22,256.6099853515625
2025-01-23,259.8399963378906
2025-01-24,261.0799865722656
2025-01-27,271.1199951171875
2025-01-28,273.32000732421875
2025-01-29,274.30999755859375
2025-01-30,305.8599853515625
2025-01-31,296.67999267578125
2025-02-03,289.3699951171875
2025-02-04,295.6099853515625
2025-02-05,304.239990234375
2025-02-06,303.1300048828125
2025-02-07,293.6300048828125
2025-02-10,294.04998779296875
2025-02-11,300.989990234375
2025-02-12,301.0299987792969
2025-02-13,299.7200012207031
2025-02-14,303.3699951171875
2025-02-18,300.7900085449219
2025-02-19,294.5
2025-02-20,287.54998779296875
2025-02-21,276.3699951171875
2025-02-24,274.1499938964844
2025-02-25,275.5400085449219
2025-02-26,272.6300048828125
2025-02-27,266.95001220703125
2025-02-28,268.3999938964844
2025-03-03,259.55999755859375
2025-03-04,255.39999389648438
2025-03-05,260.54998779296875
2025-03-06,257.17999267578125
2025-03-07,254.83999633789062
2025-03-10,247.9199981689453
2025-03-11,246.9600067138672
2025-03-12,243.02999877929688
2025-03-13,227.02000427246094
2025-03-14,230.8800048828125
2025-03-17,234.64999389648438
2025-03-18,232.50999450683594
2025-03-19,234.55999755859375
2025-03-20,232.07000732421875
2025-03-21,233.75999450683594
2025-03-24,241.92999267578125
2025-03-25,242.35000610351562
2025-03-26,237.6199951171875
2025-03-27,226.16000366210938
2025-03-28,218.1699981689453
2025-03-31,220.83999633789062
2025-04-01,225.25
2025-04-02,230.7899932861328
2025-04-03,213.47000122070312
2025-04-04,212.5800018310547
2025-04-07,215.6300048828125
2025-04-08,210.85000610351562
2025-04-09,233.2100067138672
2025-04-10,223.72000122070312
2025-04-11,228.27999877929688
2025-04-14,225.47999572753906
2025-04-15,222.16000366210938
2025-04-16,216.77999877929688
2025-04-17,218.5500030517578
2025-04-21,216.41000366210938
2025-04-22,223.0
2025-04-23,219.30999755859375
2025-04-24,221.52999877929688
2025-04-25,223.5399932861328
2025-04-28,224.4499969482422
2025-04-29,216.25999450683594
2025-04-30,218.13999938964844
2025-05-01,218.35000610351562
2025-05-02,222.3300018310547
2025-05-05,220.7100067138672
2025-05-06,220.27000427246094
2025-05-07,217.83999633789062
2025-05-08,225.86000061035156
2025-05-09,225.02999877929688
2025-05-12,235.9600067138672
2025-05-13,239.82000732421875
2025-05-14,235.1999969482422
2025-05-15,233.67999267578125
2025-05-16,235.07000732421875
2025-05-19,233.94000244140625
2025-05-20,231.7100067138672
2025-05-21,225.5
2025-05-22,226.61000061035156
2025-05-23,225.19000244140625
2025-05-27,229.7100067138672
2025-05-28,228.60000610351562
2025-05-29,226.25
2025-05-30,227.91000366210938
2025-06-02,229.22999572753906
2025-06-03,233.6699981689453
2025-06-04,228.72999572753906
2025-06-05,230.02999877929688
2025-06-06,232.07000732421875
2025-06-09,237.47999572753906
2025-06-10,243.60000610351562
2025-06-11,243.07000732421875
2025-06-12,239.67999267578125
2025-06-13,232.49000549316406
2025-06-16,239.97999572753906
2025-06-17,234.97999572753906
2025-06-18,235.7899932861328
2025-06-20,237.6199951171875
2025-06-23,239.44000244140625
2025-06-24,245.99000549316406
2025-06-25,240.72999572753906
2025-06-26,239.88999938964844
2025-06-27,244.1300048828125
2025-06-30,238.5399932861328
2025-07-01,248.9199981689453
2025-07-02,258.94000244140625
2025-07-03,258.6600036621094
2025-07-07,254.33999633789062
2025-07-08,254.08999633789062
2025-07-09,261.010009765625
2025-07-10,265.9700012207031
2025-07-11,263.2200012207031
2025-07-14,263.32000732421875
2025-07-15,248.30999755859375
2025-07-16,248.11000061035156
2025-07-17,229.52000427246094
2025-07-18,229.9600067138672
2025-07-21,231.77000427246094
2025-07-22,233.82000732421875
2025-07-23,238.52000427246094
2025-07-24,232.57000732421875
2025-07-25,237.66000366210938
2025-07-28,229.1999969482422
2025-07-29,220.3300018310547
2025-07-30,222.0
2025-07-31,222.1199951171875
2025-08-01,223.02000427246094
2025-08-04,223.94000244140625
2025-08-05,229.16000366210938
2025-08-06,229.3800048828125
2025-08-07,223.99000549316406
2025-08-08,222.27999877929688
2025-08-11,223.02000427246094
2025-08-12,234.10000610351562
2025-08-13,243.17999267578125
2025-08-14,242.1999969482422
2025-08-15,240.5500030517578
2025-08-18,240.44000244140625
2025-08-19,245.08999633789062
2025-08-20,240.85000610351562
2025-08-21,240.13999938964844
2025-08-22,253.82000732421875
2025-08-25,252.8300018310547
2025-08-26,254.36000061035156
2025-08-27,256.6099853515625
2025-08-28,258.0400085449219
2025-08-29,251.5399932861328
2025-09-02,253.35000610351562
2025-09-03,253.67999267578125
2025-09-04,259.0
2025-09-05,257.4800109863281
2025-09-08,254.36000061035156
2025-09-09,253.94000244140625
2025-09-10,247.00999450683594
2025-09-11,252.85000610351562
2025-09-12,244.24000549316406
2025-09-15,242.74000549316406
2025-09-16,243.00999450683594
2025-09-17,242.82000732421875
2025-09-18,245.4499969482422
2025-09-19,241.1999969482422
2025-09-22,239.77999877929688
2025-09-23,242.35000610351562
2025-09-24,242.2899932861328
2025-09-25,236.30999755859375
2025-09-26,239.0
2025-09-29,240.61000061035156
2025-09-30,244.4499969482422
2025-10-01,251.13999938964844
2025-10-02,251.52000427246094
2025-10-03,253.38999938964844
2025-10-06,247.50999450683594
2025-10-07,243.1999969482422
2025-10-08,247.8800048828125
2025-10-09,243.94000244140625
2025-10-10,235.05999755859375
2025-10-13,239.35000610351562
2025-10-14,246.2100067138672
2025-10-15,248.4600067138672
2025-10-16,244.52999877929688
2025-10-17,243.74000549316406
2025-10-20,245.8699951171875
2025-10-21,251.3699951171875
2025-10-22,248.82000732421875
2025-10-23,240.97000122070312
2025-10-24,239.3300018310547
2025-10-27,234.3300018310547
2025-10-28,235.88999938964844
2025-10-29,237.3800048828125
2025-10-30,238.22000122070312
2025-10-31,234.60000610351562
2025-11-03,234.97999572753906
2025-11-04,230.42999267578125
2025-11-05,233.86000061035156
2025-11-06,226.61000061035156
2025-11-07,226.61000061035156
2025-11-10,222.61000061035156
2025-11-11,217.97999572753906
2025-11-12,224.75999450683594
2025-11-13,223.27999877929688
2025-11-14,222.08999633789062
2025-11-17,216.77999877929688
2025-11-18,220.3000030517578
2025-11-19,219.4499969482422
2025-11-20,210.94000244140625
2025-11-21,222.92999267578125
2025-11-24,223.8000030517578
2025-11-25,233.6199951171875
2025-11-26,234.5
2025-11-28,232.57000732421875
2025-12-01,232.1199951171875
2025-12-02,230.47999572753906
2025-12-03,236.22999572753906
2025-12-04,233.89999389648438
2025-12-05,238.89999389648438
2025-12-08,238.67999267578125
2025-12-09,237.77999877929688
2025-12-10,244.3800048828125
2025-12-11,248.57000732421875
2025-12-12,243.63999938964844
2025-12-15,242.42999267578125
2025-12-16,242.14999389648438
2025-12-17,242.33999633789062
2025-12-18,236.1300048828125
2025-12-19,236.89999389648438
2025-12-22,236.89999389648438
2025-12-23,237.3800048828125
2025-12-24,240.88999938964844
2025-12-26,241.4600067138672
2025-12-29,239.80999755859375
2025-12-30,236.52000427246094
2025-12-31,232.52999877929688
2026-01-02,234.75999450683594
2026-01-05,240.19000244140625
2026-01-06,242.07000732421875
2026-01-07,241.77000427246094
2026-01-08,250.64999389648438
2026-01-09,256.0299987792969
2026-01-12,251.44000244140625
2026-01-13,245.52999877929688
2026-01-14,245.50999450683594
2026-01-15,248.5
2026-01-16,247.57000732421875
2026-01-20,244.80999755859375
2026-01-21,253.75
2026-01-22,249.82000732421875
2026-01-23,238.0399932861328
2026-01-26,238.5399932861328
2026-01-27,241.14999389648438
2026-01-28,243.88999938964844
2026-01-29,237.1999969482422
2026-01-30,234.50999450683594
2026-02-02,235.77000427246094
2026-02-03,231.88999938964844
2026-02-04,237.0399932861328
2026-02-05,220.5500030517578
2026-02-06,225.2100067138672
2026-02-09,223.50999450683594
2026-02-10,228.55999755859375
2026-02-11,232.2899932861328
2026-02-12,234.05999755859375
2026-02-13,229.44000244140625
2026-02-17,227.39999389648438
2026-02-18,229.77999877929688
2026-02-19,223.2100067138672
2026-02-20,226.17999267578125
2026-02-23,220.47999572753906
2026-02-24,219.50999450683594
2026-02-25,217.02999877929688
2026-02-26,218.3300018310547
2026-02-27,213.77999877929688
2026-03-02,210.75999450683594
2026-03-03,211.44000244140625
2026-03-04,212.47999572753906
2026-03-05,207.6300048828125
2026-03-06,204.77999877929688
2026-03-09,204.1699981689453
2026-03-10,199.39999389648438
2026-03-11,199.52000427246094
2026-03-12,196.69000244140625
2026-03-13,196.4600067138672
2026-03-16,191.0
2026-03-17,189.11000061035156
2026-03-18,189.4499969482422
2026-03-19,188.97000122070312
2026-03-20,185.0800018310547
2026-03-23,191.6999969482422
2026-03-24,189.88999938964844
2026-03-25,194.0800018310547
2026-03-26,198.5500030517578
2026-03-27,195.55999755859375
2026-03-30,193.4499969482422
2026-03-31,195.41000366210938
2026-04-01,194.02999877929688
2026-04-02,194.75999450683594
2026-04-06,195.39999389648438
2026-04-07,195.13999938964844
2026-04-08,200.67999267578125
2026-04-09,202.0500030517578
2026-04-10,204.0
2026-04-13,205.72999572753906
2026-04-14,206.57000732421875
2026-04-15,202.5399932861328
2026-04-16,204.08999633789062
2026-04-17,211.44000244140625
2026-04-20,212.7100067138672
2026-04-21,207.99000549316406
2026-04-22,202.4499969482422
2026-04-23,202.00999450683594
2026-04-24,203.05999755859375
2026-04-27,200.02999877929688
2026-04-28,200.55999755859375
2026-04-29,201.38999938964844
2026-04-30,203.69000244140625
2026-05-01,203.00999450683594
2026-05-04,193.35000610351562
2026-05-05,198.5
2026-05-06,197.6999969482422
2026-05-07,200.4499969482422
2026-05-08,200.38999938964844
2026-05-11,198.3300018310547
