Date,Close
2012-01-25,17.1200008392334
2012-01-26,17.43000030517578
2012-01-27,17.829999923706055
2012-01-30,18.049999237060547
2012-01-31,18.030000686645508
2012-02-01,18.950000762939453
2012-02-02,19.950000762939453
2012-02-03,20.190000534057617
2012-02-06,20.1200008392334
2012-02-07,20.979999542236328
2012-02-08,21.770000457763672
2012-02-09,21.739999771118164
2012-02-10,22.059999465942383
2012-02-13,23.09000015258789
2012-02-14,22.600000381469727
2012-02-15,22.799999237060547
2012-02-16,22.350000381469727
2012-02-17,22.110000610351562
2012-02-21,22.479999542236328
2012-02-22,23.989999771118164
2012-02-23,23.950000762939453
2012-02-24,23.489999771118164
2012-02-27,22.809999465942383
2012-02-28,23.010000228881836
2012-02-29,22.6200008392334
2012-03-01,22.940000534057617
2012-03-02,22.950000762939453
2012-03-05,21.690000534057617
2012-03-06,21.690000534057617
2012-03-07,21.84000015258789
2012-03-08,22.079999923706055
2012-03-09,22.43000030517578
2012-03-12,22.729999542236328
2012-03-13,25.649999618530273
2012-03-14,30.040000915527344
2012-03-15,32.349998474121094
2012-03-16,32.310001373291016
2012-03-19,33.04999923706055
2012-03-20,32.68000030517578
2012-03-21,32.349998474121094
2012-03-22,31.549999237060547
2012-03-23,32.88999938964844
2012-03-26,35.369998931884766
2012-03-27,35.0
2012-03-28,32.70000076293945
2012-03-29,31.93000030517578
2012-03-30,30.780000686645508
2012-04-02,30.0
2012-04-03,28.020000457763672
2012-04-04,29.229999542236328
2012-04-05,30.649999618530273
2012-04-09,30.239999771118164
2012-04-10,27.670000076293945
2012-04-11,27.850000381469727
2012-04-12,28.450000762939453
2012-04-13,27.979999542236328
2012-04-16,27.09000015258789
2012-04-17,28.489999771118164
2012-04-18,29.139999389648438
2012-04-19,28.649999618530273
2012-04-20,27.149999618530273
2012-04-23,26.40999984741211
2012-04-24,25.329999923706055
2012-04-25,26.190000534057617
2012-04-26,26.139999389648438
2012-04-27,26.889999389648438
2012-04-30,27.219999313354492
2012-05-01,27.049999237060547
2012-05-02,27.579999923706055
2012-05-03,27.270000457763672
2012-05-04,27.049999237060547
2012-05-07,27.09000015258789
2012-05-08,25.989999771118164
2012-05-09,25.170000076293945
2012-05-10,23.139999389648438
2012-05-11,25.770000457763672
2012-05-14,26.719999313354492
2012-05-15,27.110000610351562
2012-05-16,25.899999618530273
2012-05-17,25.3799991607666
2012-05-18,25.450000762939453
2012-05-21,26.0
2012-05-22,26.25
2012-05-23,26.920000076293945
2012-05-24,26.5
2012-05-25,26.200000762939453
2012-05-29,26.65999984741211
2012-05-30,25.700000762939453
2012-05-31,25.90999984741211
2012-06-01,24.190000534057617
2012-06-04,23.030000686645508
2012-06-05,24.260000228881836
2012-06-06,24.06999969482422
2012-06-07,22.770000457763672
2012-06-08,23.459999084472656
2012-06-11,24.219999313354492
2012-06-12,24.270000457763672
2012-06-13,25.06999969482422
2012-06-14,25.84000015258789
2012-06-15,26.719999313354492
2012-06-18,27.600000381469727
2012-06-19,28.760000228881836
2012-06-20,29.360000610351562
2012-06-21,28.299999237060547
2012-06-22,29.1200008392334
2012-06-25,28.75
2012-06-26,29.0
2012-06-27,29.190000534057617
2012-06-28,26.889999389648438
2012-06-29,28.1200008392334
2012-07-02,28.149999618530273
2012-07-03,27.780000686645508
2012-07-05,27.110000610351562
2012-07-06,26.790000915527344
2012-07-09,25.280000686645508
2012-07-10,25.350000381469727
2012-07-11,24.209999084472656
2012-07-12,23.65999984741211
2012-07-13,24.690000534057617
2012-07-16,25.469999313354492
2012-07-17,26.8799991607666
2012-07-18,26.68000030517578
2012-07-19,28.079999923706055
2012-07-20,27.68000030517578
2012-07-23,25.479999542236328
2012-07-24,25.0
2012-07-25,24.510000228881836
2012-07-26,25.139999389648438
2012-07-27,25.860000610351562
2012-07-30,25.65999984741211
2012-07-31,25.65999984741211
2012-08-01,25.690000534057617
2012-08-02,25.739999771118164
2012-08-03,26.920000076293945
2012-08-06,26.5
2012-08-07,26.270000457763672
2012-08-08,25.739999771118164
2012-08-09,25.3700008392334
2012-08-10,25.290000915527344
2012-08-13,24.809999465942383
2012-08-14,24.639999389648438
2012-08-15,25.469999313354492
2012-08-16,26.3700008392334
2012-08-17,26.989999771118164
2012-08-20,26.969999313354492
2012-08-21,27.670000076293945
2012-08-22,27.940000534057617
2012-08-23,27.8700008392334
2012-08-24,27.639999389648438
2012-08-27,27.6299991607666
2012-08-28,28.030000686645508
2012-08-29,28.3799991607666
2012-08-30,28.09000015258789
2012-08-31,28.549999237060547
2012-09-04,29.350000381469727
2012-09-05,32.25
2012-09-06,31.979999542236328
2012-09-07,31.299999237060547
2012-09-10,30.229999542236328
2012-09-11,30.649999618530273
2012-09-12,30.139999389648438
2012-09-13,30.56999969482422
2012-09-14,30.6299991607666
2012-09-17,31.260000228881836
2012-09-18,31.1299991607666
2012-09-19,31.309999465942383
2012-09-20,31.299999237060547
2012-09-21,31.34000015258789
2012-09-24,31.100000381469727
2012-09-25,30.110000610351562
2012-09-26,29.59000015258789
2012-09-27,30.969999313354492
2012-09-28,31.049999237060547
2012-10-01,31.170000076293945
2012-10-02,30.719999313354492
2012-10-03,30.969999313354492
2012-10-04,32.150001525878906
2012-10-05,31.8700008392334
2012-10-08,31.850000381469727
2012-10-09,30.84000015258789
2012-10-10,29.959999084472656
2012-10-11,30.239999771118164
2012-10-12,30.170000076293945
2012-10-15,31.0
2012-10-16,31.0
2012-10-17,29.59000015258789
2012-10-18,29.3700008392334
2012-10-19,28.700000762939453
2012-10-22,28.760000228881836
2012-10-23,29.940000534057617
2012-10-24,30.059999465942383
2012-10-25,29.93000030517578
2012-10-26,29.559999465942383
2012-10-31,30.639999389648438
2012-11-01,31.739999771118164
2012-11-02,30.059999465942383
2012-11-05,31.399999618530273
2012-11-06,29.989999771118164
2012-11-07,29.290000915527344
2012-11-08,28.68000030517578
2012-11-09,28.6200008392334
2012-11-12,29.059999465942383
2012-11-13,29.239999771118164
2012-11-14,29.059999465942383
2012-11-15,29.5
2012-11-16,30.8700008392334
2012-11-19,30.84000015258789
2012-11-20,30.170000076293945
2012-11-21,30.110000610351562
2012-11-23,30.399999618530273
2012-11-26,29.700000762939453
2012-11-27,29.459999084472656
2012-11-28,31.280000686645508
2012-11-29,30.799999237060547
2012-11-30,29.899999618530273
2012-12-03,29.489999771118164
2012-12-04,29.350000381469727
2012-12-05,29.030000686645508
2012-12-06,28.84000015258789
2012-12-07,29.469999313354492
2012-12-10,29.790000915527344
2012-12-11,30.489999771118164
2012-12-12,30.6200008392334
2012-12-13,30.93000030517578
2012-12-14,30.700000762939453
2012-12-17,31.1299991607666
2012-12-18,31.850000381469727
2012-12-19,30.719999313354492
2012-12-20,30.299999237060547
2012-12-21,30.719999313354492
2012-12-24,30.010000228881836
2012-12-26,29.3799991607666
2012-12-27,29.030000686645508
2012-12-28,29.010000228881836
2012-12-31,29.719999313354492
2013-01-02,30.850000381469727
2013-01-03,30.549999237060547
2013-01-04,30.940000534057617
2013-01-07,31.030000686645508
2013-01-08,30.90999984741211
2013-01-09,31.690000534057617
2013-01-10,30.93000030517578
2013-01-11,31.8700008392334
2013-01-14,32.150001525878906
2013-01-15,32.279998779296875
2013-01-16,33.150001525878906
2013-01-17,33.619998931884766
2013-01-18,33.15999984741211
2013-01-22,32.099998474121094
2013-01-23,32.91999816894531
2013-01-24,32.970001220703125
2013-01-25,33.5
2013-01-28,34.52000045776367
2013-01-29,33.88999938964844
2013-01-30,32.5
2013-01-31,33.119998931884766
2013-02-01,34.34000015258789
2013-02-04,32.61000061035156
2013-02-05,31.399999618530273
2013-02-06,32.13999938964844
2013-02-07,32.27000045776367
2013-02-08,32.040000915527344
2013-02-11,31.799999237060547
2013-02-12,32.47999954223633
2013-02-13,32.0
2013-02-14,31.959999084472656
2013-02-15,32.56999969482422
2013-02-19,33.04999923706055
2013-02-20,32.220001220703125
2013-02-21,31.6299991607666
2013-02-22,31.979999542236328
2013-02-25,30.8799991607666
2013-02-26,31.530000686645508
2013-02-27,36.75
2013-02-28,36.54999923706055
2013-03-01,35.869998931884766
2013-03-04,36.75
2013-03-05,36.5
2013-03-06,37.08000183105469
2013-03-07,36.959999084472656
2013-03-08,36.970001220703125
2013-03-11,37.77000045776367
2013-03-12,37.9900016784668
2013-03-13,37.66999816894531
2013-03-14,37.95000076293945
2013-03-15,38.099998474121094
2013-03-18,37.34000015258789
2013-03-19,36.849998474121094
2013-03-20,37.150001525878906
2013-03-21,37.66999816894531
2013-03-22,36.779998779296875
2013-03-25,37.029998779296875
2013-03-26,38.060001373291016
2013-03-27,38.75
2013-03-28,38.439998626708984
2013-04-01,37.70000076293945
2013-04-02,37.29999923706055
2013-04-03,36.47999954223633
2013-04-04,36.290000915527344
2013-04-05,36.61000061035156
2013-04-08,36.66999816894531
2013-04-09,36.5099983215332
2013-04-10,37.2599983215332
2013-04-11,36.61000061035156
2013-04-12,36.4900016784668
2013-04-15,35.5099983215332
2013-04-16,36.41999816894531
2013-04-17,36.099998474121094
2013-04-18,37.13999938964844
2013-04-19,38.41999816894531
2013-04-22,38.70000076293945
2013-04-23,38.9900016784668
2013-04-24,38.959999084472656
2013-04-25,39.290000915527344
2013-04-26,39.13999938964844
2013-04-29,40.70000076293945
2013-04-30,40.08000183105469
2013-05-01,39.540000915527344
2013-05-02,40.529998779296875
2013-05-03,41.029998779296875
2013-05-06,41.5
2013-05-07,42.279998779296875
2013-05-08,43.22999954223633
2013-05-09,42.18000030517578
2013-05-10,43.560001373291016
2013-05-13,42.439998626708984
2013-05-14,41.91999816894531
2013-05-15,41.369998931884766
2013-05-16,41.68000030517578
2013-05-17,42.04999923706055
2013-05-20,42.400001525878906
2013-05-21,41.959999084472656
2013-05-22,40.349998474121094
2013-05-23,40.63999938964844
2013-05-24,40.08000183105469
2013-05-28,40.790000915527344
2013-05-29,41.529998779296875
2013-05-30,42.560001373291016
2013-05-31,40.959999084472656
2013-06-03,39.380001068115234
2013-06-04,38.900001525878906
2013-06-05,38.56999969482422
2013-06-06,38.70000076293945
2013-06-07,39.5
2013-06-10,40.7599983215332
2013-06-11,40.470001220703125
2013-06-12,40.099998474121094
2013-06-13,40.5
2013-06-14,39.9900016784668
2013-06-17,41.869998931884766
2013-06-18,42.900001525878906
2013-06-19,41.970001220703125
2013-06-20,41.0099983215332
2013-06-21,40.16999816894531
2013-06-24,41.880001068115234
2013-06-25,41.59000015258789
2013-06-26,42.88999938964844
2013-06-27,42.33000183105469
2013-06-28,42.04999923706055
2013-07-01,43.7599983215332
2013-07-02,43.599998474121094
2013-07-03,44.63999938964844
2013-07-05,44.45000076293945
2013-07-08,44.959999084472656
2013-07-09,44.439998626708984
2013-07-10,43.97999954223633
2013-07-11,44.29999923706055
2013-07-12,44.5099983215332
2013-07-15,45.470001220703125
2013-07-16,44.75
2013-07-17,44.81999969482422
2013-07-18,44.810001373291016
2013-07-19,44.58000183105469
2013-07-22,44.630001068115234
2013-07-23,44.31999969482422
2013-07-24,43.380001068115234
2013-07-25,43.9900016784668
2013-07-26,42.900001525878906
2013-07-29,42.58000183105469
2013-07-30,42.040000915527344
2013-07-31,43.7599983215332
2013-08-01,43.45000076293945
2013-08-02,43.709999084472656
2013-08-05,43.720001220703125
2013-08-06,43.119998931884766
2013-08-07,43.02000045776367
2013-08-08,43.790000915527344
2013-08-09,43.66999816894531
2013-08-12,43.93000030517578
2013-08-13,43.709999084472656
2013-08-14,44.040000915527344
2013-08-15,42.91999816894531
2013-08-16,43.290000915527344
2013-08-19,42.79999923706055
2013-08-20,44.0
2013-08-21,43.79999923706055
2013-08-22,44.81999969482422
2013-08-23,44.34000015258789
2013-08-26,44.86000061035156
2013-08-27,44.099998474121094
2013-08-28,44.31999969482422
2013-08-29,46.220001220703125
2013-08-30,45.959999084472656
2013-09-03,46.47999954223633
2013-09-04,43.06999969482422
2013-09-05,43.189998626708984
2013-09-06,46.0
2013-09-09,47.47999954223633
2013-09-10,47.13999938964844
2013-09-11,47.0099983215332
2013-09-12,46.7599983215332
2013-09-13,46.77000045776367
2013-09-16,46.95000076293945
2013-09-17,48.060001373291016
2013-09-18,48.459999084472656
2013-09-19,47.630001068115234
2013-09-20,48.54999923706055
2013-09-23,48.86000061035156
2013-09-24,48.22999954223633
2013-09-25,48.27000045776367
2013-09-26,47.709999084472656
2013-09-27,46.900001525878906
2013-09-30,47.11000061035156
2013-10-01,47.619998931884766
2013-10-02,48.0099983215332
2013-10-03,48.439998626708984
2013-10-04,48.40999984741211
2013-10-07,46.630001068115234
2013-10-08,45.20000076293945
2013-10-09,45.59000015258789
2013-10-10,45.83000183105469
2013-10-11,46.02000045776367
2013-10-14,46.61000061035156
2013-10-15,45.880001068115234
2013-10-16,46.959999084472656
2013-10-17,48.04999923706055
2013-10-18,48.779998779296875
2013-10-21,49.5099983215332
2013-10-22,49.2400016784668
2013-10-23,47.150001525878906
2013-10-24,48.060001373291016
2013-10-25,48.72999954223633
2013-10-28,50.02000045776367
2013-10-29,51.0099983215332
2013-10-30,50.7400016784668
2013-10-31,50.720001220703125
2013-11-01,49.33000183105469
2013-11-04,48.849998474121094
2013-11-05,48.09000015258789
2013-11-06,47.41999816894531
2013-11-07,45.959999084472656
2013-11-08,46.400001525878906
2013-11-11,46.47999954223633
2013-11-12,46.63999938964844
2013-11-13,47.0
2013-11-14,46.95000076293945
2013-11-15,47.56999969482422
2013-11-18,47.040000915527344
2013-11-19,46.0
2013-11-20,45.45000076293945
2013-11-21,45.70000076293945
2013-11-22,47.290000915527344
2013-11-25,44.7599983215332
2013-11-26,46.66999816894531
2013-11-27,47.029998779296875
2013-11-29,47.72999954223633
2013-12-02,46.400001525878906
2013-12-03,44.97999954223633
2013-12-04,47.130001068115234
2013-12-05,45.79999923706055
2013-12-06,47.040000915527344
2013-12-09,46.0099983215332
2013-12-10,44.95000076293945
2013-12-11,43.83000183105469
2013-12-12,44.52000045776367
2013-12-13,45.209999084472656
2013-12-16,45.06999969482422
2013-12-17,44.939998626708984
2013-12-18,45.79999923706055
2013-12-19,46.29999923706055
2013-12-20,48.310001373291016
2013-12-23,48.130001068115234
2013-12-24,48.27000045776367
2013-12-26,48.63999938964844
2013-12-27,48.529998779296875
2013-12-30,48.91999816894531
2013-12-31,49.06999969482422
2014-01-02,48.13999938964844
2014-01-03,48.4900016784668
2014-01-06,48.099998474121094
2014-01-07,48.41999816894531
2014-01-08,49.720001220703125
2014-01-09,48.52000045776367
2014-01-10,48.79999923706055
2014-01-13,47.63999938964844
2014-01-14,48.5099983215332
2014-01-15,49.369998931884766
2014-01-16,49.5099983215332
2014-01-17,50.65999984741211
2014-01-21,49.77000045776367
2014-01-22,49.59000015258789
2014-01-23,49.52000045776367
2014-01-24,48.27000045776367
2014-01-27,47.20000076293945
2014-01-28,47.790000915527344
2014-01-29,46.81999969482422
2014-01-30,48.36000061035156
2014-01-31,47.209999084472656
2014-02-03,45.11000061035156
2014-02-04,45.220001220703125
2014-02-05,45.70000076293945
2014-02-06,46.630001068115234
2014-02-07,47.5099983215332
2014-02-10,47.54999923706055
2014-02-11,47.5
2014-02-12,47.790000915527344
2014-02-13,49.79999923706055
2014-02-14,50.0099983215332
2014-02-18,50.619998931884766
2014-02-19,50.560001373291016
2014-02-20,51.380001068115234
2014-02-21,51.45000076293945
2014-02-24,52.810001373291016
2014-02-25,52.810001373291016
2014-02-26,53.060001373291016
2014-02-27,53.970001220703125
2014-02-28,53.61000061035156
2014-03-03,53.15999984741211
2014-03-04,57.380001068115234
2014-03-05,55.9900016784668
2014-03-06,55.27000045776367
2014-03-07,54.540000915527344
2014-03-10,53.150001525878906
2014-03-11,52.470001220703125
2014-03-12,52.91999816894531
2014-03-13,52.34000015258789
2014-03-14,52.27000045776367
2014-03-17,53.09000015258789
2014-03-18,54.22999954223633
2014-03-19,52.720001220703125
2014-03-20,52.31999969482422
2014-03-21,50.130001068115234
2014-03-24,49.459999084472656
2014-03-25,49.400001525878906
2014-03-26,48.33000183105469
2014-03-27,48.220001220703125
2014-03-28,48.20000076293945
2014-03-31,49.04999923706055
2014-04-01,50.4900016784668
2014-04-02,50.66999816894531
2014-04-03,48.59000015258789
2014-04-04,45.88999938964844
2014-04-07,43.459999084472656
2014-04-08,43.25
2014-04-09,45.9900016784668
2014-04-10,42.2599983215332
2014-04-11,40.54999923706055
2014-04-14,40.47999954223633
2014-04-15,40.459999084472656
2014-04-16,42.20000076293945
2014-04-17,42.97999954223633
2014-04-21,42.47999954223633
2014-04-22,42.880001068115234
2014-04-23,41.150001525878906
2014-04-24,40.310001373291016
2014-04-25,38.900001525878906
2014-04-28,37.41999816894531
2014-04-29,37.560001373291016
2014-04-30,37.7599983215332
2014-05-01,39.040000915527344
2014-05-02,38.9900016784668
2014-05-05,38.7599983215332
2014-05-06,38.13999938964844
2014-05-07,37.060001373291016
2014-05-08,36.400001525878906
2014-05-09,34.849998474121094
2014-05-12,35.86000061035156
2014-05-13,35.279998779296875
2014-05-14,35.2599983215332
2014-05-15,35.349998474121094
2014-05-16,35.88999938964844
2014-05-19,37.56999969482422
2014-05-20,37.45000076293945
2014-05-21,37.4900016784668
2014-05-22,38.31999969482422
2014-05-23,38.56999969482422
2014-05-27,39.79999923706055
2014-05-28,39.18000030517578
2014-05-29,39.13999938964844
2014-05-30,37.77000045776367
2014-06-02,36.90999984741211
2014-06-03,37.06999969482422
2014-06-04,36.540000915527344
2014-06-05,37.75
2014-06-06,38.43000030517578
2014-06-09,38.470001220703125
2014-06-10,38.369998931884766
2014-06-11,38.439998626708984
2014-06-12,38.2599983215332
2014-06-13,38.15999984741211
2014-06-16,39.41999816894531
2014-06-17,39.59000015258789
2014-06-18,38.86000061035156
2014-06-19,39.15999984741211
2014-06-20,39.5
2014-06-23,39.380001068115234
2014-06-24,39.470001220703125
2014-06-25,39.90999984741211
2014-06-26,40.2599983215332
2014-06-27,40.689998626708984
2014-06-30,40.65999984741211
2014-07-01,40.439998626708984
2014-07-02,40.18000030517578
2014-07-03,40.4900016784668
2014-07-07,38.7599983215332
2014-07-08,38.029998779296875
2014-07-09,38.16999816894531
2014-07-10,38.029998779296875
2014-07-11,37.599998474121094
2014-07-14,37.619998931884766
2014-07-15,37.09000015258789
2014-07-16,37.65999984741211
2014-07-17,37.369998931884766
2014-07-18,37.779998779296875
2014-07-21,37.790000915527344
2014-07-22,38.5
2014-07-23,38.029998779296875
2014-07-24,39.25
2014-07-25,39.04999923706055
2014-07-28,39.029998779296875
2014-07-29,39.29999923706055
2014-07-30,41.97999954223633
2014-07-31,40.5
2014-08-01,39.7599983215332
2014-08-04,40.40999984741211
2014-08-05,40.34000015258789
2014-08-06,40.7599983215332
2014-08-07,41.209999084472656
2014-08-08,42.2599983215332
2014-08-11,42.900001525878906
2014-08-12,43.369998931884766
2014-08-13,43.11000061035156
2014-08-14,43.099998474121094
2014-08-15,42.900001525878906
2014-08-18,43.650001525878906
2014-08-19,43.9900016784668
2014-08-20,43.959999084472656
2014-08-21,44.209999084472656
2014-08-22,44.54999923706055
2014-08-25,45.20000076293945
2014-08-26,45.83000183105469
2014-08-27,45.04999923706055
2014-08-28,44.849998474121094
2014-08-29,45.54999923706055
2014-09-02,45.81999969482422
2014-09-03,45.65999984741211
2014-09-04,45.27000045776367
2014-09-05,45.810001373291016
2014-09-08,46.09000015258789
2014-09-09,45.380001068115234
2014-09-10,45.79999923706055
2014-09-11,46.75
2014-09-12,45.97999954223633
2014-09-15,44.61000061035156
2014-09-16,43.91999816894531
2014-09-17,44.869998931884766
2014-09-18,44.93000030517578
2014-09-19,43.880001068115234
2014-09-22,43.709999084472656
2014-09-23,43.7400016784668
2014-09-24,45.09000015258789
2014-09-25,44.72999954223633
2014-09-26,45.029998779296875
2014-09-29,45.31999969482422
2014-09-30,44.34000015258789
2014-10-01,43.56999969482422
2014-10-02,45.13999938964844
2014-10-03,46.75
2014-10-06,46.47999954223633
2014-10-07,46.25
2014-10-08,46.970001220703125
2014-10-09,45.849998474121094
2014-10-10,44.810001373291016
2014-10-13,44.7400016784668
2014-10-14,45.779998779296875
2014-10-15,47.099998474121094
2014-10-16,47.47999954223633
2014-10-17,47.900001525878906
2014-10-20,47.54999923706055
2014-10-21,48.0
2014-10-22,46.97999954223633
2014-10-23,47.84000015258789
2014-10-24,48.060001373291016
2014-10-27,48.470001220703125
2014-10-28,49.619998931884766
2014-10-29,49.33000183105469
2014-10-30,50.13999938964844
2014-10-31,49.939998626708984
2014-11-03,49.5
2014-11-04,50.45000076293945
2014-11-05,50.369998931884766
2014-11-06,50.869998931884766
2014-11-07,51.880001068115234
2014-11-10,52.040000915527344
2014-11-11,52.619998931884766
2014-11-12,52.72999954223633
2014-11-13,51.77000045776367
2014-11-14,51.119998931884766
2014-11-17,50.18000030517578
2014-11-18,50.08000183105469
2014-11-19,49.29999923706055
2014-11-20,49.38999938964844
2014-11-21,49.599998474121094
2014-11-24,50.11000061035156
2014-11-25,50.099998474121094
2014-11-26,51.130001068115234
2014-11-28,50.470001220703125
2014-12-01,50.459999084472656
2014-12-02,50.400001525878906
2014-12-03,50.72999954223633
2014-12-04,50.72999954223633
2014-12-05,50.689998626708984
2014-12-08,48.97999954223633
2014-12-09,50.02000045776367
2014-12-10,48.5099983215332
2014-12-11,47.869998931884766
2014-12-12,47.11000061035156
2014-12-15,47.54999923706055
2014-12-16,48.060001373291016
2014-12-17,49.349998474121094
2014-12-18,50.189998626708984
2014-12-19,50.31999969482422
2014-12-22,50.7599983215332
2014-12-23,51.2599983215332
2014-12-24,51.540000915527344
2014-12-26,52.0
2014-12-29,52.150001525878906
2014-12-30,51.630001068115234
2014-12-31,50.630001068115234
2015-01-02,49.970001220703125
2015-01-05,48.810001373291016
2015-01-06,48.279998779296875
2015-01-07,48.529998779296875
2015-01-08,49.650001525878906
2015-01-09,49.09000015258789
2015-01-12,47.79999923706055
2015-01-13,47.7400016784668
2015-01-14,47.58000183105469
2015-01-15,45.599998474121094
2015-01-16,47.61000061035156
2015-01-20,48.66999816894531
2015-01-21,48.88999938964844
2015-01-22,50.369998931884766
2015-01-23,50.79999923706055
2015-01-26,51.45000076293945
2015-01-27,50.540000915527344
2015-01-28,50.220001220703125
2015-01-29,50.959999084472656
2015-01-30,50.099998474121094
2015-02-02,50.9900016784668
2015-02-03,51.65999984741211
2015-02-04,51.79999923706055
2015-02-05,53.279998779296875
2015-02-06,52.97999954223633
2015-02-09,52.38999938964844
2015-02-10,53.18000030517578
2015-02-11,52.529998779296875
2015-02-12,54.38999938964844
2015-02-13,54.810001373291016
2015-02-17,55.029998779296875
2015-02-18,55.0099983215332
2015-02-19,54.959999084472656
2015-02-20,55.11000061035156
2015-02-23,55.060001373291016
2015-02-24,54.5
2015-02-25,54.34000015258789
2015-02-26,54.88999938964844
2015-02-27,55.65999984741211
2015-03-02,54.72999954223633
2015-03-03,54.099998474121094
2015-03-04,53.369998931884766
2015-03-05,53.040000915527344
2015-03-06,52.97999954223633
2015-03-09,52.25
2015-03-10,51.20000076293945
2015-03-11,49.61000061035156
2015-03-12,51.349998474121094
2015-03-13,52.22999954223633
2015-03-16,52.869998931884766
2015-03-17,52.599998474121094
2015-03-18,53.15999984741211
2015-03-19,52.810001373291016
2015-03-20,53.650001525878906
2015-03-23,52.5
2015-03-24,51.59000015258789
2015-03-25,50.5099983215332
2015-03-26,51.20000076293945
2015-03-27,52.560001373291016
2015-03-30,53.2599983215332
2015-03-31,52.61000061035156
2015-04-01,52.470001220703125
2015-04-02,52.529998779296875
2015-04-06,52.7400016784668
2015-04-07,52.65999984741211
2015-04-08,53.650001525878906
2015-04-09,53.970001220703125
2015-04-10,53.9900016784668
2015-04-13,53.5
2015-04-14,53.31999969482422
2015-04-15,53.189998626708984
2015-04-16,52.529998779296875
2015-04-17,51.41999816894531
2015-04-20,52.31999969482422
2015-04-21,52.54999923706055
2015-04-22,52.25
2015-04-23,52.29999923706055
2015-04-24,52.439998626708984
2015-04-27,51.91999816894531
2015-04-28,51.560001373291016
2015-04-29,51.72999954223633
2015-04-30,49.95000076293945
2015-05-01,50.150001525878906
2015-05-04,50.470001220703125
2015-05-05,51.380001068115234
2015-05-06,52.2400016784668
2015-05-07,51.970001220703125
2015-05-08,52.06999969482422
2015-05-11,52.400001525878906
2015-05-12,51.56999969482422
2015-05-13,51.849998474121094
2015-05-14,50.0099983215332
2015-05-15,49.33000183105469
2015-05-18,49.97999954223633
2015-05-19,50.31999969482422
2015-05-20,49.970001220703125
2015-05-21,49.91999816894531
2015-05-22,50.29999923706055
2015-05-26,49.349998474121094
2015-05-27,49.81999969482422
2015-05-28,49.720001220703125
2015-05-29,48.45000076293945
2015-06-01,48.119998931884766
2015-06-02,47.400001525878906
2015-06-03,52.97999954223633
2015-06-04,51.15999984741211
2015-06-05,51.2400016784668
2015-06-08,50.369998931884766
2015-06-09,50.4900016784668
2015-06-10,51.0099983215332
2015-06-11,50.790000915527344
2015-06-12,50.66999816894531
2015-06-15,50.41999816894531
2015-06-16,51.040000915527344
2015-06-17,50.470001220703125
2015-06-18,50.81999969482422
2015-06-19,51.13999938964844
2015-06-22,51.7400016784668
2015-06-23,53.189998626708984
2015-06-24,53.04999923706055
2015-06-25,53.77000045776367
2015-06-26,54.61000061035156
2015-06-29,52.91999816894531
2015-06-30,52.93000030517578
2015-07-01,53.209999084472656
2015-07-02,53.119998931884766
2015-07-06,53.220001220703125
2015-07-07,54.22999954223633
2015-07-08,53.86000061035156
2015-07-09,56.290000915527344
2015-07-10,56.2400016784668
2015-07-13,56.5
2015-07-14,56.63999938964844
2015-07-15,56.33000183105469
2015-07-16,56.43000030517578
2015-07-17,56.720001220703125
2015-07-20,57.939998626708984
2015-07-21,57.40999984741211
2015-07-22,57.47999954223633
2015-07-23,60.08000183105469
2015-07-24,59.36000061035156
2015-07-27,59.029998779296875
2015-07-28,59.540000915527344
2015-07-29,59.310001373291016
2015-07-30,59.290000915527344
2015-07-31,59.04999923706055
2015-08-03,58.4900016784668
2015-08-04,58.31999969482422
2015-08-05,58.880001068115234
2015-08-06,57.709999084472656
2015-08-07,57.4900016784668
2015-08-10,58.54999923706055
2015-08-11,57.38999938964844
2015-08-12,57.16999816894531
2015-08-13,56.5
2015-08-14,57.900001525878906
2015-08-17,58.52000045776367
2015-08-18,57.959999084472656
2015-08-19,57.459999084472656
2015-08-20,55.349998474121094
2015-08-21,54.650001525878906
2015-08-24,52.36000061035156
2015-08-25,52.150001525878906
2015-08-26,52.720001220703125
2015-08-27,53.93000030517578
2015-08-28,53.86000061035156
2015-08-31,55.90999984741211
2015-09-01,54.63999938964844
2015-09-02,54.689998626708984
2015-09-03,54.0
2015-09-04,53.72999954223633
2015-09-08,54.47999954223633
2015-09-09,52.720001220703125
2015-09-10,52.77000045776367
2015-09-11,52.29999923706055
2015-09-14,51.779998779296875
2015-09-15,52.560001373291016
2015-09-16,52.439998626708984
2015-09-17,51.97999954223633
2015-09-18,51.849998474121094
2015-09-21,52.22999954223633
2015-09-22,52.0099983215332
2015-09-23,53.099998474121094
2015-09-24,52.189998626708984
2015-09-25,52.0099983215332
2015-09-28,50.68000030517578
2015-09-29,51.349998474121094
2015-09-30,52.58000183105469
2015-10-01,52.66999816894531
2015-10-02,54.119998931884766
2015-10-05,55.619998931884766
2015-10-06,53.939998626708984
2015-10-07,54.060001373291016
2015-10-08,54.0
2015-10-09,53.58000183105469
2015-10-12,54.189998626708984
2015-10-13,52.91999816894531
2015-10-14,52.380001068115234
2015-10-15,54.810001373291016
2015-10-16,56.54999923706055
2015-10-19,56.5099983215332
2015-10-20,55.5
2015-10-21,55.2599983215332
2015-10-22,57.220001220703125
2015-10-23,57.810001373291016
2015-10-26,57.20000076293945
2015-10-27,56.400001525878906
2015-10-28,59.209999084472656
2015-10-29,58.459999084472656
2015-10-30,58.22999954223633
2015-11-02,58.65999984741211
2015-11-03,57.68000030517578
2015-11-04,58.9900016784668
2015-11-05,58.209999084472656
2015-11-06,60.040000915527344
2015-11-09,58.66999816894531
2015-11-10,57.970001220703125
2015-11-11,57.91999816894531
2015-11-12,57.7599983215332
2015-11-13,56.81999969482422
2015-11-16,57.470001220703125
2015-11-17,57.45000076293945
2015-11-18,58.619998931884766
2015-11-19,59.900001525878906
2015-11-20,59.06999969482422
2015-11-23,58.720001220703125
2015-11-24,59.0
2015-11-25,59.7400016784668
2015-11-27,60.150001525878906
2015-11-30,59.33000183105469
2015-12-01,60.54999923706055
2015-12-02,59.75
2015-12-03,59.15999984741211
2015-12-04,59.54999923706055
2015-12-07,59.91999816894531
2015-12-08,60.81999969482422
2015-12-09,59.65999984741211
2015-12-10,59.75
2015-12-11,58.9900016784668
2015-12-14,58.31999969482422
2015-12-15,59.849998474121094
2015-12-16,59.720001220703125
2015-12-17,59.04999923706055
2015-12-18,58.150001525878906
2015-12-21,57.779998779296875
2015-12-22,58.369998931884766
2015-12-23,60.11000061035156
2015-12-24,60.099998474121094
2015-12-28,60.900001525878906
2015-12-29,61.900001525878906
2015-12-30,61.400001525878906
2015-12-31,60.15999984741211
2016-01-04,58.150001525878906
2016-01-05,57.7599983215332
2016-01-06,57.369998931884766
2016-01-07,56.7400016784668
2016-01-08,55.97999954223633
2016-01-11,56.0099983215332
2016-01-12,56.439998626708984
2016-01-13,53.459999084472656
2016-01-14,56.22999954223633
2016-01-15,54.400001525878906
2016-01-19,54.52000045776367
2016-01-20,55.560001373291016
2016-01-21,55.15999984741211
2016-01-22,56.869998931884766
2016-01-25,56.290000915527344
2016-01-26,55.08000183105469
2016-01-27,53.20000076293945
2016-01-28,51.7400016784668
2016-01-29,55.040000915527344
2016-02-01,55.59000015258789
2016-02-02,54.209999084472656
2016-02-03,55.0
2016-02-04,55.2400016784668
2016-02-05,48.720001220703125
2016-02-08,43.970001220703125
2016-02-09,43.86000061035156
2016-02-10,44.20000076293945
2016-02-11,43.04999923706055
2016-02-12,43.209999084472656
2016-02-16,45.060001373291016
2016-02-17,47.0
2016-02-18,45.959999084472656
2016-02-19,47.2400016784668
2016-02-22,47.689998626708984
2016-02-23,48.5099983215332
2016-02-24,47.79999923706055
2016-02-25,48.7599983215332
2016-02-26,49.65999984741211
2016-02-29,49.22999954223633
2016-03-01,50.52000045776367
2016-03-02,52.45000076293945
2016-03-03,53.11000061035156
2016-03-04,53.119998931884766
2016-03-07,53.77000045776367
2016-03-08,52.34000015258789
2016-03-09,51.779998779296875
2016-03-10,51.439998626708984
2016-03-11,52.869998931884766
2016-03-14,53.36000061035156
2016-03-15,52.540000915527344
2016-03-16,53.650001525878906
2016-03-17,53.5
2016-03-18,53.61000061035156
2016-03-21,53.25
2016-03-22,53.58000183105469
2016-03-23,52.279998779296875
2016-03-24,53.45000076293945
2016-03-28,53.459999084472656
2016-03-29,54.0
2016-03-30,54.619998931884766
2016-03-31,54.47999954223633
2016-04-01,55.09000015258789
2016-04-04,54.619998931884766
2016-04-05,54.2599983215332
2016-04-06,54.72999954223633
2016-04-07,53.45000076293945
2016-04-08,53.900001525878906
2016-04-11,53.0
2016-04-12,53.04999923706055
2016-04-13,54.91999816894531
2016-04-14,54.400001525878906
2016-04-15,53.91999816894531
2016-04-18,55.36000061035156
2016-04-19,55.2400016784668
2016-04-20,56.369998931884766
2016-04-21,57.310001373291016
2016-04-22,56.599998474121094
2016-04-25,56.849998474121094
2016-04-26,57.349998474121094
2016-04-27,58.02000045776367
2016-04-28,57.59000015258789
2016-04-29,56.970001220703125
2016-05-02,57.720001220703125
2016-05-03,56.650001525878906
2016-05-04,56.380001068115234
2016-05-05,55.439998626708984
2016-05-06,55.38999938964844
2016-05-09,55.41999816894531
2016-05-10,56.63999938964844
2016-05-11,55.72999954223633
2016-05-12,55.470001220703125
2016-05-13,55.86000061035156
2016-05-16,56.34000015258789
2016-05-17,55.25
2016-05-18,55.93000030517578
2016-05-19,55.959999084472656
2016-05-20,57.36000061035156
2016-05-23,57.20000076293945
2016-05-24,59.15999984741211
2016-05-25,58.400001525878906
2016-05-26,58.02000045776367
2016-05-27,58.70000076293945
2016-05-31,58.70000076293945
2016-06-01,60.47999954223633
2016-06-02,61.619998931884766
2016-06-03,60.9900016784668
2016-06-06,62.09000015258789
2016-06-07,61.83000183105469
2016-06-08,61.709999084472656
2016-06-09,61.290000915527344
2016-06-10,59.720001220703125
2016-06-13,59.560001373291016
2016-06-14,60.22999954223633
2016-06-15,60.599998474121094
2016-06-16,60.09000015258789
2016-06-17,59.220001220703125
2016-06-20,60.75
2016-06-21,61.099998474121094
2016-06-22,60.650001525878906
2016-06-23,63.040000915527344
2016-06-24,59.79999923706055
2016-06-27,57.47999954223633
2016-06-28,58.599998474121094
2016-06-29,60.529998779296875
2016-06-30,61.7599983215332
2016-07-01,61.47999954223633
2016-07-05,61.5
2016-07-06,61.79999923706055
2016-07-07,61.97999954223633
2016-07-08,63.279998779296875
2016-07-11,63.20000076293945
2016-07-12,63.790000915527344
2016-07-13,63.04999923706055
2016-07-14,63.040000915527344
2016-07-15,62.939998626708984
2016-07-18,62.849998474121094
2016-07-19,62.349998474121094
2016-07-20,62.790000915527344
2016-07-21,61.09000015258789
2016-07-22,62.09000015258789
2016-07-25,61.79999923706055
2016-07-26,61.86000061035156
2016-07-27,61.52000045776367
2016-07-28,61.630001068115234
2016-07-29,61.470001220703125
2016-08-01,61.599998474121094
2016-08-02,60.810001373291016
2016-08-03,60.93000030517578
2016-08-04,61.310001373291016
2016-08-05,61.4900016784668
2016-08-08,61.11000061035156
2016-08-09,61.380001068115234
2016-08-10,61.38999938964844
2016-08-11,61.83000183105469
2016-08-12,61.810001373291016
2016-08-15,61.869998931884766
2016-08-16,60.90999984741211
2016-08-17,60.5099983215332
2016-08-18,61.47999954223633
2016-08-19,62.220001220703125
2016-08-22,61.81999969482422
2016-08-23,62.65999984741211
2016-08-24,62.34000015258789
2016-08-25,62.84000015258789
2016-08-26,62.58000183105469
2016-08-29,62.849998474121094
2016-08-30,62.22999954223633
2016-08-31,61.529998779296875
2016-09-01,61.900001525878906
2016-09-02,63.0099983215332
2016-09-06,63.52000045776367
2016-09-07,63.900001525878906
2016-09-08,62.59000015258789
2016-09-09,61.41999816894531
2016-09-12,62.119998931884766
2016-09-13,60.880001068115234
2016-09-14,60.93000030517578
2016-09-15,61.16999816894531
2016-09-16,59.880001068115234
2016-09-19,58.86000061035156
2016-09-20,58.0
2016-09-21,58.09000015258789
2016-09-22,59.5
2016-09-23,59.650001525878906
2016-09-26,59.41999816894531
2016-09-27,60.060001373291016
2016-09-28,60.08000183105469
2016-09-29,60.02000045776367
2016-09-30,59.97999954223633
2016-10-03,60.27000045776367
2016-10-04,60.380001068115234
2016-10-05,60.0099983215332
2016-10-06,59.61000061035156
2016-10-07,59.709999084472656
2016-10-10,60.310001373291016
2016-10-11,58.4900016784668
2016-10-12,58.560001373291016
2016-10-13,58.380001068115234
2016-10-14,58.34000015258789
2016-10-17,57.869998931884766
2016-10-18,58.25
2016-10-19,58.119998931884766
2016-10-20,58.04999923706055
2016-10-21,57.77000045776367
2016-10-24,58.34000015258789
2016-10-25,57.95000076293945
2016-10-26,58.099998474121094
2016-10-27,57.529998779296875
2016-10-28,57.97999954223633
2016-10-31,57.45000076293945
2016-11-01,57.959999084472656
2016-11-02,55.720001220703125
2016-11-03,56.34000015258789
2016-11-04,56.83000183105469
2016-11-07,58.099998474121094
2016-11-08,58.65999984741211
2016-11-09,58.91999816894531
2016-11-10,57.75
2016-11-11,58.75
2016-11-14,55.95000076293945
2016-11-15,55.959999084472656
2016-11-16,56.279998779296875
2016-11-17,57.400001525878906
2016-11-18,56.68000030517578
2016-11-21,57.470001220703125
2016-11-22,57.22999954223633
2016-11-23,58.29999923706055
2016-11-25,58.65999984741211
2016-11-28,58.369998931884766
2016-11-29,57.54999923706055
2016-11-30,55.709999084472656
2016-12-01,53.900001525878906
2016-12-02,52.36000061035156
2016-12-05,53.27000045776367
2016-12-06,52.66999816894531
2016-12-07,52.869998931884766
2016-12-08,54.70000076293945
2016-12-09,53.9900016784668
2016-12-12,54.02000045776367
2016-12-13,53.290000915527344
2016-12-14,52.439998626708984
2016-12-15,52.77000045776367
2016-12-16,52.43000030517578
2016-12-19,52.36000061035156
2016-12-20,51.33000183105469
2016-12-21,51.349998474121094
2016-12-22,50.43000030517578
2016-12-23,50.59000015258789
2016-12-27,51.150001525878906
2016-12-28,50.310001373291016
2016-12-29,49.9900016784668
2016-12-30,49.33000183105469
2017-01-03,50.9900016784668
2017-01-04,51.97999954223633
2017-01-05,51.18000030517578
2017-01-06,51.369998931884766
2017-01-09,51.27000045776367
2017-01-10,50.93000030517578
2017-01-11,51.83000183105469
2017-01-12,52.43000030517578
2017-01-13,53.66999816894531
2017-01-17,52.900001525878906
2017-01-18,53.06999969482422
2017-01-19,52.290000915527344
2017-01-20,52.959999084472656
2017-01-23,52.43000030517578
2017-01-24,52.75
2017-01-25,53.15999984741211
2017-01-26,52.66999816894531
2017-01-27,52.88999938964844
2017-01-30,52.41999816894531
2017-01-31,52.33000183105469
2017-02-01,52.310001373291016
2017-02-02,52.439998626708984
2017-02-03,54.099998474121094
2017-02-06,53.720001220703125
2017-02-07,53.79999923706055
2017-02-08,53.400001525878906
2017-02-09,54.09000015258789
2017-02-10,54.56999969482422
2017-02-13,54.709999084472656
2017-02-14,55.09000015258789
2017-02-15,56.18000030517578
2017-02-16,55.72999954223633
2017-02-17,55.810001373291016
2017-02-21,56.13999938964844
2017-02-22,55.65999984741211
2017-02-23,55.27000045776367
2017-02-24,56.029998779296875
2017-02-27,55.84000015258789
2017-02-28,54.63999938964844
2017-03-01,55.599998474121094
2017-03-02,55.52000045776367
2017-03-03,57.45000076293945
2017-03-06,57.09000015258789
2017-03-07,57.11000061035156
2017-03-08,57.790000915527344
2017-03-09,57.66999816894531
2017-03-10,57.779998779296875
2017-03-13,57.540000915527344
2017-03-14,57.31999969482422
2017-03-15,57.689998626708984
2017-03-16,57.880001068115234
2017-03-17,56.95000076293945
2017-03-20,56.939998626708984
2017-03-21,55.56999969482422
2017-03-22,55.380001068115234
2017-03-23,55.560001373291016
2017-03-24,55.470001220703125
2017-03-27,56.290000915527344
2017-03-28,56.56999969482422
2017-03-29,56.77000045776367
2017-03-30,56.279998779296875
2017-03-31,56.33000183105469
2017-04-03,55.599998474121094
2017-04-04,58.91999816894531
2017-04-05,58.16999816894531
2017-04-06,58.540000915527344
2017-04-07,59.08000183105469
2017-04-10,59.02000045776367
2017-04-11,59.060001373291016
2017-04-12,58.65999984741211
2017-04-13,58.41999816894531
2017-04-17,58.650001525878906
2017-04-18,58.79999923706055
2017-04-19,59.11000061035156
2017-04-20,59.77000045776367
2017-04-21,59.90999984741211
2017-04-24,60.5
2017-04-25,61.349998474121094
2017-04-26,61.560001373291016
2017-04-27,61.720001220703125
2017-04-28,61.4900016784668
2017-05-01,60.869998931884766
2017-05-02,60.70000076293945
2017-05-03,60.5
2017-05-04,61.13999938964844
2017-05-05,61.4900016784668
2017-05-08,61.34000015258789
2017-05-09,61.0099983215332
2017-05-10,61.029998779296875
2017-05-11,61.06999969482422
2017-05-12,61.0
2017-05-15,62.939998626708984
2017-05-16,62.630001068115234
2017-05-17,60.65999984741211
2017-05-18,60.84000015258789
2017-05-19,62.040000915527344
2017-05-22,63.47999954223633
2017-05-23,63.66999816894531
2017-05-24,64.79000091552734
2017-05-25,66.2300033569336
2017-05-26,67.7300033569336
2017-05-30,66.5
2017-05-31,66.41999816894531
2017-06-01,68.23999786376953
2017-06-02,69.33000183105469
2017-06-05,70.16000366210938
2017-06-06,69.33999633789062
2017-06-07,69.45999908447266
2017-06-08,69.44000244140625
2017-06-09,66.5
2017-06-12,66.30999755859375
2017-06-13,67.5
2017-06-14,67.37000274658203
2017-06-15,67.38999938964844
2017-06-16,67.23999786376953
2017-06-19,67.6500015258789
2017-06-20,66.55000305175781
2017-06-21,68.05000305175781
2017-06-22,68.54000091552734
2017-06-23,69.5999984741211
2017-06-26,69.04000091552734
2017-06-27,68.0199966430664
2017-06-28,69.2699966430664
2017-06-29,68.69999694824219
2017-06-30,68.70999908447266
2017-07-03,68.25
2017-07-05,69.2300033569336
2017-07-06,69.62000274658203
2017-07-07,70.5
2017-07-10,69.33999633789062
2017-07-11,69.58999633789062
2017-07-12,70.62999725341797
2017-07-13,69.9000015258789
2017-07-14,70.4000015258789
2017-07-17,70.94999694824219
2017-07-18,70.58999633789062
2017-07-19,71.12000274658203
2017-07-20,71.36000061035156
2017-07-21,71.05000305175781
2017-07-24,72.12999725341797
2017-07-25,72.63999938964844
2017-07-26,72.80999755859375
2017-07-27,71.58000183105469
2017-07-28,71.91999816894531
2017-07-31,72.16000366210938
2017-08-01,72.7699966430664
2017-08-02,70.83999633789062
2017-08-03,71.29000091552734
2017-08-04,70.98999786376953
2017-08-07,70.80000305175781
2017-08-08,70.08000183105469
2017-08-09,70.22000122070312
2017-08-10,68.36000061035156
2017-08-11,68.8499984741211
2017-08-14,70.37000274658203
2017-08-15,69.81999969482422
2017-08-16,71.12000274658203
2017-08-17,70.88999938964844
2017-08-18,70.58999633789062
2017-08-21,71.2300033569336
2017-08-22,71.94999694824219
2017-08-23,71.44000244140625
2017-08-24,71.83000183105469
2017-08-25,72.30999755859375
2017-08-28,73.86000061035156
2017-08-29,74.08999633789062
2017-08-30,75.9800033569336
2017-08-31,75.70999908447266
2017-09-01,75.80000305175781
2017-09-05,75.27999877929688
2017-09-06,73.2300033569336
2017-09-07,80.05999755859375
2017-09-08,79.80999755859375
2017-09-11,79.70999908447266
2017-09-12,79.0199966430664
2017-09-13,78.52999877929688
2017-09-14,78.08000183105469
2017-09-15,77.63999938964844
2017-09-18,78.80999755859375
2017-09-19,77.98999786376953
2017-09-20,77.38999938964844
2017-09-21,77.16000366210938
2017-09-22,78.63999938964844
2017-09-25,77.68000030517578
2017-09-26,76.72000122070312
2017-09-27,76.75
2017-09-28,77.06999969482422
2017-09-29,77.86000061035156
2017-10-02,77.52999877929688
2017-10-03,77.62000274658203
2017-10-04,77.38999938964844
2017-10-05,77.47000122070312
2017-10-06,78.23999786376953
2017-10-09,77.69999694824219
2017-10-10,78.55999755859375
2017-10-11,79.37999725341797
2017-10-12,79.63999938964844
2017-10-13,78.30000305175781
2017-10-16,78.16000366210938
2017-10-17,77.20999908447266
2017-10-18,76.54000091552734
2017-10-19,77.38999938964844
2017-10-20,77.7699966430664
2017-10-23,78.16000366210938
2017-10-24,78.19000244140625
2017-10-25,77.37999725341797
2017-10-26,77.22000122070312
2017-10-27,77.69999694824219
2017-10-30,77.4000015258789
2017-10-31,79.9800033569336
2017-11-01,77.93000030517578
2017-11-02,80.41000366210938
2017-11-03,80.95999908447266
2017-11-06,81.54000091552734
2017-11-07,80.08000183105469
2017-11-08,80.81999969482422
2017-11-09,79.30999755859375
2017-11-10,80.30999755859375
2017-11-13,79.81999969482422
2017-11-14,79.87999725341797
2017-11-15,79.30000305175781
2017-11-16,81.18000030517578
2017-11-17,81.48999786376953
2017-11-20,81.87999725341797
2017-11-21,82.04000091552734
2017-11-22,81.87999725341797
2017-11-24,82.7699966430664
2017-11-27,81.5999984741211
2017-11-28,81.51000213623047
2017-11-29,76.95999908447266
2017-11-30,74.38999938964844
2017-12-01,73.1500015258789
2017-12-04,70.47000122070312
2017-12-05,70.44999694824219
2017-12-06,71.31999969482422
2017-12-07,72.7300033569336
2017-12-08,72.87000274658203
2017-12-11,73.55999755859375
2017-12-12,73.61000061035156
2017-12-13,73.61000061035156
2017-12-14,73.36000061035156
2017-12-15,74.2300033569336
2017-12-18,74.33999633789062
2017-12-19,73.30999755859375
2017-12-20,73.76000213623047
2017-12-21,73.86000061035156
2017-12-22,73.51000213623047
2017-12-26,73.55999755859375
2017-12-27,73.66999816894531
2017-12-28,73.91999816894531
2017-12-29,74.26000213623047
2018-01-02,74.45999908447266
2018-01-03,75.55000305175781
2018-01-04,76.58999633789062
2018-01-05,77.04000091552734
2018-01-08,77.08000183105469
2018-01-09,77.19999694824219
2018-01-10,76.68000030517578
2018-01-11,77.30999755859375
2018-01-12,77.3499984741211
2018-01-16,75.44999694824219
2018-01-17,75.63999938964844
2018-01-18,76.68000030517578
2018-01-19,77.11000061035156
2018-01-22,77.11000061035156
2018-01-23,78.23999786376953
2018-01-24,78.30000305175781
2018-01-25,79.18000030517578
2018-01-26,80.4800033569336
2018-01-29,79.81999969482422
2018-01-30,79.44999694824219
2018-01-31,79.44999694824219
2018-02-01,78.47000122070312
2018-02-02,78.0
2018-02-05,75.7699966430664
2018-02-06,76.77999877929688
2018-02-07,76.6500015258789
2018-02-08,75.33000183105469
2018-02-09,75.2699966430664
2018-02-12,77.58999633789062
2018-02-13,77.26000213623047
2018-02-14,79.66999816894531
2018-02-15,81.9800033569336
2018-02-16,81.87999725341797
2018-02-20,82.55000305175781
2018-02-21,81.58000183105469
2018-02-22,79.88999938964844
2018-02-23,81.18000030517578
2018-02-26,82.5999984741211
2018-02-27,81.76000213623047
2018-02-28,80.31999969482422
2018-03-01,81.02999877929688
2018-03-02,82.97000122070312
2018-03-05,84.94000244140625
2018-03-06,85.2300033569336
2018-03-07,91.16999816894531
2018-03-08,88.22000122070312
2018-03-09,87.94999694824219
2018-03-12,88.63999938964844
2018-03-13,86.9800033569336
2018-03-14,86.72000122070312
2018-03-15,85.5999984741211
2018-03-16,84.93000030517578
2018-03-19,84.87000274658203
2018-03-20,85.51000213623047
2018-03-21,86.30999755859375
2018-03-22,82.98999786376953
2018-03-23,80.61000061035156
2018-03-26,83.29000091552734
2018-03-27,79.97000122070312
2018-03-28,79.20999908447266
2018-03-29,80.83000183105469
2018-04-02,78.66999816894531
2018-04-03,78.75
2018-04-04,80.76000213623047
2018-04-05,81.25
2018-04-06,80.91000366210938
2018-04-09,80.19000244140625
2018-04-10,81.80999755859375
2018-04-11,82.23999786376953
2018-04-12,82.80000305175781
2018-04-13,81.86000061035156
2018-04-16,82.76000213623047
2018-04-17,85.75
2018-04-18,86.79000091552734
2018-04-19,86.36000061035156
2018-04-20,85.72000122070312
2018-04-23,85.45999908447266
2018-04-24,84.0199966430664
2018-04-25,82.87000274658203
2018-04-26,84.55999755859375
2018-04-27,84.98999786376953
2018-04-30,84.62000274658203
2018-05-01,85.62999725341797
2018-05-02,85.77999877929688
2018-05-03,87.04000091552734
2018-05-04,88.19000244140625
2018-05-07,89.33999633789062
2018-05-08,89.2300033569336
2018-05-09,90.30000305175781
2018-05-10,92.45999908447266
2018-05-11,91.62999725341797
2018-05-14,90.5
2018-05-15,91.0
2018-05-16,91.75
2018-05-17,92.80999755859375
2018-05-18,93.47000122070312
2018-05-21,93.30999755859375
2018-05-22,91.69999694824219
2018-05-23,92.26000213623047
2018-05-24,92.58999633789062
2018-05-25,93.2300033569336
2018-05-29,93.9000015258789
2018-05-30,93.19999694824219
2018-05-31,92.83999633789062
2018-06-01,93.80000305175781
2018-06-04,95.05999755859375
2018-06-05,93.91999816894531
2018-06-06,92.9000015258789
2018-06-07,87.19999694824219
2018-06-08,88.5999984741211
2018-06-11,89.55000305175781
2018-06-12,92.12000274658203
2018-06-13,92.2300033569336
2018-06-14,92.29000091552734
2018-06-15,93.01000213623047
2018-06-18,94.19999694824219
2018-06-19,93.4800033569336
2018-06-20,93.9000015258789
2018-06-21,91.61000061035156
2018-06-22,91.33999633789062
2018-06-25,89.08999633789062
2018-06-26,90.12999725341797
2018-06-27,88.22000122070312
2018-06-28,88.23999786376953
2018-06-29,88.77999877929688
2018-07-02,89.19999694824219
2018-07-03,89.25
2018-07-05,90.55999755859375
2018-07-06,92.58999633789062
2018-07-09,93.66999816894531
2018-07-10,92.55999755859375
2018-07-11,93.12000274658203
2018-07-12,95.18000030517578
2018-07-13,95.26000213623047
2018-07-16,94.26000213623047
2018-07-17,94.36000061035156
2018-07-18,94.4800033569336
2018-07-19,94.5999984741211
2018-07-20,93.70999908447266
2018-07-23,93.81999969482422
2018-07-24,91.5
2018-07-25,92.83000183105469
2018-07-26,92.13999938964844
2018-07-27,89.70999908447266
2018-07-30,86.05000305175781
2018-07-31,86.19999694824219
2018-08-01,87.55999755859375
2018-08-02,88.69999694824219
2018-08-03,89.05000305175781
2018-08-06,90.98999786376953
2018-08-07,92.4000015258789
2018-08-08,93.73999786376953
2018-08-09,94.4000015258789
2018-08-10,96.05999755859375
2018-08-13,95.26000213623047
2018-08-14,97.02999877929688
2018-08-15,95.77999877929688
2018-08-16,96.81999969482422
2018-08-17,95.25
2018-08-20,95.19000244140625
2018-08-21,95.76000213623047
2018-08-22,96.69999694824219
2018-08-23,97.26000213623047
2018-08-24,99.37999725341797
2018-08-27,100.45999908447266
2018-08-28,98.48999786376953
2018-08-29,99.22000122070312
2018-08-30,99.54000091552734
2018-08-31,100.56999969482422
2018-09-04,101.26000213623047
2018-09-05,96.93000030517578
2018-09-06,98.91000366210938
2018-09-07,96.30000305175781
2018-09-10,98.22000122070312
2018-09-11,101.16000366210938
2018-09-12,102.83000183105469
2018-09-13,105.62999725341797
2018-09-14,107.30999755859375
2018-09-17,104.80000305175781
2018-09-18,104.62000274658203
2018-09-19,101.52999877929688
2018-09-20,101.73999786376953
2018-09-21,98.69999694824219
2018-09-24,99.4000015258789
2018-09-25,101.37999725341797
2018-09-26,100.5999984741211
2018-09-27,100.83999633789062
2018-09-28,101.01000213623047
2018-10-01,99.68000030517578
2018-10-02,98.06999969482422
2018-10-03,99.33999633789062
2018-10-04,97.30000305175781
2018-10-05,96.73999786376953
2018-10-08,95.0999984741211
2018-10-09,94.05000305175781
2018-10-10,89.48999786376953
2018-10-11,87.02999877929688
2018-10-12,88.77999877929688
2018-10-15,88.66999816894531
2018-10-16,92.55999755859375
2018-10-17,93.98999786376953
2018-10-18,91.0
2018-10-19,89.43000030517578
2018-10-22,90.69999694824219
2018-10-23,90.87999725341797
2018-10-24,86.83999633789062
2018-10-25,87.87999725341797
2018-10-26,84.05999755859375
2018-10-29,82.33000183105469
2018-10-30,85.62000274658203
2018-10-31,88.97000122070312
2018-11-01,89.26000213623047
2018-11-02,88.93000030517578
2018-11-05,88.33000183105469
2018-11-06,86.87000274658203
2018-11-07,90.97000122070312
2018-11-08,90.48999786376953
2018-11-09,87.2300033569336
2018-11-12,85.37999725341797
2018-11-13,85.26000213623047
2018-11-14,84.44000244140625
2018-11-15,87.1500015258789
2018-11-16,87.70999908447266
2018-11-19,80.79000091552734
2018-11-20,79.88999938964844
2018-11-21,83.80000305175781
2018-11-23,84.73999786376953
2018-11-26,87.19999694824219
2018-11-27,87.06999969482422
2018-11-28,90.66999816894531
2018-11-29,90.30000305175781
2018-11-30,92.95999908447266
2018-12-03,92.69999694824219
2018-12-04,89.72000122070312
2018-12-06,84.76000213623047
2018-12-07,85.01000213623047
2018-12-10,85.26000213623047
2018-12-11,85.16999816894531
2018-12-12,85.33000183105469
2018-12-13,84.33999633789062
2018-12-14,82.80000305175781
2018-12-17,80.2699966430664
2018-12-18,81.25
2018-12-19,80.22000122070312
2018-12-20,79.73999786376953
2018-12-21,75.37999725341797
2018-12-24,74.55999755859375
2018-12-26,79.22000122070312
2018-12-27,79.7699966430664
2018-12-28,79.4000015258789
2018-12-31,80.2300033569336
2019-01-02,78.7300033569336
2019-01-03,76.83999633789062
2019-01-04,79.54000091552734
2019-01-07,82.66000366210938
2019-01-08,84.06999969482422
2019-01-09,84.30999755859375
2019-01-10,83.55999755859375
2019-01-11,82.9000015258789
2019-01-14,81.26000213623047
2019-01-15,83.31999969482422
2019-01-16,83.05999755859375
2019-01-17,83.75
2019-01-18,85.70999908447266
2019-01-22,84.94000244140625
2019-01-23,84.01000213623047
2019-01-24,84.5
2019-01-25,86.26000213623047
2019-01-28,85.33999633789062
2019-01-29,84.1500015258789
2019-01-30,85.55000305175781
2019-01-31,86.68000030517578
2019-02-01,89.58999633789062
2019-02-04,93.11000061035156
2019-02-05,93.1500015258789
2019-02-06,92.98999786376953
2019-02-07,91.98999786376953
2019-02-08,93.23999786376953
2019-02-11,93.95999908447266
2019-02-12,95.51000213623047
2019-02-13,92.62999725341797
2019-02-14,93.0
2019-02-15,92.91000366210938
2019-02-19,92.70999908447266
2019-02-20,91.66000366210938
2019-02-21,91.04000091552734
2019-02-22,92.0
2019-02-25,91.52999877929688
2019-02-26,91.0
2019-02-27,92.16000366210938
2019-02-28,91.73999786376953
2019-03-01,93.62000274658203
2019-03-04,86.3499984741211
2019-03-05,87.86000061035156
2019-03-06,86.45999908447266
2019-03-07,90.22000122070312
2019-03-08,88.63999938964844
2019-03-11,89.95999908447266
2019-03-12,91.55000305175781
2019-03-13,93.54000091552734
2019-03-14,94.0199966430664
2019-03-15,93.9000015258789
2019-03-18,95.04000091552734
2019-03-19,95.43000030517578
2019-03-20,94.56999969482422
2019-03-21,96.25
2019-03-22,93.58999633789062
2019-03-25,93.4000015258789
2019-03-26,94.91999816894531
2019-03-27,93.9800033569336
2019-03-28,95.7699966430664
2019-03-29,97.16000366210938
2019-04-01,98.73999786376953
2019-04-02,99.30000305175781
2019-04-03,99.98999786376953
2019-04-04,99.44999694824219
2019-04-05,99.98999786376953
2019-04-08,100.12000274658203
2019-04-09,100.76000213623047
2019-04-10,102.0199966430664
2019-04-11,102.26000213623047
2019-04-12,103.08999633789062
2019-04-15,103.61000061035156
2019-04-16,103.25
2019-04-17,102.05000305175781
2019-04-18,102.19999694824219
2019-04-22,104.05000305175781
2019-04-23,103.95999908447266
2019-04-24,104.75
2019-04-25,105.62999725341797
2019-04-26,106.33999633789062
2019-04-29,106.9800033569336
2019-04-30,106.5
2019-05-01,104.88999938964844
2019-05-02,104.16999816894531
2019-05-03,104.5
2019-05-06,104.63999938964844
2019-05-07,102.41000366210938
2019-05-08,102.88999938964844
2019-05-09,103.29000091552734
2019-05-10,104.22000122070312
2019-05-13,101.6500015258789
2019-05-14,103.36000061035156
2019-05-15,104.52999877929688
2019-05-16,108.37999725341797
2019-05-17,106.20999908447266
2019-05-20,104.95999908447266
2019-05-21,105.8499984741211
2019-05-22,107.66000366210938
2019-05-23,105.19999694824219
2019-05-24,105.73999786376953
2019-05-28,105.91999816894531
2019-05-29,102.76000213623047
2019-05-30,102.9800033569336
2019-05-31,100.5199966430664
2019-06-03,96.87000274658203
2019-06-04,98.0999984741211
2019-06-05,95.1500015258789
2019-06-06,96.2300033569336
2019-06-07,97.0199966430664
2019-06-10,98.23999786376953
2019-06-11,97.01000213623047
2019-06-12,97.70999908447266
2019-06-13,97.83000183105469
2019-06-14,97.80999755859375
2019-06-17,98.8499984741211
2019-06-18,99.25
2019-06-19,100.62000274658203
2019-06-20,100.25
2019-06-21,100.75
2019-06-24,100.5999984741211
2019-06-25,98.75
2019-06-26,99.16000366210938
2019-06-27,100.19999694824219
2019-06-28,101.37999725341797
2019-07-01,101.18000030517578
2019-07-02,101.88999938964844
2019-07-03,102.55000305175781
2019-07-05,102.20999908447266
2019-07-08,101.69000244140625
2019-07-09,102.37999725341797
2019-07-10,102.70999908447266
2019-07-11,101.36000061035156
2019-07-12,101.80999755859375
2019-07-15,101.52999877929688
2019-07-16,100.72000122070312
2019-07-17,101.6500015258789
2019-07-18,102.19999694824219
2019-07-19,101.66000366210938
2019-07-22,102.05000305175781
2019-07-23,100.72000122070312
2019-07-24,101.30999755859375
2019-07-25,102.31999969482422
2019-07-26,103.62999725341797
2019-07-29,103.61000061035156
2019-07-30,103.33999633789062
2019-07-31,102.08000183105469
2019-08-01,103.45999908447266
2019-08-02,101.58999633789062
2019-08-05,96.77999877929688
2019-08-06,93.26000213623047
2019-08-07,95.69000244140625
2019-08-08,98.47000122070312
2019-08-09,96.76000213623047
2019-08-12,96.20999908447266
2019-08-13,95.98999786376953
2019-08-14,93.94999694824219
2019-08-15,93.30000305175781
2019-08-16,94.75
2019-08-19,94.70999908447266
2019-08-20,93.37000274658203
2019-08-21,95.06999969482422
2019-08-22,94.87999725341797
2019-08-23,93.6500015258789
2019-08-26,94.44000244140625
2019-08-27,94.86000061035156
2019-08-28,94.18000030517578
2019-08-29,96.0999984741211
2019-08-30,96.18000030517578
2019-09-03,93.55000305175781
2019-09-04,94.19999694824219
2019-09-05,95.41000366210938
2019-09-06,109.41000366210938
2019-09-09,104.13999938964844
2019-09-10,106.47000122070312
2019-09-11,109.08999633789062
2019-09-12,107.48999786376953
2019-09-13,105.9000015258789
2019-09-16,106.62000274658203
2019-09-17,107.81999969482422
2019-09-18,108.55000305175781
2019-09-19,108.0
2019-09-20,109.23999786376953
2019-09-23,108.80999755859375
2019-09-24,106.62000274658203
2019-09-25,107.37000274658203
2019-09-26,104.55000305175781
2019-09-27,101.86000061035156
2019-09-30,105.37999725341797
2019-10-01,105.26000213623047
2019-10-02,104.04000091552734
2019-10-03,103.98999786376953
2019-10-04,106.08000183105469
2019-10-07,106.9000015258789
2019-10-08,103.97000122070312
2019-10-09,104.87999725341797
2019-10-10,105.58999633789062
2019-10-11,108.0
2019-10-14,109.06999969482422
2019-10-15,110.30000305175781
2019-10-16,109.4800033569336
2019-10-17,111.16000366210938
2019-10-18,109.25
2019-10-21,110.19999694824219
2019-10-22,109.20999908447266
2019-10-23,108.88999938964844
2019-10-24,111.0
2019-10-25,111.31999969482422
2019-10-28,112.9000015258789
2019-10-29,112.36000061035156
2019-10-30,112.94999694824219
2019-10-31,112.73999786376953
2019-11-01,114.13999938964844
2019-11-04,114.75
2019-11-05,113.58999633789062
2019-11-06,113.11000061035156
2019-11-07,114.29000091552734
2019-11-08,118.44000244140625
2019-11-11,117.73999786376953
2019-11-12,117.87000274658203
2019-11-13,116.27999877929688
2019-11-14,117.33999633789062
2019-11-15,119.30000305175781
2019-11-18,118.55000305175781
2019-11-19,118.75
2019-11-20,119.11000061035156
2019-11-21,118.58000183105469
2019-11-22,119.41999816894531
2019-11-25,121.01000213623047
2019-11-26,122.51000213623047
2019-11-27,121.25
2019-11-29,121.83000183105469
2019-12-02,119.20999908447266
2019-12-03,120.0199966430664
2019-12-04,118.62000274658203
2019-12-05,119.33000183105469
2019-12-06,110.7699966430664
2019-12-09,108.19000244140625
2019-12-10,106.54000091552734
2019-12-11,107.33999633789062
2019-12-12,105.43000030517578
2019-12-13,104.7300033569336
2019-12-16,105.54000091552734
2019-12-17,104.9800033569336
2019-12-18,105.25
2019-12-19,106.7699966430664
2019-12-20,107.8499984741211
2019-12-23,107.20999908447266
2019-12-24,107.51000213623047
2019-12-26,108.02999877929688
2019-12-27,109.0
2019-12-30,109.45999908447266
2019-12-31,109.7699966430664
2020-01-02,110.08000183105469
2020-01-03,110.29000091552734
2020-01-06,110.44999694824219
2020-01-07,111.33999633789062
2020-01-08,110.73999786376953
2020-01-09,111.08999633789062
2020-01-10,112.5
2020-01-13,113.37000274658203
2020-01-14,112.41000366210938
2020-01-15,113.0
2020-01-16,113.62000274658203
2020-01-17,113.0199966430664
2020-01-21,112.88999938964844
2020-01-22,112.37000274658203
2020-01-23,112.0
2020-01-24,111.80999755859375
2020-01-27,111.52999877929688
2020-01-28,111.0
2020-01-29,111.12000274658203
2020-01-30,113.20999908447266
2020-01-31,112.5
2020-02-03,114.05999755859375
2020-02-04,117.62999725341797
2020-02-05,116.83999633789062
2020-02-06,117.37000274658203
2020-02-07,117.98999786376953
2020-02-10,120.62000274658203
2020-02-11,121.0
2020-02-12,120.94999694824219
2020-02-13,121.26000213623047
2020-02-14,122.41999816894531
2020-02-18,122.22000122070312
2020-02-19,122.5999984741211
2020-02-20,122.06999969482422
2020-02-21,119.5
2020-02-24,115.02999877929688
2020-02-25,110.87000274658203
2020-02-26,111.33000183105469
2020-02-27,108.52999877929688
2020-02-28,109.61000061035156
2020-03-02,111.94000244140625
2020-03-03,106.0
2020-03-04,112.4800033569336
2020-03-05,93.55999755859375
2020-03-06,91.25
2020-03-09,83.36000061035156
2020-03-10,83.72000122070312
2020-03-11,80.87000274658203
2020-03-12,77.48999786376953
2020-03-13,80.83000183105469
2020-03-16,77.76000213623047
2020-03-17,86.08999633789062
2020-03-18,80.31999969482422
2020-03-19,84.94000244140625
2020-03-20,81.7699966430664
2020-03-23,76.05999755859375
2020-03-24,77.86000061035156
2020-03-25,80.30999755859375
2020-03-26,83.95999908447266
2020-03-27,80.83999633789062
2020-03-30,83.08000183105469
2020-03-31,79.30999755859375
2020-04-01,75.58000183105469
2020-04-02,73.9800033569336
2020-04-03,74.0
2020-04-06,80.47000122070312
2020-04-07,80.08999633789062
2020-04-08,83.37999725341797
2020-04-09,83.41000366210938
2020-04-13,84.63999938964844
2020-04-14,86.51000213623047
2020-04-15,84.94000244140625
2020-04-16,87.30000305175781
2020-04-17,88.7699966430664
2020-04-20,89.75
2020-04-21,85.26000213623047
2020-04-22,88.33999633789062
2020-04-23,86.87000274658203
2020-04-24,87.16999816894531
2020-04-27,90.04000091552734
2020-04-28,87.97000122070312
2020-04-29,90.72000122070312
2020-04-30,90.83999633789062
2020-05-01,86.61000061035156
2020-05-04,88.7699966430664
2020-05-05,91.68000030517578
2020-05-06,92.9800033569336
2020-05-07,95.69999694824219
2020-05-08,97.23999786376953
2020-05-11,96.98999786376953
2020-05-12,93.61000061035156
2020-05-13,91.02999877929688
2020-05-14,92.16999816894531
2020-05-15,93.41999816894531
2020-05-18,94.87000274658203
2020-05-19,96.19000244140625
2020-05-20,98.5199966430664
2020-05-21,98.87000274658203
2020-05-22,100.87999725341797
2020-05-26,99.54000091552734
2020-05-27,99.13999938964844
2020-05-28,100.9000015258789
2020-05-29,102.58000183105469
2020-06-01,106.43000030517578
2020-06-02,106.77999877929688
2020-06-03,110.16999816894531
2020-06-04,105.54000091552734
2020-06-05,107.06999969482422
2020-06-08,109.04000091552734
2020-06-09,107.44000244140625
2020-06-10,107.41999816894531
2020-06-11,101.77999877929688
2020-06-12,103.6500015258789
2020-06-15,104.33000183105469
2020-06-16,106.5199966430664
2020-06-17,106.83999633789062
2020-06-18,107.05999755859375
2020-06-19,106.81999969482422
2020-06-22,108.63999938964844
2020-06-23,108.69000244140625
2020-06-24,106.80999755859375
2020-06-25,108.20999908447266
2020-06-26,110.63999938964844
2020-06-29,109.1500015258789
2020-06-30,110.8499984741211
2020-07-01,112.5999984741211
2020-07-02,112.58000183105469
2020-07-06,112.4000015258789
2020-07-07,112.27999877929688
2020-07-08,115.62000274658203
2020-07-09,117.44000244140625
2020-07-10,117.1500015258789
2020-07-13,113.5
2020-07-14,113.41999816894531
2020-07-15,114.63999938964844
2020-07-16,114.16999816894531
2020-07-17,115.9800033569336
2020-07-20,121.68000030517578
2020-07-21,121.44000244140625
2020-07-22,121.83999633789062
2020-07-23,118.73999786376953
2020-07-24,116.63999938964844
2020-07-27,118.62000274658203
2020-07-28,117.22000122070312
2020-07-29,119.62000274658203
2020-07-30,118.12999725341797
2020-07-31,117.66000366210938
2020-08-03,118.72000122070312
2020-08-04,118.06999969482422
2020-08-05,119.23999786376953
2020-08-06,119.06999969482422
2020-08-07,114.41999816894531
2020-08-10,107.77999877929688
2020-08-11,106.63999938964844
2020-08-12,106.05000305175781
2020-08-13,108.69999694824219
2020-08-14,110.62999725341797
2020-08-17,112.88999938964844
2020-08-18,113.0
2020-08-19,110.08999633789062
2020-08-20,110.97000122070312
2020-08-21,109.98999786376953
2020-08-24,109.30000305175781
2020-08-25,110.31999969482422
2020-08-26,111.29000091552734
2020-08-27,109.33000183105469
2020-08-28,112.08999633789062
2020-08-31,112.30999755859375
2020-09-01,117.5199966430664
2020-09-02,118.37999725341797
2020-09-03,117.63999938964844
2020-09-04,115.61000061035156
2020-09-08,110.33000183105469
2020-09-09,111.76000213623047
2020-09-10,108.9000015258789
2020-09-11,105.62999725341797
2020-09-14,106.02999877929688
2020-09-15,107.0999984741211
2020-09-16,107.16000366210938
2020-09-17,105.9800033569336
2020-09-18,103.36000061035156
2020-09-21,104.93000030517578
2020-09-22,106.61000061035156
2020-09-23,104.62000274658203
2020-09-24,103.33000183105469
2020-09-25,104.69999694824219
2020-09-28,106.12000274658203
2020-09-29,105.52999877929688
2020-09-30,104.2699966430664
2020-10-01,106.51000213623047
2020-10-02,103.1500015258789
2020-10-05,102.94000244140625
2020-10-06,106.4000015258789
2020-10-07,112.11000061035156
2020-10-08,114.27999877929688
2020-10-09,115.47000122070312
2020-10-12,115.87000274658203
2020-10-13,105.75
2020-10-14,102.83000183105469
2020-10-15,103.43000030517578
2020-10-16,105.62999725341797
2020-10-19,103.38999938964844
2020-10-20,103.69000244140625
2020-10-21,103.19999694824219
2020-10-22,103.9800033569336
2020-10-23,101.73999786376953
2020-10-26,99.55999755859375
2020-10-27,98.69000244140625
2020-10-28,98.31999969482422
2020-10-29,99.0999984741211
2020-10-30,96.11000061035156
2020-11-02,95.69000244140625
2020-11-03,99.2699966430664
2020-11-04,102.0999984741211
2020-11-05,104.52999877929688
2020-11-06,107.01000213623047
2020-11-09,109.25
2020-11-10,108.73999786376953
2020-11-11,109.0
2020-11-12,108.13999938964844
2020-11-13,109.93000030517578
2020-11-16,110.41000366210938
2020-11-17,113.83999633789062
2020-11-18,114.25
2020-11-19,118.22000122070312
2020-11-20,117.3499984741211
2020-11-23,118.75
2020-11-24,119.37000274658203
2020-11-25,119.41999816894531
2020-11-27,122.70999908447266
2020-11-30,122.4800033569336
2020-12-01,123.95999908447266
2020-12-02,123.7300033569336
2020-12-03,126.41000366210938
2020-12-04,129.1199951171875
2020-12-07,125.47000122070312
2020-12-08,126.43000030517578
2020-12-09,120.91999816894531
2020-12-10,121.83999633789062
2020-12-11,123.2300033569336
2020-12-14,126.2300033569336
2020-12-15,126.4800033569336
2020-12-16,125.51000213623047
2020-12-17,126.02999877929688
2020-12-18,125.72000122070312
2020-12-21,125.43000030517578
2020-12-22,126.98999786376953
2020-12-23,128.5500030517578
2020-12-24,127.20999908447266
2020-12-28,128.11000061035156
2020-12-29,126.95999908447266
2020-12-30,128.25
2020-12-31,128.72999572753906
2021-01-04,126.05999755859375
2021-01-05,126.58999633789062
2021-01-06,127.91000366210938
2021-01-07,132.5399932861328
2021-01-08,130.9199981689453
2021-01-11,130.44000244140625
2021-01-12,128.9199981689453
2021-01-13,127.26000213623047
2021-01-14,125.30000305175781
2021-01-15,125.0
2021-01-19,126.1500015258789
2021-01-20,125.68000030517578
2021-01-21,124.9000015258789
2021-01-22,123.70999908447266
2021-01-25,122.94999694824219
2021-01-26,121.66000366210938
2021-01-27,117.55000305175781
2021-01-28,118.7699966430664
2021-01-29,114.73999786376953
2021-02-01,115.69000244140625
2021-02-02,119.20999908447266
2021-02-03,119.12000274658203
2021-02-04,120.81999969482422
2021-02-05,121.37000274658203
2021-02-08,123.69999694824219
2021-02-09,126.33000183105469
2021-02-10,127.02999877929688
2021-02-11,127.20999908447266
2021-02-12,128.69000244140625
2021-02-16,127.6500015258789
2021-02-17,125.33000183105469
2021-02-18,125.12000274658203
2021-02-19,125.95999908447266
2021-02-22,123.08000183105469
2021-02-23,120.25
2021-02-24,119.51000213623047
2021-02-25,113.5199966430664
2021-02-26,110.98999786376953
2021-03-01,115.6500015258789
2021-03-02,114.66999816894531
2021-03-03,109.66000366210938
2021-03-04,106.94999694824219
2021-03-05,101.83000183105469
2021-03-08,97.80000305175781
2021-03-09,100.86000061035156
2021-03-10,101.12999725341797
2021-03-11,105.93000030517578
2021-03-12,104.87999725341797
2021-03-15,106.7699966430664
2021-03-16,105.16000366210938
2021-03-17,103.9800033569336
2021-03-18,101.76000213623047
2021-03-19,102.94000244140625
2021-03-22,103.04000091552734
2021-03-23,102.04000091552734
2021-03-24,100.97000122070312
2021-03-25,101.0999984741211
2021-03-26,103.88999938964844
2021-03-29,102.13999938964844
2021-03-30,100.56999969482422
2021-03-31,101.62999725341797
2021-04-01,102.45999908447266
2021-04-05,102.4000015258789
2021-04-06,105.55999755859375
2021-04-07,102.9800033569336
2021-04-08,103.91999816894531
2021-04-09,104.06999969482422
2021-04-12,104.87999725341797
2021-04-13,104.83000183105469
2021-04-14,104.66999816894531
2021-04-15,106.0
2021-04-16,105.2699966430664
2021-04-19,104.0
2021-04-20,103.58000183105469
2021-04-21,104.0
2021-04-22,104.41999816894531
2021-04-23,104.94000244140625
2021-04-26,108.2300033569336
2021-04-27,106.62999725341797
2021-04-28,107.26000213623047
2021-04-29,107.0199966430664
2021-04-30,105.51000213623047
2021-05-03,103.43000030517578
2021-05-04,100.56999969482422
2021-05-05,98.72000122070312
2021-05-06,98.12999725341797
2021-05-07,98.69999694824219
2021-05-10,97.73999786376953
2021-05-11,96.4800033569336
2021-05-12,93.94000244140625
2021-05-13,93.13999938964844
2021-05-14,94.69000244140625
2021-05-17,92.05000305175781
2021-05-18,94.19999694824219
2021-05-19,95.37000274658203
2021-05-20,97.02999877929688
2021-05-21,95.79000091552734
2021-05-24,97.1500015258789
2021-05-25,96.18000030517578
2021-05-26,97.25
2021-05-27,98.06999969482422
2021-05-28,97.73999786376953
2021-06-01,97.4000015258789
2021-06-02,97.88999938964844
2021-06-03,101.3499984741211
2021-06-04,104.27999877929688
2021-06-07,103.72000122070312
2021-06-08,105.86000061035156
2021-06-09,106.55999755859375
2021-06-10,109.45999908447266
2021-06-11,110.16000366210938
2021-06-14,113.29000091552734
2021-06-15,112.12000274658203
2021-06-16,112.7300033569336
2021-06-17,113.25
2021-06-18,112.55999755859375
2021-06-21,111.76000213623047
2021-06-22,112.19000244140625
2021-06-23,112.02999877929688
2021-06-24,113.94999694824219
2021-06-25,115.16000366210938
2021-06-28,115.68000030517578
2021-06-29,116.0
2021-06-30,112.72000122070312
2021-07-01,112.66000366210938
2021-07-02,113.0999984741211
2021-07-06,113.31999969482422
2021-07-07,111.87000274658203
2021-07-08,110.80999755859375
2021-07-09,111.66000366210938
2021-07-12,110.75
2021-07-13,110.44000244140625
2021-07-14,108.80000305175781
2021-07-15,108.1500015258789
2021-07-16,109.87000274658203
2021-07-19,110.93000030517578
2021-07-20,113.12000274658203
2021-07-21,114.76000213623047
2021-07-22,114.48999786376953
2021-07-23,114.88999938964844
2021-07-26,113.88999938964844
2021-07-27,112.12999725341797
2021-07-28,112.77999877929688
2021-07-29,114.12000274658203
2021-07-30,115.19999694824219
2021-08-02,114.91000366210938
2021-08-03,114.51000213623047
2021-08-04,115.08000183105469
2021-08-05,116.41000366210938
2021-08-06,115.69000244140625
2021-08-09,114.76000213623047
2021-08-10,112.41999816894531
2021-08-11,111.79000091552734
2021-08-12,111.55000305175781
2021-08-13,112.4800033569336
2021-08-16,110.69999694824219
2021-08-17,110.33000183105469
2021-08-18,110.41999816894531
2021-08-19,110.4800033569336
2021-08-20,113.16000366210938
2021-08-23,115.33999633789062
2021-08-24,117.41999816894531
2021-08-25,115.95999908447266
2021-08-26,116.31999969482422
2021-08-27,118.0
2021-08-30,119.56999969482422
2021-08-31,118.45999908447266
2021-09-01,118.45999908447266
2021-09-02,118.44000244140625
2021-09-03,123.01000213623047
2021-09-07,122.66999816894531
2021-09-08,123.12000274658203
2021-09-09,122.06999969482422
2021-09-10,122.06999969482422
2021-09-13,121.33000183105469
2021-09-14,119.9800033569336
2021-09-15,120.23999786376953
2021-09-16,120.7699966430664
2021-09-17,118.76000213623047
2021-09-20,115.76000213623047
2021-09-21,114.37000274658203
2021-09-22,117.51000213623047
2021-09-23,121.08999633789062
2021-09-24,120.68000030517578
2021-09-27,120.58999633789062
2021-09-28,117.75
2021-09-29,118.83999633789062
2021-09-30,118.87000274658203
2021-10-01,118.47000122070312
2021-10-04,113.12000274658203
2021-10-05,114.7699966430664
2021-10-06,116.86000061035156
2021-10-07,118.8499984741211
2021-10-08,118.7699966430664
2021-10-11,118.48999786376953
2021-10-12,119.22000122070312
2021-10-13,118.1500015258789
2021-10-14,121.86000061035156
2021-10-15,121.80000305175781
2021-10-18,120.41000366210938
2021-10-19,121.44000244140625
2021-10-20,121.69999694824219
2021-10-21,123.33999633789062
2021-10-22,123.44999694824219
2021-10-25,125.30999755859375
2021-10-26,125.05999755859375
2021-10-27,123.47000122070312
2021-10-28,125.25
2021-10-29,125.7300033569336
2021-11-01,119.38999938964844
2021-11-02,122.7699966430664
2021-11-03,123.02999877929688
2021-11-04,123.8499984741211
2021-11-05,125.66999816894531
2021-11-08,126.30999755859375
2021-11-09,127.83000183105469
2021-11-10,124.95999908447266
2021-11-11,125.41999816894531
2021-11-12,125.20999908447266
2021-11-15,122.66999816894531
2021-11-16,122.12000274658203
2021-11-17,120.33999633789062
2021-11-18,121.93000030517578
2021-11-19,122.93000030517578
2021-11-22,116.44999694824219
2021-11-23,115.86000061035156
2021-11-24,116.4800033569336
2021-11-26,116.31999969482422
2021-11-29,118.47000122070312
2021-11-30,116.33999633789062
2021-12-01,112.91999816894531
2021-12-02,117.18000030517578
2021-12-03,111.25
2021-12-06,114.13999938964844
2021-12-07,115.69999694824219
2021-12-08,117.98999786376953
2021-12-09,113.94000244140625
2021-12-10,114.05999755859375
2021-12-13,113.87000274658203
2021-12-14,111.87000274658203
2021-12-15,114.0999984741211
2021-12-16,113.83000183105469
2021-12-17,112.23999786376953
2021-12-20,109.7300033569336
2021-12-21,112.73999786376953
2021-12-22,113.55000305175781
2021-12-23,113.80999755859375
2021-12-27,114.11000061035156
2021-12-28,113.41999816894531
2021-12-29,113.81999969482422
2021-12-30,113.08999633789062
2021-12-31,113.52999877929688
2022-01-03,113.29000091552734
2022-01-04,112.91999816894531
2022-01-05,107.20999908447266
2022-01-06,107.23999786376953
2022-01-07,106.38999938964844
2022-01-10,106.91999816894531
2022-01-11,108.30000305175781
2022-01-12,106.16000366210938
2022-01-13,103.69999694824219
2022-01-14,103.66000366210938
2022-01-18,101.66000366210938
2022-01-19,101.66000366210938
2022-01-20,101.22000122070312
2022-01-21,98.81999969482422
2022-01-24,99.66999816894531
2022-01-25,96.75
2022-01-26,95.43000030517578
2022-01-27,93.94999694824219
2022-01-28,96.76000213623047
2022-01-31,100.83999633789062
2022-02-01,102.5999984741211
2022-02-02,100.41999816894531
2022-02-03,96.4000015258789
2022-02-04,96.94999694824219
2022-02-07,96.44999694824219
2022-02-08,96.52999877929688
2022-02-09,98.08000183105469
2022-02-10,96.16999816894531
2022-02-11,95.0199966430664
2022-02-14,94.47000122070312
2022-02-15,96.5
2022-02-16,95.44999694824219
2022-02-17,90.51000213623047
2022-02-18,87.80999755859375
2022-02-22,86.75
2022-02-23,84.19999694824219
2022-02-24,88.05999755859375
2022-02-25,87.95999908447266
2022-02-28,88.1500015258789
2022-03-01,88.16999816894531
2022-03-02,89.43000030517578
2022-03-03,88.6500015258789
2022-03-04,88.63999938964844
2022-03-07,88.66000366210938
2022-03-08,86.73999786376953
2022-03-09,90.4000015258789
2022-03-10,89.6500015258789
2022-03-11,86.56999969482422
2022-03-14,84.41000366210938
2022-03-15,84.94999694824219
2022-03-16,87.44000244140625
2022-03-17,90.08000183105469
2022-03-18,93.66999816894531
2022-03-21,93.87000274658203
2022-03-22,94.9800033569336
2022-03-23,93.05999755859375
2022-03-24,94.23999786376953
2022-03-25,91.8499984741211
2022-03-28,93.04000091552734
2022-03-29,96.91000366210938
2022-03-30,95.41999816894531
2022-03-31,94.62000274658203
2022-04-01,94.45999908447266
2022-04-04,95.69000244140625
2022-04-05,93.86000061035156
2022-04-06,92.70999908447266
2022-04-07,92.91000366210938
2022-04-08,91.54000091552734
2022-04-11,90.5199966430664
2022-04-12,90.87000274658203
2022-04-13,92.7300033569336
2022-04-14,91.13999938964844
2022-04-18,90.0199966430664
2022-04-19,93.01000213623047
2022-04-20,93.55000305175781
2022-04-21,91.76000213623047
2022-04-22,89.7300033569336
2022-04-25,90.86000061035156
2022-04-26,87.45999908447266
2022-04-27,87.72000122070312
2022-04-28,89.61000061035156
2022-04-29,86.94000244140625
2022-05-02,86.5999984741211
2022-05-03,85.06999969482422
2022-05-04,85.33999633789062
2022-05-05,80.33999633789062
2022-05-06,77.19999694824219
2022-05-09,74.08000183105469
2022-05-10,73.01000213623047
2022-05-11,72.29000091552734
2022-05-12,76.0999984741211
2022-05-13,80.38999938964844
2022-05-16,79.2699966430664
2022-05-17,80.11000061035156
2022-05-18,76.76000213623047
2022-05-19,77.23999786376953
2022-05-20,77.5999984741211
2022-05-23,77.48999786376953
2022-05-24,75.80000305175781
2022-05-25,78.79000091552734
2022-05-26,79.97000122070312
2022-05-27,82.58000183105469
2022-05-31,79.94000244140625
2022-06-01,78.4800033569336
2022-06-02,82.27999877929688
2022-06-03,79.94999694824219
2022-06-06,79.4800033569336
2022-06-07,80.43000030517578
2022-06-08,80.58000183105469
2022-06-09,77.19000244140625
2022-06-10,75.16999816894531
2022-06-13,72.70999908447266
2022-06-14,71.2300033569336
2022-06-15,73.7699966430664
2022-06-16,70.20999908447266
2022-06-17,72.95999908447266
2022-06-21,72.04000091552734
2022-06-22,72.47000122070312
2022-06-23,75.31999969482422
2022-06-24,77.91999816894531
2022-06-27,76.08000183105469
2022-06-28,74.44999694824219
2022-06-29,74.13999938964844
2022-06-30,70.98999786376953
2022-07-01,71.11000061035156
2022-07-05,74.83999633789062
2022-07-06,73.94999694824219
2022-07-07,75.41999816894531
2022-07-08,75.44999694824219
2022-07-11,74.0
2022-07-12,72.48999786376953
2022-07-13,71.33999633789062
2022-07-14,69.5999984741211
2022-07-15,70.62999725341797
2022-07-18,70.31999969482422
2022-07-19,72.22000122070312
2022-07-20,75.62999725341797
2022-07-21,77.19999694824219
2022-07-22,76.06999969482422
2022-07-25,75.31999969482422
2022-07-26,73.37999725341797
2022-07-27,75.86000061035156
2022-07-28,77.27999877929688
2022-07-29,77.72000122070312
2022-08-01,77.44999694824219
2022-08-02,78.22000122070312
2022-08-03,79.95999908447266
2022-08-04,79.69999694824219
2022-08-05,78.44999694824219
2022-08-08,80.11000061035156
2022-08-09,78.6500015258789
2022-08-10,81.9000015258789
2022-08-11,81.06999969482422
2022-08-12,81.97000122070312
2022-08-15,82.31999969482422
2022-08-16,81.54000091552734
2022-08-17,79.9800033569336
2022-08-18,79.47000122070312
2022-08-19,77.02999877929688
2022-08-22,75.0
2022-08-23,74.05000305175781
2022-08-24,74.91999816894531
2022-08-25,75.81999969482422
2022-08-26,72.25
2022-08-29,71.86000061035156
2022-08-30,71.73999786376953
2022-08-31,71.70999908447266
2022-09-01,68.7699966430664
2022-09-02,68.51000213623047
2022-09-06,67.19000244140625
2022-09-07,67.36000061035156
2022-09-08,67.87999725341797
2022-09-09,69.4800033569336
2022-09-12,70.66999816894531
2022-09-13,67.6500015258789
2022-09-14,66.9000015258789
2022-09-15,65.9000015258789
2022-09-16,64.72000122070312
2022-09-19,63.20000076293945
2022-09-20,60.58000183105469
2022-09-21,60.84000015258789
2022-09-22,59.470001220703125
2022-09-23,61.939998626708984
2022-09-26,61.20000076293945
2022-09-27,61.75
2022-09-28,61.97999954223633
2022-09-29,62.65999984741211
2022-09-30,61.58000183105469
2022-10-03,62.7599983215332
2022-10-04,65.0
2022-10-05,65.87000274658203
2022-10-06,65.19999694824219
2022-10-07,63.2599983215332
2022-10-10,60.439998626708984
2022-10-11,58.40999984741211
2022-10-12,56.619998931884766
2022-10-13,55.959999084472656
2022-10-14,54.08000183105469
2022-10-17,56.439998626708984
2022-10-18,57.38999938964844
2022-10-19,55.77000045776367
2022-10-20,56.52000045776367
2022-10-21,56.83000183105469
2022-10-24,56.33000183105469
2022-10-25,58.7599983215332
2022-10-26,57.75
2022-10-27,58.29999923706055
2022-10-28,59.349998474121094
2022-10-31,59.40999984741211
2022-11-01,58.310001373291016
2022-11-02,56.220001220703125
2022-11-03,54.66999816894531
2022-11-04,53.31999969482422
2022-11-07,54.22999954223633
2022-11-08,53.779998779296875
2022-11-09,52.650001525878906
2022-11-10,58.36000061035156
2022-11-11,60.93000030517578
2022-11-14,60.290000915527344
2022-11-15,62.29999923706055
2022-11-16,60.63999938964844
2022-11-17,59.43000030517578
2022-11-18,57.060001373291016
2022-11-21,57.20000076293945
2022-11-22,57.31999969482422
2022-11-23,58.310001373291016
2022-11-25,58.08000183105469
2022-11-28,57.63999938964844
2022-11-29,56.91999816894531
2022-11-30,59.310001373291016
2022-12-01,60.900001525878906
2022-12-02,60.7400016784668
2022-12-05,57.75
2022-12-06,56.52000045776367
2022-12-07,60.369998931884766
2022-12-08,62.689998626708984
2022-12-09,62.959999084472656
2022-12-12,63.790000915527344
2022-12-13,64.7699966430664
2022-12-14,65.76000213623047
2022-12-15,63.130001068115234
2022-12-16,63.4900016784668
2022-12-19,60.54999923706055
2022-12-20,60.45000076293945
2022-12-21,61.18000030517578
2022-12-22,61.709999084472656
2022-12-23,60.470001220703125
2022-12-27,60.279998779296875
2022-12-28,59.52000045776367
2022-12-29,62.369998931884766
2022-12-30,62.560001373291016
2023-01-03,62.900001525878906
2023-01-04,63.439998626708984
2023-01-05,60.709999084472656
2023-01-06,63.18000030517578
2023-01-09,66.4000015258789
2023-01-10,66.38999938964844
2023-01-11,67.23999786376953
2023-01-12,68.36000061035156
2023-01-13,68.62999725341797
2023-01-17,69.51000213623047
2023-01-18,68.58999633789062
2023-01-19,68.20999908447266
2023-01-20,69.9800033569336
2023-01-23,72.44999694824219
2023-01-24,71.4000015258789
2023-01-25,71.72000122070312
2023-01-26,72.69999694824219
2023-01-27,73.22000122070312
2023-01-30,71.63999938964844
2023-01-31,73.23999786376953
2023-02-01,75.47000122070312
2023-02-02,78.58999633789062
2023-02-03,75.80000305175781
2023-02-06,73.87999725341797
2023-02-07,76.2699966430664
2023-02-08,75.41000366210938
2023-02-09,74.87999725341797
2023-02-10,73.8499984741211
2023-02-13,74.44000244140625
2023-02-14,75.23999786376953
2023-02-15,75.69000244140625
2023-02-16,73.94000244140625
2023-02-17,72.94000244140625
2023-02-21,71.45999908447266
2023-02-22,71.5199966430664
2023-02-23,71.27999877929688
2023-02-24,69.80999755859375
2023-02-27,69.94000244140625
2023-02-28,70.20999908447266
2023-03-01,69.52999877929688
2023-03-02,71.58000183105469
2023-03-03,73.18000030517578
2023-03-06,71.5199966430664
2023-03-07,75.1500015258789
2023-03-08,76.38999938964844
2023-03-09,73.06999969482422
2023-03-10,71.5
2023-03-13,72.36000061035156
2023-03-14,74.8499984741211
2023-03-15,76.77999877929688
2023-03-16,78.61000061035156
2023-03-17,77.19999694824219
2023-03-20,75.83000183105469
2023-03-21,77.1500015258789
2023-03-22,75.63999938964844
2023-03-23,77.8499984741211
2023-03-24,77.0999984741211
2023-03-27,76.4800033569336
2023-03-28,76.44000244140625
2023-03-29,77.58000183105469
2023-03-30,79.5199966430664
2023-03-31,82.05000305175781
2023-04-03,80.83000183105469
2023-04-04,81.30000305175781
2023-04-05,78.69999694824219
2023-04-06,78.5
2023-04-10,78.19999694824219
2023-04-11,77.41000366210938
2023-04-12,77.27999877929688
2023-04-13,78.33999633789062
2023-04-14,77.94999694824219
2023-04-17,78.36000061035156
2023-04-18,78.73999786376953
2023-04-19,77.41999816894531
2023-04-20,75.73999786376953
2023-04-21,77.9000015258789
2023-04-24,76.76000213623047
2023-04-25,74.72000122070312
2023-04-26,74.80000305175781
2023-04-27,75.95999908447266
2023-04-28,76.19000244140625
2023-05-01,75.86000061035156
2023-05-02,74.27999877929688
2023-05-03,75.31999969482422
2023-05-04,75.91000366210938
2023-05-05,76.9000015258789
2023-05-08,77.69999694824219
2023-05-09,78.58000183105469
2023-05-10,80.05000305175781
2023-05-11,78.8499984741211
2023-05-12,78.58000183105469
2023-05-15,80.20999908447266
2023-05-16,79.06999969482422
2023-05-17,80.41999816894531
2023-05-18,81.54000091552734
2023-05-19,80.36000061035156
2023-05-22,81.72000122070312
2023-05-23,79.83999633789062
2023-05-24,79.16999816894531
2023-05-25,79.52999877929688
2023-05-26,81.2300033569336
2023-05-30,81.5999984741211
2023-05-31,82.9800033569336
2023-06-01,82.83999633789062
2023-06-02,70.88999938964844
2023-06-05,72.16000366210938
2023-06-06,73.19000244140625
2023-06-07,72.41999816894531
2023-06-08,72.56999969482422
2023-06-09,71.63999938964844
2023-06-12,72.93000030517578
2023-06-13,72.63999938964844
2023-06-14,72.55999755859375
2023-06-15,73.75
2023-06-16,72.72000122070312
2023-06-20,70.9800033569336
2023-06-21,69.02999877929688
2023-06-22,69.0
2023-06-23,70.4800033569336
2023-06-26,69.5199966430664
2023-06-27,74.93000030517578
2023-06-28,75.48999786376953
2023-06-29,74.66999816894531
2023-06-30,76.08000183105469
2023-07-03,75.18000030517578
2023-07-05,75.7699966430664
2023-07-06,75.4000015258789
2023-07-07,76.20999908447266
2023-07-10,76.33999633789062
2023-07-11,76.91999816894531
2023-07-12,78.69000244140625
2023-07-13,80.61000061035156
2023-07-14,78.87000274658203
2023-07-17,79.51000213623047
2023-07-18,79.37000274658203
2023-07-19,79.83000183105469
2023-07-20,78.0999984741211
2023-07-21,78.47000122070312
2023-07-24,78.54000091552734
2023-07-25,79.88999938964844
2023-07-26,79.6500015258789
2023-07-27,80.47000122070312
2023-07-28,82.37000274658203
2023-07-31,84.81999969482422
2023-08-01,86.4800033569336
2023-08-02,83.55999755859375
2023-08-03,83.52999877929688
2023-08-04,84.55999755859375
2023-08-07,84.91999816894531
2023-08-08,81.72000122070312
2023-08-09,81.9000015258789
2023-08-10,82.58999633789062
2023-08-11,82.5999984741211
2023-08-14,83.22000122070312
2023-08-15,82.19999694824219
2023-08-16,81.98999786376953
2023-08-17,78.9800033569336
2023-08-18,79.12999725341797
2023-08-21,79.66999816894531
2023-08-22,79.51000213623047
2023-08-23,80.58999633789062
2023-08-24,80.44000244140625
2023-08-25,80.75
2023-08-28,80.5199966430664
2023-08-29,82.0
2023-08-30,83.80000305175781
2023-08-31,86.43000030517578
2023-09-01,86.52999877929688
2023-09-05,86.06999969482422
2023-09-06,85.68000030517578
2023-09-07,84.83999633789062
2023-09-08,94.1500015258789
2023-09-11,92.91000366210938
2023-09-12,92.55000305175781
2023-09-13,91.98999786376953
2023-09-14,91.0199966430664
2023-09-15,91.54000091552734
2023-09-18,93.16999816894531
2023-09-19,92.44999694824219
2023-09-20,91.25
2023-09-21,88.20999908447266
2023-09-22,87.41999816894531
2023-09-25,87.5999984741211
2023-09-26,86.08999633789062
2023-09-27,88.88999938964844
2023-09-28,90.62999725341797
2023-09-29,90.0
2023-10-02,90.0999984741211
2023-10-03,87.31999969482422
2023-10-04,89.20999908447266
2023-10-05,88.88999938964844
2023-10-06,91.45999908447266
2023-10-09,91.4800033569336
2023-10-10,91.55999755859375
2023-10-11,92.23999786376953
2023-10-12,90.33000183105469
2023-10-13,89.27999877929688
2023-10-16,90.62999725341797
2023-10-17,91.70999908447266
2023-10-18,90.23999786376953
2023-10-19,89.06999969482422
2023-10-20,87.51000213623047
2023-10-23,87.29000091552734
2023-10-24,89.43000030517578
2023-10-25,86.2300033569336
2023-10-26,86.12999725341797
2023-10-27,85.98999786376953
2023-10-30,86.76000213623047
2023-10-31,90.12999725341797
2023-11-01,89.30999755859375
2023-11-02,89.91999816894531
2023-11-03,91.44999694824219
2023-11-06,90.30000305175781
2023-11-07,92.37999725341797
2023-11-08,92.26000213623047
2023-11-09,89.5999984741211
2023-11-10,91.08999633789062
2023-11-13,91.62999725341797
2023-11-14,96.63999938964844
2023-11-15,97.41999816894531
2023-11-16,96.44999694824219
2023-11-17,96.83000183105469
2023-11-20,98.18000030517578
2023-11-21,97.79000091552734
2023-11-22,97.12000274658203
2023-11-24,97.27999877929688
2023-11-27,97.62999725341797
2023-11-28,97.33000183105469
2023-11-29,99.5199966430664
2023-11-30,99.94000244140625
2023-12-01,101.58999633789062
2023-12-04,100.12999725341797
2023-12-05,102.22000122070312
2023-12-06,98.08000183105469
2023-12-07,98.8499984741211
2023-12-08,97.88999938964844
2023-12-11,96.26000213623047
2023-12-12,97.61000061035156
2023-12-13,98.79000091552734
2023-12-14,97.38999938964844
2023-12-15,100.0199966430664
2023-12-18,103.5
2023-12-19,105.18000030517578
2023-12-20,105.12000274658203
2023-12-21,107.02999877929688
2023-12-22,108.52999877929688
2023-12-26,110.26000213623047
2023-12-27,110.20999908447266
2023-12-28,110.88999938964844
2023-12-29,109.04000091552734
2024-01-02,106.75
2024-01-03,105.0199966430664
2024-01-04,104.88999938964844
2024-01-05,105.08999633789062
2024-01-08,106.86000061035156
2024-01-09,106.77999877929688
2024-01-10,110.05000305175781
2024-01-11,111.20999908447266
2024-01-12,112.81999969482422
2024-01-16,111.41999816894531
2024-01-17,110.62000274658203
2024-01-18,112.05000305175781
2024-01-19,115.25
2024-01-22,115.4800033569336
2024-01-23,113.79000091552734
2024-01-24,112.13999938964844
2024-01-25,112.56999969482422
2024-01-26,111.0999984741211
2024-01-29,114.19000244140625
2024-01-30,114.62000274658203
2024-01-31,111.68000030517578
2024-02-01,113.58000183105469
2024-02-02,113.30999755859375
2024-02-05,112.18000030517578
2024-02-06,113.93000030517578
2024-02-07,115.4000015258789
2024-02-08,116.66999816894531
2024-02-09,117.55999755859375
2024-02-12,117.77999877929688
2024-02-13,116.06999969482422
2024-02-14,118.55000305175781
2024-02-15,120.66999816894531
2024-02-16,119.1500015258789
2024-02-20,117.9000015258789
2024-02-21,116.0999984741211
2024-02-22,118.3499984741211
2024-02-23,120.27999877929688
2024-02-26,121.0999984741211
2024-02-27,120.66000366210938
2024-02-28,120.72000122070312
2024-02-29,119.33999633789062
2024-03-01,116.7300033569336
2024-03-04,118.77999877929688
2024-03-05,114.30000305175781
2024-03-06,115.26000213623047
2024-03-07,116.93000030517578
2024-03-08,117.6500015258789
2024-03-11,115.01000213623047
2024-03-12,114.55999755859375
2024-03-13,114.83000183105469
2024-03-14,114.4800033569336
2024-03-15,112.66000366210938
2024-03-18,113.54000091552734
2024-03-19,112.66999816894531
2024-03-20,113.3499984741211
2024-03-21,113.48999786376953
2024-03-22,113.54000091552734
2024-03-25,113.9000015258789
2024-03-26,115.81999969482422
2024-03-27,115.41000366210938
2024-03-28,116.70999908447266
2024-04-01,116.04000091552734
2024-04-02,115.6500015258789
2024-04-03,115.0999984741211
2024-04-04,115.02999877929688
2024-04-05,115.54000091552734
2024-04-08,114.91999816894531
2024-04-09,115.37999725341797
2024-04-10,112.18000030517578
2024-04-11,113.12999725341797
2024-04-12,111.25
2024-04-15,109.29000091552734
2024-04-16,109.30999755859375
2024-04-17,108.33999633789062
2024-04-18,107.9000015258789
2024-04-19,107.63999938964844
2024-04-22,109.79000091552734
2024-04-23,113.77999877929688
2024-04-24,113.51000213623047
2024-04-25,111.9800033569336
2024-04-26,113.55000305175781
2024-04-29,112.83000183105469
2024-04-30,110.4000015258789
2024-05-01,110.80000305175781
2024-05-02,113.29000091552734
2024-05-03,113.31999969482422
2024-05-06,116.72000122070312
2024-05-07,116.6500015258789
2024-05-08,116.08999633789062
2024-05-09,117.06999969482422
2024-05-10,116.55999755859375
2024-05-13,116.30999755859375
2024-05-14,119.08999633789062
2024-05-15,123.75
2024-05-16,121.69000244140625
2024-05-17,122.91999816894531
2024-05-20,124.87000274658203
2024-05-21,123.4000015258789
2024-05-22,123.01000213623047
2024-05-23,121.3499984741211
2024-05-24,120.91999816894531
2024-05-28,120.5199966430664
2024-05-29,119.93000030517578
2024-05-30,113.5199966430664
2024-05-31,113.91999816894531
2024-06-03,109.68000030517578
2024-06-04,108.05000305175781
2024-06-05,127.45999908447266
2024-06-06,130.67999267578125
2024-06-07,129.97999572753906
2024-06-10,132.2100067138672
2024-06-11,136.0
2024-06-12,135.25
2024-06-13,132.99000549316406
2024-06-14,133.1300048828125
2024-06-17,135.75
2024-06-18,135.50999450683594
2024-06-20,135.61000061035156
2024-06-21,137.3000030517578
2024-06-24,135.13999938964844
2024-06-25,136.80999755859375
2024-06-26,134.86000061035156
2024-06-27,137.1999969482422
2024-06-28,137.88999938964844
2024-07-01,138.99000549316406
2024-07-02,138.8000030517578
2024-07-03,139.1199951171875
2024-07-05,139.35000610351562
2024-07-08,139.91000366210938
2024-07-09,138.86000061035156
2024-07-10,137.8699951171875
2024-07-11,137.0399932861328
2024-07-12,138.07000732421875
2024-07-15,141.22000122070312
2024-07-16,142.13999938964844
2024-07-17,140.77000427246094
2024-07-18,140.17999267578125
2024-07-19,141.55999755859375
2024-07-22,144.58999633789062
2024-07-23,145.91000366210938
2024-07-24,144.2100067138672
2024-07-25,144.60000610351562
2024-07-26,148.00999450683594
2024-07-29,148.5800018310547
2024-07-30,149.6999969482422
2024-07-31,150.07000732421875
2024-08-01,148.9600067138672
2024-08-02,143.91000366210938
2024-08-05,140.00999450683594
2024-08-06,142.0
2024-08-07,140.63999938964844
2024-08-08,144.85000610351562
2024-08-09,146.67999267578125
2024-08-12,145.8000030517578
2024-08-13,146.6699981689453
2024-08-14,146.27999877929688
2024-08-15,147.3300018310547
2024-08-16,147.83999633789062
2024-08-19,148.39999389648438
2024-08-20,146.9199981689453
2024-08-21,148.2100067138672
2024-08-22,146.60000610351562
2024-08-23,145.82000732421875
2024-08-26,147.42999267578125
2024-08-27,147.5800018310547
2024-08-28,147.25999450683594
2024-08-29,147.5
2024-08-30,148.77000427246094
2024-09-03,146.13999938964844
2024-09-04,147.0800018310547
2024-09-05,143.92999267578125
2024-09-06,161.72000122070312
2024-09-09,168.0800018310547
2024-09-10,167.4600067138672
2024-09-11,168.07000732421875
2024-09-12,169.8000030517578
2024-09-13,171.80999755859375
2024-09-16,172.75999450683594
2024-09-17,173.02999877929688
2024-09-18,172.42999267578125
2024-09-19,174.64999389648438
2024-09-20,174.5399932861328
2024-09-23,173.97000122070312
2024-09-24,176.0500030517578
2024-09-25,176.75999450683594
2024-09-26,176.75999450683594
2024-09-27,177.97000122070312
2024-09-30,182.94000244140625
2024-10-01,180.99000549316406
2024-10-02,180.36000061035156
2024-10-03,182.30999755859375
2024-10-04,184.22000122070312
2024-10-07,182.1699981689453
2024-10-08,182.64999389648438
2024-10-09,184.67999267578125
2024-10-10,183.3699951171875
2024-10-11,185.82000732421875
2024-10-14,187.9199981689453
2024-10-15,188.19000244140625
2024-10-16,190.38999938964844
2024-10-17,189.13999938964844
2024-10-18,189.08999633789062
2024-10-21,189.0399932861328
2024-10-22,187.17999267578125
2024-10-23,186.88999938964844
2024-10-24,188.0500030517578
2024-10-25,187.11000061035156
2024-10-28,188.02999877929688
2024-10-29,188.1699981689453
2024-10-30,189.52999877929688
2024-10-31,186.25999450683594
2024-11-01,186.0399932861328
2024-11-04,185.52000427246094
2024-11-05,186.2100067138672
2024-11-06,191.89999389648438
2024-11-07,195.0800018310547
2024-11-08,194.92999267578125
2024-11-11,195.6199951171875
2024-11-12,195.5500030517578
2024-11-13,196.42999267578125
2024-11-14,195.25999450683594
2024-11-15,192.22000122070312
2024-11-18,194.0399932861328
2024-11-19,196.3699951171875
2024-11-20,197.22999572753906
2024-11-21,199.86000061035156
2024-11-22,202.82000732421875
2024-11-25,203.11000061035156
2024-11-26,204.4600067138672
2024-11-27,201.8800048828125
2024-11-29,202.88999938964844
2024-12-02,200.8699951171875
2024-12-03,204.1300048828125
2024-12-04,207.1199951171875
2024-12-05,206.57000732421875
2024-12-06,177.57000732421875
2024-12-09,173.74000549316406
2024-12-10,171.33999633789062
2024-12-11,170.69000244140625
2024-12-12,173.72000122070312
2024-12-13,172.75999450683594
2024-12-16,171.4199981689453
2024-12-17,172.49000549316406
2024-12-18,174.52000427246094
2024-12-19,172.05999755859375
2024-12-20,176.02999877929688
2024-12-23,173.74000549316406
2024-12-24,174.6199951171875
2024-12-26,174.38999938964844
2024-12-27,171.22999572753906
2024-12-30,168.86000061035156
2024-12-31,168.5800018310547
2025-01-02,169.5
2025-01-03,172.30999755859375
2025-01-06,170.4499969482422
2025-01-07,171.08999633789062
2025-01-08,171.6300048828125
2025-01-10,171.02999877929688
2025-01-13,169.52000427246094
2025-01-14,171.97000122070312
2025-01-15,174.47000122070312
2025-01-16,179.75999450683594
2025-01-17,178.5800018310547
2025-01-21,181.49000549316406
2025-01-22,183.49000549316406
2025-01-23,204.60000610351562
2025-01-24,205.9600067138672
2025-01-27,202.8000030517578
2025-01-28,207.1199951171875
2025-01-29,207.33999633789062
2025-01-30,211.52999877929688
2025-01-31,211.27000427246094
2025-02-03,212.67999267578125
2025-02-04,216.85000610351562
2025-02-05,218.22000122070312
2025-02-06,217.6699981689453
2025-02-07,213.52999877929688
2025-02-10,218.1199951171875
2025-02-11,214.44000244140625
2025-02-12,215.66000366210938
2025-02-13,216.63999938964844
2025-02-14,212.14999389648438
2025-02-18,215.3800048828125
2025-02-19,213.2899932861328
2025-02-20,209.82000732421875
2025-02-21,203.7100067138672
2025-02-24,201.77000427246094
2025-02-25,199.55999755859375
2025-02-26,200.72000122070312
2025-02-27,198.74000549316406
2025-02-28,201.32000732421875
2025-03-03,196.30999755859375
2025-03-04,194.88999938964844
2025-03-05,197.41000366210938
2025-03-06,186.97999572753906
2025-03-07,173.24000549316406
2025-03-10,166.74000549316406
2025-03-11,172.82000732421875
2025-03-12,176.38999938964844
2025-03-13,176.00999450683594
2025-03-14,185.83999633789062
2025-03-17,191.50999450683594
2025-03-18,191.35000610351562
2025-03-19,196.25999450683594
2025-03-20,193.4600067138672
2025-03-21,191.5399932861328
2025-03-24,197.4499969482422
2025-03-25,198.27000427246094
2025-03-26,193.57000732421875
2025-03-27,191.52999877929688
2025-03-28,187.47000122070312
2025-03-31,187.36000061035156
2025-04-01,190.55999755859375
2025-04-02,192.4499969482422
2025-04-03,184.1699981689453
2025-04-04,174.25
2025-04-07,175.36000061035156
2025-04-08,172.72999572753906
2025-04-09,188.8300018310547
2025-04-10,187.58999633789062
2025-04-11,190.72000122070312
2025-04-14,192.1699981689453
2025-04-15,193.6300048828125
2025-04-16,192.0500030517578
2025-04-17,191.3300018310547
2025-04-21,183.24000549316406
2025-04-22,189.75
2025-04-23,193.88999938964844
2025-04-24,199.9199981689453
2025-04-25,197.44000244140625
2025-04-28,199.57000732421875
2025-04-29,204.9499969482422
2025-04-30,204.77000427246094
2025-05-01,204.61000061035156
2025-05-02,209.69000244140625
2025-05-05,210.38999938964844
2025-05-06,211.10000610351562
2025-05-07,213.14999389648438
2025-05-08,213.4199981689453
2025-05-09,213.57000732421875
2025-05-12,213.97999572753906
2025-05-13,214.5
2025-05-14,214.75
2025-05-15,215.1699981689453
2025-05-16,217.02999877929688
2025-05-19,215.41000366210938
2025-05-20,215.3000030517578
2025-05-21,210.83999633789062
2025-05-22,208.0
2025-05-23,209.94000244140625
2025-05-27,209.36000061035156
2025-05-28,208.74000549316406
2025-05-29,211.32000732421875
2025-05-30,215.02000427246094
2025-06-02,215.24000549316406
2025-06-03,218.17999267578125
2025-06-04,253.97999572753906
2025-06-05,256.1499938964844
2025-06-06,255.77000427246094
2025-06-09,257.3699951171875
2025-06-10,251.74000549316406
2025-06-11,250.75
2025-06-12,250.63999938964844
2025-06-13,253.17999267578125
2025-06-16,253.60000610351562
2025-06-17,248.24000549316406
2025-06-18,246.7899932861328
2025-06-20,237.75
2025-06-23,238.39999389648438
2025-06-24,237.4499969482422
2025-06-25,236.00999450683594
2025-06-26,234.8699951171875
2025-06-27,235.39999389648438
2025-06-30,235.4499969482422
2025-07-01,231.2899932861328
2025-07-02,227.74000549316406
2025-07-03,230.3800048828125
2025-07-07,233.58999633789062
2025-07-08,230.38999938964844
2025-07-09,231.25
2025-07-10,225.1300048828125
2025-07-11,220.14999389648438
2025-07-14,222.17999267578125
2025-07-15,220.9600067138672
2025-07-16,220.11000061035156
2025-07-17,221.14999389648438
2025-07-18,221.83999633789062
2025-07-21,222.52000427246094
2025-07-22,223.17999267578125
2025-07-23,223.72999572753906
2025-07-24,223.75999450683594
2025-07-25,223.3800048828125
2025-07-28,227.2100067138672
2025-07-29,224.5800018310547
2025-07-30,225.6699981689453
2025-07-31,226.22000122070312
2025-08-01,222.8800048828125
2025-08-04,226.19000244140625
2025-08-05,223.05999755859375
2025-08-06,225.57000732421875
2025-08-07,217.42999267578125
2025-08-08,213.27000427246094
2025-08-11,208.91000366210938
2025-08-12,207.8699951171875
2025-08-13,209.00999450683594
2025-08-14,208.88999938964844
2025-08-15,211.42999267578125
2025-08-18,215.00999450683594
2025-08-19,213.60000610351562
2025-08-20,216.14999389648438
2025-08-21,213.11000061035156
2025-08-22,213.99000549316406
2025-08-25,211.36000061035156
2025-08-26,212.13999938964844
2025-08-27,216.4199981689453
2025-08-28,218.7100067138672
2025-08-29,217.02000427246094
2025-09-02,217.4600067138672
2025-09-03,219.25
2025-09-04,216.99000549316406
2025-09-05,260.7099914550781
2025-09-08,261.8800048828125
2025-09-09,255.9600067138672
2025-09-10,253.0399932861328
2025-09-11,253.19000244140625
2025-09-12,252.94000244140625
2025-09-15,251.24000549316406
2025-09-16,246.39999389648438
2025-09-17,246.94000244140625
2025-09-18,246.63999938964844
2025-09-19,244.77000427246094
2025-09-22,244.60000610351562
2025-09-23,241.9499969482422
2025-09-24,236.6699981689453
2025-09-25,234.5399932861328
2025-09-26,230.38999938964844
2025-09-29,231.7899932861328
2025-09-30,229.86000061035156
2025-10-01,230.22999572753906
2025-10-02,231.00999450683594
2025-10-03,230.0
2025-10-06,232.94000244140625
2025-10-07,227.0
2025-10-08,230.6999969482422
2025-10-09,236.52999877929688
2025-10-10,239.13999938964844
2025-10-13,242.74000549316406
2025-10-14,240.17999267578125
2025-10-15,239.3800048828125
2025-10-16,243.80999755859375
2025-10-17,244.27999877929688
2025-10-20,253.97000122070312
2025-10-21,254.22999572753906
2025-10-22,250.25
2025-10-23,252.47000122070312
2025-10-24,250.5399932861328
2025-10-27,253.0500030517578
2025-10-28,253.02999877929688
2025-10-29,239.49000549316406
2025-10-30,236.4199981689453
2025-10-31,233.63999938964844
2025-11-03,227.99000549316406
2025-11-04,222.77999877929688
2025-11-05,220.22000122070312
2025-11-06,215.32000732421875
2025-11-07,218.0399932861328
2025-11-10,217.77000427246094
2025-11-11,219.66000366210938
2025-11-12,220.97000122070312
2025-11-13,218.25999450683594
2025-11-14,222.50999450683594
2025-11-17,216.75
2025-11-18,214.3300018310547
2025-11-19,213.97999572753906
2025-11-20,210.1999969482422
2025-11-21,212.99000549316406
2025-11-24,212.39999389648438
2025-11-25,214.36000061035156
2025-11-26,213.5800018310547
2025-11-28,215.97999572753906
2025-12-01,212.30999755859375
2025-12-02,214.72000122070312
2025-12-03,215.75999450683594
2025-12-04,211.07000732421875
2025-12-05,210.5500030517578
2025-12-08,200.10000610351562
2025-12-09,197.25
2025-12-10,200.61000061035156
2025-12-11,204.5399932861328
2025-12-12,205.10000610351562
2025-12-15,194.24000549316406
2025-12-16,193.58999633789062
2025-12-17,193.92999267578125
2025-12-18,197.4600067138672
2025-12-19,199.9199981689453
2025-12-22,207.4199981689453
2025-12-23,206.13999938964844
2025-12-24,205.89999389648438
2025-12-26,205.4600067138672
2025-12-29,203.72000122070312
2025-12-30,202.52000427246094
2025-12-31,201.00999450683594
2026-01-02,187.6300048828125
2026-01-05,185.94000244140625
2026-01-06,187.97999572753906
2026-01-07,187.67999267578125
2026-01-08,180.41000366210938
2026-01-09,185.19000244140625
2026-01-12,180.92999267578125
2026-01-13,179.5
2026-01-14,170.85000610351562
2026-01-15,166.08999633789062
2026-01-16,158.99000549316406
2026-01-20,155.4499969482422
2026-01-21,158.9600067138672
2026-01-22,156.85000610351562
2026-01-23,160.02999877929688
2026-01-26,161.88999938964844
2026-01-27,160.2899932861328
2026-01-28,162.69000244140625
2026-01-29,147.63999938964844
2026-01-30,140.75999450683594
2026-02-02,138.9199981689453
2026-02-03,129.64999389648438
2026-02-04,132.17999267578125
2026-02-05,125.98999786376953
2026-02-06,128.19000244140625
2026-02-09,125.80000305175781
2026-02-10,133.24000549316406
2026-02-11,130.41000366210938
2026-02-12,125.33999633789062
2026-02-13,127.02999877929688
2026-02-17,122.29000091552734
2026-02-18,128.83999633789062
2026-02-19,128.83999633789062
2026-02-20,127.66000366210938
2026-02-23,122.22000122070312
2026-02-24,128.13999938964844
2026-02-25,135.88999938964844
2026-02-26,144.0800018310547
2026-02-27,145.32000732421875
2026-03-02,149.00999450683594
2026-03-03,151.92999267578125
2026-03-04,153.7899932861328
2026-03-05,160.83999633789062
2026-03-06,168.8699951171875
2026-03-09,163.3000030517578
2026-03-10,158.92999267578125
2026-03-11,158.25
2026-03-12,157.6300048828125
2026-03-13,160.57000732421875
2026-03-16,161.74000549316406
2026-03-17,163.11000061035156
2026-03-18,159.27000427246094
2026-03-19,156.02999877929688
2026-03-20,155.61000061035156
2026-03-23,156.80999755859375
2026-03-24,150.72999572753906
2026-03-25,149.44000244140625
2026-03-26,151.33999633789062
2026-03-27,144.67999267578125
2026-03-30,144.89999389648438
2026-03-31,149.55999755859375
2026-04-01,148.5800018310547
2026-04-02,150.7899932861328
2026-04-06,147.8300018310547
2026-04-07,146.0800018310547
2026-04-08,136.8699951171875
2026-04-09,124.30000305175781
2026-04-10,117.94999694824219
2026-04-13,124.18000030517578
2026-04-14,125.08999633789062
2026-04-15,136.57000732421875
2026-04-16,139.11000061035156
2026-04-17,140.36000061035156
2026-04-20,143.0
2026-04-21,141.0399932861328
2026-04-22,142.99000549316406
2026-04-23,131.25
2026-04-24,139.55999755859375
2026-04-27,136.6199951171875
2026-04-28,138.6699981689453
2026-04-29,139.22999572753906
2026-04-30,138.38999938964844
2026-05-01,141.25999450683594
2026-05-04,143.57000732421875
2026-05-05,140.02000427246094
2026-05-06,131.08999633789062
2026-05-07,139.5800018310547
2026-05-08,138.4499969482422
2026-05-11,134.5399932861328
