Date,Close
2006-07-13,2710.822265625
2006-07-14,2763.052490234375
2006-07-17,2786.79296875
2006-07-18,2793.3671875
2006-07-19,2665.532470703125
2006-07-20,2776.20068359375
2006-07-21,2869.702392578125
2006-07-24,2739.677490234375
2006-07-25,2674.664306640625
2006-07-26,2679.4111328125
2006-07-27,2726.52783203125
2006-07-28,2645.809326171875
2006-07-31,2641.42724609375
2006-08-01,2687.081787109375
2006-08-02,2653.478271484375
2006-08-03,2616.58984375
2006-08-04,2631.564208984375
2006-08-07,2672.83740234375
2006-08-08,2723.97119140625
2006-08-09,2766.338623046875
2006-08-10,2724.701416015625
2006-08-11,2771.08740234375
2006-08-14,2768.530517578125
2006-08-15,2674.297607421875
2006-08-16,2593.214111328125
2006-08-17,2603.076171875
2006-08-18,2585.54443359375
2006-08-21,2635.94775390625
2006-08-22,2631.93017578125
2006-08-23,2701.691162109375
2006-08-24,2709.361328125
2006-08-25,2711.552734375
2006-08-28,2660.784423828125
2006-08-29,2631.93017578125
2006-08-30,2624.624755859375
2006-08-31,2604.90185546875
2006-09-01,2581.527099609375
2006-09-05,2557.42041015625
2006-09-06,2646.53955078125
2006-09-07,2682.333251953125
2006-09-08,2681.968017578125
2006-09-11,2684.52490234375
2006-09-12,2600.154052734375
2006-09-13,2561.072998046875
2006-09-14,2584.81396484375
2006-09-15,2595.40576171875
2006-09-18,2595.771240234375
2006-09-19,2618.781494140625
2006-09-20,2576.0478515625
2006-09-21,2626.451171875
2006-09-22,2663.70654296875
2006-09-25,2615.12939453125
2006-09-26,2570.56982421875
2006-09-27,2559.247314453125
2006-09-28,2557.05615234375
2006-09-29,2585.178955078125
2006-10-02,2624.2607421875
2006-10-03,2640.33056640625
2006-10-04,2550.4814453125
2006-10-05,2484.3720703125
2006-10-06,2523.81884765625
2006-10-09,2495.330078125
2006-10-10,2479.62451171875
2006-10-11,2484.00732421875
2006-10-12,2414.24609375
2006-10-13,2389.7744140625
2006-10-16,2363.84228515625
2006-10-17,2402.19287109375
2006-10-18,2410.59326171875
2006-10-19,2387.583740234375
2006-10-20,2428.125732421875
2006-10-23,2410.59326171875
2006-10-24,2393.792724609375
2006-10-25,2373.339599609375
2006-10-26,2335.353515625
2006-10-27,2392.33154296875
2006-10-30,2380.278564453125
2006-10-31,2409.497802734375
2006-11-01,2472.684326171875
2006-11-02,2472.319580078125
2006-11-03,2459.90185546875
2006-11-06,2416.802734375
2006-11-07,2384.296875
2006-11-08,2365.303955078125
2006-11-09,2386.853515625
2006-11-10,2362.3818359375
2006-11-13,2359.09423828125
2006-11-14,2306.865478515625
2006-11-15,2280.202880859375
2006-11-16,2276.55029296875
2006-11-17,2285.68115234375
2006-11-20,2284.22021484375
2006-11-21,2276.55029296875
2006-11-22,2255.3662109375
2006-11-24,2263.76708984375
2006-11-27,2358.728759765625
2006-11-28,2337.9111328125
2006-11-29,2284.22021484375
2006-11-30,2269.610595703125
2006-12-01,2285.3154296875
2006-12-04,2229.4345703125
2006-12-05,2217.746337890625
2006-12-06,2221.033447265625
2006-12-07,2240.7568359375
2006-12-08,2241.121826171875
2006-12-11,2247.330810546875
2006-12-12,2271.4365234375
2006-12-13,2265.59326171875
2006-12-14,2233.81689453125
2006-12-15,2246.9658203125
2006-12-18,2285.3154296875
2006-12-19,2288.968017578125
2006-12-20,2286.848388671875
2006-12-21,2310.284912109375
2006-12-22,2348.976318359375
2006-12-26,2309.16943359375
2006-12-27,2268.6181640625
2006-12-28,2284.61572265625
2006-12-29,2324.422119140625
2007-01-03,2300.984619140625
2007-01-04,2302.47314453125
2007-01-05,2366.0888671875
2007-01-08,2359.393310546875
2007-01-09,2338.1875
2007-01-10,2308.42626953125
2007-01-11,2274.19921875
2007-01-12,2231.044189453125
2007-01-16,2260.0615234375
2007-01-17,2255.224853515625
2007-01-18,2298.380126953125
2007-01-19,2270.106689453125
2007-01-22,2287.963623046875
2007-01-23,2264.526123046875
2007-01-24,2218.3955078125
2007-01-25,2263.781982421875
2007-01-26,2258.20166015625
2007-01-29,2236.25244140625
2007-01-30,2217.278564453125
2007-01-31,2196.0732421875
2007-02-01,2146.59375
2007-02-02,2142.129150390625
2007-02-05,2138.03662109375
2007-02-06,2112.367431640625
2007-02-07,2094.510009765625
2007-02-08,2100.834228515625
2007-02-09,2116.83203125
2007-02-12,2143.6171875
2007-02-13,2101.95068359375
2007-02-14,2081.861083984375
2007-02-15,2064.747802734375
2007-02-16,2067.3525390625
2007-02-20,2043.5423583984375
2007-02-21,2029.77734375
2007-02-22,2021.9644775390625
2007-02-23,2027.1729736328125
2007-02-26,2043.1702880859375
2007-02-27,2185.656005859375
2007-02-28,2159.986572265625
2007-03-01,2183.05224609375
2007-03-02,2246.29736328125
2007-03-05,2346.371826171875
2007-03-06,2254.853515625
2007-03-07,2246.6689453125
2007-03-08,2206.861572265625
2007-03-09,2187.889404296875
2007-03-12,2183.79638671875
2007-03-13,2268.246337890625
2007-03-14,2250.76123046875
2007-03-15,2222.487060546875
2007-03-16,2250.017333984375
2007-03-19,2198.677490234375
2007-03-20,2162.5908203125
2007-03-21,2095.25390625
2007-03-22,2094.510009765625
2007-03-23,2079.62841796875
2007-03-26,2089.30224609375
2007-03-27,2100.7626953125
2007-03-28,2125.856201171875
2007-03-29,2132.9716796875
2007-03-30,2119.114013671875
2007-04-02,2102.63525390625
2007-04-03,2076.79248046875
2007-04-04,2071.923095703125
2007-04-05,2063.683349609375
2007-04-09,2059.56298828125
2007-04-10,2047.953125
2007-04-11,2074.54443359375
2007-04-12,2047.203857421875
2007-04-13,2037.8404541015625
2007-04-16,1995.5179443359375
2007-04-17,1998.1400146484375
2007-04-18,2006.38037109375
2007-04-19,2024.3570556640625
2007-04-20,1982.783935546875
2007-04-23,1979.4132080078125
2007-04-24,1981.2860107421875
2007-04-25,1956.1922607421875
2007-04-26,1942.3345947265625
2007-04-27,1965.9306640625
2007-04-30,2024.3570556640625
2007-05-01,2007.5032958984375
2007-05-02,1965.5552978515625
2007-05-03,1958.0648193359375
2007-05-04,1938.2147216796875
2007-05-07,1944.9559326171875
2007-05-08,1945.3302001953125
2007-05-09,1917.240478515625
2007-05-10,1967.053955078125
2007-05-11,1930.7237548828125
2007-05-14,1944.9559326171875
2007-05-15,1962.559326171875
2007-05-16,1944.5814208984375
2007-05-17,1941.9599609375
2007-05-18,1922.483642578125
2007-05-21,1891.397705078125
2007-05-22,1885.7794189453125
2007-05-23,1895.5174560546875
2007-05-24,1955.442626953125
2007-05-25,1928.101806640625
2007-05-29,1910.87353515625
2007-05-30,1867.427490234375
2007-05-31,1844.955322265625
2007-06-01,1825.8543701171875
2007-06-04,1815.36669921875
2007-06-05,1837.090087890625
2007-06-06,1888.77587890625
2007-06-07,1966.3045654296875
2007-06-08,1926.2294921875
2007-06-11,1921.3604736328125
2007-06-12,1966.3045654296875
2007-06-13,1921.735107421875
2007-06-14,1885.40478515625
2007-06-15,1868.5506591796875
2007-06-18,1879.0374755859375
2007-06-19,1882.783447265625
2007-06-20,1929.6002197265625
2007-06-21,1895.89208984375
2007-06-22,1926.603759765625
2007-06-25,1966.3045654296875
2007-06-26,2004.118408203125
2007-06-27,1934.5413818359375
2007-06-28,1937.1878662109375
2007-06-29,1937.566650390625
2007-07-02,1897.1055908203125
2007-07-03,1882.736572265625
2007-07-05,1884.627197265625
2007-07-06,1861.9390869140625
2007-07-09,1862.3175048828125
2007-07-10,1912.609375
2007-07-11,1886.896240234375
2007-07-12,1838.494873046875
2007-07-13,1824.50390625
2007-07-16,1849.4609375
2007-07-17,1842.2760009765625
2007-07-18,1849.8385009765625
2007-07-19,1843.41064453125
2007-07-20,1875.93017578125
2007-07-23,1892.567626953125
2007-07-24,1961.3883056640625
2007-07-25,1986.723388671875
2007-07-26,2069.913818359375
2007-07-27,2161.0439453125
2007-07-30,2085.417236328125
2007-07-31,2147.808837890625
2007-08-01,2121.71826171875
2007-08-02,2080.5009765625
2007-08-03,2202.260986328125
2007-08-06,2163.691162109375
2007-08-07,2130.415283203125
2007-08-08,2066.510498046875
2007-08-09,2166.71630859375
2007-08-10,2149.7001953125
2007-08-13,2144.40625
2007-08-14,2225.705810546875
2007-08-15,2301.710693359375
2007-08-16,2320.99560546875
2007-08-17,2219.655517578125
2007-08-20,2199.9921875
2007-08-21,2186.75732421875
2007-08-22,2134.19677734375
2007-08-23,2150.8349609375
2007-08-24,2088.44287109375
2007-08-27,2136.08740234375
2007-08-28,2231.37744140625
2007-08-29,2127.390380859375
2007-08-30,2156.507080078125
2007-08-31,2097.895751953125
2007-09-04,2045.7127685546875
2007-09-05,2070.292236328125
2007-09-06,2063.107421875
2007-09-07,2119.449951171875
2007-09-10,2172.009765625
2007-09-11,2115.28955078125
2007-09-12,2124.364990234375
2007-09-13,2115.668212890625
2007-09-14,2100.16455078125
2007-09-17,2122.474609375
2007-09-18,2001.8497314453125
2007-09-19,1987.4805908203125
2007-09-20,2012.43701171875
2007-09-21,2015.08349609375
2007-09-24,2032.0999755859375
2007-09-25,2037.2669677734375
2007-09-26,2009.32763671875
2007-09-27,1979.857666015625
2007-09-28,1994.4017333984375
2007-10-01,1943.881103515625
2007-10-02,1927.4237060546875
2007-10-03,1924.7447509765625
2007-10-04,1933.9302978515625
2007-10-05,1865.4219970703125
2007-10-08,1891.82958984375
2007-10-09,1856.2359619140625
2007-10-10,1865.0389404296875
2007-10-11,1882.261474609375
2007-10-12,1886.854736328125
2007-10-15,1900.25
2007-10-16,1943.881103515625
2007-10-17,1932.0164794921875
2007-10-18,1927.040771484375
2007-10-19,2058.699951171875
2007-10-22,1997.8458251953125
2007-10-23,1979.09228515625
2007-10-24,1976.412353515625
2007-10-25,1984.4501953125
2007-10-26,1948.8564453125
2007-10-29,1938.1402587890625
2007-10-30,1966.8446044921875
2007-10-31,1899.8673095703125
2007-11-01,1990.191650390625
2007-11-02,1986.7470703125
2007-11-05,2028.464111328125
2007-11-06,1972.203125
2007-11-07,2051.42822265625
2007-11-08,2049.13134765625
2007-11-09,2107.306396484375
2007-11-12,2179.64208984375
2007-11-13,2085.1083984375
2007-11-14,2095.4423828125
2007-11-15,2149.40576171875
2007-11-16,2154.7646484375
2007-11-19,2231.693115234375
2007-11-20,2227.099853515625
2007-11-21,2309.770263671875
2007-11-23,2263.077392578125
2007-11-26,2330.0546875
2007-11-27,2263.077392578125
2007-11-28,2128.739013671875
2007-11-29,2135.6279296875
2007-11-30,2093.528564453125
2007-12-03,2120.319091796875
2007-12-04,2131.801025390625
2007-12-05,2075.5400390625
2007-12-06,1990.9569091796875
2007-12-07,1990.191650390625
2007-12-10,1953.4495849609375
2007-12-11,2072.86083984375
2007-12-12,2043.7734375
2007-12-13,2036.11865234375
2007-12-14,2123.76416015625
2007-12-17,2191.50732421875
2007-12-18,2163.184814453125
2007-12-19,2168.543212890625
2007-12-20,2093.957275390625
2007-12-21,2055.252197265625
2007-12-24,2004.935791015625
2007-12-26,2021.5789794921875
2007-12-27,2083.50732421875
2007-12-28,2091.248291015625
2007-12-31,2122.600341796875
2008-01-02,2162.853759765625
2008-01-03,2192.65625
2008-01-04,2314.57861328125
2008-01-07,2337.8017578125
2008-01-08,2461.65771484375
2008-01-09,2422.953369140625
2008-01-10,2387.34375
2008-01-11,2446.17578125
2008-01-14,2390.05322265625
2008-01-15,2502.299072265625
2008-01-16,2542.16552734375
2008-01-17,2683.05224609375
2008-01-18,2724.467041015625
2008-01-22,2753.883544921875
2008-01-23,2595.96533203125
2008-01-24,2549.906494140625
2008-01-25,2594.8046875
2008-01-28,2469.3984375
2008-01-29,2438.435302734375
2008-01-30,2518.168212890625
2008-01-31,2409.40673828125
2008-02-01,2275.098388671875
2008-02-04,2307.99853515625
2008-02-05,2430.6943359375
2008-02-06,2467.464599609375
2008-02-07,2433.40380859375
2008-02-08,2438.822509765625
2008-02-11,2415.986083984375
2008-02-12,2395.472900390625
2008-02-13,2341.671630859375
2008-02-14,2411.34130859375
2008-02-15,2432.242919921875
2008-02-19,2402.052490234375
2008-02-20,2350.9609375
2008-02-21,2415.2119140625
2008-02-22,2383.861572265625
2008-02-25,2291.35498046875
2008-02-26,2252.649658203125
2008-02-27,2275.098388671875
2008-02-28,2328.899169921875
2008-02-29,2427.2109375
2008-03-03,2453.91748046875
2008-03-04,2479.85009765625
2008-03-05,2450.046875
2008-03-06,2595.19189453125
2008-03-07,2633.897216796875
2008-03-10,2730.659912109375
2008-03-11,2554.550537109375
2008-03-12,2580.87060546875
2008-03-13,2534.811767578125
2008-03-14,2605.255126953125
2008-03-17,2728.724853515625
2008-03-18,2496.492919921875
2008-03-19,2650.153564453125
2008-03-20,2572.74169921875
2008-03-24,2408.6328125
2008-03-25,2377.134033203125
2008-03-26,2432.741455078125
2008-03-27,2465.017578125
2008-03-28,2511.292236328125
2008-03-31,2481.349365234375
2008-04-01,2306.74951171875
2008-04-02,2284.195068359375
2008-04-03,2262.807373046875
2008-04-04,2249.97509765625
2008-04-07,2243.7529296875
2008-04-08,2233.253662109375
2008-04-09,2300.138916015625
2008-04-10,2255.419189453125
2008-04-11,2337.8583984375
2008-04-14,2340.192138671875
2008-04-15,2322.693115234375
2008-04-16,2179.201416015625
2008-04-17,2193.58935546875
2008-04-18,2159.369140625
2008-04-21,2136.81494140625
2008-04-22,2184.64599609375
2008-04-23,2189.700927734375
2008-04-24,2162.869140625
2008-04-25,2094.03955078125
2008-04-28,2082.373779296875
2008-04-29,2106.094970703125
2008-04-30,2108.039306640625
2008-05-01,2060.986572265625
2008-05-02,2053.208984375
2008-05-05,2068.763916015625
2008-05-06,2022.0997314453125
2008-05-07,2067.59716796875
2008-05-08,2045.431640625
2008-05-09,2034.93310546875
2008-05-12,1998.76806640625
2008-05-13,1966.8814697265625
2008-05-14,1962.992431640625
2008-05-15,1913.6064453125
2008-05-16,1901.16259765625
2008-05-19,1904.273681640625
2008-05-20,1913.2176513671875
2008-05-21,1976.9913330078125
2008-05-22,1968.825927734375
2008-05-23,2020.15576171875
2008-05-27,1982.04638671875
2008-05-28,1947.0487060546875
2008-05-29,1936.1602783203125
2008-05-30,1908.5516357421875
2008-06-02,1940.4381103515625
2008-06-03,1934.6051025390625
2008-06-04,1927.994873046875
2008-06-05,1839.332763671875
2008-06-06,1943.548828125
2008-06-09,1936.9383544921875
2008-06-10,1971.547607421875
2008-06-11,2029.8773193359375
2008-06-12,2029.09912109375
2008-06-13,1961.826171875
2008-06-16,1939.6607666015625
2008-06-17,1941.215576171875
2008-06-18,1968.0474853515625
2008-06-19,1950.9375
2008-06-20,2021.71142578125
2008-06-23,2034.93310546875
2008-06-24,2076.6845703125
2008-06-25,2047.056640625
2008-06-26,2155.822265625
2008-06-27,2180.3828125
2008-06-30,2190.128662109375
2008-07-01,2191.29833984375
2008-07-02,2324.62353515625
2008-07-03,2375.6923828125
2008-07-07,2410.77880859375
2008-07-08,2296.16552734375
2008-07-09,2355.03076171875
2008-07-10,2331.2509765625
2008-07-11,2373.353515625
2008-07-14,2420.5244140625
2008-07-15,2460.677978515625
2008-07-16,2339.048095703125
2008-07-17,2291.486572265625
2008-07-18,2290.707275390625
2008-07-21,2248.994140625
2008-07-22,2201.04345703125
2008-07-23,2177.653564453125
2008-07-24,2310.58935546875
2008-07-25,2316.826416015625
2008-07-28,2351.912353515625
2008-07-29,2259.520263671875
2008-07-30,2195.196533203125
2008-07-31,2246.65478515625
2008-08-01,2263.028564453125
2008-08-04,2338.657958984375
2008-08-05,2249.773681640625
2008-08-06,2211.5693359375
2008-08-07,2270.435791015625
2008-08-08,2190.128662109375
2008-08-11,2140.617919921875
2008-08-12,2182.332275390625
2008-08-13,2167.907470703125
2008-08-14,2135.940673828125
2008-08-15,2127.364013671875
2008-08-18,2185.839599609375
2008-08-19,2234.18017578125
2008-08-20,2219.366455078125
2008-08-21,2222.875244140625
2008-08-22,2183.111083984375
2008-08-25,2258.740478515625
2008-08-26,2237.6884765625
2008-08-27,2197.53515625
2008-08-28,2124.634765625
2008-08-29,2164.008544921875
2008-09-02,2206.112060546875
2008-09-03,2240.41796875
2008-09-04,2355.03076171875
2008-09-05,2346.844482421875
2008-09-08,2259.520263671875
2008-09-09,2438.06689453125
2008-09-10,2371.01513671875
2008-09-11,2338.657958984375
2008-09-12,2267.706787109375
2008-09-15,2486.407470703125
2008-09-16,2355.421142578125
2008-09-17,2610.76708984375
2008-09-18,2378.42138671875
2008-09-19,2188.958251953125
2008-09-22,2337.488525390625
2008-09-23,2402.20166015625
2008-09-24,2442.625244140625
2008-09-25,2401.927978515625
2008-09-26,2437.5380859375
2008-09-29,2787.7705078125
2008-09-30,2563.152099609375
2008-10-01,2619.502685546875
2008-10-02,2914.16748046875
2008-10-03,3036.65087890625
2008-10-06,3306.66162109375
2008-10-07,3717.549072265625
2008-10-08,3776.24658203125
2008-10-09,4300.6181640625
2008-10-10,4343.66357421875
2008-10-13,3418.9716796875
2008-10-14,3534.019775390625
2008-10-15,4192.2216796875
2008-10-16,3918.688232421875
2008-10-17,3969.5595703125
2008-10-20,3600.1533203125
2008-10-21,3792.290771484375
2008-10-22,4220.39697265625
2008-10-23,4415.666015625
2008-10-24,4672.7646484375
2008-10-27,5121.2177734375
2008-10-28,4150.7412109375
2008-10-29,4131.56689453125
2008-10-30,3727.72412109375
2008-10-31,3497.626953125
2008-11-03,3526.585205078125
2008-11-04,3375.143310546875
2008-11-05,3698.374755859375
2008-11-06,4034.5185546875
2008-11-07,3799.7265625
2008-11-10,4026.69189453125
2008-11-11,4213.744140625
2008-11-12,4650.06640625
2008-11-13,3898.73095703125
2008-11-14,4347.18310546875
2008-11-17,4448.9287109375
2008-11-18,4457.14599609375
2008-11-19,5128.26123046875
2008-11-20,5906.599609375
2008-11-21,5254.265625
2008-11-24,4517.80078125
2008-11-25,4287.703125
2008-11-26,3852.164306640625
2008-11-28,3741.42041015625
2008-12-01,4515.4521484375
2008-12-02,4109.6533203125
2008-12-03,3942.1669921875
2008-12-04,4158.17626953125
2008-12-05,3805.205078125
2008-12-08,3505.453125
2008-12-09,3662.372314453125
2008-12-10,3466.32080078125
2008-12-11,3780.94384765625
2008-12-12,3578.630615234375
2008-12-15,3743.767822265625
2008-12-16,3287.095947265625
2008-12-17,3228.78955078125
2008-12-18,3334.053466796875
2008-12-19,3328.575927734375
2008-12-22,3458.8857421875
2008-12-23,3531.673828125
2008-12-24,3500.0498046875
2008-12-26,3406.250732421875
2008-12-29,3477.5380859375
2008-12-30,3261.531982421875
2008-12-31,3124.85400390625
2009-01-02,2961.91064453125
2009-01-05,2931.35888671875
2009-01-06,2875.615966796875
2009-01-07,3039.094482421875
2009-01-08,3005.86279296875
2009-01-09,3152.724853515625
2009-01-12,3332.283203125
2009-01-13,3252.9560546875
2009-01-14,3505.946533203125
2009-01-15,3410.002685546875
2009-01-16,3297.44384765625
2009-01-20,3688.1845703125
2009-01-21,3346.218994140625
2009-01-22,3513.449951171875
2009-01-23,3437.87451171875
2009-01-26,3397.138916015625
2009-01-27,3304.947265625
2009-01-28,3046.0625
2009-01-29,3249.204345703125
2009-01-30,3428.762939453125
2009-02-02,3420.186767578125
2009-02-03,3357.47509765625
2009-02-04,3360.691162109375
2009-02-05,3266.891845703125
2009-02-06,3006.933837890625
2009-02-09,3022.478271484375
2009-02-10,3282.971435546875
2009-02-11,3271.716064453125
2009-02-12,3230.445068359375
2009-02-13,3293.15576171875
2009-02-17,3558.474365234375
2009-02-18,3644.23291015625
2009-02-19,3763.76025390625
2009-02-20,3819.50390625
2009-02-23,4131.9892578125
2009-02-24,3782.520263671875
2009-02-25,3873.10302734375
2009-02-26,4000.13330078125
2009-02-27,4044.62255859375
2009-03-02,4535.05712890625
2009-03-03,4618.13671875
2009-03-04,4342.6357421875
2009-03-05,4736.59228515625
2009-03-06,4826.638671875
2009-03-09,4913.47021484375
2009-03-10,4245.08349609375
2009-03-11,4203.8115234375
2009-03-12,3796.45556640625
2009-03-13,3774.479248046875
2009-03-16,3877.926513671875
2009-03-17,3593.3134765625
2009-03-18,3370.33935546875
2009-03-19,3406.250732421875
2009-03-20,3601.352783203125
2009-03-23,3072.325927734375
2009-03-24,3218.116455078125
2009-03-25,3140.39697265625
2009-03-26,2894.375732421875
2009-03-27,3035.8779296875
2009-03-30,3240.092529296875
2009-03-31,3155.941162109375
2009-04-01,3073.933837890625
2009-04-02,2825.23193359375
2009-04-03,2707.848876953125
2009-04-06,2774.84814453125
2009-04-07,2964.054931640625
2009-04-08,2862.215576171875
2009-04-09,2562.05810546875
2009-04-13,2564.73828125
2009-04-14,2686.9453125
2009-04-15,2624.233642578125
2009-04-16,2483.26708984375
2009-04-17,2420.555419921875
2009-04-20,2670.3291015625
2009-04-21,2514.890625
2009-04-22,2502.5625
2009-04-23,2510.06640625
2009-04-24,2388.395263671875
2009-04-27,2432.883056640625
2009-04-28,2409.299560546875
2009-04-29,2277.980712890625
2009-04-30,2286.556640625
2009-05-01,2296.2041015625
2009-05-04,2113.43017578125
2009-05-05,2143.44580078125
2009-05-06,2103.7822265625
2009-05-07,2208.30126953125
2009-05-08,2066.798583984375
2009-05-11,2147.73388671875
2009-05-12,2198.653564453125
2009-05-13,2386.787841796875
2009-05-14,2321.9326171875
2009-05-15,2359.451904296875
2009-05-18,2180.42919921875
2009-05-19,2169.709228515625
2009-05-20,2195.97265625
2009-05-21,2268.868896484375
2009-05-22,2302.1005859375
2009-05-26,2128.43798828125
2009-05-27,2193.293212890625
2009-05-28,2168.1015625
2009-05-29,2084.486083984375
2009-06-01,1944.591064453125
2009-06-02,1929.0478515625
2009-06-03,1985.8629150390625
2009-06-04,1930.1192626953125
2009-06-05,1937.0875244140625
2009-06-08,1964.4237060546875
2009-06-09,1931.727783203125
2009-06-10,1939.2314453125
2009-06-11,1921.54296875
2009-06-12,1925.295654296875
2009-06-15,2019.094970703125
2009-06-16,2092.525634765625
2009-06-17,2096.27783203125
2009-06-18,2066.26220703125
2009-06-19,2057.150634765625
2009-06-22,2194.9013671875
2009-06-23,2216.340576171875
2009-06-24,2163.27783203125
2009-06-25,2046.4305419921875
2009-06-26,2048.574462890625
2009-06-29,2009.982177734375
2009-06-30,2029.8143310546875
2009-07-01,1990.151123046875
2009-07-02,2104.318359375
2009-07-06,2138.6220703125
2009-07-07,2241.53271484375
2009-07-08,2259.757080078125
2009-07-09,2259.220703125
2009-07-10,2256.540283203125
2009-07-13,2150.413330078125
2009-07-14,2115.037841796875
2009-07-15,1983.18310546875
2009-07-16,1926.903564453125
2009-07-17,1937.0875244140625
2009-07-20,1880.8079833984375
2009-07-21,1873.303955078125
2009-07-22,1858.2957763671875
2009-07-23,1756.457275390625
2009-07-24,1729.6573486328125
2009-07-27,1713.5771484375
2009-07-28,1717.8651123046875
2009-07-29,1740.377197265625
2009-07-30,1697.49755859375
2009-07-31,1698.5694580078125
2009-08-03,1622.9942626953125
2009-08-04,1600.482421875
2009-08-05,1615.4901123046875
2009-08-06,1632.6419677734375
2009-08-07,1559.7464599609375
2009-08-10,1564.03466796875
2009-08-11,1611.2022705078125
2009-08-12,1565.6427001953125
2009-08-13,1544.73876953125
2009-08-14,1584.9384765625
2009-08-17,1676.5938720703125
2009-08-18,1634.2503662109375
2009-08-19,1611.2022705078125
2009-08-20,1576.3624267578125
2009-08-21,1513.6510009765625
2009-08-24,1525.4429931640625
2009-08-25,1512.5791015625
2009-08-26,1513.6510009765625
2009-08-27,1501.859130859375
2009-08-28,1498.6429443359375
2009-08-31,1536.698974609375
2009-09-01,1606.3782958984375
2009-09-02,1614.954345703125
2009-09-03,1577.434814453125
2009-09-04,1532.947021484375
2009-09-08,1494.8909912109375
2009-09-09,1456.2996826171875
2009-09-10,1425.2120361328125
2009-09-11,1419.8519287109375
2009-09-14,1382.868408203125
2009-09-15,1361.4283447265625
2009-09-16,1308.900634765625
2009-09-17,1322.3009033203125
2009-09-18,1325.5167236328125
2009-09-21,1330.3404541015625
2009-09-22,1317.4766845703125
2009-09-23,1352.3162841796875
2009-09-24,1396.8038330078125
2009-09-25,1412.8841552734375
2009-09-28,1357.1405029296875
2009-09-29,1346.9561767578125
2009-09-30,1363.0364990234375
2009-10-01,1444.508056640625
2009-10-02,1471.843505859375
2009-10-05,1409.6678466796875
2009-10-06,1370.0042724609375
2009-10-07,1367.860595703125
2009-10-08,1333.020751953125
2009-10-09,1310.5089111328125
2009-10-12,1305.1490478515625
2009-10-13,1317.4766845703125
2009-10-14,1269.7733154296875
2009-10-15,1263.3416748046875
2009-10-16,1284.781005859375
2009-10-19,1257.4453125
2009-10-20,1281.56494140625
2009-10-21,1304.61279296875
2009-10-22,1275.133056640625
2009-10-23,1306.7568359375
2009-10-26,1335.700439453125
2009-10-27,1363.572509765625
2009-10-28,1451.4754638671875
2009-10-29,1390.3719482421875
2009-10-30,1467.5555419921875
2009-11-02,1455.2276611328125
2009-11-03,1422.531982421875
2009-11-04,1432.7154541015625
2009-11-05,1364.6444091796875
2009-11-06,1369.468505859375
2009-11-09,1304.0770263671875
2009-11-10,1304.0770263671875
2009-11-11,1285.8529052734375
2009-11-12,1322.836669921875
2009-11-13,1297.1090087890625
2009-11-16,1253.693359375
2009-11-17,1255.301513671875
2009-11-18,1266.021240234375
2009-11-19,1321.2288818359375
2009-11-20,1334.0926513671875
2009-11-23,1305.6851806640625
2009-11-24,1311.5806884765625
2009-11-25,1293.35693359375
2009-11-27,1346.4208984375
2009-11-30,1341.0606689453125
2009-12-01,1301.9326171875
2009-12-02,1283.173095703125
2009-12-03,1309.436767578125
2009-12-04,1272.9892578125
2009-12-07,1276.205078125
2009-12-08,1296.037109375
2009-12-09,1294.9649658203125
2009-12-10,1277.813232421875
2009-12-11,1256.373291015625
2009-12-14,1222.6053466796875
2009-12-15,1222.0697021484375
2009-12-16,1210.2777099609375
2009-12-17,1232.253662109375
2009-12-18,1225.2855224609375
2009-12-21,1191.517822265625
2009-12-22,1169.005859375
2009-12-23,1150.246337890625
2009-12-24,1141.13427734375
2009-12-28,1141.13427734375
2009-12-29,1146.494140625
2009-12-30,1153.462158203125
2009-12-31,1185.0859375
2010-01-04,1144.350341796875
2010-01-05,1137.918212890625
2010-01-06,1124.518310546875
2010-01-07,1113.7987060546875
2010-01-08,1100.398681640625
2010-01-11,1103.6151123046875
2010-01-12,1128.8065185546875
2010-01-13,1099.3267822265625
2010-01-14,1096.110595703125
2010-01-15,1125.0545654296875
2010-01-19,1096.6466064453125
2010-01-20,1112.7264404296875
2010-01-21,1141.13427734375
2010-01-22,1188.837890625
2010-01-25,1184.013916015625
2010-01-26,1191.517822265625
2010-01-27,1188.3017578125
2010-01-28,1218.8538818359375
2010-01-29,1251.549072265625
2010-02-01,1215.1015625
2010-02-02,1178.6539306640625
2010-02-03,1193.1259765625
2010-02-04,1267.093017578125
2010-02-05,1264.948974609375
2010-02-08,1280.4931640625
2010-02-09,1252.0853271484375
2010-02-10,1245.6531982421875
2010-02-11,1216.7095947265625
2010-02-12,1197.94970703125
2010-02-16,1158.2862548828125
2010-02-17,1142.2060546875
2010-02-18,1126.126220703125
2010-02-19,1119.1585693359375
2010-02-22,1118.0863037109375
2010-02-23,1147.0301513671875
2010-02-24,1125.5904541015625
2010-02-25,1122.3746337890625
2010-02-26,1122.91015625
2010-03-01,1084.31884765625
2010-03-02,1067.1668701171875
2010-03-03,1059.6627197265625
2010-03-04,1058.05517578125
2010-03-05,1028.5753173828125
2010-03-08,1023.751220703125
2010-03-09,1021.6072387695312
2010-03-10,1006.0636596679688
2010-03-11,996.4154052734375
2010-03-12,991.0555419921875
2010-03-15,995.3433227539062
2010-03-16,973.903564453125
2010-03-17,958.359619140625
2010-03-18,968.007568359375
2010-03-19,987.3035888671875
2010-03-22,964.7918701171875
2010-03-23,947.6400756835938
2010-03-24,963.1839599609375
2010-03-25,977.6558227539062
2010-03-26,979.7996215820312
2010-03-29,964.2557983398438
2010-03-30,961.5758666992188
2010-03-31,971.7594604492188
2010-04-01,954.07177734375
2010-04-05,922.447998046875
2010-04-06,912.800048828125
2010-04-07,926.2000122070312
2010-04-08,928.3440551757812
2010-04-09,911.72802734375
2010-04-12,908.5123901367188
2010-04-13,902.0802001953125
2010-04-14,875.280517578125
2010-04-15,876.3525390625
2010-04-16,897.79248046875
2010-04-19,901.5443725585938
2010-04-20,879.032470703125
2010-04-21,872.0645141601562
2010-04-22,852.2327880859375
2010-04-23,836.15283203125
2010-04-26,842.048828125
2010-04-27,882.2484130859375
2010-04-28,876.8886108398438
2010-04-29,852.768798828125
2010-04-30,886.000732421875
2010-05-03,858.6647338867188
2010-05-04,906.368408203125
2010-05-05,926.2000122070312
2010-05-06,986.767578125
2010-05-07,1036.6151123046875
2010-05-10,930.4882202148438
2010-05-11,924.0562133789062
2010-05-12,882.7843627929688
2010-05-13,898.8643798828125
2010-05-14,940.6718139648438
2010-05-17,937.4562377929688
2010-05-18,965.327392578125
2010-05-19,983.551513671875
2010-05-20,1068.2388916015625
2010-05-21,1035.5433349609375
2010-05-24,1055.9111328125
2010-05-25,1058.591064453125
2010-05-26,1052.6951904296875
2010-05-27,971.7594604492188
2010-05-28,993.7354736328125
2010-06-01,1046.2628173828125
2010-06-02,992.12744140625
2010-06-03,976.0476684570312
2010-06-04,1055.9111328125
2010-06-07,1098.7906494140625
2010-06-08,1086.998779296875
2010-06-09,1081.638916015625
2010-06-10,1012.4956665039062
2010-06-11,990.5194702148438
2010-06-14,981.4075927734375
2010-06-15,935.8480224609375
2010-06-16,941.7437744140625
2010-06-17,946.5679931640625
2010-06-18,948.7118530273438
2010-06-21,961.5758666992188
2010-06-22,1002.3114624023438
2010-06-23,1007.1354370117188
2010-06-24,1041.974853515625
2010-06-25,1017.8552856445312
2010-06-28,1024.8233642578125
2010-06-29,1093.966796875
2010-06-30,1113.7987060546875
2010-07-01,1127.1983642578125
2010-07-02,1143.2783203125
2010-07-06,1150.246337890625
2010-07-07,1068.2388916015625
2010-07-08,1045.7271728515625
2010-07-09,1023.751220703125
2010-07-12,1033.935302734375
2010-07-13,984.6234741210938
2010-07-14,987.8397827148438
2010-07-15,990.5194702148438
2010-07-16,1052.6951904296875
2010-07-19,1041.43896484375
2010-07-20,1011.9591674804688
2010-07-21,1040.9031982421875
2010-07-22,981.4075927734375
2010-07-23,953.0
2010-07-26,916.55224609375
2010-07-27,928.3440551757812
2010-07-28,950.3198852539062
2010-07-29,962.1116943359375
2010-07-30,958.8958129882812
2010-08-02,921.3762817382812
2010-08-03,933.7041015625
2010-08-04,913.3362426757812
2010-08-05,922.9840087890625
2010-08-06,925.6640625
2010-08-09,909.04833984375
2010-08-10,932.0958862304688
2010-08-11,993.7354736328125
2010-08-12,1007.671142578125
2010-08-13,1016.2473754882812
2010-08-16,1014.639404296875
2010-08-17,980.3357543945312
2010-08-18,975.5116577148438
2010-08-19,1006.5997314453125
2010-08-20,1008.7435302734375
2010-08-23,1029.6470947265625
2010-08-24,1059.126953125
2010-08-25,1045.1910400390625
2010-08-26,1056.98291015625
2010-08-27,1013.0313720703125
2010-08-30,1044.1190185546875
2010-08-31,1046.2628173828125
2010-09-01,977.6558227539062
2010-09-02,951.3917236328125
2010-09-03,925.6640625
2010-09-07,947.6400756835938
2010-09-08,937.9921264648438
2010-09-09,932.632080078125
2010-09-10,928.3440551757812
2010-09-13,894.5764770507812
2010-09-14,894.5764770507812
2010-09-15,886.5364379882812
2010-09-16,890.824462890625
2010-09-17,887.0723266601562
2010-09-20,857.5927124023438
2010-09-21,865.6326293945312
2010-09-22,880.1043090820312
2010-09-23,892.9683837890625
2010-09-24,850.6246948242188
2010-09-27,851.1607666015625
2010-09-28,838.2969360351562
2010-09-29,838.8328857421875
2010-09-30,835.6168212890625
2010-10-01,831.8648681640625
2010-10-04,849.016845703125
2010-10-05,815.2490234375
2010-10-06,824.8970947265625
2010-10-07,826.5050048828125
2010-10-08,815.7849731445312
2010-10-11,812.569091796875
2010-10-12,807.2090454101562
2010-10-13,791.1293334960938
2010-10-14,798.097412109375
2010-10-15,798.097412109375
2010-10-18,791.665283203125
2010-10-19,815.2490234375
2010-10-20,794.34521484375
2010-10-21,798.097412109375
2010-10-22,785.7692260742188
2010-10-25,776.1213989257812
2010-10-26,778.8013916015625
2010-10-27,779.8732299804688
2010-10-28,781.4815063476562
2010-10-29,777.1934204101562
2010-11-01,778.2652587890625
2010-11-02,762.185546875
2010-11-03,757.3613891601562
2010-11-04,728.953857421875
2010-11-05,718.7698974609375
2010-11-08,719.3058471679688
2010-11-09,734.313720703125
2010-11-10,721.4498291015625
2010-11-11,724.665771484375
2010-11-12,746.105712890625
2010-11-15,743.4255981445312
2010-11-16,770.2254028320312
2010-11-17,760.5775756835938
2010-11-18,739.6737060546875
2010-11-19,734.8497314453125
2010-11-22,723.0578002929688
2010-11-23,738.6016845703125
2010-11-24,708.5858764648438
2010-11-26,715.017822265625
2010-11-29,719.3058471679688
2010-11-30,727.8818359375
2010-12-01,696.7940063476562
2010-12-02,679.6422119140625
2010-12-03,671.0663452148438
2010-12-06,670.5303344726562
2010-12-07,668.9222412109375
2010-12-08,671.0663452148438
2010-12-09,667.3143920898438
2010-12-10,653.9144287109375
2010-12-13,655.5224609375
2010-12-14,656.5944213867188
2010-12-15,661.954345703125
2010-12-16,649.0905151367188
2010-12-17,645.8744506835938
2010-12-20,643.7305297851562
2010-12-21,634.0825805664062
2010-12-22,631.402587890625
2010-12-23,634.0825805664062
2010-12-27,632.4744873046875
2010-12-28,634.0825805664062
2010-12-29,630.3306274414062
2010-12-30,630.3306274414062
2010-12-31,637.2985229492188
2011-01-03,620.6827392578125
2011-01-04,634.6185302734375
2011-01-05,627.1146850585938
2011-01-06,629.7944946289062
2011-01-07,633.0106201171875
2011-01-10,626.0426635742188
2011-01-11,620.6827392578125
2011-01-12,612.6427612304688
2011-01-13,613.7147827148438
2011-01-14,604.6028442382812
2011-01-18,594.9549560546875
2011-01-19,613.1787719726562
2011-01-20,622.8265991210938
2011-01-21,626.5786743164062
2011-01-24,615.3226928710938
2011-01-25,615.8587036132812
2011-01-26,603.5308837890625
2011-01-27,598.1709594726562
2011-01-28,620.6827392578125
2011-01-31,610.4988403320312
2011-02-01,591.7389526367188
2011-02-02,593.8828735351562
2011-02-03,590.6669921875
2011-02-04,583.698974609375
2011-02-07,574.051025390625
2011-02-08,568.1550903320312
2011-02-09,569.7633056640625
2011-02-10,565.4752197265625
2011-02-11,554.21923828125
2011-02-14,548.8594360351562
2011-02-15,552.611328125
2011-02-16,545.1072998046875
2011-02-17,540.2833862304688
2011-02-18,539.2113647460938
2011-02-22,563.8672485351562
2011-02-23,579.947021484375
2011-02-24,580.483154296875
2011-02-25,556.3632202148438
2011-02-28,554.3533325195312
2011-03-01,572.7111206054688
2011-03-02,567.3512573242188
2011-03-03,543.2313232421875
2011-03-04,550.0652465820312
2011-03-07,564.6712036132812
2011-03-08,550.8692626953125
2011-03-09,553.9512329101562
2011-03-10,574.4530639648438
2011-03-11,566.9492797851562
2011-03-14,572.3092041015625
2011-03-15,579.277099609375
2011-03-16,590.8009033203125
2011-03-17,584.3690795898438
2011-03-18,578.2049560546875
2011-03-21,554.8893432617188
2011-03-22,562.5272827148438
2011-03-23,564.4032592773438
2011-03-24,553.0132446289062
2011-03-25,544.5714111328125
2011-03-28,548.5911865234375
2011-03-29,539.4795532226562
2011-03-30,528.6255493164062
2011-03-31,523.265625
2011-04-01,515.8955078125
2011-04-04,515.0914916992188
2011-04-05,511.2056579589844
2011-04-06,510.6696472167969
2011-04-07,516.2975463867188
2011-04-08,523.9356079101562
2011-04-11,531.5734252929688
2011-04-12,542.4273071289062
2011-04-13,538.2733764648438
2011-04-14,538.2733764648438
2011-04-15,527.95556640625
2011-04-18,546.3134155273438
2011-04-19,541.6234741210938
2011-04-20,521.79150390625
2011-04-21,515.2256469726562
2011-04-25,515.0914916992188
2011-04-26,504.77374267578125
2011-04-27,497.8058166503906
2011-04-28,496.1978454589844
2011-04-29,494.0537414550781
2011-05-02,499.41387939453125
2011-05-03,509.4638366699219
2011-05-04,518.3075561523438
2011-05-05,522.3274536132812
2011-05-06,519.9156494140625
2011-05-09,509.59765625
2011-05-10,499.01171875
2011-05-11,509.195556640625
2011-05-12,502.8976745605469
2011-05-13,513.3495483398438
2011-05-16,522.5955200195312
2011-05-17,529.5634765625
2011-05-18,513.6176147460938
2011-05-19,511.74163818359375
2011-05-20,519.37939453125
2011-05-23,535.7274780273438
2011-05-24,539.0773315429688
2011-05-25,531.0375366210938
2011-05-26,521.3895263671875
2011-05-27,515.359619140625
2011-05-31,503.8355712890625
2011-06-01,528.7594604492188
2011-06-02,530.3675537109375
2011-06-03,544.973388671875
2011-06-06,560.1154174804688
2011-06-07,555.8272705078125
2011-06-08,566.1451416015625
2011-06-09,561.1873168945312
2011-06-10,578.071044921875
2011-06-13,580.7510375976562
2011-06-14,559.7131958007812
2011-06-15,576.7310791015625
2011-06-16,578.071044921875
2011-06-17,575.525146484375
2011-06-20,566.279052734375
2011-06-21,544.4374389648438
2011-06-22,549.1273803710938
2011-06-23,549.5293579101562
2011-06-24,557.8373413085938
2011-06-27,553.0132446289062
2011-06-28,535.8614501953125
2011-06-29,527.4194946289062
2011-06-30,520.9874267578125
2011-07-01,503.0318298339844
2011-07-05,501.82568359375
2011-07-06,496.1978454589844
2011-07-07,485.8797302246094
2011-07-08,492.7138366699219
2011-07-11,512.9476318359375
2011-07-12,516.9676513671875
2011-07-13,514.2876586914062
2011-07-14,527.6876220703125
2011-07-15,521.3895263671875
2011-07-18,534.7894287109375
2011-07-19,513.7515258789062
2011-07-20,515.2256469726562
2011-07-21,505.8456115722656
2011-07-22,503.9697265625
2011-07-25,511.4736022949219
2011-07-26,518.0394897460938
2011-07-27,546.7152709960938
2011-07-28,551.1373901367188
2011-07-29,551.9412231445312
2011-08-01,561.455078125
2011-08-02,595.4910278320312
2011-08-03,589.72900390625
2011-08-04,659.9443969726562
2011-08-05,682.0541381835938
2011-08-08,793.541259765625
2011-08-09,691.300048828125
2011-08-10,738.6016845703125
2011-08-11,660.8822631835938
2011-08-12,652.7084350585938
2011-08-15,618.270751953125
2011-08-16,635.4226684570312
2011-08-17,641.9885864257812
2011-08-18,710.7300415039062
2011-08-19,737.52978515625
2011-08-22,735.6537475585938
2011-08-23,678.1681518554688
2011-08-24,657.3983154296875
2011-08-25,685.9401245117188
2011-08-26,649.760498046875
2011-08-29,598.974853515625
2011-08-30,593.8828735351562
2011-08-31,589.1929931640625
2011-09-01,608.2207641601562
2011-09-02,647.21435546875
2011-09-06,654.9864501953125
2011-09-07,606.6128540039062
2011-09-08,623.36279296875
2011-09-09,656.7283935546875
2011-09-12,649.8944091796875
2011-09-13,631.2686157226562
2011-09-14,607.55078125
2011-09-15,592.140869140625
2011-09-16,592.9450073242188
2011-09-19,608.2207641601562
2011-09-20,622.8265991210938
2011-09-21,666.6443481445312
2011-09-22,714.4818725585938
2011-09-23,697.330078125
2011-09-26,670.396240234375
2011-09-27,647.3485717773438
2011-09-28,687.9501953125
2011-09-29,675.3543090820312
2011-09-30,714.347900390625
2011-10-03,780.9453735351562
2011-10-04,714.8838500976562
2011-10-05,685.4041748046875
2011-10-06,651.7703857421875
2011-10-07,672.2723388671875
2011-10-10,623.2288208007812
2011-10-11,622.5586547851562
2011-10-12,607.6849365234375
2011-10-13,603.7988891601562
2011-10-14,581.287109375
2011-10-17,615.188720703125
2011-10-18,582.7610473632812
2011-10-19,601.2528686523438
2011-10-20,596.2948608398438
2011-10-21,571.10302734375
2011-10-24,537.3353881835938
2011-10-25,563.8672485351562
2011-10-26,548.4573364257812
2011-10-27,501.1557312011719
2011-10-28,504.1036682128906
2011-10-31,529.8313598632812
2011-11-01,564.001220703125
2011-11-02,538.9434204101562
2011-11-03,514.1536254882812
2011-11-04,510.401611328125
2011-11-07,513.215576171875
2011-11-08,502.8976745605469
2011-11-09,546.1793212890625
2011-11-10,541.489501953125
2011-11-11,516.5655517578125
2011-11-14,527.2854614257812
2011-11-15,516.6996459960938
2011-11-16,530.7694091796875
2011-11-17,551.6732177734375
2011-11-18,552.0753173828125
2011-11-21,574.7210693359375
2011-11-22,580.483154296875
2011-11-23,612.5088500976562
2011-11-25,617.8688354492188
2011-11-28,573.2470703125
2011-11-29,572.4430541992188
2011-11-30,515.359619140625
2011-12-01,521.6575927734375
2011-12-02,518.5755615234375
2011-12-05,504.37176513671875
2011-12-06,506.7835998535156
2011-12-07,509.59765625
2011-12-08,535.8614501953125
2011-12-09,510.2676696777344
2011-12-12,527.95556640625
2011-12-13,548.1892700195312
2011-12-14,564.80517578125
2011-12-15,556.4971923828125
2011-12-16,545.1072998046875
2011-12-19,563.8672485351562
2011-12-20,524.3374633789062
2011-12-21,522.8635864257812
2011-12-22,512.277587890625
2011-12-23,505.44366455078125
2011-12-27,504.1036682128906
2011-12-28,521.3895263671875
2011-12-29,507.0517883300781
2011-12-30,509.59765625
2012-01-03,501.82568359375
2012-01-04,504.37176513671875
2012-01-05,497.1357727050781
2012-01-06,497.6716613769531
2012-01-09,491.37384033203125
2012-01-10,478.5099792480469
2012-01-11,476.90191650390625
2012-01-12,474.4899597167969
2012-01-13,479.1798095703125
2012-01-17,477.169921875
2012-01-18,461.49200439453125
2012-01-19,454.1220397949219
2012-01-20,455.3280029296875
2012-01-23,455.0600891113281
2012-01-24,451.576171875
2012-01-25,442.1961669921875
2012-01-26,448.0921325683594
2012-01-27,443.0003662109375
2012-01-30,447.6901550292969
2012-01-31,449.1641845703125
2012-02-01,431.2083435058594
2012-02-02,429.86834716796875
2012-02-03,415.6645202636719
2012-02-06,416.6024475097656
2012-02-07,415.396484375
2012-02-08,413.5205078125
2012-02-09,412.5824890136719
2012-02-10,421.56036376953125
2012-02-13,412.8504638671875
2012-02-14,412.7164611816406
2012-02-15,415.5304260253906
2012-02-16,402.8005676269531
2012-02-17,403.2025451660156
2012-02-21,406.8205261230469
2012-02-22,410.572509765625
2012-02-23,402.93450927734375
2012-02-24,402.5325012207031
2012-02-27,401.9966125488281
2012-02-28,403.73858642578125
2012-02-29,409.2325744628906
2012-03-01,402.1305847167969
2012-03-02,408.69647216796875
2012-03-05,411.64447021484375
2012-03-06,427.3222961425781
2012-03-07,418.8804016113281
2012-03-08,409.2325744628906
2012-03-09,401.05859375
2012-03-12,404.2745056152344
2012-03-13,388.5967102050781
2012-03-14,393.95660400390625
2012-03-15,386.4526672363281
2012-03-16,387.79266357421875
2012-03-19,385.78265380859375
2012-03-20,390.8746337890625
2012-03-21,391.8126525878906
2012-03-22,399.986572265625
2012-03-23,394.6266174316406
2012-03-26,382.834716796875
2012-03-27,386.1846923828125
2012-03-28,389.8027038574219
2012-03-29,391.27667236328125
2012-03-30,391.5445861816406
2012-04-02,387.3907165527344
2012-04-03,385.3807067871094
2012-04-04,395.96661376953125
2012-04-05,399.58465576171875
2012-04-09,409.36651611328125
2012-04-10,428.5283508300781
2012-04-11,418.6123962402344
2012-04-12,403.0685729980469
2012-04-13,413.5205078125
2012-04-16,412.314453125
2012-04-17,399.0487060546875
2012-04-18,401.9966125488281
2012-04-19,404.810546875
2012-04-20,403.6045227050781
2012-04-23,411.3764953613281
2012-04-24,409.7685852050781
2012-04-25,395.43060302734375
2012-04-26,387.79266357421875
2012-04-27,384.30877685546875
2012-04-30,390.60675048828125
2012-05-01,386.8547058105469
2012-05-02,384.9786682128906
2012-05-03,397.7085876464844
2012-05-04,410.43853759765625
2012-05-07,407.3565368652344
2012-05-08,408.5625915527344
2012-05-09,411.7785339355469
2012-05-10,411.64447021484375
2012-05-11,410.7064514160156
2012-05-14,419.8184509277344
2012-05-15,423.5704040527344
2012-05-16,430.9403076171875
2012-05-17,453.3181457519531
2012-05-18,464.9759826660156
2012-05-21,443.0003662109375
2012-05-22,440.7221984863281
2012-05-23,434.4241943359375
2012-05-24,432.4143371582031
2012-05-25,434.2903137207031
2012-05-29,423.034423828125
2012-05-30,439.5162353515625
2012-05-31,441.5262756347656
2012-06-01,469.93402099609375
2012-06-04,475.1599426269531
2012-06-05,462.5640869140625
2012-06-06,442.3301696777344
2012-06-07,446.2161865234375
2012-06-08,438.8462829589844
2012-06-11,456.4000244140625
2012-06-12,446.2161865234375
2012-06-13,459.2140808105469
2012-06-14,452.11224365234375
2012-06-15,442.7321472167969
2012-06-18,435.4963073730469
2012-06-19,425.58038330078125
2012-06-20,426.6523132324219
2012-06-21,449.43218994140625
2012-06-22,444.6081848144531
2012-06-25,460.9560852050781
2012-06-26,455.0600891113281
2012-06-27,446.48419189453125
2012-06-28,443.6703186035156
2012-06-29,418.3443908691406
2012-07-02,412.9844665527344
2012-07-03,403.6045227050781
2012-07-05,403.47064208984375
2012-07-06,413.25250244140625
2012-07-09,415.6645202636719
2012-07-10,424.6423645019531
2012-07-11,427.3222961425781
2012-07-12,430.00238037109375
2012-07-13,417.00445556640625
2012-07-16,421.29241943359375
2012-07-17,417.00445556640625
2012-07-18,410.7064514160156
2012-07-19,410.572509765625
2012-07-20,419.1484680175781
2012-07-23,429.0643310546875
2012-07-24,441.12420654296875
2012-07-25,439.7841796875
2012-07-26,426.92041015625
2012-07-27,409.0985107421875
2012-07-30,411.2424621582031
2012-07-31,416.7364501953125
2012-08-01,424.10638427734375
2012-08-02,428.66229248046875
2012-08-03,411.7785339355469
2012-08-06,407.4905090332031
2012-08-07,399.7186279296875
2012-08-08,399.3166198730469
2012-08-09,397.3066711425781
2012-08-10,396.6366271972656
2012-08-13,398.11053466796875
2012-08-14,399.18255615234375
2012-08-15,394.35870361328125
2012-08-16,386.9887390136719
2012-08-17,383.23675537109375
2012-08-20,385.91680908203125
2012-08-21,384.7107238769531
2012-08-22,386.4526672363281
2012-08-23,391.4106750488281
2012-08-24,389.13262939453125
2012-08-27,389.40069580078125
2012-08-28,386.0506591796875
2012-08-29,385.5147705078125
2012-08-30,391.0086669921875
2012-08-31,386.5867614746094
2012-09-04,378.144775390625
2012-09-05,380.0207214355469
2012-09-06,365.41485595703125
2012-09-07,361.5289001464844
2012-09-10,364.2088928222656
2012-09-11,363.136962890625
2012-09-12,359.9209899902344
2012-09-13,352.95306396484375
2012-09-14,345.1809997558594
2012-09-17,352.1490173339844
2012-09-18,356.1689453125
2012-09-19,354.6949462890625
2012-09-20,359.6529235839844
2012-09-21,359.1169128417969
2012-09-24,360.72491455078125
2012-09-25,371.8468933105469
2012-09-26,376.8048400878906
2012-09-27,368.49688720703125
2012-09-28,371.7127990722656
2012-10-01,374.92877197265625
2012-10-02,371.7127990722656
2012-10-03,371.44482421875
2012-10-04,364.6108703613281
2012-10-05,365.1469421386719
2012-10-08,367.6929626464844
2012-10-09,375.06280517578125
2012-10-10,378.144775390625
2012-10-11,374.6607360839844
2012-10-12,380.2887878417969
2012-10-15,373.7227478027344
2012-10-16,365.8168640136719
2012-10-17,360.0550231933594
2012-10-18,360.4569396972656
2012-10-19,371.0428771972656
2012-10-22,372.1147766113281
2012-10-23,377.2068176269531
2012-10-24,379.6187744140625
2012-10-25,377.6087646484375
2012-10-26,380.2887878417969
2012-10-31,376.2687683105469
2012-11-01,358.0449523925781
2012-11-02,368.49688720703125
2012-11-05,364.4769287109375
2012-11-06,357.7769470214844
2012-11-07,373.0528564453125
2012-11-08,382.70068359375
2012-11-09,381.2267150878906
2012-11-12,382.5666198730469
2012-11-13,384.0407409667969
2012-11-14,396.6366271972656
2012-11-15,400.12060546875
2012-11-16,394.2246398925781
2012-11-19,378.4127502441406
2012-11-20,375.33087158203125
2012-11-21,372.9188232421875
2012-11-23,365.54888916015625
2012-11-26,365.95086669921875
2012-11-27,367.42486572265625
2012-11-28,361.7969665527344
2012-11-29,357.2409362792969
2012-11-30,357.10693359375
2012-12-03,358.5809631347656
2012-12-04,358.7149658203125
2012-12-05,356.7049560546875
2012-12-06,355.23101806640625
2012-12-07,355.23101806640625
2012-12-10,350.9429931640625
2012-12-11,347.4591064453125
2012-12-12,348.2630310058594
2012-12-13,352.95306396484375
2012-12-14,354.6949462890625
2012-12-17,347.5929870605469
2012-12-18,337.8111267089844
2012-12-19,339.4190979003906
2012-12-20,334.1931457519531
2012-12-21,338.8831481933594
2012-12-24,340.89312744140625
2012-12-26,345.71710205078125
2012-12-27,346.11907958984375
2012-12-28,351.0770568847656
2012-12-31,339.15106201171875
2013-01-02,321.8652648925781
2013-01-03,320.9272766113281
2013-01-04,316.23724365234375
2013-01-07,317.8453063964844
2013-01-08,319.5872802734375
2013-01-09,316.37127685546875
2013-01-10,314.8972473144531
2013-01-11,315.4333801269531
2013-01-14,314.49530029296875
2013-01-15,310.8773193359375
2013-01-16,312.21728515625
2013-01-17,307.3933410644531
2013-01-18,305.38336181640625
2013-01-22,300.6933898925781
2013-01-23,300.9613952636719
2013-01-24,297.7455139160156
2013-01-25,292.6535339355469
2013-01-28,293.3235168457031
2013-01-29,292.9214782714844
2013-01-30,296.5394592285156
2013-01-31,294.3954772949219
2013-02-01,289.4375305175781
2013-02-04,295.0655517578125
2013-02-05,291.1794738769531
2013-02-06,288.0975036621094
2013-02-07,289.0355224609375
2013-02-08,285.819580078125
2013-02-11,286.62353515625
2013-02-12,284.2115783691406
2013-02-13,282.6036071777344
2013-02-14,280.99560546875
2013-02-15,282.2016296386719
2013-02-19,278.3156433105469
2013-02-20,287.6955261230469
2013-02-21,293.59149169921875
2013-02-22,287.0255126953125
2013-02-25,298.281494140625
2013-02-26,295.33349609375
2013-02-27,287.0255126953125
2013-02-28,287.9635314941406
2013-03-01,288.901611328125
2013-03-04,287.0255126953125
2013-03-05,279.2536315917969
2013-03-06,278.4496765136719
2013-03-07,277.109619140625
2013-03-08,271.8836975097656
2013-03-11,271.74969482421875
2013-03-12,271.8836975097656
2013-03-13,270.40972900390625
2013-03-14,265.8537292480469
2013-03-15,266.6576843261719
2013-03-18,268.6676940917969
2013-03-19,269.4717102050781
2013-03-20,264.3797302246094
2013-03-21,269.3377685546875
2013-03-22,267.729736328125
2013-03-25,268.9356994628906
2013-03-26,265.04974365234375
2013-03-27,264.2457275390625
2013-03-28,260.6278991699219
2013-04-01,266.38970947265625
2013-04-02,267.8637390136719
2013-04-03,277.2436218261719
2013-04-04,274.1616516113281
2013-04-05,274.9656066894531
2013-04-08,270.1416931152344
2013-04-09,270.1416931152344
2013-04-10,262.5037841796875
2013-04-11,260.2257995605469
2013-04-12,262.5037841796875
2013-04-15,278.9856262207031
2013-04-16,269.0697021484375
2013-04-17,278.3156433105469
2013-04-18,282.2016296386719
2013-04-19,273.3576354980469
2013-04-22,272.0176696777344
2013-04-23,265.8537292480469
2013-04-24,264.3797302246094
2013-04-25,260.76177978515625
2013-04-26,263.84381103515625
2013-04-29,260.091796875
2013-04-30,255.66983032226562
2013-05-01,264.2457275390625
2013-05-02,259.28778076171875
2013-05-03,252.5878143310547
2013-05-06,250.1758575439453
2013-05-07,245.21791076660156
2013-05-08,243.60992431640625
2013-05-09,244.41395568847656
2013-05-10,241.73394775390625
2013-05-13,242.53793334960938
2013-05-14,236.7760009765625
2013-05-15,235.03395080566406
2013-05-16,237.31198120117188
2013-05-17,232.35401916503906
2013-05-20,232.0860137939453
2013-05-21,231.14805603027344
2013-05-22,239.05393981933594
2013-05-23,239.99191284179688
2013-05-24,241.33184814453125
2013-05-28,237.7140350341797
2013-05-29,241.8679656982422
2013-05-30,238.11602783203125
2013-05-31,241.8679656982422
2013-06-03,244.0119171142578
2013-06-04,247.62986755371094
2013-06-05,254.4638214111328
2013-06-06,248.16592407226562
2013-06-07,242.80601501464844
2013-06-10,243.47589111328125
2013-06-11,248.96995544433594
2013-06-12,253.25784301757812
2013-06-13,244.27993774414062
2013-06-14,246.28993225097656
2013-06-17,243.7438507080078
2013-06-18,239.7239532470703
2013-06-19,245.88787841796875
2013-06-20,259.0197448730469
2013-06-21,260.3597412109375
2013-06-24,266.1217956542969
2013-06-25,259.689697265625
2013-06-26,256.2058410644531
2013-06-27,248.43386840820312
2013-06-28,250.04183959960938
2013-07-01,244.1459503173828
2013-07-02,245.35189819335938
2013-07-03,245.88787841796875
2013-07-05,239.05393981933594
2013-07-08,237.84793090820312
2013-07-09,232.62205505371094
2013-07-10,232.62205505371094
2013-07-11,226.19007873535156
2013-07-12,224.85012817382812
2013-07-15,223.3760986328125
2013-07-16,226.19007873535156
2013-07-17,224.58209228515625
2013-07-18,220.6960906982422
2013-07-19,220.16012573242188
2013-07-22,218.28416442871094
2013-07-23,218.15016174316406
2013-07-24,221.6341094970703
2013-07-25,219.75811767578125
2013-07-26,221.90208435058594
2013-07-29,224.0460662841797
2013-07-30,222.1701202392578
2013-07-31,220.42811584472656
2013-08-01,210.51220703125
2013-08-02,212.6561737060547
2013-08-05,212.92420959472656
2013-08-06,217.34613037109375
2013-08-07,220.16012573242188
2013-08-08,217.6141357421875
2013-08-09,217.88217163085938
2013-08-12,217.21209716796875
2013-08-13,217.07815551757812
2013-08-14,220.16012573242188
2013-08-15,227.66400146484375
2013-08-16,229.1380615234375
2013-08-19,231.8180389404297
2013-08-20,226.59210205078125
2013-08-21,229.00404357910156
2013-08-22,225.1180877685547
2013-08-23,225.2520751953125
2013-08-26,224.18008422851562
2013-08-27,233.0239715576172
2013-08-28,232.0860137939453
2013-08-29,229.80804443359375
2013-08-30,236.64199829101562
2013-09-03,237.44595336914062
2013-09-04,232.4879913330078
2013-09-05,230.61199951171875
2013-09-06,230.3440704345703
2013-09-09,223.10809326171875
2013-09-10,218.55215454101562
2013-09-11,218.68609619140625
2013-09-12,219.3561553955078
2013-09-13,218.68609619140625
2013-09-16,216.54214477539062
2013-09-17,212.92420959472656
2013-09-18,208.63623046875
2013-09-19,209.57423400878906
2013-09-20,212.79019165039062
2013-09-23,214.26417541503906
2013-09-24,214.53216552734375
2013-09-25,213.7281951904297
2013-09-26,211.31619262695312
2013-09-27,212.52218627929688
2013-09-30,212.52218627929688
2013-10-01,207.02825927734375
2013-10-02,207.83226013183594
2013-10-03,210.91421508789062
2013-10-04,208.7701873779297
2013-10-07,212.92420959472656
2013-10-08,218.82012939453125
2013-10-09,220.42811584472656
2013-10-10,209.84219360351562
2013-10-11,206.3582305908203
2013-10-14,204.6162872314453
2013-10-15,208.50222778320312
2013-10-16,203.6782684326172
2013-10-17,200.1942901611328
2013-10-18,196.57635498046875
2013-10-21,196.7102813720703
2013-10-22,194.43231201171875
2013-10-23,196.97830200195312
2013-10-24,196.3083038330078
2013-10-25,195.50433349609375
2013-10-28,196.04034423828125
2013-10-29,195.23634338378906
2013-10-30,196.04034423828125
2013-10-31,196.57635498046875
2013-11-01,196.3083038330078
2013-11-04,193.6283416748047
2013-11-05,196.17433166503906
2013-11-06,196.3083038330078
2013-11-07,202.74024963378906
2013-11-08,197.24632263183594
2013-11-11,195.50433349609375
2013-11-12,196.3083038330078
2013-11-13,192.6903533935547
2013-11-14,190.4123992919922
2013-11-15,189.47438049316406
2013-11-18,192.2883758544922
2013-11-19,194.70034790039062
2013-11-20,196.04034423828125
2013-11-21,190.81439208984375
2013-11-22,189.8763885498047
2013-11-25,190.6803741455078
2013-11-26,190.27838134765625
2013-11-27,189.60838317871094
2013-11-29,191.0823974609375
2013-12-02,190.94837951660156
2013-12-03,192.2883758544922
2013-12-04,192.42237854003906
2013-12-05,192.2883758544922
2013-12-06,189.0723876953125
2013-12-09,188.67034912109375
2013-12-10,189.60838317871094
2013-12-11,196.04034423828125
2013-12-12,196.04034423828125
2013-12-13,194.56631469726562
2013-12-16,191.61837768554688
2013-12-17,191.61837768554688
2013-12-18,187.59840393066406
2013-12-19,190.01036071777344
2013-12-20,185.722412109375
2013-12-23,182.6404571533203
2013-12-24,181.43443298339844
2013-12-26,181.16644287109375
2013-12-27,180.7644500732422
2013-12-30,180.2284698486328
2013-12-31,179.02247619628906
2014-01-02,182.77444458007812
2014-01-03,181.30043029785156
2014-01-06,183.57843017578125
2014-01-07,180.4964599609375
2014-01-08,180.09445190429688
2014-01-09,179.42445373535156
2014-01-10,177.01251220703125
2014-01-13,182.77444458007812
2014-01-14,177.54847717285156
2014-01-15,175.6724853515625
2014-01-16,176.0745086669922
2014-01-17,177.14646911621094
2014-01-21,175.6724853515625
2014-01-22,174.19850158691406
2014-01-23,177.01251220703125
2014-01-24,185.4208984375
2014-01-27,189.57485961914062
2014-01-28,185.4879150390625
2014-01-29,189.44091796875
2014-01-30,183.94691467285156
2014-01-31,184.5499267578125
2014-02-03,199.2563018798828
2014-02-04,194.29835510253906
2014-02-05,195.23634338378906
2014-02-06,189.6753692626953
2014-02-07,186.09091186523438
2014-02-10,185.15293884277344
2014-02-11,181.33396911621094
2014-02-12,179.32398986816406
2014-02-13,176.57699584960938
2014-02-14,175.33749389648438
2014-02-18,173.09300231933594
2014-02-19,175.5385284423828
2014-02-20,173.2270050048828
2014-02-21,172.5904998779297
2014-02-24,170.58055114746094
2014-02-25,171.384521484375
2014-02-26,169.7430419921875
2014-02-27,168.3026123046875
2014-02-28,167.800048828125
2014-03-03,169.8770751953125
2014-03-04,164.28262329101562
2014-03-05,165.05308532714844
2014-03-06,164.7851104736328
2014-03-07,164.41661071777344
2014-03-10,165.8570556640625
2014-03-11,167.90057373046875
2014-03-12,167.63258361816406
2014-03-13,170.91552734375
2014-03-14,169.7430419921875
2014-03-17,167.465087890625
2014-03-18,164.11509704589844
2014-03-19,166.5270538330078
2014-03-20,165.52207946777344
2014-03-21,165.99110412597656
2014-03-24,168.20205688476562
2014-03-25,167.69955444335938
2014-03-26,171.88702392578125
2014-03-27,172.82501220703125
2014-03-28,171.0830535888672
2014-03-31,165.82359313964844
2014-04-01,162.8756103515625
2014-04-02,162.03811645507812
2014-04-03,163.07659912109375
2014-04-04,168.36952209472656
2014-04-07,173.99754333496094
2014-04-08,172.02099609375
2014-04-09,168.6040496826172
2014-04-10,175.8734588623047
2014-04-11,180.1279754638672
2014-04-14,178.65399169921875
2014-04-15,176.34251403808594
2014-04-16,172.2554931640625
2014-04-17,171.4850311279297
2014-04-21,170.98257446289062
2014-04-22,167.90057373046875
2014-04-23,168.50355529785156
2014-04-24,168.6040496826172
2014-04-25,172.38951110839844
2014-04-28,173.49502563476562
2014-04-29,172.02099609375
2014-04-30,170.07803344726562
2014-05-01,169.3075408935547
2014-05-02,168.4700927734375
2014-05-05,168.570556640625
2014-05-06,171.11654663085938
2014-05-07,169.4415740966797
2014-05-08,171.21702575683594
2014-05-09,170.27903747558594
2014-05-12,165.1536102294922
2014-05-13,166.5270538330078
2014-05-14,169.2405548095703
2014-05-15,172.0880584716797
2014-05-16,170.3125457763672
2014-05-19,168.6040496826172
2014-05-20,171.7865447998047
2014-05-21,170.14503479003906
2014-05-22,167.800048828125
2014-05-23,165.924072265625
2014-05-27,163.74661254882812
2014-05-28,164.51712036132812
2014-05-29,163.04310607910156
2014-05-30,163.5456085205078
2014-06-02,162.67462158203125
2014-06-03,163.07659912109375
2014-06-04,161.10012817382812
2014-06-05,157.88417053222656
2014-06-06,155.97470092773438
2014-06-09,154.96969604492188
2014-06-10,155.8406982421875
2014-06-11,156.8456573486328
2014-06-12,158.21914672851562
2014-06-13,157.51564025878906
2014-06-16,157.41517639160156
2014-06-17,154.8022003173828
2014-06-18,153.42869567871094
2014-06-19,153.19419860839844
2014-06-20,152.42369079589844
2014-06-23,152.65818786621094
2014-06-24,154.90267944335938
2014-06-25,152.89268493652344
2014-06-26,153.5291748046875
2014-06-27,151.9882049560547
2014-06-30,150.4472198486328
2014-07-01,148.03521728515625
2014-07-02,149.74371337890625
2014-07-03,148.1022186279297
2014-07-07,150.94972229003906
2014-07-08,153.12721252441406
2014-07-09,152.42369079589844
2014-07-10,154.2997283935547
2014-07-11,154.93618774414062
2014-07-14,153.59622192382812
2014-07-15,154.6011962890625
2014-07-16,155.20419311523438
2014-07-17,158.35316467285156
2014-07-18,154.53416442871094
2014-07-21,155.6061553955078
2014-07-22,153.99819946289062
2014-07-23,154.23268127441406
2014-07-24,153.83067321777344
2014-07-25,155.9076690673828
2014-07-28,156.44363403320312
2014-07-29,157.85064697265625
2014-07-30,157.1806640625
2014-07-31,163.71310424804688
2014-08-01,164.34957885742188
2014-08-04,162.3731231689453
2014-08-05,163.9475860595703
2014-08-06,163.51214599609375
2014-08-07,164.81857299804688
2014-08-08,161.3346405029297
2014-08-11,159.69317626953125
2014-08-12,161.16712951660156
2014-08-13,158.35316467285156
2014-08-14,157.08016967773438
2014-08-15,157.3146514892578
2014-08-18,153.62969970703125
2014-08-19,151.92123413085938
2014-08-20,150.8157196044922
2014-08-21,150.38018798828125
2014-08-22,150.5812225341797
2014-08-25,149.54273986816406
2014-08-26,148.57122802734375
2014-08-27,148.90621948242188
2014-08-28,149.3417205810547
2014-08-29,147.8677520751953
2014-09-02,146.82923889160156
2014-09-03,147.834228515625
2014-09-04,148.3702392578125
2014-09-05,147.29824829101562
2014-09-08,147.90122985839844
2014-09-09,149.77720642089844
2014-09-10,149.3417205810547
2014-09-11,148.437255859375
2014-09-12,150.84922790527344
2014-09-15,152.0886993408203
2014-09-16,150.27972412109375
2014-09-17,150.48069763183594
2014-09-18,150.01173400878906
2014-09-19,151.41873168945312
2014-09-22,155.43865966796875
2014-09-23,157.95115661621094
2014-09-24,156.57769775390625
2014-09-25,160.7316131591797
2014-09-26,158.420166015625
2014-09-29,158.9226531982422
2014-09-30,161.8035888671875
2014-10-01,166.15858459472656
2014-10-02,165.4215850830078
2014-10-03,163.00962829589844
2014-10-06,163.9475860595703
2014-10-07,169.0060577392578
2014-10-08,164.0146026611328
2014-10-09,171.58554077148438
2014-10-10,177.61550903320312
2014-10-13,182.1044464111328
2014-10-14,178.75445556640625
2014-10-15,179.55845642089844
2014-10-16,175.6055145263672
2014-10-17,172.52354431152344
2014-10-20,170.01104736328125
2014-10-21,160.96612548828125
2014-10-22,164.41661071777344
2014-10-23,159.29115295410156
2014-10-24,158.3196563720703
2014-10-27,158.38662719726562
2014-10-28,153.32815551757812
2014-10-29,153.46217346191406
2014-10-30,152.82566833496094
2014-10-31,149.20773315429688
2014-11-03,148.47071838378906
2014-11-04,149.57626342773438
2014-11-05,148.90621948242188
2014-11-06,146.39378356933594
2014-11-07,146.39378356933594
2014-11-10,145.6902618408203
2014-11-11,145.35528564453125
2014-11-12,144.58474731445312
2014-11-13,146.0252227783203
2014-11-14,145.85777282714844
2014-11-17,146.59475708007812
2014-11-18,144.81927490234375
2014-11-19,146.1592559814453
2014-11-20,144.61830139160156
2014-11-21,143.311767578125
2014-11-24,141.6702880859375
2014-11-25,141.36880493164062
2014-11-26,141.2348175048828
2014-11-28,143.54624938964844
2014-12-01,147.0972442626953
2014-12-02,145.2212677001953
2014-12-03,142.74229431152344
2014-12-04,143.311767578125
2014-12-05,142.9767608642578
2014-12-08,144.91973876953125
2014-12-09,143.14427185058594
2014-12-10,148.8392333984375
2014-12-11,147.06375122070312
2014-12-12,151.01670837402344
2014-12-15,152.95968627929688
2014-12-16,153.99819946289062
2014-12-17,146.79574584960938
2014-12-18,141.73731994628906
2014-12-19,140.79930114746094
2014-12-22,139.82781982421875
2014-12-23,138.7558135986328
2014-12-24,137.88478088378906
2014-12-26,137.4158477783203
2014-12-29,136.14285278320312
2014-12-30,137.248291015625
2014-12-31,139.9282989501953
2015-01-02,140.46434020996094
2015-01-05,144.78578186035156
2015-01-06,147.80076599121094
2015-01-07,144.08229064941406
2015-01-08,139.55978393554688
2015-01-09,141.90480041503906
2015-01-12,143.34527587890625
2015-01-13,143.88128662109375
2015-01-14,144.6852569580078
2015-01-15,147.8677520751953
2015-01-16,143.74728393554688
2015-01-20,144.38375854492188
2015-01-21,142.64178466796875
2015-01-22,137.3153076171875
2015-01-23,138.65536499023438
2015-01-26,135.70736694335938
2015-01-27,137.3153076171875
2015-01-28,140.53131103515625
2015-01-29,138.3538055419922
2015-01-30,142.34030151367188
2015-02-02,139.82781982421875
2015-02-03,134.73585510253906
2015-02-04,135.9418487548828
2015-02-05,133.1278533935547
2015-02-06,134.50135803222656
2015-02-09,135.40586853027344
2015-02-10,133.2953643798828
2015-02-11,133.2953643798828
2015-02-12,130.7493896484375
2015-02-13,129.24191284179688
2015-02-17,129.27542114257812
2015-02-18,128.27040100097656
2015-02-19,128.30389404296875
2015-02-20,126.62892150878906
2015-02-23,127.46639251708984
2015-02-24,126.5284194946289
2015-02-25,126.79644012451172
2015-02-26,127.36595916748047
2015-02-27,128.16993713378906
2015-03-02,126.39445495605469
2015-03-03,127.73442077636719
2015-03-04,128.73944091796875
2015-03-05,128.50491333007812
2015-03-06,131.55337524414062
2015-03-09,130.61537170410156
2015-03-10,133.9988555908203
2015-03-11,131.9553680419922
2015-03-12,128.87339782714844
2015-03-13,130.54843139648438
2015-03-16,127.33240509033203
2015-03-17,127.19842529296875
2015-03-18,124.35092163085938
2015-03-19,124.9874267578125
2015-03-20,122.20697784423828
2015-03-23,122.4414291381836
2015-03-24,123.47997283935547
2015-03-25,127.7009048461914
2015-03-26,128.20343017578125
2015-03-27,127.0979232788086
2015-03-30,123.3794174194336
2015-03-31,124.18341064453125
2015-04-01,125.12144470214844
2015-04-02,124.01593017578125
2015-04-06,122.0729751586914
2015-04-07,124.21693420410156
2015-04-08,122.97744750976562
2015-04-09,123.61394500732422
2015-04-10,122.4414291381836
2015-04-13,123.17845916748047
2015-04-14,123.84844970703125
2015-04-15,121.8719253540039
2015-04-16,122.4414291381836
2015-04-17,125.3894271850586
2015-04-20,123.17845916748047
2015-04-21,123.24545288085938
2015-04-22,122.74295043945312
2015-04-23,121.26896667480469
2015-04-24,122.34091186523438
2015-04-27,124.1164321899414
2015-04-28,123.3794174194336
2015-04-29,124.7529296875
2015-04-30,127.66741180419922
2015-05-01,125.3894271850586
2015-05-04,124.51842498779297
2015-05-05,127.6339111328125
2015-05-06,127.7009048461914
2015-05-07,126.62892150878906
2015-05-08,124.41791534423828
2015-05-11,124.45145416259766
2015-05-12,125.054443359375
2015-05-13,124.7529296875
2015-05-14,122.0729751586914
2015-05-15,122.20697784423828
2015-05-18,120.26396179199219
2015-05-19,120.7665023803711
2015-05-20,120.39799499511719
2015-05-21,120.23049926757812
2015-05-22,120.4649887084961
2015-05-26,123.07793426513672
2015-05-27,120.90047454833984
2015-05-28,121.50345611572266
2015-05-29,122.94393920898438
2015-06-01,122.57544708251953
2015-06-02,122.37445831298828
2015-06-03,121.20196533203125
2015-06-04,123.31248474121094
2015-06-05,122.57544708251953
2015-06-08,123.51343536376953
2015-06-09,124.51842498779297
2015-06-10,121.80496215820312
2015-06-11,120.49844360351562
2015-06-12,121.57049560546875
2015-06-15,123.01094818115234
2015-06-16,121.16844940185547
2015-06-17,121.36946868896484
2015-06-18,118.9574966430664
2015-06-19,119.96247100830078
2015-06-22,118.78998565673828
2015-06-23,118.78998565673828
2015-06-24,120.83348083496094
2015-06-25,121.43647766113281
2015-06-26,120.9339828491211
2015-06-29,126.12642669677734
2015-06-30,125.82496643066406
2015-07-01,124.7194595336914
2015-07-02,125.15491485595703
2015-07-06,125.992431640625
2015-07-07,124.8199234008789
2015-07-08,128.16993713378906
2015-07-09,128.00244140625
2015-07-10,125.12144470214844
2015-07-13,123.04446411132812
2015-07-14,122.03947448730469
2015-07-15,123.58043670654297
2015-07-16,122.60895538330078
2015-07-17,124.48497772216797
2015-07-20,124.58541870117188
2015-07-21,126.3274154663086
2015-07-22,125.7913818359375
2015-07-23,127.33240509033203
2015-07-24,129.67738342285156
2015-07-27,131.62037658691406
2015-07-28,128.87339782714844
2015-07-29,125.62388610839844
2015-07-30,125.3894271850586
2015-07-31,124.95394134521484
2015-08-03,125.72441864013672
2015-08-04,125.42292785644531
2015-08-05,124.6524429321289
2015-08-06,126.93043518066406
2015-08-07,127.3994140625
2015-08-10,123.47997283935547
2015-08-11,125.7579574584961
2015-08-12,126.12642669677734
2015-08-13,126.36091613769531
2015-08-14,124.85346984863281
2015-08-17,122.67594909667969
2015-08-18,123.78143310546875
2015-08-19,125.59044647216797
2015-08-20,132.08938598632812
2015-08-21,138.11932373046875
2015-08-24,148.0687255859375
2015-08-25,152.69168090820312
2015-08-26,144.38375854492188
2015-08-27,139.79428100585938
2015-08-28,136.24334716796875
2015-08-31,138.08584594726562
2015-09-01,145.9917755126953
2015-09-02,141.43577575683594
2015-09-03,139.82781982421875
2015-09-04,143.0102996826172
2015-09-08,136.67881774902344
2015-09-09,139.7607879638672
2015-09-10,139.59327697753906
2015-09-11,137.68380737304688
2015-09-14,138.68882751464844
2015-09-15,135.4728240966797
2015-09-16,132.96035766601562
2015-09-17,133.1278533935547
2015-09-18,137.7843475341797
2015-09-21,135.60682678222656
2015-09-22,140.2633056640625
2015-09-23,140.46434020996094
2015-09-24,141.77078247070312
2015-09-25,141.97178649902344
2015-09-28,148.77223205566406
2015-09-29,149.57626342773438
2015-09-30,145.52276611328125
2015-10-01,146.25975036621094
2015-10-02,142.54129028320312
2015-10-05,136.44432067871094
2015-10-06,137.58335876464844
2015-10-07,134.06585693359375
2015-10-08,131.25189208984375
2015-10-09,131.45285034179688
2015-10-12,130.98390197753906
2015-10-13,133.5298614501953
2015-10-14,133.39585876464844
2015-10-15,132.62539672851562
2015-10-16,132.05584716796875
2015-10-19,132.05584716796875
2015-10-20,131.85487365722656
2015-10-21,134.23336791992188
2015-10-22,132.223388671875
2015-10-23,130.95040893554688
2015-10-26,131.6873779296875
2015-10-27,133.596923828125
2015-10-28,128.16993713378906
2015-10-29,129.4763946533203
2015-10-30,129.7779083251953
2015-11-02,125.92545318603516
2015-11-03,125.12144470214844
2015-11-04,126.09294128417969
2015-11-05,125.7579574584961
2015-11-06,126.99742889404297
2015-11-09,128.37091064453125
2015-11-10,128.1363983154297
2015-11-11,127.49990844726562
2015-11-12,133.9988555908203
2015-11-13,136.41085815429688
2015-11-16,133.19485473632812
2015-11-17,133.8648681640625
2015-11-18,129.27542114257812
2015-11-19,129.4763946533203
2015-11-20,128.471435546875
2015-11-23,127.66741180419922
2015-11-24,126.1599349975586
2015-11-25,125.55693817138672
2015-11-27,125.55693817138672
2015-11-30,125.72441864013672
2015-12-01,123.71440124511719
2015-12-02,126.5284194946289
2015-12-03,130.81640625
2015-12-04,127.7679214477539
2015-12-07,130.11289978027344
2015-12-08,131.92190551757812
2015-12-09,135.1043243408203
2015-12-10,134.4678497314453
2015-12-11,138.5883331298828
2015-12-14,139.8948211669922
2015-12-15,136.98033142089844
2015-12-16,133.9988555908203
2015-12-17,137.01382446289062
2015-12-18,140.93325805664062
2015-12-21,139.2918701171875
2015-12-22,136.44432067871094
2015-12-23,132.96035766601562
2015-12-24,132.59188842773438
2015-12-28,133.1278533935547
2015-12-29,131.25189208984375
2015-12-30,133.1278533935547
2015-12-31,135.7743377685547
2016-01-04,139.59327697753906
2016-01-05,139.39231872558594
2016-01-06,143.81427001953125
2016-01-07,150.4472198486328
2016-01-08,154.70169067382812
2016-01-11,155.53916931152344
2016-01-12,154.76869201660156
2016-01-13,162.44012451171875
2016-01-14,158.82212829589844
2016-01-15,163.3446044921875
2016-01-19,165.18707275390625
2016-01-20,167.2975616455078
2016-01-21,166.1920928955078
2016-01-22,158.45367431640625
2016-01-25,165.01959228515625
2016-01-26,157.58265686035156
2016-01-27,160.79864501953125
2016-01-28,161.03311157226562
2016-01-29,150.0787353515625
2016-02-01,150.54771423339844
2016-02-02,156.91268920898438
2016-02-03,154.93618774414062
2016-02-04,152.55770874023438
2016-02-05,159.22412109375
2016-02-08,164.91909790039062
2016-02-09,165.5556182861328
2016-02-10,164.51712036132812
2016-02-11,169.3745574951172
2016-02-12,163.3446044921875
2016-02-16,155.63966369628906
2016-02-17,150.64822387695312
2016-02-18,151.9882049560547
2016-02-19,151.95469665527344
2016-02-22,148.03521728515625
2016-02-23,149.57626342773438
2016-02-24,151.92123413085938
2016-02-25,145.35528564453125
2016-02-26,143.68026733398438
2016-02-29,144.55123901367188
2016-03-01,139.09080505371094
2016-03-02,136.10935974121094
2016-03-03,133.32884216308594
2016-03-04,131.28536987304688
2016-03-07,130.48143005371094
2016-03-08,134.97036743164062
2016-03-09,133.93186950683594
2016-03-10,134.86988830566406
2016-03-11,129.3759307861328
2016-03-14,129.9453887939453
2016-03-15,132.12286376953125
2016-03-16,129.3759307861328
2016-03-17,126.42791748046875
2016-03-18,125.32244110107422
2016-03-21,125.48992919921875
2016-03-22,125.08792877197266
2016-03-23,127.86840057373047
2016-03-24,127.96890258789062
2016-03-28,127.2319107055664
2016-03-29,122.34091186523438
2016-03-30,122.37445831298828
2016-03-31,122.20697784423828
2016-04-01,120.9339828491211
2016-04-04,123.345947265625
2016-04-05,125.95889282226562
2016-04-06,123.44644165039062
2016-04-07,126.76294708251953
2016-04-08,125.15491485595703
2016-04-11,125.02091979980469
2016-04-12,122.74295043945312
2016-04-13,118.62248992919922
2016-04-14,119.32596588134766
2016-04-15,118.45500946044922
2016-04-18,117.48350524902344
2016-04-19,116.54549407958984
2016-04-20,116.3445053100586
2016-04-21,118.32099914550781
2016-04-22,116.3445053100586
2016-04-25,118.2204818725586
2016-04-26,115.7080078125
2016-04-27,114.56903076171875
2016-04-28,117.48350524902344
2016-04-29,119.125
2016-05-02,116.67950439453125
2016-05-03,119.761474609375
2016-05-04,120.36446380615234
2016-05-05,120.7665023803711
2016-05-06,119.99595642089844
2016-05-09,119.22547912597656
2016-05-10,117.31600952148438
2016-05-11,119.42647552490234
2016-05-12,119.56048583984375
2016-05-13,122.20697784423828
2016-05-16,118.92396545410156
2016-05-17,122.4414291381836
2016-05-18,122.5419692993164
2016-05-19,123.14496612548828
2016-05-20,119.92894744873047
2016-05-23,120.4649887084961
2016-05-24,116.21051025390625
2016-05-25,114.63603210449219
2016-05-26,114.6025161743164
2016-05-27,113.2290267944336
2016-05-31,112.86051177978516
2016-06-01,112.09004211425781
2016-06-02,110.68303680419922
2016-06-03,112.05656433105469
2016-06-06,109.30956268310547
2016-06-07,108.97455596923828
2016-06-08,108.10358428955078
2016-06-09,108.60604858398438
2016-06-10,111.78853607177734
2016-06-13,114.23402404785156
2016-06-14,114.83702850341797
2016-06-15,113.8990478515625
2016-06-16,114.56903076171875
2016-06-17,114.26753234863281
2016-06-20,110.78356170654297
2016-06-21,112.09004211425781
2016-06-22,112.39154815673828
2016-06-23,108.1370620727539
2016-06-24,117.45000457763672
2016-06-27,124.14993286132812
2016-06-28,119.22547912597656
2016-06-29,114.90402221679688
2016-06-30,110.31454467773438
2016-07-01,109.91254425048828
2016-07-05,112.65953063964844
2016-07-06,111.15204620361328
2016-07-07,110.85054779052734
2016-07-08,106.62960052490234
2016-07-11,105.45710754394531
2016-07-12,103.34661865234375
2016-07-13,103.98310852050781
2016-07-14,103.34661865234375
2016-07-15,103.21261596679688
2016-07-18,103.14562225341797
2016-07-19,103.81560516357422
2016-07-20,102.24112701416016
2016-07-21,104.05009460449219
2016-07-22,102.37510681152344
2016-07-25,102.37510681152344
2016-07-26,102.07362365722656
2016-07-27,101.8391342163086
2016-07-28,102.50914001464844
2016-07-29,100.96813201904297
2016-08-01,101.8391342163086
2016-08-02,103.88260650634766
2016-08-03,102.87760925292969
2016-08-04,102.91111755371094
2016-08-05,100.73362731933594
2016-08-08,100.66667175292969
2016-08-09,101.00164031982422
2016-08-10,101.5041275024414
2016-08-11,100.90113067626953
2016-08-12,101.00164031982422
2016-08-15,99.3936538696289
2016-08-16,101.57113647460938
2016-08-17,102.10712432861328
2016-08-18,100.70014190673828
2016-08-19,101.03514099121094
2016-08-22,100.49915313720703
2016-08-23,99.3936538696289
2016-08-24,100.83413696289062
2016-08-25,100.2646484375
2016-08-26,101.53763580322266
2016-08-29,99.3936538696289
2016-08-30,99.4271469116211
2016-08-31,100.49915313720703
2016-09-01,100.39864349365234
2016-09-02,98.4556655883789
2016-09-06,98.58967590332031
2016-09-07,97.85266876220703
2016-09-08,98.69015502929688
2016-09-09,104.21761322021484
2016-09-12,101.9731216430664
2016-09-13,105.79209899902344
2016-09-14,106.09359741210938
2016-09-15,104.318115234375
2016-09-16,105.18910217285156
2016-09-19,103.4471206665039
2016-09-20,104.28462219238281
2016-09-21,101.93964385986328
2016-09-22,100.33165740966797
2016-09-23,101.10213470458984
2016-09-26,102.07362365722656
2016-09-27,101.30314636230469
2016-09-28,101.03514099121094
2016-09-29,102.54261779785156
2016-09-30,99.92965698242188
2016-10-03,102.04012298583984
2016-10-04,103.07861328125
2016-10-05,101.53763580322266
2016-10-06,101.5041275024414
2016-10-07,102.71012115478516
2016-10-10,101.40362548828125
2016-10-11,104.6530990600586
2016-10-12,103.91613006591797
2016-10-13,104.58609771728516
2016-10-14,104.85411071777344
2016-10-17,105.0886001586914
2016-10-18,103.64810943603516
2016-10-19,102.34162902832031
2016-10-20,102.34162902832031
2016-10-21,103.98310852050781
2016-10-24,102.77713775634766
2016-10-25,104.21761322021484
2016-10-26,105.52409362792969
2016-10-27,107.19908905029297
2016-10-28,107.83557891845703
2016-10-31,106.02659606933594
2016-11-01,108.27107238769531
2016-11-02,109.946044921875
2016-11-03,110.61608123779297
2016-11-04,110.08006286621094
2016-11-07,105.75860595703125
2016-11-08,105.65809631347656
2016-11-09,101.33663940429688
2016-11-10,100.36515045166016
2016-11-11,98.58967590332031
2016-11-14,95.30667877197266
2016-11-15,95.30667877197266
2016-11-16,94.33517456054688
2016-11-17,93.16271209716797
2016-11-18,93.06218719482422
2016-11-21,91.85621643066406
2016-11-22,90.21472930908203
2016-11-23,89.71222686767578
2016-11-25,89.10924530029297
2016-11-28,90.61673736572266
2016-11-29,90.01375579833984
2016-11-30,90.1477279663086
2016-12-01,90.81771850585938
2016-12-02,91.11923217773438
2016-12-05,88.40575408935547
2016-12-06,86.93177795410156
2016-12-07,85.12277221679688
2016-12-08,84.08427429199219
2016-12-09,83.28030395507812
2016-12-12,84.352294921875
2016-12-13,83.58177947998047
2016-12-14,86.42927551269531
2016-12-15,85.59178161621094
2016-12-16,85.29027557373047
2016-12-19,84.78776550292969
2016-12-20,83.7492904663086
2016-12-21,84.4527816772461
2016-12-22,85.8597640991211
2016-12-23,85.12277221679688
2016-12-27,84.48626708984375
2016-12-28,86.1612777709961
2016-12-29,85.6922607421875
2016-12-30,86.89824676513672
2017-01-03,84.352294921875
2017-01-04,82.67729187011719
2017-01-05,84.2182846069336
2017-01-06,83.91678619384766
2017-01-09,83.91678619384766
2017-01-10,84.05078125
2017-01-11,83.58177947998047
2017-01-12,84.6872787475586
2017-01-13,84.6872787475586
2017-01-17,84.8882827758789
2017-01-18,84.31879425048828
2017-01-19,85.42427062988281
2017-01-20,85.42427062988281
2017-01-23,85.39076232910156
2017-01-24,82.34229278564453
2017-01-25,81.23680114746094
2017-01-26,81.53829956054688
2017-01-27,81.53829956054688
2017-01-30,84.2182846069336
2017-01-31,83.28030395507812
2017-02-01,82.30879974365234
2017-02-02,83.71580505371094
2017-02-03,81.63880157470703
2017-02-06,82.10779571533203
2017-02-07,82.7107925415039
2017-02-08,82.5768051147461
2017-02-09,81.1028060913086
2017-02-10,80.03082275390625
2017-02-13,79.32731628417969
2017-02-14,79.32731628417969
2017-02-15,78.52333068847656
2017-02-16,78.82482147216797
2017-02-17,78.6573257446289
2017-02-21,77.31735229492188
2017-02-22,77.75283813476562
2017-02-23,78.69083404541016
2017-02-24,78.38933563232422
2017-02-27,77.35084533691406
2017-02-28,78.92532348632812
2017-03-01,76.37935638427734
2017-03-02,77.61882781982422
2017-03-03,78.08783721923828
2017-03-06,79.05931091308594
2017-03-07,79.4613265991211
2017-03-08,80.46631622314453
2017-03-09,81.6053237915039
2017-03-10,81.33731079101562
2017-03-13,80.23181915283203
2017-03-14,80.86830139160156
2017-03-15,78.8918228149414
2017-03-16,78.28884887695312
2017-03-17,78.38933563232422
2017-03-20,79.09281921386719
2017-03-21,82.37578582763672
2017-03-22,82.40928649902344
2017-03-23,81.43780517578125
2017-03-24,81.9403076171875
2017-03-27,82.17478942871094
2017-03-28,80.60031127929688
2017-03-29,80.19831848144531
2017-03-30,79.15982818603516
2017-03-31,79.15982818603516
2017-04-03,80.29881286621094
2017-04-04,80.56681823730469
2017-04-05,81.6053237915039
2017-04-06,80.43281555175781
2017-04-07,80.29881286621094
2017-04-10,80.09780883789062
2017-04-11,79.72931671142578
2017-04-12,80.90179443359375
2017-04-13,82.44280242919922
2017-04-17,81.73930358886719
2017-04-18,81.47129821777344
2017-04-19,80.13133239746094
2017-04-20,79.12632751464844
2017-04-21,79.32731628417969
2017-04-24,77.11634063720703
2017-04-25,76.41283416748047
2017-04-26,76.3123550415039
2017-04-27,76.61386108398438
2017-04-28,77.58534240722656
2017-05-01,77.28384399414062
2017-05-02,77.81983184814453
2017-05-03,78.4228286743164
2017-05-04,78.45634460449219
2017-05-05,77.31735229492188
2017-05-08,78.18833923339844
2017-05-09,77.92034912109375
2017-05-10,77.92034912109375
2017-05-11,78.28884887695312
2017-05-12,78.28884887695312
2017-05-15,77.98735046386719
2017-05-16,78.12133026123047
2017-05-17,80.73430633544922
2017-05-18,80.90179443359375
2017-05-19,79.2938461303711
2017-05-22,78.6573257446289
2017-05-23,78.22181701660156
2017-05-24,77.81983184814453
2017-05-25,77.31735229492188
2017-05-26,77.98735046386719
2017-05-30,78.55682373046875
2017-05-31,78.28884887695312
2017-06-01,78.28884887695312
2017-06-02,75.30734252929688
2017-06-05,76.04434967041016
2017-06-06,76.91533660888672
2017-06-07,77.183349609375
2017-06-08,77.183349609375
2017-06-09,74.60386657714844
2017-06-12,75.30734252929688
2017-06-13,75.30734252929688
2017-06-14,74.87185668945312
2017-06-15,74.87185668945312
2017-06-16,74.87185668945312
2017-06-19,74.73786926269531
2017-06-20,76.04434967041016
2017-06-21,76.61386108398438
2017-06-22,76.64734649658203
2017-06-23,76.21184539794922
2017-06-26,75.97734832763672
2017-06-27,75.97734832763672
2017-06-28,74.87185668945312
2017-06-29,75.87684631347656
2017-06-30,75.8433609008789
2017-07-03,75.87684631347656
2017-07-05,75.87684631347656
2017-07-06,76.81484985351562
2017-07-07,75.8433609008789
2017-07-10,76.1113510131836
2017-07-11,75.74288177490234
2017-07-12,74.87185668945312
2017-07-13,74.16836547851562
2017-07-14,74.06787109375
2017-07-17,73.90038299560547
2017-07-18,74.20185852050781
2017-07-19,72.92888641357422
2017-07-20,72.86189270019531
2017-07-21,73.26388549804688
2017-07-24,73.12987518310547
2017-07-25,71.72290802001953
2017-07-26,72.49337768554688
2017-07-27,73.79987335205078
2017-07-28,74.3023681640625
2017-07-31,74.33586120605469
2017-08-01,74.26885986328125
2017-08-02,75.10637664794922
2017-08-03,75.87684631347656
2017-08-04,75.87684631347656
2017-08-07,74.97233581542969
2017-08-08,75.44136047363281
2017-08-09,76.54684448242188
2017-08-10,78.85834503173828
2017-08-11,78.69083404541016
2017-08-14,76.68084716796875
2017-08-15,77.5183334350586
2017-08-16,77.183349609375
2017-08-17,79.89682006835938
2017-08-18,79.99729919433594
2017-08-21,80.26530456542969
2017-08-22,78.79132843017578
2017-08-23,79.4613265991211
2017-08-24,79.09281921386719
2017-08-25,78.25533294677734
2017-08-28,78.8918228149414
2017-08-29,78.82482147216797
2017-08-30,77.71932983398438
2017-08-31,76.51335144042969
2017-09-01,75.8433609008789
2017-09-05,77.78634643554688
2017-09-06,77.35084533691406
2017-09-07,78.08783721923828
2017-09-08,77.31735229492188
2017-09-11,75.77635192871094
2017-09-12,75.77635192871094
2017-09-13,74.77136993408203
2017-09-14,75.00586700439453
2017-09-15,74.6373519897461
2017-09-18,73.53187561035156
2017-09-19,73.59886932373047
2017-09-20,73.26388549804688
2017-09-21,73.59886932373047
2017-09-22,73.26388549804688
2017-09-25,72.96237182617188
2017-09-26,72.62738800048828
2017-09-27,71.25389862060547
2017-09-28,71.25389862060547
2017-09-29,71.25389862060547
2017-10-02,69.81340789794922
2017-10-03,69.41142272949219
2017-10-04,69.41142272949219
2017-10-05,69.00941467285156
2017-10-06,69.00941467285156
2017-10-09,69.00941467285156
2017-10-10,69.1769027709961
2017-10-11,68.90888977050781
2017-10-12,68.94239044189453
2017-10-13,68.94239044189453
2017-10-16,68.97594451904297
2017-10-17,69.27740478515625
2017-10-18,68.6744155883789
2017-10-19,68.6744155883789
2017-10-20,68.03791809082031
2017-10-23,68.64092254638672
2017-10-24,68.0044174194336
2017-10-25,68.0044174194336
2017-10-26,68.23890686035156
2017-10-27,67.60243225097656
2017-10-30,68.4399185180664
2017-10-31,67.76992797851562
2017-11-01,67.60243225097656
2017-11-02,68.03791809082031
2017-11-03,68.03791809082031
2017-11-06,67.13343048095703
2017-11-07,68.13841247558594
2017-11-08,68.13841247558594
2017-11-09,68.60742950439453
2017-11-10,68.60742950439453
2017-11-13,69.44491577148438
2017-11-14,69.44491577148438
2017-11-15,68.97594451904297
2017-11-16,67.33444213867188
2017-11-17,67.33444213867188
2017-11-20,66.96593475341797
2017-11-21,66.12844848632812
2017-11-22,65.75994873046875
2017-11-24,65.75994873046875
2017-11-27,65.75994873046875
2017-11-28,65.75994873046875
2017-11-29,63.98445129394531
2017-11-30,63.0799674987793
2017-12-01,63.7834587097168
2017-12-04,63.44845199584961
2017-12-05,64.3194580078125
2017-12-06,64.45344543457031
2017-12-07,64.15194702148438
2017-12-08,63.51546096801758
2017-12-11,63.7834587097168
2017-12-12,63.81695556640625
2017-12-13,64.15194702148438
2017-12-14,64.28595733642578
2017-12-15,63.81695556640625
2017-12-18,62.577457427978516
2017-12-19,63.11345672607422
2017-12-20,62.77846908569336
2017-12-21,62.81194305419922
2017-12-22,62.61097717285156
2017-12-26,62.577457427978516
2017-12-27,62.20895767211914
2017-12-28,62.47697067260742
2017-12-29,62.81194305419922
2018-01-02,61.739986419677734
2018-01-03,61.30447769165039
2018-01-04,61.069984436035156
2018-01-05,60.768470764160156
2018-01-08,60.23249435424805
2018-01-09,59.964473724365234
2018-01-10,60.83549118041992
2018-01-11,59.02649688720703
2018-01-12,58.92600631713867
2018-01-16,59.32799530029297
2018-01-17,58.69149398803711
2018-01-18,59.12699508666992
2018-01-19,57.987998962402344
2018-01-22,57.48550796508789
2018-01-23,57.284515380859375
2018-01-24,57.150516510009766
2018-01-25,57.95450973510742
2018-01-26,57.35151290893555
2018-01-29,57.58601760864258
2018-01-30,58.99300003051758
2018-01-31,59.46198272705078
2018-02-01,59.629486083984375
2018-02-02,61.6059684753418
2018-02-05,65.96095275878906
2018-02-06,65.08993530273438
2018-02-07,64.82194519042969
2018-02-08,69.31090545654297
2018-02-09,68.94239044189453
2018-02-12,66.12844848632812
2018-02-13,66.29594421386719
2018-02-14,63.6159553527832
2018-02-15,62.309471130371094
2018-02-16,61.94097137451172
2018-02-20,62.61097717285156
2018-02-21,62.97944641113281
2018-02-22,63.34794998168945
2018-02-23,63.0799674987793
2018-02-26,61.17045593261719
2018-02-27,62.577457427978516
2018-02-28,64.18545532226562
2018-03-01,63.649444580078125
2018-03-02,63.381473541259766
2018-03-05,62.309471130371094
2018-03-06,60.83549118041992
2018-03-07,60.43348693847656
2018-03-08,60.73496627807617
2018-03-09,58.758487701416016
2018-03-12,58.52399826049805
2018-03-13,59.194000244140625
2018-03-14,59.696495056152344
2018-03-15,59.696495056152344
2018-03-16,59.46198272705078
2018-03-19,60.66798782348633
2018-03-20,60.66798782348633
2018-03-21,59.964473724365234
2018-03-22,63.31446075439453
2018-03-23,65.82693481445312
2018-03-26,63.7834587097168
2018-03-27,64.88895416259766
2018-03-28,64.92242431640625
2018-03-29,64.92242431640625
2018-04-02,65.72642517089844
2018-04-03,65.49195098876953
2018-04-04,62.711463928222656
2018-04-05,61.87397766113281
2018-04-06,63.51546096801758
2018-04-09,64.3194580078125
2018-04-10,63.98445129394531
2018-04-11,62.443477630615234
2018-04-12,61.907466888427734
2018-04-13,62.309471130371094
2018-04-16,61.00297927856445
2018-04-17,60.09849166870117
2018-04-18,59.52900695800781
2018-04-19,60.43348693847656
2018-04-20,61.2709846496582
2018-04-23,61.30447769165039
2018-04-24,62.61097717285156
2018-04-25,62.67795944213867
2018-04-26,61.6059684753418
2018-04-27,61.70647430419922
2018-04-30,62.275962829589844
2018-05-01,63.28097915649414
2018-05-02,62.275962829589844
2018-05-03,63.11345672607422
2018-05-04,61.10348892211914
2018-05-07,61.10348892211914
2018-05-08,60.50047302246094
2018-05-09,59.46198272705078
2018-05-10,58.624507904052734
2018-05-11,58.624507904052734
2018-05-14,59.02649688720703
2018-05-15,59.49549865722656
2018-05-16,58.69149398803711
2018-05-17,58.02150344848633
2018-05-18,58.2559928894043
2018-05-21,57.48550796508789
2018-05-22,57.619510650634766
2018-05-23,57.619510650634766
2018-05-24,57.619510650634766
2018-05-25,58.28950500488281
2018-05-29,58.28950500488281
2018-05-30,57.619510650634766
2018-05-31,57.65299987792969
2018-06-01,57.284515380859375
2018-06-04,57.284515380859375
2018-06-05,56.815521240234375
2018-06-06,55.77702331542969
2018-06-07,55.34151840209961
2018-06-08,55.24102783203125
2018-06-11,55.140525817871094
2018-06-12,55.00651931762695
2018-06-13,55.40852737426758
2018-06-14,55.844024658203125
2018-06-15,55.475521087646484
2018-06-18,55.67652893066406
2018-06-19,55.643028259277344
2018-06-20,55.1568489074707
2018-06-21,55.59272384643555
2018-06-22,55.626258850097656
2018-06-25,57.67159652709961
2018-06-26,57.001007080078125
2018-06-27,58.00688171386719
2018-06-28,58.073951721191406
2018-06-29,57.80571746826172
2018-07-02,58.37572479248047
2018-07-03,57.168636322021484
2018-07-05,57.403350830078125
2018-07-06,56.330379486083984
2018-07-09,54.586830139160156
2018-07-10,54.35210418701172
2018-07-11,55.39155197143555
2018-07-12,55.056243896484375
2018-07-13,55.056243896484375
2018-07-16,55.056243896484375
2018-07-17,55.39155197143555
2018-07-18,55.69331741333008
2018-07-19,54.586830139160156
2018-07-20,54.922122955322266
2018-07-23,55.626258850097656
2018-07-24,55.659793853759766
2018-07-25,55.659793853759766
2018-07-26,55.458614349365234
2018-07-27,56.63215255737305
2018-07-30,56.63215255737305
2018-07-31,55.8609733581543
2018-08-01,56.1962776184082
2018-08-02,55.29095458984375
2018-08-03,55.089786529541016
2018-08-06,54.586830139160156
2018-08-07,54.016822814941406
2018-08-08,54.385650634765625
2018-08-09,54.385650634765625
2018-08-10,55.22389602661133
2018-08-13,55.8609733581543
2018-08-14,54.8215446472168
2018-08-15,56.12919998168945
2018-08-16,54.95566177368164
2018-08-17,54.41916275024414
2018-08-20,53.882694244384766
2018-08-21,53.17857360839844
2018-08-22,53.17857360839844
2018-08-23,53.54740524291992
2018-08-24,53.24563217163086
2018-08-27,52.74267578125
2018-08-28,52.67561721801758
2018-08-29,52.37385177612305
2018-08-30,52.94386291503906
2018-08-31,52.74267578125
2018-09-04,52.91033172607422
2018-09-05,53.07798767089844
2018-09-06,53.312686920166016
2018-09-07,53.64799499511719
2018-09-10,53.17857360839844
2018-09-11,53.14504623413086
2018-09-12,53.64799499511719
2018-09-13,52.74267578125
2018-09-14,52.57502365112305
2018-09-17,53.4803466796875
2018-09-18,53.111515045166016
2018-09-19,53.111515045166016
2018-09-20,53.111515045166016
2018-09-21,52.60856246948242
2018-09-24,53.379756927490234
2018-09-25,53.379756927490234
2018-09-26,53.73958206176758
2018-09-27,54.17677307128906
2018-09-28,53.73958206176758
2018-10-01,54.78208923339844
2018-10-02,55.25291442871094
2018-10-03,54.81570053100586
2018-10-04,55.99274444580078
2018-10-05,56.56444549560547
2018-10-08,56.8334846496582
2018-10-09,57.539695739746094
2018-10-10,60.43180465698242
2018-10-11,62.44956588745117
2018-10-12,62.78587341308594
2018-10-15,62.01238250732422
2018-10-16,59.422935485839844
2018-10-17,59.62471389770508
2018-10-18,61.60884094238281
2018-10-19,62.31505584716797
2018-10-22,62.920379638671875
2018-10-23,64.2319107055664
2018-10-24,68.16654205322266
2018-10-25,66.4178237915039
2018-10-26,67.93114471435547
2018-10-29,68.77186584472656
2018-10-30,66.08152770996094
2018-10-31,65.57709503173828
2018-11-01,62.78587341308594
2018-11-02,62.819496154785156
2018-11-05,62.5840950012207
2018-11-06,61.67609786987305
2018-11-07,59.62471389770508
2018-11-08,60.16276931762695
2018-11-09,61.20527267456055
2018-11-12,63.52570724487305
2018-11-13,63.39119338989258
2018-11-14,63.592960357666016
2018-11-15,63.155784606933594
2018-11-16,62.21415328979492
2018-11-19,64.1646499633789
2018-11-20,66.35057067871094
2018-11-21,64.56822204589844
2018-11-23,65.13992309570312
2018-11-26,63.592960357666016
2018-11-27,64.60183715820312
2018-11-28,62.0460090637207
2018-11-29,62.1805419921875
2018-11-30,61.33980941772461
2018-12-03,61.070777893066406
2018-12-04,64.83724975585938
2018-12-06,65.40895080566406
2018-12-07,67.99839782714844
2018-12-10,69.0409164428711
2018-12-11,69.37720489501953
2018-12-12,68.23381042480469
2018-12-13,69.71349334716797
2018-12-14,71.93302917480469
2018-12-17,74.92601013183594
2018-12-18,74.72427368164062
2018-12-19,77.61637878417969
2018-12-20,79.97042083740234
2018-12-21,83.06432342529297
2018-12-24,87.36885833740234
2018-12-26,79.20867919921875
2018-12-27,78.93904113769531
2018-12-28,78.5345687866211
2018-12-31,77.15263366699219
2019-01-02,77.59080505371094
2019-01-03,79.98392486572266
2019-01-04,74.92803955078125
2019-01-07,73.24275970458984
2019-01-08,70.7148208618164
2019-01-09,69.3665771484375
2019-01-10,68.22057342529297
2019-01-11,68.01835632324219
2019-01-14,68.86100769042969
2019-01-15,68.05206298828125
2019-01-16,67.04087829589844
2019-01-17,65.99598693847656
2019-01-18,64.17588806152344
2019-01-22,66.26565551757812
2019-01-23,66.33305358886719
2019-01-24,65.3218765258789
2019-01-25,63.93994903564453
2019-01-28,64.20957946777344
2019-01-29,64.10847473144531
2019-01-30,63.40066146850586
2019-01-31,62.692840576171875
2019-02-01,62.35576629638672
2019-02-04,61.412010192871094
2019-02-05,60.839019775390625
2019-02-06,60.97384262084961
2019-02-07,61.58053970336914
2019-02-08,61.78278350830078
2019-02-11,60.872711181640625
2019-02-12,59.59191131591797
2019-02-13,59.01890563964844
2019-02-14,59.0863037109375
2019-02-15,57.80548858642578
2019-02-19,57.53583908081055
2019-02-20,57.13137435913086
2019-02-21,57.46842956542969
2019-02-22,56.59207534790039
2019-02-25,56.62577819824219
2019-02-26,57.50214385986328
2019-02-27,57.46842956542969
2019-02-28,57.87289047241211
2019-03-01,57.063968658447266
2019-03-04,57.6706657409668
2019-03-05,58.041419982910156
2019-03-06,59.65930938720703
2019-03-07,60.805320739746094
2019-03-08,61.07495880126953
2019-03-11,59.524471282958984
2019-03-12,59.355953216552734
2019-03-13,58.782962799072266
2019-03-14,58.98519515991211
2019-03-15,58.8166618347168
2019-03-18,58.00770950317383
2019-03-19,58.64814376831055
2019-03-20,59.60149002075195
2019-03-21,58.04636001586914
2019-03-22,61.25803756713867
2019-03-25,61.122798919677734
2019-03-26,60.007171630859375
2019-03-27,60.007171630859375
2019-03-28,59.026763916015625
2019-03-29,58.621089935302734
2019-04-01,56.96455764770508
2019-04-02,57.40403366088867
2019-04-03,56.82933044433594
2019-04-04,56.35603332519531
2019-04-05,55.5108528137207
2019-04-08,55.477046966552734
2019-04-09,56.86313247680664
2019-04-10,55.71369934082031
2019-04-11,55.37562561035156
2019-04-12,54.530452728271484
2019-04-15,54.733299255371094
2019-04-16,54.665687561035156
2019-04-17,55.477046966552734
2019-04-18,55.24040603637695
2019-04-22,55.646080017089844
2019-04-23,54.2261962890625
2019-04-24,53.82051467895508
2019-04-25,55.07136154174805
2019-04-26,54.090980529785156
2019-04-29,54.090980529785156
2019-04-30,54.1585807800293
2019-05-01,55.37562561035156
2019-05-02,55.27421188354492
2019-05-03,53.6514778137207
2019-05-06,53.92194366455078
2019-05-07,55.98414611816406
2019-05-08,56.25460433959961
2019-05-09,56.59266662597656
2019-05-10,56.423648834228516
2019-05-13,59.56767654418945
2019-05-14,58.350643157958984
2019-05-15,58.04636001586914
2019-05-16,57.43783950805664
2019-05-17,58.85773468017578
2019-05-20,59.702903747558594
2019-05-21,58.249202728271484
2019-05-22,59.026763916015625
2019-05-23,61.19040298461914
2019-05-24,60.48046112060547
2019-05-28,61.62990951538086
2019-05-29,62.475067138671875
2019-05-30,62.745521545410156
2019-05-31,64.06399536132812
2019-06-03,63.15120315551758
2019-06-04,60.007171630859375
2019-06-05,59.635276794433594
2019-06-06,59.1619987487793
2019-06-07,58.48585891723633
2019-06-10,57.911136627197266
2019-06-11,57.77591323852539
2019-06-12,57.978759765625
2019-06-13,57.336421966552734
2019-06-14,57.911136627197266
2019-06-17,58.04636001586914
2019-06-18,56.69409942626953
2019-06-19,56.35603332519531
2019-06-20,55.5446662902832
2019-06-21,56.25460433959961
2019-06-24,57.13358688354492
2019-06-25,57.86066436767578
2019-06-26,57.96260070800781
2019-06-27,56.637550354003906
2019-06-28,55.1086311340332
2019-07-01,54.8028564453125
2019-07-02,55.244544982910156
2019-07-03,54.293209075927734
2019-07-05,54.22526168823242
2019-07-08,55.176578521728516
2019-07-09,55.2105598449707
2019-07-10,55.244544982910156
2019-07-11,55.61827087402344
2019-07-12,54.42911911010742
2019-07-15,54.93875503540039
2019-07-16,54.90477752685547
2019-07-17,55.68621063232422
2019-07-18,55.380428314208984
2019-07-19,55.6522331237793
2019-07-22,55.89007568359375
2019-07-23,54.700931549072266
2019-07-24,53.27394104003906
2019-07-25,54.1912956237793
2019-07-26,53.20599365234375
2019-07-29,53.68164825439453
2019-07-30,53.1380500793457
2019-07-31,53.953453063964844
2019-08-01,55.92404556274414
2019-08-02,56.94332504272461
2019-08-05,60.204994201660156
2019-08-06,58.77801513671875
2019-08-07,58.4042854309082
2019-08-08,56.33176040649414
2019-08-09,57.486934661865234
2019-08-12,59.2536735534668
2019-08-13,58.06452560424805
2019-08-14,61.22426223754883
2019-08-15,61.42811584472656
2019-08-16,58.879940032958984
2019-08-19,57.588863372802734
2019-08-20,58.710052490234375
2019-08-21,57.96260070800781
2019-08-22,57.82669448852539
2019-08-23,61.360172271728516
2019-08-26,60.13703536987305
2019-08-27,61.326194763183594
2019-08-28,60.23897933959961
2019-08-29,58.50620651245117
2019-08-30,58.2004280090332
2019-09-03,59.593441009521484
2019-09-04,58.09849166870117
2019-09-05,56.16188049316406
2019-09-06,56.195865631103516
2019-09-09,55.48237228393555
2019-09-10,54.90477752685547
2019-09-11,53.341896057128906
2019-09-12,53.307918548583984
2019-09-13,53.23997497558594
2019-09-16,53.03611755371094
2019-09-17,53.44382095336914
2019-09-18,53.749603271484375
2019-09-19,53.953453063964844
2019-09-20,54.22526168823242
2019-09-23,54.08937072753906
2019-09-24,55.380428314208984
2019-09-25,54.21170425415039
2019-09-26,54.72280502319336
2019-09-27,55.57465744018555
2019-09-30,54.72280502319336
2019-10-01,56.73316955566406
2019-10-02,58.40280532836914
2019-10-03,57.78946304321289
2019-10-04,56.52872848510742
2019-10-07,57.00575637817383
2019-10-08,59.08428955078125
2019-10-09,58.23243713378906
2019-10-10,57.65317153930664
2019-10-11,55.608726501464844
2019-10-14,56.119842529296875
2019-10-15,55.19984817504883
2019-10-16,55.37022018432617
2019-10-17,54.41614532470703
2019-10-18,54.45021057128906
2019-10-21,53.973182678222656
2019-10-22,54.00726318359375
2019-10-23,53.90503692626953
2019-10-24,53.768741607666016
2019-10-25,53.22356414794922
2019-10-28,52.576148986816406
2019-10-29,52.507999420166016
2019-10-30,52.746524810791016
2019-10-31,53.49615478515625
2019-11-01,51.8946647644043
2019-11-04,51.31541061401367
2019-11-05,51.145042419433594
2019-11-06,51.5880012512207
2019-11-07,51.41763687133789
2019-11-08,51.24726486206055
2019-11-11,51.45171356201172
2019-11-12,51.553932189941406
2019-11-13,51.792442321777344
2019-11-14,51.51985549926758
2019-11-15,51.076900482177734
2019-11-18,51.213191986083984
2019-11-19,50.97467041015625
2019-11-20,51.31541061401367
2019-11-21,52.030967712402344
2019-11-22,51.75837326049805
2019-11-25,50.53171157836914
2019-11-26,50.15690231323242
2019-11-27,49.54357147216797
2019-11-29,50.497642517089844
2019-12-02,51.213191986083984
2019-12-03,51.792442321777344
2019-12-04,50.97467041015625
2019-12-05,50.83837127685547
2019-12-06,49.782081604003906
2019-12-09,50.22504425048828
2019-12-10,50.395416259765625
2019-12-11,50.19096755981445
2019-12-12,49.0324592590332
2019-12-13,49.61172103881836
2019-12-16,48.99838638305664
2019-12-17,48.72578811645508
2019-12-18,48.58949661254883
2019-12-19,48.18061447143555
2019-12-20,47.737640380859375
2019-12-23,47.87394332885742
2019-12-24,47.880775451660156
2019-12-26,47.71001052856445
2019-12-27,47.84661865234375
2019-12-30,47.98322296142578
2019-12-31,47.812469482421875
2020-01-02,47.84661865234375
2020-01-03,48.153987884521484
2020-01-06,48.324737548828125
2020-01-07,48.46135711669922
2020-01-08,48.358890533447266
2020-01-09,48.11983108520508
2020-01-10,48.46135711669922
2020-01-13,47.67585372924805
2020-01-14,47.53925323486328
2020-01-15,47.368492126464844
2020-01-16,46.17318344116211
2020-01-17,46.343936920166016
2020-01-21,46.8903694152832
2020-01-22,46.95867156982422
2020-01-23,46.7196044921875
2020-01-24,47.71001052856445
2020-01-27,49.04193115234375
2020-01-28,48.0515251159668
2020-01-29,48.5296516418457
2020-01-30,48.563804626464844
2020-01-31,50.37385177612305
2020-02-03,49.417598724365234
2020-02-04,48.08568572998047
2020-02-05,46.95867156982422
2020-02-06,47.33434295654297
2020-02-07,48.324737548828125
2020-02-10,47.812469482421875
2020-02-11,46.99282455444336
2020-02-12,46.343936920166016
2020-02-13,46.139034271240234
2020-02-14,46.139034271240234
2020-02-18,46.48054504394531
2020-02-19,46.00241470336914
2020-02-20,45.695064544677734
2020-02-21,46.617156982421875
2020-02-24,49.417598724365234
2020-02-25,52.86692810058594
2020-02-26,54.47206497192383
2020-02-27,58.60441207885742
2020-02-28,61.2341194152832
2020-03-02,56.999298095703125
2020-03-03,59.25331115722656
2020-03-04,55.05263900756836
2020-03-05,59.28745651245117
2020-03-06,61.26826477050781
2020-03-09,71.92359924316406
2020-03-10,66.6983871459961
2020-03-11,75.33878326416016
2020-03-12,90.84368133544922
2020-03-13,76.94392395019531
2020-03-16,95.6932373046875
2020-03-17,86.71131134033203
2020-03-18,101.80638122558594
2020-03-19,94.32719421386719
2020-03-20,102.18208312988281
2020-03-23,107.88542938232422
2020-03-24,86.50642395019531
2020-03-25,80.16433715820312
2020-03-26,71.75837707519531
2020-03-27,75.61964416503906
2020-03-30,71.3824691772461
2020-03-31,73.19352722167969
2020-04-01,81.66786193847656
2020-04-02,80.06184387207031
2020-04-03,84.29899597167969
2020-04-06,70.28901672363281
2020-04-07,67.99958801269531
2020-04-08,61.50716781616211
2020-04-09,57.40668869018555
2020-04-13,61.09711456298828
2020-04-14,58.70518493652344
2020-04-15,63.35239791870117
2020-04-16,63.62574005126953
2020-04-17,58.87602996826172
2020-04-20,60.82375717163086
2020-04-21,64.20665740966797
2020-04-22,62.463951110839844
2020-04-23,60.99460983276367
2020-04-24,59.32023239135742
2020-04-27,54.29716491699219
2020-04-28,53.27204513549805
2020-04-29,48.82985305786133
2020-04-30,51.768531799316406
2020-05-01,55.56147384643555
2020-05-04,55.49313735961914
2020-05-05,54.26299285888672
2020-05-06,55.08308410644531
2020-05-07,53.37455368041992
2020-05-08,49.64994430541992
2020-05-11,50.02583312988281
2020-05-12,53.64791488647461
2020-05-13,57.2700080871582
2020-05-14,56.313236236572266
2020-05-15,55.35645294189453
2020-05-18,48.65900802612305
2020-05-19,49.752464294433594
2020-05-20,47.59971237182617
2020-05-21,47.25800704956055
2020-05-22,47.292179107666016
2020-05-26,44.11430358886719
2020-05-27,41.5856819152832
2020-05-28,42.88416290283203
2020-05-29,43.157535552978516
2020-06-01,42.33742904663086
2020-06-02,41.5515022277832
2020-06-03,39.1937370300293
2020-06-04,39.1937370300293
2020-06-05,36.66510009765625
2020-06-08,35.229942321777344
2020-06-09,36.66510009765625
2020-06-10,38.57865905761719
2020-06-11,44.21682357788086
2020-06-12,42.26909255981445
2020-06-15,41.00477981567383
2020-06-16,39.33041763305664
2020-06-17,40.42387771606445
2020-06-18,40.594730377197266
2020-06-19,40.93643569946289
2020-06-22,40.6630744934082
2020-06-23,40.56056213378906
2020-06-24,43.29420852661133
2020-06-25,42.16659164428711
2020-06-26,43.806766510009766
2020-06-29,41.72235870361328
2020-06-30,40.731414794921875
2020-07-01,41.20980453491211
2020-07-02,40.79975509643555
2020-07-06,39.97966003417969
2020-07-07,41.517330169677734
2020-07-08,41.0731201171875
2020-07-09,42.09823989868164
2020-07-10,40.97060775756836
2020-07-13,41.927391052246094
2020-07-14,40.526390075683594
2020-07-15,38.100276947021484
2020-07-16,38.40781021118164
2020-07-17,37.963592529296875
2020-07-20,38.51032638549805
2020-07-21,37.55354309082031
2020-07-22,36.938472747802734
2020-07-23,36.83595657348633
2020-07-24,37.4168586730957
2020-07-27,36.73344421386719
2020-07-28,37.451026916503906
2020-07-29,35.879188537597656
2020-07-30,36.28923034667969
2020-07-31,36.904300689697266
2020-08-03,35.91334533691406
2020-08-04,35.605812072753906
2020-08-05,34.580692291259766
2020-08-06,34.71737289428711
2020-08-07,33.931461334228516
2020-08-10,33.589744567871094
2020-08-11,33.692256927490234
2020-08-12,33.1796989440918
2020-08-13,33.35055160522461
2020-08-14,33.48723220825195
2020-08-17,33.35055160522461
2020-08-18,33.931461334228516
2020-08-19,34.17064666748047
2020-08-20,34.580692291259766
2020-08-21,34.819889068603516
2020-08-24,33.86311340332031
2020-08-25,33.86311340332031
2020-08-26,34.1023063659668
2020-08-27,33.794776916503906
2020-08-28,33.45306396484375
2020-08-31,34.1023063659668
2020-09-01,33.589744567871094
2020-09-02,32.70130157470703
2020-09-03,34.78572082519531
2020-09-04,35.12742233276367
2020-09-08,36.66510009765625
2020-09-09,35.708335876464844
2020-09-10,36.49424743652344
2020-09-11,36.596763610839844
2020-09-14,35.09325408935547
2020-09-15,35.02490997314453
2020-09-16,34.78572082519531
2020-09-17,35.229942321777344
2020-09-18,36.015869140625
2020-09-21,37.79273986816406
2020-09-22,37.246002197265625
2020-09-23,38.88620376586914
2020-09-24,38.88620376586914
2020-09-25,37.826908111572266
2020-09-28,36.05003356933594
2020-09-29,36.39173889160156
2020-09-30,35.98169708251953
2020-10-01,35.059085845947266
2020-10-02,34.307334899902344
2020-10-05,32.83799362182617
2020-10-06,33.04302215576172
2020-10-07,31.88121795654297
2020-10-08,31.300312042236328
2020-10-09,31.095291137695312
2020-10-12,30.719417572021484
2020-10-13,31.16362762451172
2020-10-14,31.436996459960938
2020-10-15,30.856098175048828
2020-10-16,31.02694320678711
2020-10-19,31.77870750427246
2020-10-20,31.402828216552734
2020-10-21,31.88121795654297
2020-10-22,30.856098175048828
2020-10-23,30.446046829223633
2020-10-26,31.710363388061523
2020-10-27,32.49628829956055
2020-10-28,34.23899459838867
2020-10-29,33.48723220825195
2020-10-30,34.068138122558594
2020-11-02,32.7354850769043
2020-11-03,31.231975555419922
2020-11-04,31.266143798828125
2020-11-05,29.38675880432129
2020-11-06,29.72846794128418
2020-11-09,28.054105758666992
2020-11-10,27.404863357543945
2020-11-11,27.473201751708984
2020-11-12,28.429983139038086
2020-11-13,27.19984245300293
2020-11-16,26.174715042114258
2020-11-17,26.003862380981445
2020-11-18,26.653104782104492
2020-11-19,26.243059158325195
2020-11-20,26.243059158325195
2020-11-23,25.388792037963867
2020-11-24,24.60286521911621
2020-11-25,24.944578170776367
2020-11-27,24.842058181762695
2020-11-30,25.69632911682129
2020-12-01,25.047080993652344
2020-12-02,25.11542510986328
2020-12-03,24.910402297973633
2020-12-04,23.851110458374023
2020-12-07,24.056137084960938
2020-12-08,23.782772064208984
2020-12-09,23.953628540039062
2020-12-10,23.816938400268555
2020-12-11,23.987796783447266
2020-12-14,24.056137084960938
2020-12-15,22.962675094604492
2020-12-16,23.099361419677734
2020-12-17,22.757654190063477
2020-12-18,22.928508758544922
2020-12-21,23.065187454223633
2020-12-22,22.791824340820312
2020-12-23,22.34760284423828
2020-12-24,22.34760284423828
2020-12-28,22.450117111206055
2020-12-29,22.99684715270996
2020-12-30,22.552631378173828
2020-12-31,22.41594696044922
2021-01-04,23.201871871948242
2021-01-05,22.518457412719727
2021-01-06,20.74158477783203
2021-01-07,20.263195037841797
2021-01-08,20.365707397460938
2021-01-11,20.22902488708496
2021-01-12,19.784801483154297
2021-01-13,20.160682678222656
2021-01-14,19.853145599365234
2021-01-15,20.160682678222656
2021-01-19,19.853145599365234
2021-01-20,19.408926010131836
2021-01-21,19.648122787475586
2021-01-22,19.528526306152344
2021-01-25,19.71646499633789
2021-01-26,20.092342376708984
2021-01-27,21.066205978393555
2021-01-28,20.7757511138916
2021-01-29,21.59585189819336
2021-02-01,20.656160354614258
2021-02-02,20.160682678222656
2021-02-03,20.143600463867188
2021-02-04,19.613950729370117
2021-02-05,19.15264892578125
2021-02-08,18.53757667541504
2021-02-09,18.48632049560547
2021-02-10,18.520492553710938
2021-02-11,18.24712371826172
2021-02-12,18.144615173339844
2021-02-16,18.19586944580078
2021-02-17,18.366722106933594
2021-02-18,18.79385757446289
2021-02-19,18.24712371826172
2021-02-22,18.366722106933594
2021-02-23,18.24712371826172
2021-02-24,17.58079719543457
2021-02-25,18.65717315673828
2021-02-26,18.640090942382812
2021-03-01,17.717479705810547
2021-03-02,18.161701202392578
2021-03-03,18.452150344848633
2021-03-04,19.323503494262695
2021-03-05,18.332550048828125
2021-03-08,18.059186935424805
2021-03-09,17.81999397277832
2021-03-10,17.324520111083984
2021-03-11,16.811960220336914
2021-03-12,16.470251083374023
2021-03-15,16.043121337890625
2021-03-16,16.43608283996582
2021-03-17,16.26523208618164
2021-03-18,16.88029670715332
2021-03-19,16.82904815673828
2021-03-22,17.034069061279297
2021-03-23,17.939594268798828
2021-03-24,18.076274871826172
2021-03-25,17.375774383544922
2021-03-26,16.5898494720459
2021-03-29,17.20492172241211
2021-03-30,16.846128463745117
2021-03-31,16.743616104125977
2021-04-01,16.316482543945312
2021-04-05,16.060203552246094
2021-04-06,16.043121337890625
2021-04-07,16.248144149780273
2021-04-08,16.1285457611084
2021-04-09,15.974778175354004
2021-04-12,15.872268676757812
2021-04-13,16.008949279785156
2021-04-14,15.88935375213623
2021-04-15,15.633071899414062
2021-04-16,15.376791954040527
2021-04-19,15.530561447143555
2021-04-20,15.991865158081055
2021-04-21,15.462218284606934
2021-04-22,15.564729690551758
2021-04-23,15.052173614501953
2021-04-26,14.915488243103027
2021-04-27,14.86423397064209
2021-04-28,14.898405075073242
2021-04-29,14.881318092346191
2021-04-30,15.257193565368652
2021-05-03,15.103426933288574
2021-05-04,15.223023414611816
2021-05-05,15.257193565368652
2021-05-06,15.13759708404541
2021-05-07,14.76171875
2021-05-10,15.08634090423584
2021-05-11,15.359708786010742
2021-05-12,16.316482543945312
2021-05-13,15.735584259033203
2021-05-14,15.171767234802246
2021-05-17,15.223023414611816
2021-05-18,15.4793062210083
2021-05-19,15.752668380737305
2021-05-20,15.633071899414062
2021-05-21,15.530561447143555
2021-05-24,15.376791954040527
2021-05-25,15.598901748657227
2021-05-26,15.316994667053223
2021-05-27,15.094882011413574
2021-05-28,15.08634090423584
2021-06-01,14.906946182250977
2021-06-02,15.077797889709473
2021-06-03,15.205939292907715
2021-06-04,15.060711860656738
2021-06-07,15.094882011413574
2021-06-08,14.804434776306152
2021-06-09,15.0094575881958
2021-06-10,15.026543617248535
2021-06-11,14.812975883483887
2021-06-14,15.077797889709473
2021-06-15,15.094882011413574
2021-06-16,15.27427864074707
2021-06-17,15.761212348937988
2021-06-18,16.350650787353516
2021-06-21,15.633071899414062
2021-06-22,15.58181381225586
2021-06-23,15.55618953704834
2021-06-24,15.27427864074707
2021-06-25,14.983830451965332
2021-06-28,15.282822608947754
2021-06-29,15.325535774230957
2021-06-30,15.299910545349121
2021-07-01,15.069257736206055
2021-07-02,15.154681205749512
2021-07-06,15.462218284606934
2021-07-07,15.436592102050781
2021-07-08,15.863719940185547
2021-07-09,15.146141052246094
2021-07-12,15.077797889709473
2021-07-13,15.522019386291504
2021-07-14,15.701414108276367
2021-07-15,15.80392837524414
2021-07-16,16.1627197265625
2021-07-19,16.75216293334961
2021-07-20,15.812467575073242
2021-07-21,15.428049087524414
2021-07-22,15.709954261779785
2021-07-23,15.4451322555542
2021-07-26,15.393877029418945
2021-07-27,15.573270797729492
2021-07-28,15.334074974060059
2021-07-29,15.000914573669434
2021-07-30,15.077797889709473
2021-08-02,15.197396278381348
2021-08-03,15.017999649047852
2021-08-04,15.291365623474121
2021-08-05,15.035086631774902
2021-08-06,14.898405075073242
2021-08-09,14.983830451965332
2021-08-10,14.881318092346191
2021-08-11,14.633581161499023
2021-08-12,14.659207344055176
2021-08-13,14.744635581970215
2021-08-16,14.778806686401367
2021-08-17,15.129054069519043
2021-08-18,15.410964012145996
2021-08-19,15.692870140075684
2021-08-20,15.316994667053223
2021-08-23,15.035086631774902
2021-08-24,14.744635581970215
2021-08-25,14.556697845458984
2021-08-26,14.838603973388672
2021-08-27,14.3004150390625
2021-08-30,14.343128204345703
2021-08-31,14.420010566711426
2021-09-01,14.351672172546387
2021-09-02,14.20644760131836
2021-09-03,14.334589004516602
2021-09-07,14.667749404907227
2021-09-08,14.778806686401367
2021-09-09,14.821517944335938
2021-09-10,15.111969947814941
2021-09-13,14.932572364807129
2021-09-14,15.26573657989502
2021-09-15,14.94111442565918
2021-09-16,14.966744422912598
2021-09-17,15.163222312927246
2021-09-20,15.658699035644531
2021-09-21,15.692870140075684
2021-09-22,15.291365623474121
2021-09-23,14.86423397064209
2021-09-24,14.898405075073242
2021-09-27,14.642121315002441
2021-09-28,15.08634090423584
2021-09-29,15.08634090423584
2021-09-30,15.530561447143555
2021-10-01,15.017999649047852
2021-10-04,15.223023414611816
2021-10-05,15.13759708404541
2021-10-06,15.223023414611816
2021-10-07,14.76171875
2021-10-08,14.915488243103027
2021-10-11,15.077797889709473
2021-10-12,14.924031257629395
2021-10-13,14.812975883483887
2021-10-14,14.32604694366455
2021-10-15,14.266247749328613
2021-10-18,14.180818557739258
2021-10-19,14.146647453308105
2021-10-20,13.933080673217773
2021-10-21,13.830570220947266
2021-10-22,13.796399116516113
2021-10-25,13.66826057434082
2021-10-26,13.813484191894531
2021-10-27,14.257702827453613
2021-10-28,13.80494213104248
2021-10-29,13.762229919433594
2021-11-01,13.206955909729004
2021-11-02,13.172786712646484
2021-11-03,12.865250587463379
2021-11-04,12.950675964355469
2021-11-05,12.711483001708984
2021-11-08,12.702938079833984
2021-11-09,12.737110137939453
2021-11-10,12.950675964355469
2021-11-11,12.822535514831543
2021-11-12,12.72856616973877
2021-11-15,12.694396018981934
2021-11-16,12.651681900024414
2021-11-17,12.83107852935791
2021-11-18,12.890876770019531
2021-11-19,13.01047420501709
2021-11-22,12.93359088897705
2021-11-23,12.967761039733887
2021-11-24,12.984846115112305
2021-11-26,13.839113235473633
2021-11-29,13.770771026611328
2021-11-30,14.505440711975098
2021-12-01,14.966744422912598
2021-12-02,14.214991569519043
2021-12-03,14.513982772827148
2021-12-06,13.967253684997559
2021-12-07,13.497406005859375
2021-12-08,13.309466361999512
2021-12-09,13.676801681518555
2021-12-10,13.693888664245605
2021-12-13,13.950169563293457
2021-12-14,14.112480163574219
2021-12-15,13.796399116516113
2021-12-16,14.103935241699219
2021-12-17,14.172276496887207
2021-12-20,14.616495132446289
2021-12-21,13.898911476135254
2021-12-22,13.634089469909668
2021-12-23,13.420520782470703
2021-12-27,13.087357521057129
2021-12-28,13.121529579162598
2021-12-29,12.959218978881836
2021-12-30,13.01047420501709
2021-12-31,12.976303100585938
2022-01-03,12.925048828125
2022-01-04,12.762735366821289
2022-01-05,13.335095405578613
2022-01-06,13.24112606048584
2022-01-07,13.420520782470703
2022-01-10,13.531577110290527
2022-01-11,13.309466361999512
2022-01-12,13.335095405578613
2022-01-13,13.454692840576172
2022-01-14,13.51449203491211
2022-01-18,14.112480163574219
2022-01-19,14.496896743774414
2022-01-20,14.992368698120117
2022-01-21,15.453675270080566
2022-01-24,14.915488243103027
2022-01-25,15.410964012145996
2022-01-26,15.769753456115723
2022-01-27,16.213973999023438
2022-01-28,15.701414108276367
2022-01-31,15.000914573669434
2022-02-01,14.693379402160645
2022-02-02,14.68483829498291
2022-02-03,15.154681205749512
2022-02-04,15.111969947814941
2022-02-07,15.154681205749512
2022-02-08,14.531068801879883
2022-02-09,14.04413890838623
2022-02-10,14.385844230651855
2022-02-11,14.744635581970215
2022-02-14,14.881318092346191
2022-02-15,14.257702827453613
2022-02-16,14.146647453308105
2022-02-17,14.736093521118164
2022-02-18,14.889860153198242
2022-02-22,15.308450698852539
2022-02-23,15.80392837524414
2022-02-24,15.376791954040527
2022-02-25,14.539612770080566
2022-02-28,14.496896743774414
2022-03-01,15.069257736206055
2022-03-02,14.257702827453613
2022-03-03,14.496896743774414
2022-03-04,14.94111442565918
2022-03-07,16.034576416015625
2022-03-08,15.932064056396484
2022-03-09,15.060711860656738
2022-03-10,15.026543617248535
2022-03-11,15.316994667053223
2022-03-14,15.624528884887695
2022-03-15,15.171767234802246
2022-03-16,14.30895709991455
2022-03-17,14.035593032836914
2022-03-18,13.770771026611328
2022-03-21,13.890368461608887
2022-03-22,13.710972785949707
2022-03-23,14.18936538696289
2022-03-24,13.907455444335938
2022-03-25,13.710972785949707
2022-03-28,13.66826057434082
2022-03-29,13.027560234069824
2022-03-30,13.446149826049805
2022-03-31,13.80494213104248
2022-04-01,13.676801681518555
2022-04-04,13.74514389038086
2022-04-05,14.20644760131836
2022-04-06,14.531068801879883
2022-04-07,14.590866088867188
2022-04-08,14.62503719329834
2022-04-11,14.72754955291748
2022-04-12,14.76171875
2022-04-13,14.30895709991455
2022-04-14,14.445640563964844
2022-04-18,14.5481538772583
2022-04-19,13.890368461608887
2022-04-20,13.651174545288086
2022-04-21,14.138106346130371
2022-04-22,14.881318092346191
2022-04-25,15.000914573669434
2022-04-26,15.539104461669922
2022-04-27,15.55618953704834
2022-04-28,15.017999649047852
2022-04-29,15.821008682250977
2022-05-02,15.590362548828125
2022-05-03,15.291365623474121
2022-05-04,14.479809761047363
2022-05-05,15.547645568847656
2022-05-06,15.923523902893066
2022-05-09,16.982812881469727
2022-05-10,17.145124435424805
2022-05-11,17.691852569580078
2022-05-12,17.324520111083984
2022-05-13,16.43608283996582
2022-05-16,16.658191680908203
2022-05-17,15.692870140075684
2022-05-18,16.811960220336914
2022-05-19,16.897388458251953
2022-05-20,17.008441925048828
2022-05-23,16.649646759033203
2022-05-24,17.034069061279297
2022-05-25,16.350650787353516
2022-05-26,15.58181381225586
2022-05-27,14.906946182250977
2022-05-31,15.154681205749512
2022-06-01,15.36824893951416
2022-06-02,14.736093521118164
2022-06-03,15.035086631774902
2022-06-06,14.881318092346191
2022-06-07,14.496896743774414
2022-06-08,15.017999649047852
2022-06-09,15.624528884887695
2022-06-10,16.50442123413086
2022-06-13,17.982301712036133
2022-06-14,18.12752914428711
2022-06-15,17.68330955505371
2022-06-16,19.400388717651367
2022-06-17,18.990339279174805
2022-06-21,18.529037475585938
2022-06-22,18.70842933654785
2022-06-23,18.4777774810791
2022-06-24,17.153667449951172
2022-06-27,17.068239212036133
2022-06-28,17.486827850341797
2022-06-29,17.77728271484375
2022-06-30,18.19586944580078
2022-07-01,17.708938598632812
2022-07-05,17.726024627685547
2022-07-06,17.965219497680664
2022-07-07,17.153667449951172
2022-07-08,17.26472282409668
2022-07-11,17.708938598632812
2022-07-12,17.743112564086914
2022-07-13,17.802906036376953
2022-07-14,18.19586944580078
2022-07-15,17.529542922973633
2022-07-18,17.563711166381836
2022-07-19,16.418996810913086
2022-07-20,16.060203552246094
2022-07-21,15.855181694030762
2022-07-22,16.137088775634766
2022-07-25,15.897893905639648
2022-07-26,16.102920532226562
2022-07-27,15.462218284606934
2022-07-28,15.017999649047852
2022-07-29,14.607951164245605
2022-08-01,14.616495132446289
2022-08-02,14.906946182250977
2022-08-03,14.642121315002441
2022-08-04,14.889860153198242
2022-08-05,14.71900749206543
2022-08-08,14.513982772827148
2022-08-09,14.821517944335938
2022-08-10,14.052680969238281
2022-08-11,13.873284339904785
2022-08-12,13.48031997680664
2022-08-15,13.420520782470703
2022-08-16,13.24112606048584
2022-08-17,13.599921226501465
2022-08-18,13.420520782470703
2022-08-19,13.822028160095215
2022-08-22,14.43709945678711
2022-08-23,14.43709945678711
2022-08-24,14.274787902832031
2022-08-25,13.813484191894531
2022-08-26,14.616495132446289
2022-08-29,14.821517944335938
2022-08-30,15.26573657989502
2022-08-31,15.436592102050781
2022-09-01,15.744125366210938
2022-09-02,15.949149131774902
2022-09-06,16.179800033569336
2022-09-07,15.4451322555542
2022-09-08,15.163222312927246
2022-09-09,14.590866088867188
2022-09-12,14.32604694366455
2022-09-13,15.36824893951416
2022-09-14,15.41950798034668
2022-09-15,15.564729690551758
2022-09-16,16.000404357910156
2022-09-19,15.624528884887695
2022-09-20,16.12000274658203
2022-09-21,16.51296615600586
2022-09-22,17.22200584411621
2022-09-23,18.08481216430664
2022-09-26,18.53757667541504
2022-09-27,18.554662704467773
2022-09-28,17.529542922973633
2022-09-29,18.27275276184082
2022-09-30,18.520492553710938
2022-10-03,17.452661514282227
2022-10-04,16.1285457611084
2022-10-05,16.239599227905273
2022-10-06,16.50442123413086
2022-10-07,17.350143432617188
2022-10-10,17.392860412597656
2022-10-11,17.358686447143555
2022-10-12,17.538089752197266
2022-10-13,16.794872283935547
2022-10-14,17.649139404296875
2022-10-17,16.658191680908203
2022-10-18,16.179800033569336
2022-10-19,16.78632926940918
2022-10-20,17.256179809570312
2022-10-21,16.564220428466797
2022-10-24,16.35919952392578
2022-10-25,15.522019386291504
2022-10-26,15.436592102050781
2022-10-27,15.4793062210083
2022-10-28,14.906946182250977
2022-10-31,14.915488243103027
2022-11-01,14.787348747253418
2022-11-02,15.607442855834961
2022-11-03,15.744125366210938
2022-11-04,15.197396278381348
2022-11-07,14.983830451965332
2022-11-08,14.906946182250977
2022-11-09,15.539104461669922
2022-11-10,13.762229919433594
2022-11-11,13.599921226501465
2022-11-14,13.864739418029785
2022-11-15,13.437607765197754
2022-11-16,13.847654342651367
2022-11-17,14.035593032836914
2022-11-18,13.847654342651367
2022-11-21,13.898911476135254
2022-11-22,13.446149826049805
2022-11-23,13.420520782470703
2022-11-25,13.309466361999512
2022-11-28,13.813484191894531
2022-11-29,13.728056907653809
2022-11-30,13.112987518310547
2022-12-01,13.130072593688965
2022-12-02,13.121529579162598
2022-12-05,13.78785514831543
2022-12-06,14.061220169067383
2022-12-07,14.103935241699219
2022-12-08,13.950169563293457
2022-12-09,14.214991569519043
2022-12-12,13.941622734069824
2022-12-13,13.762229919433594
2022-12-14,13.873284339904785
2022-12-15,14.539612770080566
2022-12-16,14.795888900756836
2022-12-19,15.205939292907715
2022-12-20,15.035086631774902
2022-12-21,14.531068801879883
2022-12-22,14.82395076751709
2022-12-23,14.60129165649414
2022-12-27,14.609858512878418
2022-12-28,15.080864906311035
2022-12-29,14.507091522216797
2022-12-30,14.669801712036133
2023-01-03,14.772568702697754
2023-01-04,14.344380378723145
2023-01-05,14.63554573059082
2023-01-06,13.933314323425293
2023-01-09,13.907621383666992
2023-01-10,13.659274101257324
2023-01-11,13.299591064453125
2023-01-12,13.094061851501465
2023-01-13,12.957040786743164
2023-01-17,12.982730865478516
2023-01-18,13.299591064453125
2023-01-19,13.61645221710205
2023-01-20,13.196825981140137
2023-01-23,12.854276657104492
2023-01-24,12.939911842346191
2023-01-25,12.879966735839844
2023-01-26,12.665871620178223
2023-01-27,12.588797569274902
2023-01-30,12.8714017868042
2023-01-31,12.280498504638672
2023-02-01,11.886564254760742
2023-02-02,11.578267097473145
2023-02-03,11.766671180725098
2023-02-06,12.023585319519043
2023-02-07,11.843745231628418
2023-02-08,12.126351356506348
2023-02-09,12.443211555480957
2023-02-10,12.391828536987305
2023-02-13,12.117786407470703
2023-02-14,12.066404342651367
2023-02-15,11.937946319580078
2023-02-16,12.083534240722656
2023-02-17,12.134915351867676
2023-02-21,12.734382629394531
2023-02-22,12.725817680358887
2023-02-23,12.597360610961914
2023-02-24,12.7600736618042
2023-02-27,12.717254638671875
2023-02-28,12.725817680358887
2023-03-01,12.700125694274902
2023-03-02,12.605924606323242
2023-03-03,12.297627449035645
2023-03-06,12.61448860168457
2023-03-07,12.914220809936523
2023-03-08,12.8970947265625
2023-03-09,13.53938102722168
2023-03-10,14.33581256866455
2023-03-13,14.832515716552734
2023-03-14,14.318683624267578
2023-03-15,14.94384479522705
2023-03-16,14.541345596313477
2023-03-17,15.192193984985352
2023-03-20,14.669801712036133
2023-03-21,14.14741039276123
2023-03-22,14.857498168945312
2023-03-23,14.986918449401855
2023-03-24,14.84024429321289
2023-03-27,14.521004676818848
2023-03-28,14.451979637145996
2023-03-29,14.115485191345215
2023-03-30,14.029207229614258
2023-03-31,13.51152229309082
2023-04-03,13.554662704467773
2023-04-04,14.029207229614258
2023-04-05,14.227649688720703
2023-04-06,14.253534317016602
2023-04-10,13.960182189941406
2023-04-11,13.701339721679688
2023-04-12,13.856642723083496
2023-04-13,13.675456047058105
2023-04-14,13.82213306427002
2023-04-17,13.615058898925781
2023-04-18,13.640945434570312
2023-04-19,13.615058898925781
2023-04-20,13.718596458435059
2023-04-21,13.73585033416748
2023-04-24,13.73585033416748
2023-04-25,14.253534317016602
2023-04-26,14.529632568359375
2023-04-27,14.063716888427734
2023-04-28,13.82213306427002
2023-05-01,13.82213306427002
2023-05-02,14.210394859313965
2023-05-03,14.270791053771973
2023-05-04,14.74533462524414
2023-05-05,14.149996757507324
2023-05-08,14.227649688720703
2023-05-09,14.322558403015137
2023-05-10,14.288045883178711
2023-05-11,14.49512004852295
2023-05-12,14.503746032714844
2023-05-15,14.279417991638184
2023-05-16,14.667680740356445
2023-05-17,14.167254447937012
2023-05-18,13.951555252075195
2023-05-19,14.210394859313965
2023-05-22,14.072345733642578
2023-05-23,14.339816093444824
2023-05-24,14.64179515838623
2023-05-25,14.667680740356445
2023-05-26,14.374329566955566
2023-05-30,14.426094055175781
2023-05-31,14.81435489654541
2023-06-01,14.607285499572754
2023-06-02,13.640945434570312
2023-06-05,13.917041778564453
2023-06-06,13.356217384338379
2023-06-07,12.942071914672852
2023-06-08,13.080120086669922
2023-06-09,13.244054794311523
2023-06-12,13.114631652832031
2023-06-13,12.829906463623047
2023-06-14,13.011096000671387
2023-06-15,12.7781400680542
2023-06-16,12.855790138244629
2023-06-20,13.036978721618652
2023-06-21,13.075258255004883
2023-06-22,13.257946014404297
2023-06-23,13.545026779174805
2023-06-26,13.327540397644043
2023-06-27,12.918667793273926
2023-06-28,12.944766998291016
2023-06-29,12.62288761138916
2023-06-30,12.440197944641113
2023-07-03,12.379300117492676
2023-07-05,12.614188194274902
2023-07-06,12.90126895904541
2023-07-07,12.67508316040039
2023-07-10,12.353203773498535
2023-07-11,12.083521842956543
2023-07-12,11.918232917785645
2023-07-13,11.779043197631836
2023-07-14,12.00522518157959
2023-07-17,11.857336044311523
2023-07-18,11.639850616455078
2023-07-19,11.5702543258667
2023-07-20,11.67464828491211
2023-07-21,11.735543251037598
2023-07-24,11.72684383392334
2023-07-25,11.68334674835205
2023-07-26,11.578953742980957
2023-07-27,11.866035461425781
2023-07-28,11.665948867797852
2023-07-31,11.552855491638184
2023-08-01,11.62244987487793
2023-08-02,11.892132759094238
2023-08-03,11.970428466796875
2023-08-04,11.98782730102539
2023-08-07,11.787738800048828
2023-08-08,12.022624015808105
2023-08-09,12.153117179870605
2023-08-10,12.196616172790527
2023-08-11,12.214012145996094
2023-08-14,12.144416809082031
2023-08-15,12.492393493652344
2023-08-16,12.753376960754395
2023-08-17,13.092658042907715
2023-08-18,13.014362335205078
2023-08-21,12.988263130187988
2023-08-22,13.118754386901855
2023-08-23,12.796876907348633
2023-08-24,13.075258255004883
2023-08-25,12.996962547302246
2023-08-28,12.779478073120117
2023-08-29,12.440197944641113
2023-08-30,12.37060260772705
2023-08-31,12.361903190612793
2023-09-01,12.144416809082031
2023-09-05,12.70118236541748
2023-09-06,12.805574417114258
2023-09-07,13.05785846710205
2023-09-08,13.075258255004883
2023-09-11,13.05785846710205
2023-09-12,13.040459632873535
2023-09-13,13.170951843261719
2023-09-14,12.883870124816895
2023-09-15,13.127452850341797
2023-09-18,13.170951843261719
2023-09-19,13.223148345947266
2023-09-20,13.377640724182129
2023-09-21,13.869207382202148
2023-09-22,13.921875
2023-09-25,13.772649765014648
2023-09-26,14.193994522094727
2023-09-27,14.053544044494629
2023-09-28,13.763871192932129
2023-09-29,13.85165023803711
2023-10-02,14.246659278869629
2023-10-03,14.720671653747559
2023-10-04,14.571446418762207
2023-10-05,14.632889747619629
2023-10-06,14.395885467529297
2023-10-09,14.193994522094727
2023-10-10,13.921875
2023-10-11,13.85165023803711
2023-10-12,14.387106895446777
2023-10-13,14.580223083496094
2023-10-16,14.079878807067871
2023-10-17,13.772649765014648
2023-10-18,14.360773086547852
2023-10-19,14.826005935668945
2023-10-20,15.159570693969727
2023-10-23,15.475576400756836
2023-10-24,15.26490592956543
2023-10-25,15.77402400970459
2023-10-26,15.624804496765137
2023-10-27,16.072479248046875
2023-10-30,15.791586875915527
2023-10-31,15.5194673538208
2023-11-01,15.343905448913574
2023-11-02,14.703115463256836
2023-11-03,14.123769760131836
2023-11-06,14.404662132263184
2023-11-07,14.501221656799316
2023-11-08,14.641668319702148
2023-11-09,14.957679748535156
2023-11-10,14.60655689239502
2023-11-13,14.632889747619629
2023-11-14,13.526865005493164
2023-11-15,13.395196914672852
2023-11-16,13.684870719909668
2023-11-17,13.456643104553223
2023-11-20,13.351305961608887
2023-11-21,13.491755485534668
2023-11-22,13.333749771118164
2023-11-24,13.237192153930664
2023-11-27,13.263526916503906
2023-11-28,13.456643104553223
2023-11-29,13.351305961608887
2023-11-30,13.210859298706055
2023-12-01,12.578845024108887
2023-12-04,12.38572883605957
2023-12-05,12.719291687011719
2023-12-06,12.771960258483887
2023-12-07,12.640289306640625
2023-12-08,12.534954071044922
2023-12-11,12.40328311920166
2023-12-12,12.455952644348145
2023-12-13,11.841493606567383
2023-12-14,11.279704093933105
2023-12-15,11.464041709899902
2023-12-18,11.446484565734863
2023-12-19,11.174365997314453
2023-12-20,11.499488830566406
2023-12-21,11.223359107971191
2023-12-22,11.152098655700684
2023-12-26,10.982856750488281
2023-12-27,11.000673294067383
2023-12-28,11.000673294067383
2023-12-29,11.196636199951172
2024-01-02,11.294618606567383
2024-01-03,11.811248779296875
2024-01-04,11.873600959777832
2024-01-05,11.802340507507324
2024-01-08,11.517303466796875
2024-01-09,11.650914192199707
2024-01-10,11.606377601623535
2024-01-11,11.659822463989258
2024-01-12,11.677637100219727
2024-01-16,11.855786323547363
2024-01-17,12.007211685180664
2024-01-18,11.846879005432129
2024-01-19,11.615286827087402
2024-01-22,11.339155197143555
2024-01-23,11.428229331970215
2024-01-24,11.579655647277832
2024-01-25,11.463858604431152
2024-01-26,11.419322967529297
2024-01-29,11.250080108642578
2024-01-30,11.258988380432129
2024-01-31,11.659822463989258
2024-02-01,11.410414695739746
2024-02-02,11.383691787719727
2024-02-05,11.642007827758789
2024-02-06,11.561841011047363
2024-02-07,11.454951286315918
2024-02-08,11.24117374420166
2024-02-09,11.089747428894043
2024-02-12,10.88487720489502
2024-02-13,11.419322967529297
2024-02-14,11.089747428894043
2024-02-15,10.706727027893066
2024-02-16,10.893782615661621
2024-02-20,11.089747428894043
2024-02-21,11.0095796585083
2024-02-22,10.706727027893066
2024-02-23,10.671096801757812
2024-02-26,10.706727027893066
2024-02-27,10.635468482971191
2024-02-28,10.635468482971191
2024-02-29,10.44841194152832
2024-03-01,10.323708534240723
2024-03-04,10.19009780883789
2024-03-05,10.243542671203613
2024-03-06,10.136652946472168
2024-03-07,9.931780815124512
2024-03-08,10.038671493530273
2024-03-11,10.15446662902832
2024-03-12,10.038671493530273
2024-03-13,9.985227584838867
2024-03-14,10.243542671203613
2024-03-15,10.252449035644531
2024-03-18,10.29698657989502
2024-03-19,10.136652946472168
2024-03-20,9.879972457885742
2024-03-21,9.654812812805176
2024-03-22,9.807920455932617
2024-03-25,9.816926002502441
2024-03-26,9.84394645690918
2024-03-27,9.546735763549805
2024-03-28,9.438658714294434
2024-04-01,9.591768264770508
2024-04-02,9.84394645690918
2024-04-03,9.780901908874512
2024-04-04,9.98804759979248
2024-04-05,9.834939002990723
2024-04-08,9.76288890838623
2024-04-09,9.75388240814209
2024-04-10,10.12314224243164
2024-04-11,10.132148742675781
2024-04-12,10.447372436523438
2024-04-15,10.672531127929688
2024-04-16,10.789612770080566
2024-04-17,10.960734367370605
2024-04-18,11.041791915893555
2024-04-19,10.960734367370605
2024-04-22,10.771600723266602
2024-04-23,10.4833984375
2024-04-24,10.465383529663086
2024-04-25,10.582467079162598
2024-04-26,10.52842903137207
2024-04-29,10.411348342895508
2024-04-30,10.771600723266602
2024-05-01,10.771600723266602
2024-05-02,10.510416030883789
2024-05-03,10.30327033996582
2024-05-06,10.024072647094727
2024-05-07,9.961030006408691
2024-05-08,10.0330810546875
2024-05-09,9.85295295715332
2024-05-10,9.861958503723145
2024-05-13,9.888976097106934
2024-05-14,9.690837860107422
2024-05-15,9.564749717712402
2024-05-16,9.726863861083984
2024-05-17,9.735870361328125
2024-05-20,9.717857360839844
2024-05-21,9.75388240814209
2024-05-22,9.915997505187988
2024-05-23,10.16817569732666
2024-05-24,10.015068054199219
2024-05-28,10.150161743164062
2024-05-29,10.402339935302734
2024-05-30,10.204198837280273
2024-05-31,9.97904109954834
2024-06-03,10.141156196594238
2024-06-04,10.402339935302734
2024-06-05,10.186188697814941
2024-06-06,10.249232292175293
2024-06-07,10.402339935302734
2024-06-10,10.375321388244629
2024-06-11,10.465383529663086
2024-06-12,10.186188697814941
2024-06-13,10.312275886535645
2024-06-14,10.609485626220703
2024-06-17,10.4203519821167
2024-06-18,10.339295387268066
2024-06-20,10.43836498260498
2024-06-21,10.366314888000488
2024-06-24,10.222213745117188
2024-06-25,10.429359436035156
2024-06-26,10.524040222167969
2024-06-27,10.451207160949707
2024-06-28,10.405688285827637
2024-07-01,10.605972290039062
2024-07-02,10.53314208984375
2024-07-03,10.496726989746094
2024-07-05,10.660597801208496
2024-07-08,10.57866096496582
2024-07-09,10.715218544006348
2024-07-10,10.460310935974121
2024-07-11,9.941391944885254
2024-07-12,9.768420219421387
2024-07-15,9.67738151550293
2024-07-16,9.185773849487305
2024-07-17,9.440681457519531
2024-07-18,9.67738151550293
2024-07-19,9.81393814086914
2024-07-22,9.577238082885742
2024-07-23,9.540822982788086
2024-07-24,9.923184394836426
2024-07-25,9.741108894348145
2024-07-26,9.449785232543945
2024-07-29,9.46799373626709
2024-07-30,9.404266357421875
2024-07-31,9.304123878479004
2024-08-01,9.704691886901855
2024-08-02,10.269131660461426
2024-08-05,10.82446575164795
2024-08-06,10.605972290039062
2024-08-07,10.769841194152832
2024-08-08,10.341961860656738
2024-08-09,10.341961860656738
2024-08-12,10.478519439697266
2024-08-13,10.205404281616211
2024-08-14,10.196301460266113
2024-08-15,9.81393814086914
2024-08-16,9.81393814086914
2024-08-19,9.650069236755371
2024-08-20,9.81393814086914
2024-08-21,9.568135261535645
2024-08-22,9.704691886901855
2024-08-23,9.267707824707031
2024-08-26,9.349644660949707
2024-08-27,9.413371086120605
2024-08-28,9.50440788269043
2024-08-29,9.46799373626709
2024-08-30,9.331437110900879
2024-09-03,9.823042869567871
2024-09-04,9.88676929473877
2024-09-05,10.041535377502441
2024-09-06,10.31464958190918
2024-09-09,10.223610877990723
2024-09-10,10.269131660461426
2024-09-11,10.187196731567383
2024-09-12,10.032432556152344
2024-09-13,9.695590019226074
2024-09-16,9.5499267578125
2024-09-17,9.458889961242676
2024-09-18,9.449785232543945
2024-09-19,9.140254974365234
2024-09-20,9.267707824707031
2024-09-23,9.17667007446289
2024-09-24,9.17667007446289
2024-09-25,9.355985641479492
2024-09-26,9.198038101196289
2024-09-27,9.170166969299316
2024-09-30,9.16087532043457
2024-10-01,9.318821907043457
2024-10-02,9.318821907043457
2024-10-03,9.383858680725098
2024-10-04,9.207330703735352
2024-10-07,9.337404251098633
2024-10-08,9.318821907043457
2024-10-09,9.207330703735352
2024-10-10,9.290947914123535
2024-10-11,9.002928733825684
2024-10-14,8.891437530517578
2024-10-15,8.93789291381836
2024-10-16,8.779946327209473
2024-10-17,8.770655632019043
2024-10-18,8.770655632019043
2024-10-21,8.984347343444824
2024-10-22,9.09583854675293
2024-10-23,9.198038101196289
2024-10-24,9.170166969299316
2024-10-25,9.309531211853027
2024-10-28,9.10512924194336
2024-10-29,9.114420890808105
2024-10-30,9.133003234863281
2024-10-31,9.337404251098633
2024-11-01,9.355985641479492
2024-11-04,9.309531211853027
2024-11-05,9.049383163452148
2024-11-06,8.27823543548584
2024-11-07,8.315399169921875
2024-11-08,8.241072654724121
2024-11-11,8.10170841217041
2024-11-12,8.26894474029541
2024-11-13,8.371145248413086
2024-11-14,8.52908992767334
2024-11-15,8.696328163146973
2024-11-18,8.687037467956543
2024-11-19,8.649874687194824
2024-11-20,8.566253662109375
2024-11-21,8.28752613067627
2024-11-22,8.018089294433594
2024-11-25,7.785815238952637
2024-11-26,7.850851535797119
2024-11-27,7.906598091125488
2024-11-29,7.878724575042725
2024-12-02,7.943761825561523
2024-12-03,7.999506950378418
2024-12-04,7.953052043914795
2024-12-05,8.092416763305664
2024-12-06,8.083125114440918
2024-12-09,8.166744232177734
2024-12-10,8.28752613067627
2024-12-11,8.166744232177734
2024-12-12,8.26894474029541
2024-12-13,8.361854553222656
2024-12-16,8.361854553222656
2024-12-17,8.575545310974121
2024-12-18,9.235201835632324
2024-12-19,9.290947914123535
2024-12-20,9.170166969299316
2024-12-23,9.110626220703125
2024-12-24,8.987765312194824
2024-12-26,8.912158012390137
2024-12-27,9.101175308227539
2024-12-30,9.195684432983398
2024-12-31,9.205134391784668
2025-01-02,9.252388954162598
2025-01-03,9.025569915771484
2025-01-06,9.00666618347168
2025-01-07,9.120076179504395
2025-01-08,9.091723442077637
2025-01-10,9.356348037719727
2025-01-13,9.186233520507812
2025-01-14,8.99721622467041
2025-01-15,8.751492500305176
2025-01-16,8.619181632995605
2025-01-17,8.56247615814209
2025-01-21,8.288402557373047
2025-01-22,8.364008903503418
2025-01-23,8.373457908630371
2025-01-24,8.401813507080078
2025-01-27,8.590829849243164
2025-01-28,8.55302619934082
2025-01-29,8.619181632995605
2025-01-30,8.430163383483887
2025-01-31,8.571927070617676
2025-02-03,8.817649841308594
2025-02-04,8.685338020324707
2025-02-05,8.543574333190918
2025-02-06,8.55302619934082
2025-02-07,8.77039623260498
2025-02-10,8.751492500305176
2025-02-11,8.846001625061035
2025-02-12,8.968863487243652
2025-02-13,8.798748016357422
2025-02-14,8.817649841308594
2025-02-18,8.675887107849121
2025-02-19,8.77039623260498
2025-02-20,8.931059837341309
2025-02-21,9.375249862670898
2025-02-24,9.3847017288208
2025-02-25,9.413053512573242
2025-02-26,9.394150733947754
2025-02-27,9.611520767211914
2025-02-28,9.441405296325684
2025-03-03,9.857244491577148
2025-03-04,10.159671783447266
2025-03-05,9.913949012756348
2025-03-06,10.235278129577637
2025-03-07,10.07461166381836
2025-03-10,10.537705421447754
2025-03-11,10.6416654586792
2025-03-12,10.6416654586792
2025-03-13,11.019699096679688
2025-03-14,10.471550941467285
2025-03-17,10.159671783447266
2025-03-18,10.32033634185791
2025-03-19,10.084064483642578
2025-03-20,10.244729042053223
2025-03-21,10.348688125610352
2025-03-24,9.828890800476074
2025-03-25,9.895048141479492
2025-03-26,10.017772674560547
2025-03-27,10.169989585876465
2025-03-28,10.550531387329102
2025-03-31,10.50296401977539
2025-04-01,10.407827377319336
2025-04-02,10.07485294342041
2025-04-03,11.40675163269043
2025-04-04,12.51983642578125
2025-04-07,12.79572868347168
2025-04-08,13.36654281616211
2025-04-09,10.883505821228027
2025-04-10,11.815834045410156
2025-04-11,11.45431900024414
2025-04-14,11.197452545166016
2025-04-15,11.23550796508789
2025-04-16,11.501886367797852
2025-04-17,11.302102088928223
2025-04-21,11.825346946716309
2025-04-22,11.23550796508789
2025-04-23,10.950100898742676
2025-04-24,10.483936309814453
2025-04-25,10.569558143615723
2025-04-28,10.493450164794922
2025-04-29,10.407827377319336
2025-04-30,10.436368942260742
2025-05-01,10.379286766052246
2025-05-02,9.875068664550781
2025-05-05,9.91312313079834
2025-05-06,10.046313285827637
2025-05-07,10.008258819580078
2025-05-08,9.760907173156738
2025-05-09,9.789446830749512
2025-05-12,9.113985061645508
2025-05-13,9.047390937805176
2025-05-14,9.104470252990723
2025-05-15,9.07593059539795
2025-05-16,8.885659217834473
2025-05-19,8.9332275390625
2025-05-20,9.0093355178833
2025-05-21,9.475499153137207
2025-05-22,9.504040718078613
2025-05-23,9.551608085632324
2025-05-27,9.142524719238281
2025-05-28,9.380363464355469
2025-05-29,9.34230899810791
2025-05-30,9.408904075622559
2025-06-02,9.456472396850586
2025-06-03,9.209120750427246
2025-06-04,9.247174263000488
2025-06-05,9.285229682922363
2025-06-06,9.094958305358887
2025-06-09,9.047390937805176
2025-06-10,9.0093355178833
2025-06-11,9.104470252990723
2025-06-12,9.094958305358887
2025-06-13,9.389877319335938
2025-06-16,9.18057918548584
2025-06-17,9.34230899810791
2025-06-18,9.275713920593262
2025-06-20,9.266201972961426
2025-06-23,9.113985061645508
2025-06-24,8.942739486694336
2025-06-25,9.098383903503418
2025-06-26,8.858194351196289
2025-06-27,8.810155868530273
2025-06-30,8.810155868530273
2025-07-01,8.608396530151367
2025-07-02,8.445067405700684
2025-07-03,8.348992347717285
2025-07-07,8.531536102294922
2025-07-08,8.445067405700684
2025-07-09,8.377815246582031
2025-07-10,8.300954818725586
2025-07-11,8.445067405700684
2025-07-14,8.406637191772461
2025-07-15,8.694864273071289
2025-07-16,8.63722038269043
2025-07-17,8.435461044311523
2025-07-18,8.46428394317627
2025-07-21,8.569967269897461
2025-07-22,8.339384078979492
2025-07-23,8.214486122131348
2025-07-24,8.368206977844238
2025-07-25,8.224093437194824
2025-07-28,8.262524604797363
2025-07-29,8.291346549987793
2025-07-30,8.406637191772461
2025-07-31,8.59878921508789
2025-08-01,8.83897876739502
2025-08-04,8.63722038269043
2025-08-05,8.62761116027832
2025-08-06,8.694864273071289
2025-08-07,8.752510070800781
2025-08-08,8.733295440673828
2025-08-11,8.829371452331543
2025-08-12,8.41624641418457
2025-08-13,8.156840324401855
2025-08-14,8.358599662780762
2025-08-15,8.473889350891113
2025-08-18,8.42585277557373
2025-08-19,8.41624641418457
2025-08-20,8.46428394317627
2025-08-21,8.502714157104492
2025-08-22,8.022335052490234
2025-08-25,8.156840324401855
2025-08-26,8.089587211608887
2025-08-27,7.983903884887695
2025-08-28,7.964688301086426
2025-08-29,8.070371627807617
2025-09-02,8.137625694274902
2025-09-03,8.176055908203125
2025-09-04,7.935865879058838
2025-09-05,7.859005451202393
2025-09-08,7.868612289428711
2025-09-09,8.003118515014648
2025-09-10,8.012726783752441
2025-09-11,7.7629289627075195
2025-09-12,7.916650295257568
2025-09-15,7.945474147796631
2025-09-16,7.9742960929870605
2025-09-17,8.012726783752441
2025-09-18,7.791751384735107
2025-09-19,7.926258087158203
2025-09-22,7.955080986022949
2025-09-23,7.955080986022949
2025-09-24,8.068389892578125
2025-09-25,8.185606002807617
2025-09-26,8.019550323486328
2025-09-29,8.068389892578125
2025-09-30,8.039085388183594
2025-10-01,7.990246295928955
2025-10-02,7.970709800720215
2025-10-03,7.931637763977051
2025-10-06,7.912102222442627
2025-10-07,8.087925910949707
2025-10-08,7.931637763977051
2025-10-09,8.09769344329834
2025-10-10,8.566559791564941
2025-10-13,8.224678993225098
2025-10-14,8.07815933227539
2025-10-15,8.087925910949707
2025-10-16,8.273518562316895
2025-10-17,8.224678993225098
2025-10-20,8.048853874206543
2025-10-21,7.980477809906006
2025-10-22,8.175838470458984
2025-10-23,7.960941314697266
2025-10-24,7.863261699676514
2025-10-27,7.814421653747559
2025-10-28,7.960941314697266
2025-10-29,8.07815933227539
2025-10-30,8.23444652557373
2025-10-31,8.13676643371582
2025-11-03,8.166069984436035
2025-11-04,8.302823066711426
2025-11-05,8.175838470458984
2025-11-06,8.34189510345459
2025-11-07,8.175838470458984
2025-11-10,8.058622360229492
2025-11-11,8.068389892578125
2025-11-12,8.019550323486328
2025-11-13,8.33212661743164
2025-11-14,8.371199607849121
2025-11-17,8.6740083694458
2025-11-18,8.595863342285156
2025-11-19,8.586095809936523
2025-11-20,8.869367599487305
2025-11-21,8.459111213684082
2025-11-24,8.283287048339844
2025-11-25,7.980477809906006
2025-11-26,7.8827972412109375
2025-11-28,7.814421653747559
2025-12-01,7.921869277954102
2025-12-02,7.970709800720215
2025-12-03,7.863261699676514
2025-12-04,7.794885158538818
2025-12-05,7.785117149353027
2025-12-08,7.873030185699463
2025-12-09,7.873030185699463
2025-12-10,7.579988956451416
2025-12-11,7.443236351013184
2025-12-12,7.648365020751953
2025-12-15,7.677669048309326
2025-12-16,7.765581130981445
2025-12-17,7.8534932136535645
2025-12-18,7.7558135986328125
2025-12-19,7.658133029937744
2025-12-22,7.521380424499512
2025-12-23,7.560452938079834
2025-12-24,7.53068733215332
2025-12-26,7.550530910491943
2025-12-29,7.649749755859375
2025-12-30,7.699358940124512
2025-12-31,7.8581085205078125
2026-01-02,7.669593334197998
2026-01-05,7.461234092712402
2026-01-06,7.242953777313232
2026-01-07,7.352093696594238
2026-01-08,7.292562484741211
2026-01-09,7.1735005378723145
2026-01-12,7.153656959533691
2026-01-13,7.133813381195068
2026-01-14,7.1238908767700195
2026-01-15,6.955219745635986
2026-01-16,6.994907379150391
2026-01-20,7.1933441162109375
2026-01-21,6.945297718048096
2026-01-22,6.935375690460205
2026-01-23,7.074282169342041
2026-01-26,7.094125747680664
2026-01-27,7.094125747680664
2026-01-28,7.133813381195068
2026-01-29,7.163578510284424
2026-01-30,7.292562484741211
2026-02-02,7.1735005378723145
2026-02-03,7.143734931945801
2026-02-04,7.044516563415527
2026-02-05,7.1238908767700195
2026-02-06,6.66748571395874
2026-02-09,6.66748571395874
2026-02-10,6.677407741546631
2026-02-11,6.707173824310303
2026-02-12,6.90561056137085
2026-02-13,6.776626110076904
2026-02-17,6.756782531738281
2026-02-18,6.687329292297363
2026-02-19,6.707173824310303
2026-02-20,6.607954502105713
2026-02-23,6.865922927856445
2026-02-24,6.727017402648926
2026-02-25,6.677407741546631
2026-02-26,6.637720584869385
2026-02-27,6.756782531738281
2026-03-02,6.637720584869385
2026-03-03,6.865922927856445
2026-03-04,6.856000900268555
2026-03-05,7.054438591003418
2026-03-06,7.401703357696533
2026-03-09,7.2627973556518555
2026-03-10,7.332250118255615
2026-03-11,7.381859302520752
2026-03-12,7.669593334197998
2026-03-13,7.709280490875244
2026-03-16,7.580296516418457
2026-03-17,7.461234092712402
2026-03-18,7.590218544006348
2026-03-19,7.560452938079834
2026-03-20,7.907717704772949
2026-03-23,7.590218544006348
2026-03-24,7.491000175476074
2026-03-25,7.380000114440918
2026-03-26,7.579999923706055
2026-03-27,7.829999923706055
2026-03-30,7.949999809265137
2026-03-31,7.489999771118164
2026-04-01,7.369999885559082
2026-04-02,7.369999885559082
2026-04-06,7.309999942779541
2026-04-07,7.289999961853027
2026-04-08,6.869999885559082
2026-04-09,6.840000152587891
2026-04-10,6.889999866485596
2026-04-13,6.739999771118164
2026-04-14,6.690000057220459
2026-04-15,6.710000038146973
2026-04-16,6.699999809265137
2026-04-17,6.429999828338623
2026-04-20,6.349999904632568
2026-04-21,6.420000076293945
2026-04-22,6.46999979019165
2026-04-23,6.489999771118164
2026-04-24,6.449999809265137
2026-04-27,6.460000038146973
2026-04-28,6.599999904632568
2026-04-29,6.690000057220459
2026-04-30,6.460000038146973
2026-05-01,6.46999979019165
2026-05-04,6.550000190734863
2026-05-05,6.389999866485596
2026-05-06,6.139999866485596
2026-05-07,6.320000171661377
2026-05-08,6.260000228881836
2026-05-11,6.25
