Date,Close
2011-06-09,21.037824630737305
2011-06-10,20.641521453857422
2011-06-13,20.692108154296875
2011-06-14,21.029388427734375
2011-06-15,20.590932846069336
2011-06-16,20.57406234741211
2011-06-17,20.683677673339844
2011-06-20,20.70054054260254
2011-06-21,20.936635971069336
2011-06-22,20.83545684814453
2011-06-23,20.70054054260254
2011-06-24,20.430723190307617
2011-06-27,20.531906127929688
2011-06-28,20.624650955200195
2011-06-29,20.936635971069336
2011-06-30,21.189598083496094
2011-07-01,21.385156631469727
2011-07-05,21.16504669189453
2011-07-06,21.105791091918945
2011-07-07,21.351306915283203
2011-07-08,21.16504669189453
2011-07-11,20.76714324951172
2011-07-12,20.580896377563477
2011-07-13,20.76714324951172
2011-07-14,20.470829010009766
2011-07-15,20.547027587890625
2011-07-18,20.233781814575195
2011-07-19,20.56395149230957
2011-07-20,20.665555953979492
2011-07-21,20.978792190551758
2011-07-22,20.995718002319336
2011-07-25,20.79253578186035
2011-07-26,20.860267639160156
2011-07-27,20.51317024230957
2011-07-28,20.43697166442871
2011-07-29,20.352310180664062
2011-08-01,20.310680389404297
2011-08-02,19.67359161376953
2011-08-03,19.716049194335938
2011-08-04,18.475841522216797
2011-08-05,18.39089584350586
2011-08-08,16.938310623168945
2011-08-09,17.855731964111328
2011-08-10,17.473468780517578
2011-08-11,18.17852210998535
2011-08-12,18.3739070892334
2011-08-15,18.943044662475586
2011-08-16,18.705198287963867
2011-08-17,18.86659049987793
2011-08-18,18.00864028930664
2011-08-19,17.88123321533203
2011-08-22,18.017126083374023
2011-08-23,18.50983428955078
2011-08-24,18.560794830322266
2011-08-25,18.21251106262207
2011-08-26,18.543798446655273
2011-08-29,19.027992248535156
2011-08-30,19.05347442626953
2011-08-31,19.129941940307617
2011-09-01,18.879966735839844
2011-09-02,18.470457077026367
2011-09-06,18.197452545166016
2011-09-07,18.581356048583984
2011-09-08,18.342485427856445
2011-09-09,17.873252868652344
2011-09-12,17.89031410217285
2011-09-13,17.96709632873535
2011-09-14,18.214515686035156
2011-09-15,18.25716209411621
2011-09-16,18.223045349121094
2011-09-19,17.95003318786621
2011-09-20,17.864713668823242
2011-09-21,17.31871795654297
2011-09-22,16.875091552734375
2011-09-23,16.985994338989258
2011-09-26,17.233402252197266
2011-09-27,17.489343643188477
2011-09-28,17.06276512145996
2011-09-29,17.207794189453125
2011-09-30,16.79830551147461
2011-10-03,16.2938232421875
2011-10-04,15.973654747009277
2011-10-05,16.804363250732422
2011-10-06,17.280284881591797
2011-10-07,17.07260513305664
2011-10-10,17.730236053466797
2011-10-11,17.730236053466797
2011-10-12,18.041759490966797
2011-10-13,17.963876724243164
2011-10-14,18.292695999145508
2011-10-17,17.842737197875977
2011-10-18,18.23213005065918
2011-10-19,17.97252082824707
2011-10-20,18.033096313476562
2011-10-21,18.318649291992188
2011-10-24,18.71668815612793
2011-10-25,18.335960388183594
2011-10-26,18.604206085205078
2011-10-27,19.460865020751953
2011-10-28,19.313758850097656
2011-10-31,18.777257919311523
2011-11-01,18.099620819091797
2011-11-02,18.35992431640625
2011-11-03,18.78508186340332
2011-11-04,18.568153381347656
2011-11-07,18.602855682373047
2011-11-08,18.793758392333984
2011-11-09,17.986818313598633
2011-11-10,18.229766845703125
2011-11-11,18.568153381347656
2011-11-14,18.30785369873047
2011-11-15,18.394624710083008
2011-11-16,18.099620819091797
2011-11-17,17.86534881591797
2011-11-18,17.891382217407227
2011-11-21,17.579017639160156
2011-11-22,17.431499481201172
2011-11-23,17.023706436157227
2011-11-25,16.971651077270508
2011-11-28,17.40546989440918
2011-11-29,17.518281936645508
2011-11-30,18.316532135009766
2011-12-01,18.202375411987305
2011-12-02,18.202375411987305
2011-12-05,18.35051155090332
2011-12-06,18.41150665283203
2011-12-07,18.44635772705078
2011-12-08,17.940990447998047
2011-12-09,18.202375411987305
2011-12-12,17.819000244140625
2011-12-13,17.60115623474121
2011-12-14,17.49660873413086
2011-12-15,17.59245491027832
2011-12-16,17.69701385498047
2011-12-19,17.348478317260742
2011-12-20,17.879987716674805
2011-12-21,17.949691772460938
2011-12-22,18.132692337036133
2011-12-23,18.115253448486328
2011-12-27,18.184953689575195
2011-12-28,17.90682029724121
2011-12-29,18.065765380859375
2011-12-30,18.074594497680664
2012-01-03,18.498416900634766
2012-01-04,18.410123825073242
2012-01-05,18.27768325805664
2012-01-06,18.215858459472656
2012-01-09,18.233539581298828
2012-01-10,18.48958396911621
2012-01-11,18.507265090942383
2012-01-12,18.639705657958984
2012-01-13,18.48958396911621
2012-01-17,18.639705657958984
2012-01-18,18.922258377075195
2012-01-19,18.957571029663086
2012-01-20,19.090011596679688
2012-01-23,19.16064453125
2012-01-24,19.03704071044922
2012-01-25,19.293092727661133
2012-01-26,19.27544403076172
2012-01-27,19.33724594116211
2012-01-30,19.266613006591797
2012-01-31,19.27544403076172
2012-02-01,19.57876205444336
2012-02-02,19.58760643005371
2012-02-03,19.83521842956543
2012-02-06,19.74678611755371
2012-02-07,19.83521842956543
2012-02-08,19.74678611755371
2012-02-09,19.817529678344727
2012-02-10,19.481483459472656
2012-02-13,19.737939834594727
2012-02-14,19.47263526916504
2012-02-15,19.44611167907715
2012-02-16,19.56107521057129
2012-02-17,19.649507522583008
2012-02-21,19.7733097076416
2012-02-22,19.711416244506836
2012-02-23,19.7733097076416
2012-02-24,19.9324893951416
2012-02-27,19.9324893951416
2012-02-28,19.92365074157715
2012-02-29,19.8529109954834
2012-03-01,20.006330490112305
2012-03-02,19.882164001464844
2012-03-05,19.793479919433594
2012-03-06,19.33234214782715
2012-03-07,19.491973876953125
2012-03-08,19.669328689575195
2012-03-09,19.67820167541504
2012-03-12,19.624998092651367
2012-03-13,19.953113555908203
2012-03-14,19.7225399017334
2012-03-15,19.953113555908203
2012-03-16,19.970855712890625
2012-03-19,20.024049758911133
2012-03-20,19.86443328857422
2012-03-21,19.820096969604492
2012-03-22,19.642732620239258
2012-03-23,19.793479919433594
2012-03-26,20.032926559448242
2012-03-27,19.89989471435547
2012-03-28,19.758010864257812
2012-03-29,19.67820167541504
2012-03-30,19.86443328857422
2012-04-02,19.99245834350586
2012-04-03,19.83130645751953
2012-04-04,19.526887893676758
2012-04-05,19.526887893676758
2012-04-09,19.437368392944336
2012-04-10,19.07923698425293
2012-04-11,19.294113159179688
2012-04-12,19.598527908325195
2012-04-13,19.329923629760742
2012-04-16,19.40155029296875
2012-04-17,19.580612182617188
2012-04-18,19.44632339477539
2012-04-19,19.392602920532227
2012-04-20,19.535850524902344
2012-04-23,19.347827911376953
2012-04-24,19.526887893676758
2012-04-25,19.71490478515625
2012-04-26,19.759675979614258
2012-04-27,19.8581600189209
2012-04-30,19.759675979614258
2012-05-01,19.84876251220703
2012-05-02,19.74078369140625
2012-05-03,19.533842086791992
2012-05-04,19.2908935546875
2012-05-07,19.34489631652832
2012-05-08,19.209918975830078
2012-05-09,19.074966430664062
2012-05-10,19.23691749572754
2012-05-11,19.09295654296875
2012-05-14,18.859020233154297
2012-05-15,18.68805694580078
2012-05-16,18.544097900390625
2012-05-17,18.274166107177734
2012-05-18,18.058231353759766
2012-05-21,18.436124801635742
2012-05-22,18.37314796447754
2012-05-23,18.31016731262207
2012-05-24,18.25617790222168
2012-05-25,18.229175567626953
2012-05-29,18.445131301879883
2012-05-30,18.166210174560547
2012-05-31,18.184192657470703
2012-06-01,17.828702926635742
2012-06-04,17.892189025878906
2012-06-05,18.046354293823242
2012-06-06,18.517915725708008
2012-06-07,18.427236557006836
2012-06-08,18.56325340270996
2012-06-11,18.35468101501465
2012-06-12,18.59046745300293
2012-06-13,18.481645584106445
2012-06-14,18.644866943359375
2012-06-15,18.835315704345703
2012-06-18,18.844383239746094
2012-06-19,19.12551498413086
2012-06-20,19.07109260559082
2012-06-21,18.65394401550293
2012-06-22,18.835315704345703
2012-06-25,18.545120239257812
2012-06-26,18.61767578125
2012-06-27,18.771839141845703
2012-06-28,18.7446231842041
2012-06-29,19.270597457885742
2012-07-02,19.36021614074707
2012-07-03,19.524839401245117
2012-07-05,19.405954360961914
2012-07-06,19.323633193969727
2012-07-09,19.287073135375977
2012-07-10,19.131601333618164
2012-07-11,19.250469207763672
2012-07-12,19.095020294189453
2012-07-13,19.369373321533203
2012-07-16,19.460817337036133
2012-07-17,19.616291046142578
2012-07-18,19.64371681213379
2012-07-19,19.716882705688477
2012-07-20,19.524839401245117
2012-07-23,19.223041534423828
2012-07-24,19.085861206054688
2012-07-25,19.177316665649414
2012-07-26,19.49740219116211
2012-07-27,19.771751403808594
2012-07-30,19.863208770751953
2012-07-31,19.79005241394043
2012-08-01,19.779926300048828
2012-08-02,19.586828231811523
2012-08-03,19.973041534423828
2012-08-06,20.00063705444336
2012-08-07,19.917863845825195
2012-08-08,19.973041534423828
2012-08-09,19.98223876953125
2012-08-10,19.98223876953125
2012-08-13,19.973041534423828
2012-08-14,20.01901626586914
2012-08-15,20.065004348754883
2012-08-16,20.184539794921875
2012-08-17,20.156946182250977
2012-08-20,20.184539794921875
2012-08-21,20.221323013305664
2012-08-22,20.267309188842773
2012-08-23,20.08338737487793
2012-08-24,20.156946182250977
2012-08-27,20.120180130004883
2012-08-28,20.184539794921875
2012-08-29,20.212121963500977
2012-08-30,20.055801391601562
2012-08-31,20.138561248779297
2012-09-04,20.13578987121582
2012-09-05,20.108064651489258
2012-09-06,20.487106323242188
2012-09-07,20.644271850585938
2012-09-10,20.524085998535156
2012-09-11,20.690505981445312
2012-09-12,20.672014236450195
2012-09-13,21.041805267333984
2012-09-14,21.078786849975586
2012-09-17,20.83840560913086
2012-09-18,20.7829532623291
2012-09-19,20.764453887939453
2012-09-20,20.77370262145996
2012-09-21,20.819934844970703
2012-09-24,20.736717224121094
2012-09-25,20.505603790283203
2012-09-26,20.431636810302734
2012-09-27,20.579547882080078
2012-09-28,20.413150787353516
2012-10-01,20.464441299438477
2012-10-02,20.511079788208008
2012-10-03,20.436466217041016
2012-10-04,20.63233184814453
2012-10-05,20.58570098876953
2012-10-08,20.548381805419922
2012-10-09,20.361845016479492
2012-10-10,20.296545028686523
2012-10-11,20.436466217041016
2012-10-12,20.352519989013672
2012-10-15,20.436466217041016
2012-10-16,20.623027801513672
2012-10-17,20.80022621154785
2012-10-18,20.75359344482422
2012-10-19,20.52040672302246
2012-10-22,20.557720184326172
2012-10-23,20.268569946289062
2012-10-24,20.3338623046875
2012-10-25,20.445781707763672
2012-10-26,20.371158599853516
2012-10-31,20.455114364624023
2012-11-01,20.548381805419922
2012-11-02,20.259241104125977
2012-11-05,20.23125648498535
2012-11-06,20.277891159057617
2012-11-07,20.007404327392578
2012-11-08,19.792871475219727
2012-11-09,19.792871475219727
2012-11-12,19.923460006713867
2012-11-13,19.671606063842773
2012-11-14,19.29851531982422
2012-11-15,19.326494216918945
2012-11-16,19.494380950927734
2012-11-19,19.73691177368164
2012-11-20,19.783536911010742
2012-11-21,19.75554847717285
2012-11-23,20.06336212158203
2012-11-26,20.02605628967285
2012-11-27,19.97008514404297
2012-11-28,20.11932373046875
2012-11-29,20.259241104125977
2012-11-30,20.277891159057617
2012-12-03,20.334199905395508
2012-12-04,20.390485763549805
2012-12-05,20.390485763549805
2012-12-06,20.418649673461914
2012-12-07,20.484333038330078
2012-12-10,20.512474060058594
2012-12-11,20.634477615356445
2012-12-12,20.681392669677734
2012-12-13,20.606321334838867
2012-12-14,20.61570930480957
2012-12-17,20.718923568725586
2012-12-18,20.906599044799805
2012-12-19,20.92536163330078
2012-12-20,21.028579711914062
2012-12-21,20.85029411315918
2012-12-24,20.775218963623047
2012-12-26,20.803363800048828
2012-12-27,20.84428596496582
2012-12-28,20.71109962463379
2012-12-31,21.025043487548828
2013-01-02,21.386558532714844
2013-01-03,21.26288414001465
2013-01-04,21.386558532714844
2013-01-07,21.434118270874023
2013-01-08,21.396080017089844
2013-01-09,21.462669372558594
2013-01-10,21.710023880004883
2013-01-11,21.662446975708008
2013-01-14,21.662446975708008
2013-01-15,21.62440299987793
2013-01-16,21.6434268951416
2013-01-17,21.814661026000977
2013-01-18,21.805156707763672
2013-01-22,21.957387924194336
2013-01-23,21.86224937438965
2013-01-24,21.928823471069336
2013-01-25,22.04299545288086
2013-01-28,22.004934310913086
2013-01-29,22.185705184936523
2013-01-30,22.090559005737305
2013-01-31,22.11910629272461
2013-02-01,22.277069091796875
2013-02-04,22.018583297729492
2013-02-05,22.085599899291992
2013-02-06,22.085599899291992
2013-02-07,21.961143493652344
2013-02-08,22.11431884765625
2013-02-11,22.11431884765625
2013-02-12,22.210052490234375
2013-02-13,22.277069091796875
2013-02-14,22.16219139099121
2013-02-15,22.11431884765625
2013-02-19,22.334497451782227
2013-02-20,21.970726013183594
2013-02-21,21.76011085510254
2013-02-22,22.018583297729492
2013-02-25,21.702669143676758
2013-02-26,21.836698532104492
2013-02-27,22.133464813232422
2013-02-28,22.037729263305664
2013-03-01,21.924118041992188
2013-03-04,21.943359375
2013-03-05,22.12631607055664
2013-03-06,22.184083938598633
2013-03-07,22.28999900817871
2013-03-08,22.3284969329834
2013-03-11,22.299636840820312
2013-03-12,22.3284969329834
2013-03-13,22.21295738220215
2013-03-14,22.338132858276367
2013-03-15,22.434431076049805
2013-03-18,22.241870880126953
2013-03-19,22.14556884765625
2013-03-20,22.232213973999023
2013-03-21,22.22259521484375
2013-03-22,22.395925521850586
2013-03-25,22.270740509033203
2013-03-26,22.424785614013672
2013-03-27,22.357389450073242
2013-03-28,22.5018253326416
2013-04-01,22.3807315826416
2013-04-02,22.574493408203125
2013-04-03,22.42915916442871
2013-04-04,22.516347885131836
2013-04-05,22.4872989654541
2013-04-08,22.535747528076172
2013-04-09,22.758573532104492
2013-04-10,23.00078010559082
2013-04-11,23.058927536010742
2013-04-12,23.039541244506836
2013-04-15,22.4097843170166
2013-04-16,22.797330856323242
2013-04-17,22.42915916442871
2013-04-18,22.42915916442871
2013-04-19,22.526046752929688
2013-04-22,22.67137336730957
2013-04-23,22.865144729614258
2013-04-24,22.981403350830078
2013-04-25,23.21392059326172
2013-04-26,23.155803680419922
2013-04-29,23.378644943237305
2013-04-30,23.407716751098633
2013-05-01,23.174795150756836
2013-05-02,23.213768005371094
2013-05-03,23.428180694580078
2013-05-06,23.340478897094727
2013-05-07,23.369712829589844
2013-05-08,23.593854904174805
2013-05-09,23.428180694580078
2013-05-10,23.398929595947266
2013-05-13,23.320964813232422
2013-05-14,23.29174041748047
2013-05-15,23.262500762939453
2013-05-16,23.155292510986328
2013-05-17,23.243022918701172
2013-05-20,23.281982421875
2013-05-21,23.23328399658203
2013-05-22,22.92139434814453
2013-05-23,22.755741119384766
2013-05-24,22.56083106994629
2013-05-28,22.453632354736328
2013-05-29,22.161258697509766
2013-05-30,22.209970474243164
2013-05-31,21.712961196899414
2013-06-03,21.888504028320312
2013-06-04,21.79044532775879
2013-06-05,21.349136352539062
2013-06-06,21.525663375854492
2013-06-07,21.555084228515625
2013-06-10,21.447208404541016
2013-06-11,21.21185302734375
2013-06-12,21.1431941986084
2013-06-13,21.56488800048828
2013-06-14,21.47662353515625
2013-06-17,21.604110717773438
2013-06-18,21.594301223754883
2013-06-19,21.192230224609375
2013-06-20,20.437118530273438
2013-06-21,20.505773544311523
2013-06-24,20.201770782470703
2013-06-25,20.603832244873047
2013-06-26,20.88821792602539
2013-06-27,21.12359046936035
2013-06-28,20.996095657348633
2013-07-01,21.07407569885254
2013-07-02,21.024730682373047
2013-07-03,20.9260196685791
2013-07-05,20.856916427612305
2013-07-08,21.044458389282227
2013-07-09,21.32084846496582
2013-07-10,21.360328674316406
2013-07-11,21.824262619018555
2013-07-12,21.715681076049805
2013-07-15,21.883493423461914
2013-07-16,21.903221130371094
2013-07-17,21.96243667602539
2013-07-18,21.982168197631836
2013-07-19,22.0611572265625
2013-07-22,22.23883819580078
2013-07-23,22.327672958374023
2013-07-24,22.120386123657227
2013-07-25,22.258563995361328
2013-07-26,22.30791473388672
2013-07-29,22.18947982788086
2013-07-30,22.248699188232422
2013-07-31,22.18947982788086
2013-08-01,22.218271255493164
2013-08-02,22.38711929321289
2013-08-05,22.377185821533203
2013-08-06,22.238143920898438
2013-08-07,22.218271255493164
2013-08-08,22.45665168762207
2013-08-09,22.486454010009766
2013-08-12,22.436792373657227
2013-08-13,22.446718215942383
2013-08-14,22.426851272583008
2013-08-15,22.248075485229492
2013-08-16,22.178550720214844
2013-08-19,21.90043830871582
2013-08-20,21.98984146118164
2013-08-21,21.830915451049805
2013-08-22,21.979902267456055
2013-08-23,22.14874839782715
2013-08-26,22.03950309753418
2013-08-27,21.711742401123047
2013-08-28,21.751468658447266
2013-08-29,21.721677780151367
2013-08-30,21.602476119995117
2013-09-03,21.7763729095459
2013-09-04,21.956268310546875
2013-09-05,21.866313934326172
2013-09-06,22.066184997558594
2013-09-09,22.37599754333496
2013-09-10,22.545886993408203
2013-09-11,22.6258487701416
2013-09-12,22.485931396484375
2013-09-13,22.595857620239258
2013-09-16,22.705799102783203
2013-09-17,22.815731048583984
2013-09-18,23.305408477783203
2013-09-19,23.12552261352539
2013-09-20,22.935640335083008
2013-09-23,22.935640335083008
2013-09-24,22.945632934570312
2013-09-25,22.975618362426758
2013-09-26,23.0056095123291
2013-09-27,22.975618362426758
2013-09-30,22.86570930480957
2013-10-01,23.080808639526367
2013-10-02,23.11096954345703
2013-10-03,22.980300903320312
2013-10-04,23.040607452392578
2013-10-07,22.889816284179688
2013-10-08,22.708873748779297
2013-10-09,22.809398651123047
2013-10-10,23.201459884643555
2013-10-11,23.372344970703125
2013-10-14,23.482929229736328
2013-10-15,23.402503967285156
2013-10-16,23.623666763305664
2013-10-17,23.965456008911133
2013-10-18,24.08607292175293
2013-10-21,24.055923461914062
2013-10-22,24.25696563720703
2013-10-23,24.08607292175293
2013-10-24,24.287132263183594
2013-10-25,24.317289352416992
2013-10-28,24.216773986816406
2013-10-29,24.1664981842041
2013-10-30,23.975507736206055
2013-10-31,23.90512466430664
2013-11-01,23.86776351928711
2013-11-04,23.93846893310547
2013-11-05,23.81722640991211
2013-11-06,23.928369522094727
2013-11-07,23.534292221069336
2013-11-08,23.574691772460938
2013-11-11,23.564603805541992
2013-11-12,23.37259292602539
2013-11-13,23.503982543945312
2013-11-14,23.615121841430664
2013-11-15,23.77680015563965
2013-11-18,23.726282119750977
2013-11-19,23.645437240600586
2013-11-20,23.463550567626953
2013-11-21,23.544395446777344
2013-11-22,23.635318756103516
2013-11-25,23.58481216430664
2013-11-26,23.58481216430664
2013-11-27,23.564603805541992
2013-11-29,23.574691772460938
2013-12-02,23.39590835571289
2013-12-03,23.202884674072266
2013-12-04,23.13178062438965
2013-12-05,22.94894027709961
2013-12-06,23.18256378173828
2013-12-09,23.202884674072266
2013-12-10,23.18256378173828
2013-12-11,22.96923065185547
2013-12-12,22.745742797851562
2013-12-13,22.908283233642578
2013-12-16,23.111454010009766
2013-12-17,23.040342330932617
2013-12-18,23.223209381103516
2013-12-19,23.233366012573242
2013-12-20,23.40607452392578
2013-12-23,23.58892822265625
2013-12-24,23.771791458129883
2013-12-26,23.80225944519043
2013-12-27,23.796142578125
2013-12-30,23.867605209350586
2013-12-31,23.959543228149414
2014-01-02,23.632726669311523
2014-01-03,23.694002151489258
2014-01-06,23.694002151489258
2014-01-07,23.796142578125
2014-01-08,23.724647521972656
2014-01-09,23.734848022460938
2014-01-10,24.020816802978516
2014-01-13,23.78592300415039
2014-01-14,23.888036727905273
2014-01-15,23.888036727905273
2014-01-16,23.867605209350586
2014-01-17,23.74506950378418
2014-01-21,23.928897857666016
2014-01-22,24.020816802978516
2014-01-23,23.867605209350586
2014-01-24,23.367189407348633
2014-01-27,23.295711517333984
2014-01-28,23.510156631469727
2014-01-29,23.234420776367188
2014-01-30,23.44890022277832
2014-01-31,23.21400260925293
2014-02-03,22.763259887695312
2014-02-04,23.050745010375977
2014-02-05,22.999404907226562
2014-02-06,23.35877227783203
2014-02-07,23.615453720092773
2014-02-10,23.56412696838379
2014-02-11,23.87215805053711
2014-02-12,23.97482681274414
2014-02-13,24.11857795715332
2014-02-14,24.31365966796875
2014-02-18,24.365013122558594
2014-02-19,24.221242904663086
2014-02-20,24.436874389648438
2014-02-21,24.467666625976562
2014-02-24,24.652496337890625
2014-02-25,24.580610275268555
2014-02-26,24.519018173217773
2014-02-27,24.66275978088379
2014-02-28,24.75514030456543
2014-03-03,24.539478302001953
2014-03-04,24.869707107543945
2014-03-05,24.972900390625
2014-03-06,25.117366790771484
2014-03-07,24.962581634521484
2014-03-10,24.838741302490234
2014-03-11,24.725242614746094
2014-03-12,24.745874404907227
2014-03-13,24.539478302001953
2014-03-14,24.622053146362305
2014-03-17,24.818119049072266
2014-03-18,24.983217239379883
2014-03-19,24.653005599975586
2014-03-20,24.673656463623047
2014-03-21,24.68394660949707
2014-03-24,24.68394660949707
2014-03-25,24.890344619750977
2014-03-26,24.85938835144043
2014-03-27,25.014192581176758
2014-03-28,25.138023376464844
2014-03-31,25.32375717163086
2014-04-01,25.366287231445312
2014-04-02,25.438867568969727
2014-04-03,25.314424514770508
2014-04-04,25.252201080322266
2014-04-07,25.272945404052734
2014-04-08,25.40776252746582
2014-04-09,25.7292537689209
2014-04-10,25.438867568969727
2014-04-11,25.314424514770508
2014-04-14,25.387012481689453
2014-04-15,25.387012481689453
2014-04-16,25.573688507080078
2014-04-17,25.760347366333008
2014-04-21,25.78108787536621
2014-04-22,25.864059448242188
2014-04-23,25.822582244873047
2014-04-24,25.874433517456055
2014-04-25,25.7292537689209
2014-04-28,25.85370635986328
2014-04-29,25.90555191040039
2014-04-30,25.988513946533203
2014-05-01,25.979137420654297
2014-05-02,26.052066802978516
2014-05-05,26.083351135253906
2014-05-06,26.072921752929688
2014-05-07,26.21882438659668
2014-05-08,26.21882438659668
2014-05-09,26.125024795532227
2014-05-12,26.291770935058594
2014-05-13,26.208377838134766
2014-05-14,26.18754768371582
2014-05-15,26.114591598510742
2014-05-16,26.229232788085938
2014-05-19,26.21882438659668
2014-05-20,25.999971389770508
2014-05-21,26.16670799255371
2014-05-22,26.229232788085938
2014-05-23,26.33342933654785
2014-05-27,26.416799545288086
2014-05-28,26.458494186401367
2014-05-29,26.61480140686035
2014-05-30,26.593955993652344
2014-06-02,26.61593246459961
2014-06-03,26.563600540161133
2014-06-04,26.58453369140625
2014-06-05,26.85674476623535
2014-06-06,27.05571746826172
2014-06-09,27.129003524780273
2014-06-10,27.129003524780273
2014-06-11,26.982431411743164
2014-06-12,26.992897033691406
2014-06-13,27.045251846313477
2014-06-16,26.992897033691406
2014-06-17,26.96148109436035
2014-06-18,27.181352615356445
2014-06-19,27.233705520629883
2014-06-20,27.265106201171875
2014-06-23,27.233705520629883
2014-06-24,27.024288177490234
2014-06-25,27.076656341552734
2014-06-26,27.254657745361328
2014-06-27,27.275585174560547
2014-06-30,27.286056518554688
2014-07-01,27.43438720703125
2014-07-02,27.381792068481445
2014-07-03,27.41334342956543
2014-07-07,27.213464736938477
2014-07-08,27.108287811279297
2014-07-09,27.129322052001953
2014-07-10,27.02412223815918
2014-07-11,27.066213607788086
2014-07-14,27.202957153320312
2014-07-15,27.17140769958496
2014-07-16,27.25554656982422
2014-07-17,26.95050048828125
2014-07-18,27.24504852294922
2014-07-21,27.234514236450195
2014-07-22,27.381792068481445
2014-07-23,27.508014678955078
2014-07-24,27.47644805908203
2014-07-25,27.329187393188477
2014-07-28,27.3502254486084
2014-07-29,27.37125587463379
2014-07-30,27.25554656982422
2014-07-31,26.908409118652344
2014-08-01,26.824928283691406
2014-08-04,26.96230697631836
2014-08-05,26.69808006286621
2014-08-06,26.67694854736328
2014-08-07,26.47614097595215
2014-08-08,26.560693740844727
2014-08-11,26.7403621673584
2014-08-12,26.782630920410156
2014-08-13,26.898902893066406
2014-08-14,27.015167236328125
2014-08-15,27.13142967224121
2014-08-18,27.25826072692871
2014-08-19,27.30055046081543
2014-08-20,27.311107635498047
2014-08-21,27.416799545288086
2014-08-22,27.332246780395508
2014-08-25,27.416799545288086
2014-08-26,27.501344680786133
2014-08-27,27.638742446899414
2014-08-28,27.58591079711914
2014-08-29,27.691598892211914
2014-09-02,27.59710121154785
2014-09-03,27.682048797607422
2014-09-04,27.56525421142578
2014-09-05,27.607709884643555
2014-09-08,27.310396194458008
2014-09-09,27.16176414489746
2014-09-10,27.087406158447266
2014-09-11,26.970623016357422
2014-09-12,26.694538116455078
2014-09-15,26.54587745666504
2014-09-16,26.63083267211914
2014-09-17,26.4078369140625
2014-09-18,26.460941314697266
2014-09-19,26.32290267944336
2014-09-22,26.068056106567383
2014-09-23,25.88755226135254
2014-09-24,26.014968872070312
2014-09-25,25.632686614990234
2014-09-26,25.7282772064209
2014-09-29,25.46280288696289
2014-09-30,25.45218849182129
2014-10-01,25.2504940032959
2014-10-02,25.19713020324707
2014-10-03,25.239816665649414
2014-10-06,25.325199127197266
2014-10-07,25.079734802246094
2014-10-08,25.442596435546875
2014-10-09,24.96233367919922
2014-10-10,24.663530349731445
2014-10-13,24.631494522094727
2014-10-14,24.706199645996094
2014-10-15,24.631494522094727
2014-10-16,24.72755241394043
2014-10-17,24.98368263244629
2014-10-20,25.207807540893555
2014-10-21,25.42123794555664
2014-10-22,25.2504940032959
2014-10-23,25.38922691345215
2014-10-24,25.5279598236084
2014-10-27,25.41057777404785
2014-10-28,25.869478225708008
2014-10-29,25.67739486694336
2014-10-30,25.816125869750977
2014-10-31,25.96551513671875
2014-11-03,25.816444396972656
2014-11-04,25.68773651123047
2014-11-05,25.7520751953125
2014-11-06,25.56975746154785
2014-11-07,25.71990203857422
2014-11-10,25.698455810546875
2014-11-11,25.8378849029541
2014-11-12,25.773536682128906
2014-11-13,25.677017211914062
2014-11-14,25.741374969482422
2014-11-17,25.666278839111328
2014-11-18,25.89151382446289
2014-11-19,25.762802124023438
2014-11-20,25.82716941833496
2014-11-21,26.009496688842773
2014-11-24,25.95587730407715
2014-11-25,26.009496688842773
2014-11-26,26.10603141784668
2014-11-28,25.89151382446289
2014-12-01,25.666229248046875
2014-12-02,25.730907440185547
2014-12-03,25.76323699951172
2014-12-04,25.633874893188477
2014-12-05,25.579998016357422
2014-12-08,25.23504066467285
2014-12-09,25.159582138061523
2014-12-10,24.836196899414062
2014-12-11,24.857757568359375
2014-12-12,24.5128116607666
2014-12-15,24.167865753173828
2014-12-16,24.308002471923828
2014-12-17,24.728395462036133
2014-12-18,25.11646842956543
2014-12-19,25.181148529052734
2014-12-22,25.27816390991211
2014-12-23,25.245830535888672
2014-12-24,25.23504066467285
2014-12-26,25.429080963134766
2014-12-29,25.421493530273438
2014-12-30,25.31293487548828
2014-12-31,25.041566848754883
2015-01-02,25.074132919311523
2015-01-05,24.694215774536133
2015-01-06,24.553115844726562
2015-01-07,24.694215774536133
2015-01-08,24.922164916992188
2015-01-09,24.911317825317383
2015-01-12,24.71592140197754
2015-01-13,24.726795196533203
2015-01-14,24.79189109802246
2015-01-15,24.737634658813477
2015-01-16,25.106679916381836
2015-01-20,24.95474624633789
2015-01-21,25.01985740661621
2015-01-22,25.269521713256836
2015-01-23,25.074132919311523
2015-01-26,25.280366897583008
2015-01-27,25.291215896606445
2015-01-28,25.008996963500977
2015-01-29,25.19353485107422
2015-01-30,24.878747940063477
2015-02-02,25.1406307220459
2015-02-03,25.686214447021484
2015-02-04,25.380699157714844
2015-02-05,25.708040237426758
2015-02-06,25.50070571899414
2015-02-09,25.457067489624023
2015-02-10,25.522537231445312
2015-02-11,25.457067489624023
2015-02-12,25.784412384033203
2015-02-13,25.937185287475586
2015-02-17,26.002662658691406
2015-02-18,26.013578414916992
2015-02-19,25.86078643798828
2015-02-20,25.959007263183594
2015-02-23,25.980833053588867
2015-02-24,26.002662658691406
2015-02-25,26.08995246887207
2015-02-26,25.87171745300293
2015-02-27,25.96993064880371
2015-03-02,25.960046768188477
2015-03-03,25.883277893066406
2015-03-04,25.69684410095215
2015-03-05,25.652965545654297
2015-03-06,25.17040252685547
2015-03-09,25.071678161621094
2015-03-10,24.742673873901367
2015-03-11,24.764596939086914
2015-03-12,25.0936336517334
2015-03-13,24.841358184814453
2015-03-16,25.03878402709961
2015-03-17,25.01685333251953
2015-03-18,25.510391235351562
2015-03-19,25.291027069091797
2015-03-20,25.75167465209961
2015-03-23,25.971040725708008
2015-03-24,25.960046768188477
2015-03-25,25.81747817993164
2015-03-26,25.63102912902832
2015-03-27,25.554256439208984
2015-03-30,25.554256439208984
2015-03-31,25.378772735595703
2015-04-01,25.512187957763672
2015-04-02,25.655502319335938
2015-04-06,25.931135177612305
2015-04-07,25.83191680908203
2015-04-08,25.942157745361328
2015-04-09,25.931135177612305
2015-04-10,25.95319366455078
2015-04-13,25.853961944580078
2015-04-14,26.030366897583008
2015-04-15,26.228809356689453
2015-04-16,26.40521812438965
2015-04-17,26.107545852661133
2015-04-20,26.217784881591797
2015-04-21,26.15165138244629
2015-04-22,26.283946990966797
2015-04-23,26.41624641418457
2015-04-24,26.658790588378906
2015-04-27,26.713911056518555
2015-04-28,26.83519744873047
2015-04-29,26.69187355041504
2015-04-30,26.449331283569336
2015-05-01,26.504722595214844
2015-05-04,26.549036026000977
2015-05-05,26.283126831054688
2015-05-06,26.116907119750977
2015-05-07,25.928529739379883
2015-05-08,26.349578857421875
2015-05-11,26.083662033081055
2015-05-12,26.105823516845703
2015-05-13,26.249860763549805
2015-05-14,26.449323654174805
2015-05-15,26.604459762573242
2015-05-18,26.393909454345703
2015-05-19,26.227705001831055
2015-05-20,26.249860763549805
2015-05-21,26.29419708251953
2015-05-22,26.16122055053711
2015-05-26,25.8066463470459
2015-05-27,25.928529739379883
2015-05-28,25.77341651916504
2015-05-29,25.5185546875
2015-06-01,25.541940689086914
2015-06-02,25.70903778076172
2015-06-03,25.6533203125
2015-06-04,25.2523250579834
2015-06-05,25.08523941040039
2015-06-08,25.02954864501953
2015-06-09,24.91815948486328
2015-06-10,25.218915939331055
2015-06-11,25.31916046142578
2015-06-12,25.196640014648438
2015-06-15,25.074094772338867
2015-06-16,25.230037689208984
2015-06-17,25.2523250579834
2015-06-18,25.553077697753906
2015-06-19,25.45282745361328
2015-06-22,25.619930267333984
2015-06-23,25.675622940063477
2015-06-24,25.553077697753906
2015-06-25,25.430559158325195
2015-06-26,25.230037689208984
2015-06-29,24.628543853759766
2015-06-30,24.6730899810791
2015-07-01,24.741416931152344
2015-07-02,24.808616638183594
2015-07-06,24.450218200683594
2015-07-07,24.53981590270996
2015-07-08,24.125408172607422
2015-07-09,24.226213455200195
2015-07-10,24.76381492614746
2015-07-13,24.76381492614746
2015-07-14,24.887020111083984
2015-07-15,24.853431701660156
2015-07-16,24.987817764282227
2015-07-17,24.92062759399414
2015-07-20,24.898218154907227
2015-07-21,24.853431701660156
2015-07-22,24.69660758972168
2015-07-23,24.472606658935547
2015-07-24,24.23740005493164
2015-07-27,24.147798538208008
2015-07-28,24.43901252746582
2015-07-29,24.629413604736328
2015-07-30,24.53981590270996
2015-07-31,24.584613800048828
2015-08-03,24.506908416748047
2015-08-04,24.551942825317383
2015-08-05,24.405542373657227
2015-08-06,24.270401000976562
2015-08-07,24.146509170532227
2015-08-10,24.41680145263672
2015-08-11,24.090190887451172
2015-08-12,24.112722396850586
2015-08-13,24.045141220092773
2015-08-14,24.123979568481445
2015-08-17,24.146509170532227
2015-08-18,24.033884048461914
2015-08-19,23.831153869628906
2015-08-20,23.47077178955078
2015-08-21,22.95269775390625
2015-08-24,22.051712036132812
2015-08-25,22.175582885742188
2015-08-26,22.682397842407227
2015-08-27,23.065311431884766
2015-08-28,23.132884979248047
2015-08-31,22.963951110839844
2015-09-01,22.421274185180664
2015-09-02,22.659196853637695
2015-09-03,22.636531829833984
2015-09-04,22.296659469604492
2015-09-08,22.965110778808594
2015-09-09,22.727174758911133
2015-09-10,22.829126358032227
2015-09-11,22.908451080322266
2015-09-14,22.851787567138672
2015-09-15,22.897113800048828
2015-09-16,23.203018188476562
2015-09-17,23.338956832885742
2015-09-18,23.05573272705078
2015-09-21,23.13502311706543
2015-09-22,22.738502502441406
2015-09-23,22.636531829833984
2015-09-24,22.693172454833984
2015-09-25,22.659196853637695
2015-09-28,22.10404396057129
2015-09-29,21.990747451782227
2015-09-30,22.26265525817871
2015-10-01,22.389202117919922
2015-10-02,22.6742000579834
2015-10-05,23.17577362060547
2015-10-06,23.26697540283203
2015-10-07,23.65456771850586
2015-10-08,23.8255615234375
2015-10-09,23.802766799926758
2015-10-12,23.757158279418945
2015-10-13,23.415172576904297
2015-10-14,23.5861759185791
2015-10-15,23.8255615234375
2015-10-16,23.871164321899414
2015-10-19,23.757158279418945
2015-10-20,23.8255615234375
2015-10-21,23.65456771850586
2015-10-22,23.848352432250977
2015-10-23,24.007966995239258
2015-10-26,23.882570266723633
2015-10-27,23.529170989990234
2015-10-28,23.597562789916992
2015-10-29,23.426578521728516
2015-10-30,23.494970321655273
2015-11-02,23.702512741088867
2015-11-03,23.78280258178711
2015-11-04,23.553451538085938
2015-11-05,23.530517578125
2015-11-06,23.301176071166992
2015-11-09,22.92276382446289
2015-11-10,22.980100631713867
2015-11-11,23.02596092224121
2015-11-12,22.785158157348633
2015-11-13,22.613162994384766
2015-11-16,22.92276382446289
2015-11-17,22.899816513061523
2015-11-18,23.163572311401367
2015-11-19,23.347049713134766
2015-11-20,23.369972229003906
2015-11-23,23.28970718383789
2015-11-24,23.32411003112793
2015-11-25,23.243850708007812
2015-11-27,23.31265640258789
2015-11-30,23.255311965942383
2015-12-01,23.475645065307617
2015-12-02,23.141109466552734
2015-12-03,23.083433151245117
2015-12-04,23.15264320373535
2015-12-07,22.91038703918457
2015-12-08,22.656604766845703
2015-12-09,22.63352394104004
2015-12-10,22.541236877441406
2015-12-11,22.04517936706543
2015-12-14,21.91828727722168
2015-12-15,22.160551071166992
2015-12-16,22.61045265197754
2015-12-17,22.425874710083008
2015-12-18,22.368200302124023
2015-12-21,22.483551025390625
2015-12-22,22.691204071044922
2015-12-23,22.945003509521484
2015-12-24,23.025747299194336
2015-12-28,22.898860931396484
2015-12-29,23.155349731445312
2015-12-30,22.981260299682617
2015-12-31,22.888410568237305
2016-01-04,22.598237991333008
2016-01-05,22.679481506347656
2016-01-06,22.354494094848633
2016-01-07,21.820594787597656
2016-01-08,21.623266220092773
2016-01-11,21.6464900970459
2016-01-12,21.588457107543945
2016-01-13,21.147401809692383
2016-01-14,21.286678314208984
2016-01-15,20.555448532104492
2016-01-19,20.59027862548828
2016-01-20,20.27690315246582
2016-01-21,20.416183471679688
2016-01-22,20.98490333557129
2016-01-25,20.625104904174805
2016-01-26,21.00811767578125
2016-01-27,20.857229232788086
2016-01-28,21.100982666015625
2016-01-29,21.472389221191406
2016-02-01,21.50860595703125
2016-02-02,21.06464385986328
2016-02-03,21.391780853271484
2016-02-04,21.43850326538086
2016-02-05,21.146425247192383
2016-02-08,20.819311141967773
2016-02-09,20.445449829101562
2016-02-10,20.39871597290039
2016-02-11,20.165058135986328
2016-02-12,20.457117080688477
2016-02-16,20.830991744995117
2016-02-17,21.251569747924805
2016-02-18,21.204843521118164
2016-02-19,21.204843521118164
2016-02-22,21.531978607177734
2016-02-23,21.298311233520508
2016-02-24,21.263256072998047
2016-02-25,21.485240936279297
2016-02-26,21.40345573425293
2016-02-29,21.54364585876465
2016-03-01,21.89763069152832
2016-03-02,22.14459991455078
2016-03-03,22.603260040283203
2016-03-04,22.885507583618164
2016-03-07,23.07366180419922
2016-03-08,22.650297164916992
2016-03-09,22.838468551635742
2016-03-10,22.74437141418457
2016-03-11,23.35589599609375
2016-03-14,23.191267013549805
2016-03-15,22.814939498901367
2016-03-16,23.308876037597656
2016-03-17,23.791038513183594
2016-03-18,23.720478057861328
2016-03-21,23.673431396484375
2016-03-22,23.70871925354004
2016-03-23,23.17951202392578
2016-03-24,23.155996322631836
2016-03-28,23.214797973632812
2016-03-29,23.602882385253906
2016-03-30,23.720478057861328
2016-03-31,23.744003295898438
2016-04-01,23.567712783813477
2016-04-04,23.30743408203125
2016-04-05,23.0826358795166
2016-04-06,23.29560661315918
2016-04-07,23.0826358795166
2016-04-08,23.342924118041992
2016-04-11,23.567712783813477
2016-04-12,23.94631004333496
2016-04-13,24.123788833618164
2016-04-14,24.1356143951416
2016-04-15,24.20659828186035
2016-04-18,24.301250457763672
2016-04-19,24.620697021484375
2016-04-20,24.620697021484375
2016-04-21,24.372236251831055
2016-04-22,24.49053955078125
2016-04-25,24.372236251831055
2016-04-26,24.608858108520508
2016-04-27,24.608858108520508
2016-04-28,24.49053955078125
2016-04-29,24.514223098754883
2016-05-02,24.563005447387695
2016-05-03,24.241683959960938
2016-05-04,24.182172775268555
2016-05-05,24.241683959960938
2016-05-06,24.372581481933594
2016-05-09,24.432092666625977
2016-05-10,24.67011833190918
2016-05-11,24.58681297302246
2016-05-12,24.563005447387695
2016-05-13,24.336889266967773
2016-05-16,24.58681297302246
2016-05-17,24.420196533203125
2016-05-18,24.06316566467285
2016-05-19,23.944164276123047
2016-05-20,24.170276641845703
2016-05-23,24.06316566467285
2016-05-24,24.22979164123535
2016-05-25,24.455894470214844
2016-05-26,24.491601943969727
2016-05-27,24.539207458496094
2016-05-31,24.539207458496094
2016-06-01,24.60025405883789
2016-06-02,24.64813232421875
2016-06-03,24.89952278137207
2016-06-06,25.007274627685547
2016-06-07,25.16288185119629
2016-06-08,25.318496704101562
2016-06-09,25.234712600708008
2016-06-10,24.815731048583984
2016-06-13,24.504491806030273
2016-06-14,24.30098533630371
2016-06-15,24.444625854492188
2016-06-16,24.492521286010742
2016-06-17,24.64813232421875
2016-06-20,24.959392547607422
2016-06-21,24.995281219482422
2016-06-22,24.88754653930664
2016-06-23,25.270627975463867
2016-06-24,24.253097534179688
2016-06-27,23.67850112915039
2016-06-28,24.26508140563965
2016-06-29,24.660104751586914
2016-06-30,24.911500930786133
2016-07-01,25.045143127441406
2016-07-05,24.62371826171875
2016-07-06,24.744125366210938
2016-07-07,24.599628448486328
2016-07-08,24.996986389160156
2016-07-11,25.225767135620117
2016-07-12,25.514747619628906
2016-07-13,25.50269889831543
2016-07-14,25.59903335571289
2016-07-15,25.550872802734375
2016-07-18,25.70740509033203
2016-07-19,25.59903335571289
2016-07-20,25.719449996948242
2016-07-21,25.695358276367188
2016-07-22,25.719449996948242
2016-07-25,25.647207260131836
2016-07-26,25.683332443237305
2016-07-27,25.635164260864258
2016-07-28,25.75555992126465
2016-07-29,26.068626403808594
2016-08-01,25.924531936645508
2016-08-02,25.730798721313477
2016-08-03,25.77924156188965
2016-08-04,25.88819694519043
2016-08-05,26.057729721069336
2016-08-08,26.15458869934082
2016-08-09,26.275680541992188
2016-08-10,26.287784576416016
2016-08-11,26.312026977539062
2016-08-12,26.239362716674805
2016-08-15,26.396772384643555
2016-08-16,26.263574600219727
2016-08-17,26.178815841674805
2016-08-18,26.227252960205078
2016-08-19,26.178815841674805
2016-08-22,26.190927505493164
2016-08-23,26.34835433959961
2016-08-24,26.178815841674805
2016-08-25,26.21514320373535
2016-08-26,25.972980499267578
2016-08-29,26.081945419311523
2016-08-30,26.057729721069336
2016-08-31,25.99720001220703
2016-09-01,25.986225128173828
2016-09-02,26.254133224487305
2016-09-06,26.473331451416016
2016-09-07,26.619441986083984
2016-09-08,26.619441986083984
2016-09-09,25.71832275390625
2016-09-12,25.876646041870117
2016-09-13,25.255592346191406
2016-09-14,25.328664779663086
2016-09-15,25.486968994140625
2016-09-16,25.401718139648438
2016-09-19,25.669633865356445
2016-09-20,25.669633865356445
2016-09-21,26.02275848388672
2016-09-22,26.35154914855957
2016-09-23,26.19322967529297
2016-09-26,26.095827102661133
2016-09-27,26.05929946899414
2016-09-28,26.32718849182129
2016-09-29,26.071481704711914
2016-09-30,26.144535064697266
2016-10-03,26.060035705566406
2016-10-04,25.655908584594727
2016-10-05,25.54569435119629
2016-10-06,25.386503219604492
2016-10-07,25.264039993286133
2016-10-10,25.45996856689453
2016-10-11,25.14156723022461
2016-10-12,25.239547729492188
2016-10-13,25.276277542114258
2016-10-14,25.300771713256836
2016-10-17,25.190547943115234
2016-10-18,25.496707916259766
2016-10-19,25.631418228149414
2016-10-20,25.54569435119629
2016-10-21,25.521198272705078
2016-10-24,25.54569435119629
2016-10-25,25.54569435119629
2016-10-26,25.362003326416016
2016-10-27,25.043594360351562
2016-10-28,24.921146392822266
2016-10-31,25.031349182128906
2016-11-01,24.749242782592773
2016-11-02,24.490543365478516
2016-11-03,24.453580856323242
2016-11-04,24.35503387451172
2016-11-07,24.749242782592773
2016-11-08,24.810829162597656
2016-11-09,24.79851722717285
2016-11-10,24.564441680908203
2016-11-11,24.564441680908203
2016-11-14,24.58909797668457
2016-11-15,24.786195755004883
2016-11-16,24.724611282348633
2016-11-17,24.749242782592773
2016-11-18,24.786195755004883
2016-11-21,24.995624542236328
2016-11-22,25.205066680908203
2016-11-23,25.11880874633789
2016-11-25,25.229684829711914
2016-11-28,25.180408477783203
2016-11-29,25.26664161682129
2016-11-30,25.180408477783203
2016-12-01,24.983367919921875
2016-12-02,25.04534149169922
2016-12-05,25.37993621826172
2016-12-06,25.541046142578125
2016-12-07,25.937589645385742
2016-12-08,26.036739349365234
2016-12-09,26.123493194580078
2016-12-12,25.949983596801758
2016-12-13,25.999549865722656
2016-12-14,25.52863883972168
2016-12-15,25.355167388916016
2016-12-16,25.52863883972168
2016-12-19,25.640169143676758
2016-12-20,25.764102935791016
2016-12-21,25.68975067138672
2016-12-22,25.652551651000977
2016-12-23,25.68975067138672
2016-12-27,25.726932525634766
2016-12-28,25.615997314453125
2016-12-29,25.890213012695312
2016-12-30,25.94007682800293
2017-01-03,26.23924446105957
2017-01-04,26.501001358032227
2017-01-05,26.588285446166992
2017-01-06,26.525951385498047
2017-01-09,26.43868064880371
2017-01-10,26.43868064880371
2017-01-11,26.55088233947754
2017-01-12,26.588285446166992
2017-01-13,26.61322021484375
2017-01-17,26.712921142578125
2017-01-18,26.61322021484375
2017-01-19,26.476091384887695
2017-01-20,26.588285446166992
2017-01-23,26.638120651245117
2017-01-24,26.812646865844727
2017-01-25,26.837568283081055
2017-01-26,26.825103759765625
2017-01-27,26.725379943847656
2017-01-30,26.513484954833984
2017-01-31,26.55088233947754
2017-02-01,26.514522552490234
2017-02-02,26.63988494873047
2017-02-03,26.84046173095703
2017-02-06,26.715103149414062
2017-02-07,26.527050018310547
2017-02-08,26.627338409423828
2017-02-09,26.802860260009766
2017-02-10,27.015981674194336
2017-02-13,27.041048049926758
2017-02-14,27.091201782226562
2017-02-15,27.116262435913086
2017-02-16,27.116262435913086
2017-02-17,27.091201782226562
2017-02-21,27.2165470123291
2017-02-22,27.166412353515625
2017-02-23,27.178953170776367
2017-02-24,26.978368759155273
2017-02-27,27.003429412841797
2017-02-28,26.940763473510742
2017-03-01,27.030256271362305
2017-03-02,26.72769546508789
2017-03-03,26.916824340820312
2017-03-06,26.702478408813477
2017-03-07,26.589014053344727
2017-03-08,26.185571670532227
2017-03-09,25.958646774291992
2017-03-10,26.198179244995117
2017-03-13,26.32425308227539
2017-03-14,26.097312927246094
2017-03-15,26.601621627807617
2017-03-16,26.639448165893555
2017-03-17,26.72769546508789
2017-03-20,26.702478408813477
2017-03-21,26.551177978515625
2017-03-22,26.425119400024414
2017-03-23,26.47553825378418
2017-03-24,26.525970458984375
2017-03-27,26.425119400024414
2017-03-28,26.65205192565918
2017-03-29,26.916824340820312
2017-03-30,26.979833602905273
2017-03-31,27.030256271362305
2017-04-03,26.980825424194336
2017-04-04,26.993501663208008
2017-04-05,26.81600570678711
2017-04-06,26.968141555786133
2017-04-07,26.879398345947266
2017-04-10,27.056901931762695
2017-04-11,27.221721649169922
2017-04-12,27.196359634399414
2017-04-13,27.120288848876953
2017-04-17,27.411903381347656
2017-04-18,27.348508834838867
2017-04-19,27.209056854248047
2017-04-20,27.29779624938965
2017-04-21,27.348508834838867
2017-04-24,27.411903381347656
2017-04-25,27.56405258178711
2017-04-26,27.513338088989258
2017-04-27,27.589414596557617
2017-04-28,27.437265396118164
2017-05-01,27.64254379272461
2017-05-02,27.64254379272461
2017-05-03,27.298276901245117
2017-05-04,26.90302848815918
2017-05-05,27.158050537109375
2017-05-08,27.030529022216797
2017-05-09,26.90302848815918
2017-05-10,27.0560245513916
2017-05-11,26.954021453857422
2017-05-12,26.877527236938477
2017-05-15,27.017778396606445
2017-05-16,27.08152961730957
2017-05-17,26.775531768798828
2017-05-18,26.788272857666016
2017-05-19,27.170778274536133
2017-05-22,27.298276901245117
2017-05-23,27.298276901245117
2017-05-24,27.425798416137695
2017-05-25,27.311046600341797
2017-05-26,27.209049224853516
2017-05-30,27.18354034423828
2017-05-31,27.132518768310547
2017-06-01,27.518510818481445
2017-06-02,27.569805145263672
2017-06-05,27.403108596801758
2017-06-06,27.300527572631836
2017-06-07,27.27486801147461
2017-06-08,27.441572189331055
2017-06-09,27.518510818481445
2017-06-12,27.646743774414062
2017-06-13,27.813440322875977
2017-06-14,27.851905822753906
2017-06-15,27.774965286254883
2017-06-16,27.91602325439453
2017-06-19,28.031431198120117
2017-06-20,27.774965286254883
2017-06-21,27.595439910888672
2017-06-22,27.72368049621582
2017-06-23,27.8647403717041
2017-06-26,28.01861572265625
2017-06-27,27.82627296447754
2017-06-28,28.069902420043945
2017-06-29,27.813440322875977
2017-06-30,27.80061912536621
2017-07-03,28.046911239624023
2017-07-05,27.879281997680664
2017-07-06,27.62138557434082
2017-07-07,27.67296028137207
2017-07-10,27.608488082885742
2017-07-11,27.608488082885742
2017-07-12,27.789011001586914
2017-07-13,27.789011001586914
2017-07-14,28.11139488220215
2017-07-17,28.137191772460938
2017-07-18,28.059818267822266
2017-07-19,28.27902603149414
2017-07-20,28.25324821472168
2017-07-21,28.240354537963867
2017-07-24,28.188758850097656
2017-07-25,28.25324821472168
2017-07-26,28.356401443481445
2017-07-27,28.317707061767578
2017-07-28,28.317707061767578
2017-07-31,28.369300842285156
2017-08-01,28.40949821472168
2017-08-02,28.253894805908203
2017-08-03,28.111268997192383
2017-08-04,28.02051544189453
2017-08-07,28.150161743164062
2017-08-08,28.124231338500977
2017-08-09,28.033470153808594
2017-08-10,27.748205184936523
2017-08-11,27.67041015625
2017-08-14,27.942699432373047
2017-08-15,27.787097930908203
2017-08-16,27.981603622436523
2017-08-17,27.657426834106445
2017-08-18,27.722257614135742
2017-08-21,27.851943969726562
2017-08-22,27.981603622436523
2017-08-23,27.99457359313965
2017-08-24,28.04643440246582
2017-08-25,28.22795295715332
2017-08-28,28.253894805908203
2017-08-29,28.150161743164062
2017-08-30,28.04643440246582
2017-08-31,28.214998245239258
2017-09-01,28.385799407958984
2017-09-05,28.190216064453125
2017-09-06,28.30756187438965
2017-09-07,28.477073669433594
2017-09-08,28.424915313720703
2017-09-11,28.65963363647461
2017-09-12,28.62050437927246
2017-09-13,28.490121841430664
2017-09-14,28.542266845703125
2017-09-15,28.65963363647461
2017-09-18,28.7117862701416
2017-09-19,28.672670364379883
2017-09-20,28.646587371826172
2017-09-21,28.555313110351562
2017-09-22,28.646587371826172
2017-09-25,28.581392288208008
2017-09-26,28.555313110351562
2017-09-27,28.52924346923828
2017-09-28,28.6335391998291
2017-09-29,28.7117862701416
2017-10-02,28.80486488342285
2017-10-03,28.93596839904785
2017-10-04,28.922876358032227
2017-10-05,28.975311279296875
2017-10-06,28.857315063476562
2017-10-09,28.857315063476562
2017-10-10,29.05398178100586
2017-10-11,29.080204010009766
2017-10-12,29.119531631469727
2017-10-13,29.342416763305664
2017-10-16,29.263742446899414
2017-10-17,29.237525939941406
2017-10-18,29.237525939941406
2017-10-19,29.18507957458496
2017-10-20,29.05398178100586
2017-10-23,28.84419822692871
2017-10-24,28.87042999267578
2017-10-25,28.595090866088867
2017-10-26,28.359098434448242
2017-10-27,28.43775749206543
2017-10-30,28.31975555419922
2017-10-31,28.21487045288086
2017-11-01,28.308481216430664
2017-11-02,28.282114028930664
2017-11-03,28.071157455444336
2017-11-06,28.05797576904297
2017-11-07,28.044782638549805
2017-11-08,28.202993392944336
2017-11-09,28.1502685546875
2017-11-10,28.03159523010254
2017-11-13,27.952491760253906
2017-11-14,27.926116943359375
2017-11-15,27.75471305847168
2017-11-16,28.005226135253906
2017-11-17,27.99204444885254
2017-11-20,28.05797576904297
2017-11-21,28.242557525634766
2017-11-22,28.37440299987793
2017-11-24,28.40077781677246
2017-11-27,28.242557525634766
2017-11-28,28.38759994506836
2017-11-29,28.33485221862793
2017-11-30,28.308481216430664
2017-12-01,28.352249145507812
2017-12-04,28.272682189941406
2017-12-05,28.193111419677734
2017-12-06,28.06049346923828
2017-12-07,28.03398895263672
2017-12-08,28.24616050720215
2017-12-11,28.272682189941406
2017-12-12,28.285951614379883
2017-12-13,28.511377334594727
2017-12-14,28.445070266723633
2017-12-15,28.723569869995117
2017-12-18,28.856176376342773
2017-12-19,28.56441879272461
2017-12-20,28.60420799255371
2017-12-21,28.7766056060791
2017-12-22,28.82965660095215
2017-12-26,28.9224796295166
2017-12-27,28.93575096130371
2017-12-28,29.126447677612305
2017-12-29,29.046428680419922
2018-01-02,29.27315330505371
2018-01-03,29.219789505004883
2018-01-04,29.259807586669922
2018-01-05,29.43317413330078
2018-01-08,29.539871215820312
2018-01-09,29.393178939819336
2018-01-10,29.259807586669922
2018-01-11,29.40650749206543
2018-01-12,29.379831314086914
2018-01-16,29.33982276916504
2018-01-17,29.593212127685547
2018-01-18,29.393178939819336
2018-01-19,29.57988929748535
2018-01-22,29.84660530090332
2018-01-23,29.88660430908203
2018-01-24,29.95329475402832
2018-01-25,29.939945220947266
2018-01-26,30.073326110839844
2018-01-29,29.646556854248047
2018-01-30,29.40650749206543
2018-01-31,29.55320167541504
2018-02-01,29.47319984436035
2018-02-02,28.93973731994629
2018-02-05,28.018310546875
2018-02-06,28.299968719482422
2018-02-07,28.031709671020508
2018-02-08,27.361099243164062
2018-02-09,27.535480499267578
2018-02-12,27.830543518066406
2018-02-13,28.018310546875
2018-02-14,28.219478607177734
2018-02-15,28.581623077392578
2018-02-16,28.595041275024414
2018-02-20,28.179262161254883
2018-02-21,28.058555603027344
2018-02-22,28.232906341552734
2018-02-23,28.51455307006836
2018-02-26,28.621856689453125
2018-02-27,27.97807502746582
2018-02-28,27.736656188964844
2018-03-01,27.6964168548584
2018-03-02,27.817115783691406
2018-03-05,28.158479690551758
2018-03-06,28.198944091796875
2018-03-07,28.23944091796875
2018-03-08,28.171981811523438
2018-03-09,28.387834548950195
2018-03-12,28.52277946472168
2018-03-13,28.387834548950195
2018-03-14,28.374357223510742
2018-03-15,28.144989013671875
2018-03-16,28.23944091796875
2018-03-19,28.064041137695312
2018-03-20,27.99658203125
2018-03-21,28.144989013671875
2018-03-22,27.821163177490234
2018-03-23,27.456876754760742
2018-03-26,27.83468246459961
2018-03-27,27.60530662536621
2018-03-28,27.780698776245117
2018-03-29,27.94260597229004
2018-04-02,27.564828872680664
2018-04-03,27.83468246459961
2018-04-04,28.055908203125
2018-04-05,28.191633224487305
2018-04-06,28.069482803344727
2018-04-09,27.87945556640625
2018-04-10,28.137351989746094
2018-04-11,28.17806625366211
2018-04-12,28.01519203186035
2018-04-13,27.94731903076172
2018-04-16,28.08306884765625
2018-04-17,28.232362747192383
2018-04-18,28.354528427124023
2018-04-19,28.1237850189209
2018-04-20,27.87945556640625
2018-04-23,27.798023223876953
2018-04-24,27.798023223876953
2018-04-25,27.82518196105957
2018-04-26,28.055908203125
2018-04-27,28.32737922668457
2018-04-30,28.16449546813965
2018-05-01,28.01519203186035
2018-05-02,28.16449546813965
2018-05-03,28.257387161254883
2018-05-04,28.434913635253906
2018-05-07,28.544189453125
2018-05-08,28.38027000427246
2018-05-09,28.475894927978516
2018-05-10,28.708065032958984
2018-05-11,28.735383987426758
2018-05-14,28.61247444152832
2018-05-15,28.32565689086914
2018-05-16,28.366622924804688
2018-05-17,28.366622924804688
2018-05-18,28.311988830566406
2018-05-21,28.61247444152832
2018-05-22,28.626129150390625
2018-05-23,28.680747985839844
2018-05-24,28.61247444152832
2018-05-25,28.503210067749023
2018-05-29,28.33931541442871
2018-05-30,28.680747985839844
2018-05-31,28.516874313354492
2018-06-01,28.557836532592773
2018-06-04,28.7763671875
2018-06-05,28.671899795532227
2018-06-06,28.823097229003906
2018-06-07,28.754364013671875
2018-06-08,28.86431884765625
2018-06-11,28.933040618896484
2018-06-12,28.946794509887695
2018-06-13,28.754364013671875
2018-06-14,28.809350967407227
2018-06-15,28.740625381469727
2018-06-18,28.850576400756836
2018-06-19,28.795597076416016
2018-06-20,28.919296264648438
2018-06-21,28.86431884765625
2018-06-22,29.070510864257812
2018-06-25,28.891822814941406
2018-06-26,28.809350967407227
2018-06-27,28.548185348510742
2018-06-28,28.754364013671875
2018-06-29,28.823097229003906
2018-07-02,28.589412689208984
2018-07-03,28.86431884765625
2018-07-05,29.272411346435547
2018-07-06,29.507606506347656
2018-07-09,29.54910659790039
2018-07-10,29.507606506347656
2018-07-11,29.258596420288086
2018-07-12,29.313922882080078
2018-07-13,29.203250885009766
2018-07-16,29.134098052978516
2018-07-17,29.06491470336914
2018-07-18,28.954238891601562
2018-07-19,29.05107879638672
2018-07-20,29.05107879638672
2018-07-23,29.023418426513672
2018-07-24,28.98191261291504
2018-07-25,29.161766052246094
2018-07-26,29.05107879638672
2018-07-27,28.87124252319336
2018-07-30,29.05107879638672
2018-07-31,29.189414978027344
2018-08-01,29.05107879638672
2018-08-02,28.940401077270508
2018-08-03,28.98914337158203
2018-08-06,28.919519424438477
2018-08-07,28.849916458129883
2018-08-08,28.808128356933594
2018-08-09,28.65496826171875
2018-08-10,28.40434455871582
2018-08-13,28.376506805419922
2018-08-14,28.613208770751953
2018-08-15,28.529661178588867
2018-08-16,28.710664749145508
2018-08-17,28.947368621826172
2018-08-20,29.016984939575195
2018-08-21,29.21192169189453
2018-08-22,29.14229965209961
2018-08-23,28.933452606201172
2018-08-24,29.016984939575195
2018-08-27,29.016984939575195
2018-08-28,29.11445426940918
2018-08-29,29.14229965209961
2018-08-30,28.90560531616211
2018-08-31,28.82205581665039
2018-09-04,28.43219566345215
2018-09-05,28.65496826171875
2018-09-06,28.54984474182129
2018-09-07,28.367650985717773
2018-09-10,28.39569854736328
2018-09-11,28.465768814086914
2018-09-12,28.535856246948242
2018-09-13,28.661975860595703
2018-09-14,28.49379539489746
2018-09-17,28.507810592651367
2018-09-18,28.507810592651367
2018-09-19,28.40968894958496
2018-09-20,28.633955001831055
2018-09-21,28.675989151000977
2018-09-24,28.507810592651367
2018-09-25,28.47977066040039
2018-09-26,28.297574996948242
2018-09-27,28.47977066040039
2018-09-28,28.605918884277344
2018-10-01,28.40968894958496
2018-10-02,28.32560157775879
2018-10-03,28.191570281982422
2018-10-04,27.796478271484375
2018-10-05,27.754154205322266
2018-10-08,27.965801239013672
2018-10-09,28.008129119873047
2018-10-10,27.542509078979492
2018-10-11,27.090999603271484
2018-10-12,26.964012145996094
2018-10-15,27.133325576782227
2018-10-16,27.613059997558594
2018-10-17,27.584848403930664
2018-10-18,27.38730239868164
2018-10-19,27.415512084960938
2018-10-22,27.23208999633789
2018-10-23,27.133325576782227
2018-10-24,26.7946834564209
2018-10-25,27.076875686645508
2018-10-26,26.724130630493164
2018-10-29,26.724130630493164
2018-10-30,26.992219924926758
2018-10-31,26.94988250732422
2018-11-01,27.246196746826172
2018-11-02,27.175657272338867
2018-11-05,27.438528060913086
2018-11-06,27.395896911621094
2018-11-07,27.765352249145508
2018-11-08,27.56641387939453
2018-11-09,27.523780822753906
2018-11-12,27.21117401123047
2018-11-13,27.22538948059082
2018-11-14,27.140119552612305
2018-11-15,26.95539665222168
2018-11-16,27.08328628540039
2018-11-19,26.941181182861328
2018-11-20,26.671215057373047
2018-11-21,26.82752227783203
2018-11-23,26.699630737304688
2018-11-26,26.884347915649414
2018-11-27,26.941181182861328
2018-11-28,27.268009185791016
2018-11-29,27.296428680419922
2018-11-30,27.239599227905273
2018-12-03,27.310630798339844
2018-12-04,26.713850021362305
2018-12-06,26.907062530517578
2018-12-07,26.6923770904541
2018-12-10,26.348876953125
2018-12-11,26.334569931030273
2018-12-12,26.334569931030273
2018-12-13,26.406126022338867
2018-12-14,26.177133560180664
2018-12-17,25.447202682495117
2018-12-18,25.40428352355957
2018-12-19,25.07508659362793
2018-12-20,24.71727752685547
2018-12-21,24.273591995239258
2018-12-24,23.87286949157715
2018-12-26,24.70297622680664
2018-12-27,24.617101669311523
2018-12-28,24.710851669311523
2018-12-31,24.66758155822754
2019-01-02,24.92723846435547
2019-01-03,24.97051429748535
2019-01-04,25.6773624420166
2019-01-07,25.95146369934082
2019-01-08,26.26881980895996
2019-01-09,26.44191551208496
2019-01-10,26.600605010986328
2019-01-11,26.62944793701172
2019-01-14,26.528465270996094
2019-01-15,26.571748733520508
2019-01-16,26.75929069519043
2019-01-17,26.860258102416992
2019-01-18,26.990074157714844
2019-01-22,26.687150955200195
2019-01-23,26.8458309173584
2019-01-24,26.946805953979492
2019-01-25,27.278606414794922
2019-01-28,27.350719451904297
2019-01-29,27.365154266357422
2019-01-30,27.55267333984375
2019-01-31,27.696941375732422
2019-02-01,27.56709861755371
2019-02-04,27.725778579711914
2019-02-05,27.878332138061523
2019-02-06,27.70398712158203
2019-02-07,27.63136100769043
2019-02-08,27.63136100769043
2019-02-11,27.573244094848633
2019-02-12,27.573244094848633
2019-02-13,27.457027435302734
2019-02-14,27.326274871826172
2019-02-15,27.500608444213867
2019-02-19,27.48607635498047
2019-02-20,27.340810775756836
2019-02-21,27.180986404418945
2019-02-22,27.457027435302734
2019-02-25,27.384395599365234
2019-02-26,27.326274871826172
2019-02-27,27.21006202697754
2019-02-28,27.108369827270508
2019-03-01,26.93403434753418
2019-03-04,26.904985427856445
2019-03-05,26.92692756652832
2019-03-06,26.67816162109375
2019-03-07,26.458637237548828
2019-03-08,26.502540588378906
2019-03-11,26.809864044189453
2019-03-12,26.824485778808594
2019-03-13,26.985464096069336
2019-03-14,26.941574096679688
2019-03-15,27.014732360839844
2019-03-18,27.204980850219727
2019-03-19,27.08790397644043
2019-03-20,26.941574096679688
2019-03-21,26.92692756652832
2019-03-22,26.473262786865234
2019-03-25,26.444005966186523
2019-03-26,26.590335845947266
2019-03-27,26.502540588378906
2019-03-28,26.561077117919922
2019-03-29,26.61960792541504
2019-04-01,26.941574096679688
2019-04-02,26.8537654876709
2019-04-03,26.905357360839844
2019-04-04,26.861125946044922
2019-04-05,26.964336395263672
2019-04-08,26.875885009765625
2019-04-09,26.669471740722656
2019-04-10,26.905357360839844
2019-04-11,26.802169799804688
2019-04-12,26.846399307250977
2019-04-15,26.831642150878906
2019-04-16,26.669471740722656
2019-04-17,26.581026077270508
2019-04-18,26.551536560058594
2019-04-22,26.463085174560547
2019-04-23,26.53680419921875
2019-04-24,26.44832992553711
2019-04-25,26.2419376373291
2019-04-26,26.330402374267578
2019-04-29,26.330402374267578
2019-04-30,26.31565284729004
2019-05-01,26.227197647094727
2019-05-02,26.15349006652832
2019-05-03,26.428312301635742
2019-05-06,26.16091537475586
2019-05-07,25.923221588134766
2019-05-08,25.878643035888672
2019-05-09,25.7746639251709
2019-05-10,25.982650756835938
2019-05-13,25.507251739501953
2019-05-14,25.685523986816406
2019-05-15,25.759809494018555
2019-05-16,25.670677185058594
2019-05-17,25.432973861694336
2019-05-20,25.373563766479492
2019-05-21,25.61125373840332
2019-05-22,25.447847366333008
2019-05-23,25.21014404296875
2019-05-24,25.299274444580078
2019-05-28,25.180435180664062
2019-05-29,25.031879425048828
2019-05-30,25.076446533203125
2019-05-31,25.031879425048828
2019-06-03,25.031879425048828
2019-06-04,25.388404846191406
2019-06-05,25.29109764099121
2019-06-06,25.35098648071289
2019-06-07,25.425853729248047
2019-06-10,25.545642852783203
2019-06-11,25.605539321899414
2019-06-12,25.425853729248047
2019-06-13,25.530683517456055
2019-06-14,25.380922317504883
2019-06-17,25.395898818969727
2019-06-18,25.665428161621094
2019-06-19,25.785228729248047
2019-06-20,25.919994354248047
2019-06-21,25.75527572631836
2019-06-24,25.665428161621094
2019-06-25,25.4558048248291
2019-06-26,25.44082260131836
2019-06-27,25.63548469543457
2019-06-28,25.77025032043457
2019-07-01,25.815183639526367
2019-07-02,25.77025032043457
2019-07-03,25.996566772460938
2019-07-05,26.11727523803711
2019-07-08,26.072011947631836
2019-07-09,25.966392517089844
2019-07-10,26.102195739746094
2019-07-11,26.102195739746094
2019-07-12,26.222904205322266
2019-07-15,26.177623748779297
2019-07-16,26.041831970214844
2019-07-17,25.95130157470703
2019-07-18,26.041831970214844
2019-07-19,25.93621826171875
2019-07-22,25.981481552124023
2019-07-23,25.996566772460938
2019-07-24,26.132362365722656
2019-07-25,25.92111587524414
2019-07-26,26.011672973632812
2019-07-29,25.981481552124023
2019-07-30,25.86077308654785
2019-07-31,25.709909439086914
2019-08-01,25.3477840423584
2019-08-02,25.287437438964844
2019-08-05,24.610977172851562
2019-08-06,24.641387939453125
2019-08-07,24.702184677124023
2019-08-08,25.02141761779785
2019-08-09,24.79339599609375
2019-08-12,24.59577178955078
2019-08-13,24.73259162902832
2019-08-14,24.139741897583008
2019-08-15,24.094127655029297
2019-08-16,24.39816665649414
2019-08-19,24.641387939453125
2019-08-20,24.550168991088867
2019-08-21,24.74779510498047
2019-08-22,24.83900260925293
2019-08-23,24.474163055419922
2019-08-26,24.550168991088867
2019-08-27,24.352563858032227
2019-08-28,24.443763732910156
2019-08-29,24.65657615661621
2019-08-30,24.717390060424805
2019-09-03,24.580575942993164
2019-09-04,24.930208206176758
2019-09-05,25.19826316833496
2019-09-06,25.336130142211914
2019-09-09,25.581214904785156
2019-09-10,25.76504135131836
2019-09-11,26.056079864501953
2019-09-12,26.132678985595703
2019-09-13,26.193946838378906
2019-09-16,26.301176071166992
2019-09-17,26.25521469116211
2019-09-18,26.147998809814453
2019-09-19,26.132678985595703
2019-09-20,26.147998809814453
2019-09-23,26.178627014160156
2019-09-24,26.040771484375
2019-09-25,26.071399688720703
2019-09-26,26.071399688720703
2019-09-27,25.948862075805664
2019-09-30,25.99480628967285
2019-10-01,25.703773498535156
2019-10-02,25.35146713256836
2019-10-03,25.43169593811035
2019-10-04,25.63231658935547
2019-10-07,25.47799301147461
2019-10-08,25.27738380432129
2019-10-09,25.32367706298828
2019-10-10,25.586015701293945
2019-10-11,26.048974990844727
2019-10-14,25.940942764282227
2019-10-15,26.033544540405273
2019-10-16,26.07982635498047
2019-10-17,26.311315536499023
2019-10-18,26.342182159423828
2019-10-21,26.5582275390625
2019-10-22,26.619956970214844
2019-10-23,26.77426528930664
2019-10-24,26.573652267456055
2019-10-25,26.542797088623047
2019-10-28,26.68168067932129
2019-10-29,26.66623878479004
2019-10-30,26.68168067932129
2019-10-31,26.604522705078125
2019-11-01,26.75884246826172
2019-11-04,26.82056999206543
2019-11-05,26.777048110961914
2019-11-06,26.683805465698242
2019-11-07,26.82367515563965
2019-11-08,26.83920669555664
2019-11-11,26.83920669555664
2019-11-12,26.761510848999023
2019-11-13,26.57501792907715
2019-11-14,26.559473037719727
2019-11-15,26.652721405029297
2019-11-18,26.668272018432617
2019-11-19,26.668272018432617
2019-11-20,26.543935775756836
2019-11-21,26.435142517089844
2019-11-22,26.481781005859375
2019-11-25,26.637176513671875
2019-11-26,26.606098175048828
2019-11-27,26.714879989624023
2019-11-29,26.683805465698242
2019-12-02,26.668272018432617
2019-12-03,26.559473037719727
2019-12-04,26.73478889465332
2019-12-05,26.656518936157227
2019-12-06,26.828697204589844
2019-12-09,26.938278198242188
2019-12-10,26.922622680664062
2019-12-11,26.922622680664062
2019-12-12,27.032182693481445
2019-12-13,27.173067092895508
2019-12-16,27.470470428466797
2019-12-17,27.423494338989258
2019-12-18,27.486122131347656
2019-12-19,27.595691680908203
2019-12-20,27.626989364624023
2019-12-23,27.658292770385742
2019-12-24,27.70525550842285
2019-12-26,27.8148250579834
2019-12-27,27.908735275268555
2019-12-30,27.88037872314453
2019-12-31,27.88037872314453
2020-01-02,28.006450653076172
2020-01-03,27.911893844604492
2020-01-06,27.911893844604492
2020-01-07,27.848848342895508
2020-01-08,27.80156135559082
2020-01-09,27.833084106445312
2020-01-10,27.911893844604492
2020-01-13,28.164060592651367
2020-01-14,28.227109909057617
2020-01-15,28.290143966674805
2020-01-16,28.384706497192383
2020-01-17,28.44775390625
2020-01-21,28.227109909057617
2020-01-22,28.148298263549805
2020-01-23,28.053730010986328
2020-01-24,27.817323684692383
2020-01-27,27.407554626464844
2020-01-28,27.53363609313965
2020-01-29,27.502117156982422
2020-01-30,27.439067840576172
2020-01-31,27.0135440826416
2020-02-03,27.029308319091797
2020-02-04,27.407554626464844
2020-02-05,27.585315704345703
2020-02-06,27.410730361938477
2020-02-07,27.061555862426758
2020-02-10,27.109161376953125
2020-02-11,27.25201416015625
2020-02-12,27.474205017089844
2020-02-13,27.410730361938477
2020-02-14,27.394859313964844
2020-02-18,27.315488815307617
2020-02-19,27.299619674682617
2020-02-20,27.315488815307617
2020-02-21,27.23613166809082
2020-02-24,26.363195419311523
2020-02-25,25.553726196289062
2020-02-26,25.474355697631836
2020-02-27,24.601411819458008
2020-02-28,24.125253677368164
2020-03-02,24.537918090820312
2020-03-03,24.34744644165039
2020-03-04,24.83062744140625
2020-03-05,24.110668182373047
2020-03-06,23.534698486328125
2020-03-09,21.038837432861328
2020-03-10,21.82279396057129
2020-03-11,20.542865753173828
2020-03-12,17.61502456665039
2020-03-13,18.350980758666992
2020-03-16,16.01511573791504
2020-03-17,15.791131019592285
2020-03-18,13.567256927490234
2020-03-19,13.807235717773438
2020-03-20,13.823241233825684
2020-03-23,12.959283828735352
2020-03-24,13.743239402770996
2020-03-25,14.655181884765625
2020-03-26,15.823126792907715
2020-03-27,15.087163925170898
2020-03-30,14.799189567565918
2020-03-31,14.911178588867188
2020-04-01,14.127220153808594
2020-04-02,14.271212577819824
2020-04-03,13.613937377929688
2020-04-06,14.502147674560547
2020-04-07,14.8251371383667
2020-04-08,15.390364646911621
2020-04-09,16.230131149291992
2020-04-13,15.987894058227539
2020-04-14,16.278581619262695
2020-04-15,15.471115112304688
2020-04-16,15.325770378112793
2020-04-17,15.77795124053955
2020-04-20,15.454964637756348
2020-04-21,15.099678993225098
2020-04-22,15.196565628051758
2020-04-23,15.374216079711914
2020-04-24,15.358064651489258
2020-04-27,15.648754119873047
2020-04-28,15.987894058227539
2020-04-29,16.85995864868164
2020-04-30,16.69846534729004
2020-05-01,16.004043579101562
2020-05-04,16.052488327026367
2020-05-05,16.141983032226562
2020-05-06,15.865360260009766
2020-05-07,16.011810302734375
2020-05-08,16.451152801513672
2020-05-11,16.141983032226562
2020-05-12,15.849088668823242
2020-05-13,15.393468856811523
2020-05-14,15.5399169921875
2020-05-15,15.507372856140137
2020-05-18,16.304706573486328
2020-05-19,16.255889892578125
2020-05-20,16.581336975097656
2020-05-21,16.565065383911133
2020-05-22,16.516246795654297
2020-05-26,17.13458251953125
2020-05-27,17.443758010864258
2020-05-28,17.362396240234375
2020-05-29,17.085769653320312
2020-06-01,17.622758865356445
2020-06-02,17.997024536132812
2020-06-03,18.775218963623047
2020-06-04,18.791601181030273
2020-06-05,19.610763549804688
2020-06-08,20.413545608520508
2020-06-09,19.840129852294922
2020-06-10,19.51246452331543
2020-06-11,18.15266227722168
2020-06-12,18.660537719726562
2020-06-15,18.578622817993164
2020-06-16,18.67691993713379
2020-06-17,18.611387252807617
2020-06-18,18.562240600585938
2020-06-19,18.463939666748047
2020-06-22,18.529476165771484
2020-06-23,18.67691993713379
2020-06-24,18.13626480102539
2020-06-25,18.34925079345703
2020-06-26,17.95606231689453
2020-06-29,18.119890213012695
2020-06-30,18.05435562133789
2020-07-01,18.169036865234375
2020-07-02,18.382017135620117
2020-07-06,18.8110408782959
2020-07-07,18.4315185546875
2020-07-08,18.613037109375
2020-07-09,18.316022872924805
2020-07-10,18.365522384643555
2020-07-13,18.332517623901367
2020-07-14,18.547029495239258
2020-07-15,18.7120361328125
2020-07-16,18.646038055419922
2020-07-17,18.58003044128418
2020-07-20,18.646038055419922
2020-07-21,18.827543258666992
2020-07-22,18.87704849243164
2020-07-23,18.62952995300293
2020-07-24,18.613037109375
2020-07-27,18.745040893554688
2020-07-28,18.662538528442383
2020-07-29,18.76154327392578
2020-07-30,18.596529006958008
2020-07-31,18.365522384643555
2020-08-03,18.448026657104492
2020-08-04,18.679031372070312
2020-08-05,18.861839294433594
2020-08-06,18.81197738647461
2020-08-07,18.69565773010254
2020-08-10,18.928308486938477
2020-08-11,18.99477767944336
2020-08-12,19.111114501953125
2020-08-13,19.01140785217285
2020-08-14,19.111114501953125
2020-08-17,19.111114501953125
2020-08-18,19.061254501342773
2020-08-19,18.911691665649414
2020-08-20,18.928308486938477
2020-08-21,18.8452205657959
2020-08-24,19.111114501953125
2020-08-25,19.02802276611328
2020-08-26,18.928308486938477
2020-08-27,18.778751373291016
2020-08-28,18.99477767944336
2020-08-31,18.7288875579834
2020-09-01,18.795372009277344
2020-09-02,18.745512008666992
2020-09-03,18.527929306030273
2020-09-04,18.578147888183594
2020-09-08,18.226661682128906
2020-09-09,18.594873428344727
2020-09-10,18.209924697875977
2020-09-11,18.276872634887695
2020-09-14,18.527929306030273
2020-09-15,18.661827087402344
2020-09-16,18.69529914855957
2020-09-17,18.69529914855957
2020-09-18,18.54467010498047
2020-09-21,18.0927677154541
2020-09-22,18.042556762695312
2020-09-23,17.657604217529297
2020-09-24,17.691068649291992
2020-09-25,17.640865325927734
2020-09-28,17.942129135131836
2020-09-29,17.908658981323242
2020-09-30,18.00908088684082
2020-10-01,18.0927677154541
2020-10-02,18.159717559814453
2020-10-05,18.277746200561523
2020-10-06,18.244014739990234
2020-10-07,18.294605255126953
2020-10-08,18.58124351501465
2020-10-09,18.68242073059082
2020-10-12,18.699281692504883
2020-10-13,18.547527313232422
2020-10-14,18.56439208984375
2020-10-15,18.547527313232422
2020-10-16,18.547527313232422
2020-10-19,18.48008155822754
2020-10-20,18.547527313232422
2020-10-21,18.58124351501465
2020-10-22,18.665550231933594
2020-10-23,18.800447463989258
2020-10-26,18.530672073364258
2020-10-27,18.41263771057129
2020-10-28,17.88993263244629
2020-10-29,17.991090774536133
2020-10-30,17.92365074157715
2020-11-02,18.176570892333984
2020-11-03,18.530672073364258
2020-11-04,18.641010284423828
2020-11-05,18.997535705566406
2020-11-06,18.997535705566406
2020-11-09,19.523826599121094
2020-11-10,20.016172409057617
2020-11-11,20.033159255981445
2020-11-12,19.6766300201416
2020-11-13,19.93128776550293
2020-11-16,20.3387451171875
2020-11-17,20.406644821166992
2020-11-18,20.287805557250977
2020-11-19,20.406644821166992
2020-11-20,20.423629760742188
2020-11-23,20.627357482910156
2020-11-24,21.051782608032227
2020-11-25,21.08574104309082
2020-11-27,21.187604904174805
2020-11-30,20.797121047973633
2020-12-01,21.170621871948242
2020-12-02,21.35738182067871
2020-12-03,21.58794593811035
2020-12-04,21.792888641357422
2020-12-07,21.775815963745117
2020-12-08,21.844127655029297
2020-12-09,21.775815963745117
2020-12-10,21.963682174682617
2020-12-11,21.912443161010742
2020-12-14,21.94660758972168
2020-12-15,22.185710906982422
2020-12-16,22.28818702697754
2020-12-17,22.390653610229492
2020-12-18,22.35650062561035
2020-12-21,21.99784278869629
2020-12-22,21.741657257080078
2020-12-23,21.963682174682617
2020-12-24,22.014917373657227
2020-12-28,22.151561737060547
2020-12-29,22.202789306640625
2020-12-30,22.15984344482422
2020-12-31,22.056774139404297
2021-01-04,22.091127395629883
2021-01-05,22.262910842895508
2021-01-06,22.503398895263672
2021-01-07,22.52058219909668
2021-01-08,22.65801239013672
2021-01-11,22.383159637451172
2021-01-12,22.640838623046875
2021-01-13,22.692367553710938
2021-01-14,23.001577377319336
2021-01-15,22.67518424987793
2021-01-19,22.898508071899414
2021-01-20,23.05310821533203
2021-01-21,23.001577377319336
2021-01-22,22.79543685913086
2021-01-25,22.67518424987793
2021-01-26,22.829795837402344
2021-01-27,22.572113037109375
2021-01-28,22.572113037109375
2021-01-29,22.245738983154297
2021-02-01,22.52058219909668
2021-02-02,22.46905517578125
2021-02-03,22.529518127441406
2021-02-04,22.6331844329834
2021-02-05,22.892349243164062
2021-02-08,23.065109252929688
2021-02-09,23.18605613708496
2021-02-10,23.116945266723633
2021-02-11,23.18605613708496
2021-02-12,23.324270248413086
2021-02-16,23.497051239013672
2021-02-17,23.410673141479492
2021-02-18,23.22061538696289
2021-02-19,23.427947998046875
2021-02-22,23.462488174438477
2021-02-23,23.652536392211914
2021-02-24,23.85987091064453
2021-02-25,23.37610626220703
2021-02-26,23.23789405822754
2021-03-01,23.72163963317871
2021-03-02,23.704370498657227
2021-03-03,23.65224266052246
2021-03-04,23.42631721496582
2021-03-05,23.686994552612305
2021-03-08,23.513212203979492
2021-03-09,23.547977447509766
2021-03-10,23.75650978088379
2021-03-11,24.017183303833008
2021-03-12,24.156217575073242
2021-03-15,24.38213348388672
2021-03-16,24.295242309570312
2021-03-17,24.46903419494629
2021-03-18,24.104080200195312
2021-03-19,24.243118286132812
2021-03-22,24.19097328186035
2021-03-23,23.75650978088379
2021-03-24,23.565351486206055
2021-03-25,23.669612884521484
2021-03-26,24.034564971923828
2021-03-29,24.069320678710938
2021-03-30,24.173587799072266
2021-03-31,24.156217575073242
2021-04-01,24.173587799072266
2021-04-05,24.310014724731445
2021-04-06,24.240055084228516
2021-04-07,24.240055084228516
2021-04-08,24.32749366760254
2021-04-09,24.187585830688477
2021-04-12,24.135120391845703
2021-04-13,24.170093536376953
2021-04-14,24.275035858154297
2021-04-15,24.4674129486084
2021-04-16,24.624814987182617
2021-04-19,24.624814987182617
2021-04-20,24.449922561645508
2021-04-21,24.60732650756836
2021-04-22,24.4674129486084
2021-04-23,24.677282333374023
2021-04-26,24.694778442382812
2021-04-27,24.71225929260254
2021-04-28,24.922136306762695
2021-04-29,24.93961524963379
2021-04-30,24.747230529785156
2021-05-03,24.869674682617188
2021-05-04,24.694778442382812
2021-05-05,24.814443588256836
2021-05-06,25.04322052001953
2021-05-07,25.20162010192871
2021-05-10,25.236820220947266
2021-05-11,24.99043846130371
2021-05-12,24.480056762695312
2021-05-13,24.65605354309082
2021-05-14,24.93763542175293
2021-05-17,25.025638580322266
2021-05-18,25.078432083129883
2021-05-19,25.078432083129883
2021-05-20,25.148820877075195
2021-05-21,25.078432083129883
2021-05-24,25.219228744506836
2021-05-25,25.11363410949707
2021-05-26,25.20162010192871
2021-05-27,25.28961753845215
2021-05-28,25.236820220947266
2021-06-01,25.483205795288086
2021-06-02,25.676786422729492
2021-06-03,25.65554428100586
2021-06-04,25.797191619873047
2021-06-07,25.81489372253418
2021-06-08,25.956527709960938
2021-06-09,26.045061111450195
2021-06-10,26.062772750854492
2021-06-11,26.02736473083496
2021-06-14,26.045061111450195
2021-06-15,25.797191619873047
2021-06-16,25.53160285949707
2021-06-17,25.37226104736328
2021-06-18,24.911911010742188
2021-06-21,25.283733367919922
2021-06-22,25.195194244384766
2021-06-23,25.177490234375
2021-06-24,25.354555130004883
2021-06-25,25.354555130004883
2021-06-28,25.195194244384766
2021-06-29,25.05355453491211
2021-06-30,25.018146514892578
2021-07-01,25.071260452270508
2021-07-02,25.088958740234375
2021-07-06,24.782512664794922
2021-07-07,24.693450927734375
2021-07-08,24.35493278503418
2021-07-09,24.67562484741211
2021-07-12,24.729084014892578
2021-07-13,24.461822509765625
2021-07-14,24.461822509765625
2021-07-15,24.461822509765625
2021-07-16,24.37274742126465
2021-07-19,23.838260650634766
2021-07-20,23.980796813964844
2021-07-21,24.248031616210938
2021-07-22,24.21239471435547
2021-07-23,24.123319625854492
2021-07-26,24.052059173583984
2021-07-27,23.749176025390625
2021-07-28,23.784805297851562
2021-07-29,23.838260650634766
2021-07-30,23.571006774902344
2021-08-02,23.749176025390625
2021-08-03,23.820436477661133
2021-08-04,23.641071319580078
2021-08-05,23.676944732666016
2021-08-06,23.605201721191406
2021-08-09,23.641071319580078
2021-08-10,23.78455924987793
2021-08-11,24.1433162689209
2021-08-12,24.017749786376953
2021-08-13,24.053625106811523
2021-08-16,23.981868743896484
2021-08-17,23.69489288330078
2021-08-18,23.676944732666016
2021-08-19,23.443763732910156
2021-08-20,23.515506744384766
2021-08-23,23.748693466186523
2021-08-24,23.981868743896484
2021-08-25,24.215063095092773
2021-08-26,23.945999145507812
2021-08-27,24.19711685180664
2021-08-30,24.250932693481445
2021-08-31,24.448232650756836
2021-09-01,24.502046585083008
2021-09-02,24.645553588867188
2021-09-03,24.681659698486328
2021-09-07,24.57332992553711
2021-09-08,24.356664657592773
2021-09-09,24.338613510131836
2021-09-10,24.21222496032715
2021-09-13,24.645545959472656
2021-09-14,24.39276885986328
2021-09-15,24.320556640625
2021-09-16,23.995555877685547
2021-09-17,23.760835647583008
2021-09-20,23.12889862060547
2021-09-21,23.399730682373047
2021-09-22,23.706666946411133
2021-09-23,24.049720764160156
2021-09-24,23.778892517089844
2021-09-27,23.923341751098633
2021-09-28,23.869169235229492
2021-09-29,23.778892517089844
2021-09-30,23.88722038269043
2021-10-01,24.12194061279297
2021-10-04,24.1038818359375
2021-10-05,24.01300048828125
2021-10-06,24.06753158569336
2021-10-07,24.176599502563477
2021-10-08,24.140247344970703
2021-10-11,24.01300048828125
2021-10-12,24.08571434020996
2021-10-13,24.249311447143555
2021-10-14,24.26748275756836
2021-10-15,24.19477653503418
2021-10-18,24.37656021118164
2021-10-19,24.44927406311035
2021-10-20,24.467449188232422
2021-10-21,24.485626220703125
2021-10-22,24.540163040161133
2021-10-25,24.558332443237305
2021-10-26,24.19477653503418
2021-10-27,24.06753158569336
2021-10-28,23.922107696533203
2021-10-29,23.703969955444336
2021-11-01,23.922107696533203
2021-11-02,23.613082885742188
2021-11-03,23.832740783691406
2021-11-04,23.649690628051758
2021-11-05,23.594778060913086
2021-11-08,23.61308479309082
2021-11-09,23.61308479309082
2021-11-10,23.594778060913086
2021-11-11,23.99748420715332
2021-11-12,23.851051330566406
2021-11-15,23.649690628051758
2021-11-16,23.521564483642578
2021-11-17,23.43004035949707
2021-11-18,23.28360366821289
2021-11-19,23.15546417236328
2021-11-22,22.9907283782959
2021-11-23,23.265291213989258
2021-11-24,23.228679656982422
2021-11-26,22.606319427490234
2021-11-29,22.569717407226562
2021-11-30,22.350053787231445
2021-12-01,22.25853729248047
2021-12-02,22.606319427490234
2021-12-03,22.643232345581055
2021-12-06,22.77241325378418
2021-12-07,22.993860244750977
2021-12-08,23.049230575561523
2021-12-09,23.049230575561523
2021-12-10,22.938501358032227
2021-12-13,22.514053344726562
2021-12-14,22.16343116760254
2021-12-15,22.23724365234375
2021-12-16,22.45868492126465
2021-12-17,22.347965240478516
2021-12-20,22.03424644470215
2021-12-21,22.421783447265625
2021-12-22,22.569406509399414
2021-12-23,22.84622573852539
2021-12-27,23.03076934814453
2021-12-28,22.993860244750977
2021-12-29,22.883142471313477
2021-12-30,22.849559783935547
2021-12-31,22.88686752319336
2022-01-03,23.073394775390625
2022-01-04,23.241268157958984
2022-01-05,22.942827224731445
2022-01-06,23.05474090576172
2022-01-07,23.315881729125977
2022-01-10,23.315881729125977
2022-01-11,23.651622772216797
2022-01-12,23.707578659057617
2022-01-13,23.42779541015625
2022-01-14,23.46510887145996
2022-01-18,23.203960418701172
2022-01-19,23.39048957824707
2022-01-20,23.334537506103516
2022-01-21,23.12935447692871
2022-01-24,22.924169540405273
2022-01-25,22.96148109436035
2022-01-26,22.81224822998047
2022-01-27,22.68168830871582
2022-01-28,22.756298065185547
2022-01-31,23.12935447692871
2022-02-01,23.259923934936523
2022-02-02,23.278573989868164
2022-02-03,23.09054183959961
2022-02-04,23.146947860717773
2022-02-07,23.203357696533203
2022-02-08,23.391387939453125
2022-02-09,23.59823989868164
2022-02-10,23.429004669189453
2022-02-11,23.29737091064453
2022-02-14,22.958913803100586
2022-02-15,23.259765625
2022-02-16,23.504220962524414
2022-02-17,23.109338760375977
2022-02-18,23.146947860717773
2022-02-22,22.714475631713867
2022-02-23,22.357206344604492
2022-02-24,21.774303436279297
2022-02-25,22.018753051757812
2022-02-28,21.28541374206543
2022-03-01,20.852935791015625
2022-03-02,20.646099090576172
2022-03-03,20.66507339477539
2022-03-04,20.304527282714844
2022-03-07,19.81114959716797
2022-03-08,19.868080139160156
2022-03-09,20.285554885864258
2022-03-10,20.266572952270508
2022-03-11,19.94398307800293
2022-03-14,19.45059585571289
2022-03-15,19.07107925415039
2022-03-16,20.114765167236328
2022-03-17,20.949722290039062
2022-03-18,21.31026840209961
2022-03-21,21.006650924682617
2022-03-22,21.253332138061523
2022-03-23,21.31026840209961
2022-03-24,21.272315979003906
2022-03-25,21.500030517578125
2022-03-28,21.3671932220459
2022-03-29,21.44310188293457
2022-03-30,21.841604232788086
2022-03-31,21.746723175048828
2022-04-01,22.18317413330078
2022-04-04,22.429866790771484
2022-04-05,21.951414108276367
2022-04-06,21.989686965942383
2022-04-07,21.721750259399414
2022-04-08,22.047101974487305
2022-04-11,21.54950714111328
2022-04-12,21.434675216674805
2022-04-13,21.645200729370117
2022-04-14,21.702613830566406
2022-04-18,21.664329528808594
2022-04-19,21.51123046875
2022-04-20,21.37726402282715
2022-04-21,20.956228256225586
2022-04-22,20.783985137939453
2022-04-25,20.53519058227539
2022-04-26,19.999324798583984
2022-04-27,20.15243148803711
2022-04-28,20.439496994018555
2022-04-29,20.382080078125
2022-05-02,20.209848403930664
2022-05-03,20.70743179321289
2022-05-04,20.919918060302734
2022-05-05,20.301782608032227
2022-05-06,19.99271583557129
2022-05-09,19.451854705810547
2022-05-10,19.43254280090332
2022-05-11,19.297319412231445
2022-05-12,19.258684158325195
2022-05-13,19.857498168945312
2022-05-16,20.050668716430664
2022-05-17,20.2824649810791
2022-05-18,19.818866729736328
2022-05-19,20.089303970336914
2022-05-20,20.069978713989258
2022-05-23,20.32109832763672
2022-05-24,20.14725112915039
2022-05-25,20.243831634521484
2022-05-26,20.379053115844727
2022-05-27,20.43699836730957
2022-05-31,20.45631980895996
2022-06-01,20.32109832763672
2022-06-02,20.55289649963379
2022-06-03,20.43589973449707
2022-06-06,20.201906204223633
2022-06-07,20.221405029296875
2022-06-08,19.889896392822266
2022-06-09,19.63640594482422
2022-06-10,19.285404205322266
2022-06-13,18.329912185668945
2022-06-14,18.095909118652344
2022-06-15,18.290908813476562
2022-06-16,17.705915451049805
2022-06-17,17.725421905517578
2022-06-21,18.19341278076172
2022-06-22,18.037410736083984
2022-06-23,18.056909561157227
2022-06-24,18.271411895751953
2022-06-27,18.388408660888672
2022-06-28,18.271411895751953
2022-06-29,18.21291732788086
2022-06-30,18.115415573120117
2022-07-01,18.134910583496094
2022-07-05,17.822912216186523
2022-07-06,17.58632469177246
2022-07-07,17.92149543762207
2022-07-08,17.941205978393555
2022-07-11,17.665189743041992
2022-07-12,17.645479202270508
2022-07-13,17.625757217407227
2022-07-14,17.38916778564453
2022-07-15,17.546894073486328
2022-07-18,17.58632469177246
2022-07-19,18.000354766845703
2022-07-20,17.941205978393555
2022-07-21,17.98064613342285
2022-07-22,17.90177345275879
2022-07-25,18.138362884521484
2022-07-26,18.07921600341797
2022-07-27,18.41438102722168
2022-07-28,18.51296043395996
2022-07-29,18.552387237548828
2022-08-01,18.335519790649414
2022-08-02,18.07921600341797
2022-08-03,18.09914779663086
2022-08-04,18.09914779663086
2022-08-05,18.218751907348633
2022-08-08,18.398143768310547
2022-08-09,18.31841278076172
2022-08-10,18.577545166015625
2022-08-11,18.537675857543945
2022-08-12,18.75693702697754
2022-08-15,18.577545166015625
2022-08-16,18.6971378326416
2022-08-17,18.55760383605957
2022-08-18,18.4978084564209
2022-08-19,18.31841278076172
2022-08-22,18.178884506225586
2022-08-23,18.378211975097656
2022-08-24,18.29847526550293
2022-08-25,18.477874755859375
2022-08-26,18.238679885864258
2022-08-29,18.15894889831543
2022-08-30,17.760290145874023
2022-08-31,17.740358352661133
2022-09-01,17.560962677001953
2022-09-02,17.560962677001953
2022-09-06,17.450132369995117
2022-09-07,17.571027755737305
2022-09-08,17.470277786254883
2022-09-09,17.853139877319336
2022-09-12,18.13524627685547
2022-09-13,17.53073501586914
2022-09-14,17.6113338470459
2022-09-15,17.42998695373535
2022-09-16,17.32923126220703
2022-09-19,17.32923126220703
2022-09-20,17.208330154418945
2022-09-21,16.986679077148438
2022-09-22,16.90608024597168
2022-09-23,16.281415939331055
2022-09-26,15.576156616210938
2022-09-27,15.495555877685547
2022-09-28,15.656758308410645
2022-09-29,15.132852554321289
2022-09-30,15.193306922912598
2022-10-03,15.656758308410645
2022-10-04,16.261268615722656
2022-10-05,15.986339569091797
2022-10-06,15.76233196258545
2022-10-07,15.49759292602539
2022-10-10,15.3550386428833
2022-10-11,15.375398635864258
2022-10-12,15.314301490783691
2022-10-13,15.59941291809082
2022-10-14,15.314301490783691
2022-10-17,15.640141487121582
2022-10-18,15.78268814086914
2022-10-19,15.640141487121582
2022-10-20,15.57905101776123
2022-10-21,15.884516716003418
2022-10-24,15.517951011657715
2022-10-25,15.803059577941895
2022-10-26,15.864153861999512
2022-10-27,15.803059577941895
2022-10-28,15.864153861999512
2022-10-31,15.76233196258545
2022-11-01,15.945610046386719
2022-11-02,15.76233196258545
2022-11-03,15.649089813232422
2022-11-04,16.246217727661133
2022-11-07,16.328582763671875
2022-11-08,16.328582763671875
2022-11-09,16.12267303466797
2022-11-10,16.596261978149414
2022-11-11,17.090442657470703
2022-11-14,17.172807693481445
2022-11-15,17.25516700744629
2022-11-16,16.78158187866211
2022-11-17,16.740400314331055
2022-11-18,16.6992130279541
2022-11-21,16.822765350341797
2022-11-22,16.863943099975586
2022-11-23,17.02866554260254
2022-11-25,17.193401336669922
2022-11-28,16.987491607666016
2022-11-29,17.2139892578125
2022-11-30,17.461078643798828
2022-12-01,17.461078643798828
2022-12-02,17.481670379638672
2022-12-05,17.180082321166992
2022-12-06,17.159286499023438
2022-12-07,17.138484954833984
2022-12-08,17.180082321166992
2022-12-09,17.221681594848633
2022-12-12,17.20088005065918
2022-12-13,17.242483139038086
2022-12-14,17.11768913269043
2022-12-15,16.93049430847168
2022-12-16,16.76409912109375
2022-12-19,16.76409912109375
2022-12-20,16.750228881835938
2022-12-21,16.937423706054688
2022-12-22,16.875032424926758
2022-12-23,16.979021072387695
2022-12-27,17.013690948486328
2022-12-28,16.715572357177734
2022-12-29,16.957317352294922
2022-12-30,16.83819580078125
2023-01-03,16.782135009765625
2023-01-04,17.09745979309082
2023-01-05,17.08344841003418
2023-01-06,17.377744674682617
2023-01-09,17.447818756103516
2023-01-10,17.545917510986328
2023-01-11,17.756134033203125
2023-01-12,17.945323944091797
2023-01-13,18.02941131591797
2023-01-17,18.106487274169922
2023-01-18,18.008398056030273
2023-01-19,18.078454971313477
2023-01-20,18.239627838134766
2023-01-23,18.330720901489258
2023-01-24,18.28166961669922
2023-01-25,18.358749389648438
2023-01-26,18.463855743408203
2023-01-27,18.477869033813477
2023-01-30,18.218605041503906
2023-01-31,18.407794952392578
2023-02-01,18.589981079101562
2023-02-02,18.547937393188477
2023-02-03,18.233091354370117
2023-02-06,17.978378295898438
2023-02-07,17.96422576904297
2023-02-08,17.801490783691406
2023-02-09,17.596311569213867
2023-02-10,17.624614715576172
2023-02-13,17.843948364257812
2023-02-14,17.836870193481445
2023-02-15,17.730737686157227
2023-02-16,17.695362091064453
2023-02-17,17.709518432617188
2023-02-21,17.560935974121094
2023-02-22,17.52556037902832
2023-02-23,17.553857803344727
2023-02-24,17.284996032714844
2023-02-27,17.24254035949707
2023-02-28,17.19301414489746
2023-03-01,17.376976013183594
2023-03-02,17.32744598388672
2023-03-03,17.545515060424805
2023-03-06,17.502614974975586
2023-03-07,17.1451358795166
2023-03-08,17.180877685546875
2023-03-09,16.80194091796875
2023-03-10,16.494503021240234
2023-03-13,16.322906494140625
2023-03-14,16.508798599243164
2023-03-15,16.12271499633789
2023-03-16,16.10841178894043
2023-03-17,15.922523498535156
2023-03-20,16.001163482666016
2023-03-21,16.179916381835938
2023-03-22,16.00831413269043
2023-03-23,15.901068687438965
2023-03-24,15.994017601013184
2023-03-27,15.994017601013184
2023-03-28,16.0941162109375
2023-03-29,16.244258880615234
2023-03-30,16.387258529663086
2023-03-31,16.473054885864258
2023-04-03,16.494503021240234
2023-04-04,16.480199813842773
2023-04-05,16.371871948242188
2023-04-06,16.386316299438477
2023-04-10,16.292430877685547
2023-04-11,16.537981033325195
2023-04-12,16.58130645751953
2023-04-13,16.704078674316406
2023-04-14,16.64630126953125
2023-04-17,16.718521118164062
2023-04-18,16.740184783935547
2023-04-19,16.58130645751953
2023-04-20,16.51630973815918
2023-04-21,16.400758743286133
2023-04-24,16.371871948242188
2023-04-25,16.04688835144043
2023-04-26,16.075780868530273
2023-04-27,16.299652099609375
2023-04-28,16.407987594604492
2023-05-01,16.292430877685547
2023-05-02,15.960227012634277
2023-05-03,15.978458404541016
2023-05-04,15.876362800598145
2023-05-05,16.168071746826172
2023-05-08,16.255590438842773
2023-05-09,16.197246551513672
2023-05-10,16.175369262695312
2023-05-11,16.022216796875
2023-05-12,15.861778259277344
2023-05-15,16.007631301879883
2023-05-16,15.7815580368042
2023-05-17,15.861778259277344
2023-05-18,15.920117378234863
2023-05-19,15.86906909942627
2023-05-22,15.963873863220215
2023-05-23,15.883657455444336
2023-05-24,15.62111759185791
2023-05-25,15.31482219696045
2023-05-26,15.60653018951416
2023-05-30,15.409622192382812
2023-05-31,15.31482219696045
2023-06-01,15.533600807189941
2023-06-02,15.941998481750488
2023-06-05,15.864662170410156
2023-06-06,16.100351333618164
2023-06-07,16.12981605529785
2023-06-08,16.26974105834961
2023-06-09,16.262388229370117
2023-06-12,16.328670501708984
2023-06-13,16.40232276916504
2023-06-14,16.512802124023438
2023-06-15,16.674837112426758
2023-06-16,16.66747283935547
2023-06-20,16.505434036254883
2023-06-21,16.571725845336914
2023-06-22,16.33603858947754
2023-06-23,16.092981338500977
2023-06-26,16.328670501708984
2023-06-27,16.453880310058594
2023-06-28,16.387592315673828
2023-06-29,16.49807357788086
2023-06-30,16.630647659301758
2023-07-03,16.755855560302734
2023-07-05,16.674837112426758
2023-07-06,16.321636199951172
2023-07-07,16.567018508911133
2023-07-10,16.596757888793945
2023-07-11,16.767784118652344
2023-07-12,17.013164520263672
2023-07-13,17.191627502441406
2023-07-14,17.065214157104492
2023-07-17,17.08008575439453
2023-07-18,17.206497192382812
2023-07-19,17.36264991760254
2023-07-20,17.28829002380371
2023-07-21,17.258544921875
2023-07-24,17.437013626098633
2023-07-25,17.52623748779297
2023-07-26,17.660079956054688
2023-07-27,17.370086669921875
2023-07-28,17.570858001708984
2023-07-31,17.593156814575195
2023-08-01,17.332908630371094
2023-08-02,17.12470245361328
2023-08-03,16.98212242126465
2023-08-04,17.10219383239746
2023-08-07,17.154722213745117
2023-08-08,17.072172164916992
2023-08-09,17.0196475982666
2023-08-10,17.034652709960938
2023-08-11,16.952106475830078
2023-08-14,16.779508590698242
2023-08-15,16.584400177001953
2023-08-16,16.441816329956055
2023-08-17,16.366779327392578
2023-08-18,16.389284133911133
2023-08-21,16.27672576904297
2023-08-22,16.389284133911133
2023-08-23,16.651935577392578
2023-08-24,16.486839294433594
2023-08-25,16.50935173034668
2023-08-28,16.764497756958008
2023-08-29,17.004638671875
2023-08-30,17.042156219482422
2023-08-31,16.884571075439453
2023-09-01,17.034652709960938
2023-09-05,16.899572372436523
2023-09-06,16.79352569580078
2023-09-07,16.687477111816406
2023-09-08,16.748077392578125
2023-09-11,16.929866790771484
2023-09-12,16.952598571777344
2023-09-13,16.838973999023438
2023-09-14,17.14954376220703
2023-09-15,17.11167335510254
2023-09-18,16.998046875
2023-09-19,17.051071166992188
2023-09-20,17.08137321472168
2023-09-21,16.710203170776367
2023-09-22,16.78595542907715
2023-09-25,16.687477111816406
2023-09-26,16.399635314941406
2023-09-27,16.392057418823242
2023-09-28,16.56627655029297
2023-09-29,16.596580505371094
2023-10-02,16.25571060180664
2023-10-03,15.89211654663086
2023-10-04,15.823254585266113
2023-10-05,15.907419204711914
2023-10-06,15.983933448791504
2023-10-09,16.10635757446289
2023-10-10,16.259387969970703
2023-10-11,16.3741512298584
2023-10-12,16.144615173339844
2023-10-13,16.037494659423828
2023-10-16,16.22878074645996
2023-10-17,16.2823429107666
2023-10-18,15.976279258728027
2023-10-19,15.746736526489258
2023-10-20,15.609007835388184
2023-10-23,15.486590385437012
2023-10-24,15.624313354492188
2023-10-25,15.410075187683105
2023-10-26,15.486590385437012
2023-10-27,15.44832992553711
2023-10-30,15.532496452331543
2023-10-31,15.616662979125977
2023-11-01,15.792651176452637
2023-11-02,16.23642921447754
2023-11-03,16.483726501464844
2023-11-06,16.31371307373047
2023-11-07,16.220979690551758
2023-11-08,16.058687210083008
2023-11-09,15.911864280700684
2023-11-10,16.00459098815918
2023-11-13,16.043237686157227
2023-11-14,16.66147232055664
2023-11-15,16.738750457763672
2023-11-16,16.530094146728516
2023-11-17,16.68465232849121
2023-11-20,16.823753356933594
2023-11-21,16.64601707458496
2023-11-22,16.630552291870117
2023-11-24,16.72329330444336
2023-11-27,16.676923751831055
2023-11-28,16.74648094177246
2023-11-29,16.74648094177246
2023-11-30,16.73102569580078
2023-12-01,17.063329696655273
2023-12-04,17.032411575317383
2023-12-05,16.860761642456055
2023-12-06,16.782739639282227
2023-12-07,16.860761642456055
2023-12-08,16.884164810180664
2023-12-11,16.85296058654785
2023-12-12,16.83735466003418
2023-12-13,17.157245635986328
2023-12-14,17.50835418701172
2023-12-15,17.305490493774414
2023-12-18,17.375715255737305
2023-12-19,17.5551700592041
2023-12-20,17.305490493774414
2023-12-21,17.640987396240234
2023-12-22,17.69561004638672
2023-12-26,17.851648330688477
2023-12-27,17.898462295532227
2023-12-28,17.843347549438477
2023-12-29,17.756723403930664
2024-01-02,17.701608657836914
2024-01-03,17.67011260986328
2024-01-04,17.701608657836914
2024-01-05,17.71735954284668
2024-01-08,17.756723403930664
2024-01-09,17.57561683654785
2024-01-10,17.591367721557617
2024-01-11,17.50474739074707
2024-01-12,17.599231719970703
2024-01-16,17.276391983032227
2024-01-17,17.03227996826172
2024-01-18,17.111026763916016
2024-01-19,17.166149139404297
2024-01-22,17.118906021118164
2024-01-23,17.213397979736328
2024-01-24,17.315759658813477
2024-01-25,17.449630737304688
2024-01-26,17.512622833251953
2024-01-29,17.512622833251953
2024-01-30,17.370885848999023
2024-01-31,17.095279693603516
2024-02-01,17.158279418945312
2024-02-02,16.86692237854004
2024-02-05,16.691972732543945
2024-02-06,16.906686782836914
2024-02-07,16.72378158569336
2024-02-08,16.58064079284668
2024-02-09,16.588590621948242
2024-02-12,16.795352935791016
2024-02-13,16.318208694458008
2024-02-14,16.453399658203125
2024-02-15,16.691972732543945
2024-02-16,16.755592346191406
2024-02-20,16.763538360595703
2024-02-21,16.8748779296875
2024-02-22,16.96234893798828
2024-02-23,16.922590255737305
2024-02-26,16.755592346191406
2024-02-27,16.8271541595459
2024-02-28,16.72378158569336
2024-02-29,16.835111618041992
2024-03-01,17.049827575683594
2024-03-04,16.914636611938477
2024-03-05,16.898576736450195
2024-03-06,17.05116844177246
2024-03-07,17.203771591186523
2024-03-08,17.2519588470459
2024-03-11,17.203771591186523
2024-03-12,17.219837188720703
2024-03-13,17.25999641418457
2024-03-14,17.067232131958008
2024-03-15,17.075265884399414
2024-03-18,17.011011123657227
2024-03-19,17.059202194213867
2024-03-20,17.284090042114258
2024-03-21,17.42866325378418
2024-03-22,17.187713623046875
2024-03-25,17.2519588470459
2024-03-26,17.05116844177246
2024-03-27,17.308183670043945
2024-03-28,17.388500213623047
2024-04-01,17.324251174926758
2024-04-02,17.29212188720703
2024-04-03,17.437986373901367
2024-04-04,17.35694694519043
2024-04-05,17.308330535888672
2024-04-08,17.462289810180664
2024-04-09,17.608144760131836
2024-04-10,17.194883346557617
2024-04-11,17.37315559387207
2024-04-12,17.049026489257812
2024-04-15,16.959896087646484
2024-04-16,16.797828674316406
2024-04-17,16.870758056640625
2024-04-18,16.91127586364746
2024-04-19,17.057132720947266
2024-04-22,17.162473678588867
2024-04-23,17.308330535888672
2024-04-24,17.35694694519043
2024-04-25,17.34884262084961
2024-04-26,17.632455825805664
2024-04-29,17.818828582763672
2024-04-30,17.437986373901367
2024-05-01,17.51900863647461
2024-05-02,17.81072235107422
2024-05-03,17.91697883605957
2024-05-06,17.966028213500977
2024-05-07,18.02324104309082
2024-05-08,18.031417846679688
2024-05-09,18.260284423828125
2024-05-10,18.333847045898438
2024-05-13,18.53002166748047
2024-05-14,18.701669692993164
2024-05-15,18.750709533691406
2024-05-16,18.76706314086914
2024-05-17,18.881492614746094
2024-05-20,18.897838592529297
2024-05-21,18.865142822265625
2024-05-22,18.718013763427734
2024-05-23,18.431936264038086
2024-05-24,18.587238311767578
2024-05-28,18.611759185791016
2024-05-29,18.342025756835938
2024-05-30,18.53002166748047
2024-05-31,18.636281967163086
2024-06-03,18.660799026489258
2024-06-04,18.562711715698242
2024-06-05,18.60392951965332
2024-06-06,18.546228408813477
2024-06-07,18.323671340942383
2024-06-10,18.323671340942383
2024-06-11,18.051660537719727
2024-06-12,18.175304412841797
2024-06-13,17.96923828125
2024-06-14,17.83734703063965
2024-06-17,17.936264038085938
2024-06-18,18.084632873535156
2024-06-20,18.142337799072266
2024-06-21,18.117603302001953
2024-06-24,18.290700912475586
2024-06-25,18.15882110595703
2024-06-26,18.15057945251465
2024-06-27,18.092872619628906
2024-06-28,18.15057945251465
2024-07-01,18.101119995117188
2024-07-02,18.274211883544922
2024-07-03,18.39892578125
2024-07-05,18.40723991394043
2024-07-08,18.307476043701172
2024-07-09,18.365673065185547
2024-07-10,18.490381240844727
2024-07-11,18.74812126159668
2024-07-12,18.80631446838379
2024-07-15,18.80631446838379
2024-07-16,18.997535705566406
2024-07-17,18.922710418701172
2024-07-18,18.78968620300293
2024-07-19,18.723173141479492
2024-07-22,18.922710418701172
2024-07-23,18.79800033569336
2024-07-24,18.498699188232422
2024-07-25,18.4737491607666
2024-07-26,18.681602478027344
2024-07-29,18.6317195892334
2024-07-30,18.640033721923828
2024-07-31,18.7065486907959
2024-08-01,18.423870086669922
2024-08-02,18.28253173828125
2024-08-05,17.653545379638672
2024-08-06,17.879980087280273
2024-08-07,17.980619430541992
2024-08-08,18.215436935424805
2024-08-09,18.248987197875977
2024-08-12,18.17350196838379
2024-08-13,18.391555786132812
2024-08-14,18.433488845825195
2024-08-15,18.567668914794922
2024-08-16,18.643144607543945
2024-08-19,18.802492141723633
2024-08-20,18.58444595336914
2024-08-21,18.701852798461914
2024-08-22,18.458650588989258
2024-08-23,18.802492141723633
2024-08-26,18.8863525390625
2024-08-27,18.894744873046875
2024-08-28,18.752174377441406
2024-08-29,18.810880661010742
2024-08-30,18.911516189575195
2024-09-03,18.62637710571289
2024-09-04,18.659923553466797
2024-09-05,18.769887924194336
2024-09-06,18.592256546020508
2024-09-09,18.592256546020508
2024-09-10,18.482290267944336
2024-09-11,18.55841827392578
2024-09-12,18.769887924194336
2024-09-13,19.032108306884766
2024-09-16,19.20128059387207
2024-09-17,19.22665786743164
2024-09-18,19.175905227661133
2024-09-19,19.446584701538086
2024-09-20,19.218196868896484
2024-09-23,19.319704055786133
2024-09-24,19.70880699157715
2024-09-25,19.40428924560547
2024-09-26,19.734174728393555
2024-09-27,19.886436462402344
2024-09-30,19.91181182861328
2024-10-01,19.886436462402344
2024-10-02,20.047151565551758
2024-10-03,19.844188690185547
2024-10-04,19.929466247558594
2024-10-07,20.048858642578125
2024-10-08,19.588354110717773
2024-10-09,19.494550704956055
2024-10-10,19.545717239379883
2024-10-11,19.59688377380371
2024-10-14,19.588354110717773
2024-10-15,19.38368797302246
2024-10-16,19.60541343688965
2024-10-17,19.4519100189209
2024-10-18,19.59688377380371
2024-10-21,19.36663246154785
2024-10-22,19.35810661315918
2024-10-23,19.059633255004883
2024-10-24,19.068159103393555
2024-10-25,18.957298278808594
2024-10-28,19.093746185302734
2024-10-29,18.940244674682617
2024-10-30,18.99141502380371
2024-10-31,18.82938575744629
2024-11-01,18.718523025512695
2024-11-04,18.820852279663086
2024-11-05,18.968820571899414
2024-11-06,18.89999771118164
2024-11-07,19.11506462097168
2024-11-08,18.874191284179688
2024-11-11,18.788164138793945
2024-11-12,18.461261749267578
2024-11-13,18.42685890197754
2024-11-14,18.392444610595703
2024-11-15,18.401044845581055
2024-11-18,18.581697463989258
2024-11-19,18.624710083007812
2024-11-20,18.573101043701172
2024-11-21,18.633317947387695
2024-11-22,18.616111755371094
2024-11-25,18.702138900756836
2024-11-26,18.53868865966797
2024-11-27,18.607505798339844
2024-11-29,18.573101043701172
2024-12-02,18.624710083007812
2024-12-03,18.633317947387695
2024-12-04,18.61248016357422
2024-12-05,18.61248016357422
2024-12-06,18.534351348876953
2024-12-09,18.82951545715332
2024-12-10,18.716655731201172
2024-12-11,18.664569854736328
2024-12-12,18.516990661621094
2024-12-13,18.456222534179688
2024-12-16,18.291282653808594
2024-12-17,18.16106414794922
2024-12-18,17.718320846557617
2024-12-19,17.64887046813965
2024-12-20,17.84853744506836
2024-12-23,17.865901947021484
2024-12-24,18.056886672973633
2024-12-26,18.00480079650879
2024-12-27,18.013477325439453
2024-12-30,17.939865112304688
2024-12-31,18.071319580078125
2025-01-02,18.158960342407227
2025-01-03,18.255369186401367
2025-01-06,18.272891998291016
2025-01-07,18.22031021118164
2025-01-08,18.018739700317383
2025-01-10,17.852224349975586
2025-01-13,17.983684539794922
2025-01-14,18.12390899658203
2025-01-15,18.290422439575195
2025-01-16,18.307950973510742
2025-01-17,18.386823654174805
2025-01-21,18.456937789916992
2025-01-22,18.32547378540039
2025-01-23,18.378061294555664
2025-01-24,18.369298934936523
2025-01-27,18.509523391723633
2025-01-28,18.430648803710938
2025-01-29,18.360530853271484
2025-01-30,18.632217407226562
2025-01-31,18.56210708618164
2025-02-03,18.535812377929688
2025-02-04,18.73738670349121
2025-02-05,18.731197357177734
2025-02-06,18.69582176208496
2025-02-07,18.563159942626953
2025-02-10,18.65159797668457
2025-02-11,18.686973571777344
2025-02-12,18.722349166870117
2025-02-13,18.784255981445312
2025-02-14,18.846162796020508
2025-02-18,18.846162796020508
2025-02-19,18.881542205810547
2025-02-20,18.9699764251709
2025-02-21,18.837318420410156
2025-02-24,18.766569137573242
2025-02-25,18.925758361816406
2025-02-26,18.908069610595703
2025-02-27,18.69582176208496
2025-02-28,18.748882293701172
2025-03-03,18.64275550842285
2025-03-04,18.58085060119629
2025-03-05,18.812999725341797
2025-03-06,18.66120719909668
2025-03-07,18.982648849487305
2025-03-10,18.670133590698242
2025-03-11,18.580848693847656
2025-03-12,18.679067611694336
2025-03-13,18.61656379699707
2025-03-14,18.902286529541016
2025-03-17,19.125507354736328
2025-03-18,19.107648849487305
2025-03-19,19.08086585998535
2025-03-20,19.02728843688965
2025-03-21,18.84871482849121
2025-03-24,18.812999725341797
2025-03-25,18.84871482849121
2025-03-26,18.86656951904297
2025-03-27,18.86656951904297
2025-03-28,18.795141220092773
2025-03-31,18.723712921142578
2025-04-01,18.830854415893555
2025-04-02,18.759428024291992
2025-04-03,18.2952823638916
2025-04-04,17.159717559814453
2025-04-07,16.709089279174805
2025-04-08,16.312543869018555
2025-04-09,17.276874542236328
2025-04-10,16.82625389099121
2025-04-11,17.213788986206055
2025-04-14,17.466136932373047
2025-04-15,17.49317169189453
2025-04-16,17.40304946899414
2025-04-17,17.628360748291016
2025-04-21,17.520214080810547
2025-04-22,17.907747268676758
2025-04-23,18.02490997314453
2025-04-24,18.268247604370117
2025-04-25,18.358373641967773
2025-04-28,18.610719680786133
2025-04-29,18.80899429321289
2025-04-30,18.736892700195312
2025-05-01,18.79096794128418
2025-05-02,18.998254776000977
2025-05-05,18.948223114013672
2025-05-06,19.002803802490234
2025-05-07,18.866352081298828
2025-05-08,18.97551155090332
2025-05-09,19.030088424682617
2025-05-12,19.27570152282715
2025-05-13,19.475826263427734
2025-05-14,19.484920501708984
2025-05-15,19.484920501708984
2025-05-16,19.648664474487305
2025-05-19,19.63956642150879
2025-05-20,19.62137222290039
2025-05-21,19.321182250976562
2025-05-22,19.257511138916016
2025-05-23,19.321182250976562
2025-05-27,19.521305084228516
2025-05-28,19.457632064819336
2025-05-29,19.657758712768555
2025-05-30,19.584985733032227
2025-06-02,19.69414520263672
2025-06-03,19.766916275024414
2025-06-04,19.83299446105957
2025-06-05,19.860532760620117
2025-06-06,19.952308654785156
2025-06-09,20.06243896484375
2025-06-10,20.273529052734375
2025-06-11,20.31023597717285
2025-06-12,20.457082748413086
2025-06-13,20.31023597717285
2025-06-16,20.420372009277344
2025-06-17,20.38365936279297
2025-06-18,20.429546356201172
2025-06-20,20.273529052734375
2025-06-23,20.301061630249023
2025-06-24,20.356128692626953
2025-06-25,20.38365936279297
2025-06-26,20.613100051879883
2025-06-27,20.5396785736084
2025-06-30,20.695703506469727
2025-07-01,20.842546463012695
2025-07-02,21.10869789123535
2025-07-03,21.164222717285156
2025-07-07,21.090192794799805
2025-07-08,21.35855484008789
2025-07-09,21.35855484008789
2025-07-10,21.774991989135742
2025-07-11,21.737974166870117
2025-07-14,21.78424835205078
2025-07-15,21.52513313293457
2025-07-16,21.58991241455078
2025-07-17,21.636180877685547
2025-07-18,21.774991989135742
2025-07-21,21.91380500793457
2025-07-22,22.145160675048828
2025-07-23,22.320985794067383
2025-07-24,22.11739730834961
2025-07-25,21.904552459716797
2025-07-28,21.849031448364258
2025-07-29,21.904552459716797
2025-07-30,21.552898406982422
2025-07-31,21.367813110351562
2025-08-01,21.20123863220215
2025-08-04,21.33079719543457
2025-08-05,21.545413970947266
2025-08-06,21.55474281311035
2025-08-07,21.68537712097168
2025-08-08,21.68537712097168
2025-08-11,21.51741600036621
2025-08-12,21.871997833251953
2025-08-13,22.03995704650879
2025-08-14,21.955978393554688
2025-08-15,21.881330490112305
2025-08-18,21.797348022460938
2025-08-19,21.666715621948242
2025-08-20,21.82534408569336
2025-08-21,21.937313079833984
2025-08-22,22.413198471069336
2025-08-25,22.2452392578125
2025-08-26,22.254573822021484
2025-08-27,22.26390266418457
2025-08-28,22.28256607055664
2025-08-29,22.46918487548828
2025-09-02,22.123933792114258
2025-09-03,22.133268356323242
2025-09-04,22.217926025390625
2025-09-05,22.255550384521484
2025-09-08,22.35902214050293
2025-09-09,22.41546058654785
2025-09-10,22.35902214050293
2025-09-11,22.537742614746094
2025-09-12,22.518930435180664
2025-09-15,22.631805419921875
2025-09-16,22.697649002075195
2025-09-17,22.74468421936035
2025-09-18,22.697649002075195
2025-09-19,22.52833366394043
2025-09-22,22.434274673461914
2025-09-23,22.537742614746094
2025-09-24,22.453083038330078
2025-09-25,22.227331161499023
2025-09-26,22.41546058654785
2025-09-29,22.39664649963379
2025-09-30,22.556554794311523
2025-10-01,22.631805419921875
2025-10-02,22.556554794311523
2025-10-03,22.613445281982422
2025-10-06,22.49018096923828
2025-10-07,22.253141403198242
2025-10-08,22.253141403198242
2025-10-09,22.186777114868164
2025-10-10,21.712697982788086
2025-10-13,21.997142791748047
2025-10-14,22.01610565185547
2025-10-15,22.054035186767578
2025-10-16,21.959218978881836
2025-10-17,21.997142791748047
2025-10-20,22.177291870117188
2025-10-21,22.025588989257812
2025-10-22,22.253141403198242
2025-10-23,22.471221923828125
2025-10-24,22.528108596801758
2025-10-27,22.69877815246582
2025-10-28,22.717735290527344
2025-10-29,22.660850524902344
2025-10-30,22.53759002685547
2025-10-31,22.5660343170166
2025-11-03,22.64188575744629
2025-11-04,22.43329429626465
2025-11-05,22.710485458374023
2025-11-06,22.634016036987305
2025-11-07,22.85386085510254
2025-11-10,23.025909423828125
2025-11-11,23.255306243896484
2025-11-12,23.26486587524414
2025-11-13,23.2075138092041
2025-11-14,23.2075138092041
2025-11-17,23.064138412475586
2025-11-18,23.03546714782715
2025-11-19,22.84429931640625
2025-11-20,22.710485458374023
2025-11-21,22.796506881713867
2025-11-24,22.767837524414062
2025-11-25,22.959001541137695
2025-11-26,23.13105010986328
2025-11-28,23.15972328186035
2025-12-01,23.083255767822266
2025-12-02,23.17884063720703
2025-12-03,23.28481101989746
2025-12-04,23.35224723815918
2025-12-05,23.12103843688965
2025-12-08,23.02469825744629
2025-12-09,22.986162185668945
2025-12-10,23.149940490722656
2025-12-11,23.246274948120117
2025-12-12,23.207738876342773
2025-12-15,23.3040771484375
2025-12-16,23.082500457763672
2025-12-17,23.15957260131836
2025-12-18,23.246274948120117
2025-12-19,23.15957260131836
2025-12-22,23.207738876342773
2025-12-23,23.255908966064453
2025-12-24,23.342613220214844
2025-12-26,23.400415420532227
2025-12-29,23.332979202270508
2025-12-30,23.36210823059082
2025-12-31,23.332979202270508
2026-01-02,23.498048782348633
2026-01-05,23.672828674316406
2026-01-06,23.750505447387695
2026-01-07,23.663118362426758
2026-01-08,23.750505447387695
2026-01-09,24.051515579223633
2026-01-12,24.17774200439453
2026-01-13,24.129194259643555
2026-01-14,24.31368637084961
2026-01-15,24.498170852661133
2026-01-16,24.546722412109375
2026-01-20,24.401071548461914
2026-01-21,24.80889129638672
2026-01-22,24.905988693237305
2026-01-23,25.051639556884766
2026-01-26,25.012798309326172
2026-01-27,25.30409812927246
2026-01-28,25.352645874023438
2026-01-29,25.469165802001953
2026-01-30,24.964248657226562
2026-02-02,25.003087997436523
2026-02-03,25.29438591003418
2026-02-04,25.372636795043945
2026-02-05,25.079198837280273
2026-02-06,25.45088768005371
2026-02-09,25.50957679748535
2026-02-10,25.568262100219727
2026-02-11,25.7052001953125
2026-02-12,25.411760330200195
2026-02-13,25.362855911254883
2026-02-17,25.274824142456055
2026-02-18,25.372636795043945
2026-02-19,25.42154312133789
2026-02-20,25.53891944885254
2026-02-23,25.411760330200195
2026-02-24,25.53891944885254
2026-02-25,25.617170333862305
2026-02-26,25.656293869018555
2026-02-27,25.656293869018555
2026-03-02,25.763887405395508
2026-03-03,25.382417678833008
2026-03-04,25.418886184692383
2026-03-05,25.192195892333984
2026-03-06,25.0936336517334
2026-03-09,25.221765518188477
2026-03-10,25.103490829467773
2026-03-11,24.94579315185547
2026-03-12,24.54169273376465
2026-03-13,24.246009826660156
2026-03-16,24.551549911499023
2026-03-17,24.728960037231445
2026-03-18,24.46284294128418
2026-03-19,24.728960037231445
2026-03-20,23.871477127075195
2026-03-23,24.265724182128906
2026-03-24,24.216440200805664
2026-03-25,24.571260452270508
2026-03-26,24.265724182128906
2026-03-27,24.11787986755371
2026-03-30,24.344572067260742
2026-03-31,24.896512985229492
2026-04-01,24.80780792236328
2026-04-02,24.995073318481445
2026-04-06,25.07451820373535
2026-04-07,25.0050048828125
2026-04-08,25.292987823486328
2026-04-09,25.541250228881836
2026-04-10,25.630624771118164
2026-04-13,25.908679962158203
2026-04-14,25.978193283081055
2026-04-15,25.918611526489258
2026-04-16,25.82923698425293
2026-04-17,25.958332061767578
2026-04-20,25.92854118347168
2026-04-21,25.7696533203125
2026-04-22,25.82923698425293
2026-04-23,25.561111450195312
2026-04-24,25.61076545715332
2026-04-27,25.64055633544922
2026-04-28,25.6008358001709
2026-04-29,25.471736907958984
2026-04-30,25.92854118347168
2026-05-01,25.99805450439453
2026-05-04,25.719999313354492
2026-05-05,26.059999465942383
2026-05-06,26.079999923706055
2026-05-07,25.889999389648438
2026-05-08,26.06999969482422
2026-05-11,25.909900665283203
