Date,Close
1992-03-03,3.081545114517212
1992-03-04,2.8247504234313965
1992-03-05,2.8247504234313965
1992-03-06,2.867549180984497
1992-03-09,2.867549180984497
1992-03-10,2.867549180984497
1992-03-11,2.953148365020752
1992-03-12,2.953148365020752
1992-03-13,2.953148365020752
1992-03-16,2.953148365020752
1992-03-17,3.081545114517212
1992-03-18,3.167144298553467
1992-03-19,3.167144298553467
1992-03-20,3.167144298553467
1992-03-23,3.167144298553467
1992-03-24,3.167144298553467
1992-03-25,3.167144298553467
1992-03-26,3.167144298553467
1992-03-27,3.167144298553467
1992-03-30,3.167144298553467
1992-03-31,2.910348653793335
1992-04-01,2.9959475994110107
1992-04-02,2.9959475994110107
1992-04-03,2.9959475994110107
1992-04-06,2.9959475994110107
1992-04-07,2.9959475994110107
1992-04-08,2.9959475994110107
1992-04-09,2.910348653793335
1992-04-10,3.0387473106384277
1992-04-13,3.0387473106384277
1992-04-14,3.0387473106384277
1992-04-15,3.0387473106384277
1992-04-16,3.0387473106384277
1992-04-20,3.0387473106384277
1992-04-21,3.0387473106384277
1992-04-22,3.0387473106384277
1992-04-23,3.0387473106384277
1992-04-24,3.0387473106384277
1992-04-27,3.0387473106384277
1992-04-28,3.0387473106384277
1992-04-29,3.0387473106384277
1992-04-30,3.0387473106384277
1992-05-01,3.4667398929595947
1992-05-04,3.4667398929595947
1992-05-05,3.4667398929595947
1992-05-06,3.4667398929595947
1992-05-07,3.4667398929595947
1992-05-08,3.4667398929595947
1992-05-11,3.4667398929595947
1992-05-12,3.4667398929595947
1992-05-13,3.4667398929595947
1992-05-14,2.9959475994110107
1992-05-15,2.9959475994110107
1992-05-18,2.9959475994110107
1992-05-19,3.167144298553467
1992-05-20,3.167144298553467
1992-05-21,3.167144298553467
1992-05-22,3.167144298553467
1992-05-26,3.167144298553467
1992-05-27,3.167144298553467
1992-05-28,3.167144298553467
1992-05-29,3.124345541000366
1992-06-01,3.081545114517212
1992-06-02,3.081545114517212
1992-06-03,3.081545114517212
1992-06-04,3.081545114517212
1992-06-05,3.2099449634552
1992-06-08,3.2099449634552
1992-06-09,3.2099449634552
1992-06-10,3.252742052078247
1992-06-11,3.287346363067627
1992-06-12,3.287346363067627
1992-06-15,3.287346363067627
1992-06-16,3.287346363067627
1992-06-17,3.287346363067627
1992-06-18,3.287346363067627
1992-06-19,3.287346363067627
1992-06-22,3.2008378505706787
1992-06-23,3.2008378505706787
1992-06-24,3.2008378505706787
1992-06-25,3.287346363067627
1992-06-26,3.287346363067627
1992-06-29,3.287346363067627
1992-06-30,3.287346363067627
1992-07-01,3.2008378505706787
1992-07-02,3.1143271923065186
1992-07-06,3.1143271923065186
1992-07-07,3.2008378505706787
1992-07-08,3.2008378505706787
1992-07-09,3.2008378505706787
1992-07-10,3.4171111583709717
1992-07-13,3.4387385845184326
1992-07-14,3.3306026458740234
1992-07-15,3.3306026458740234
1992-07-16,3.4387385845184326
1992-07-17,3.4387385845184326
1992-07-20,3.373856544494629
1992-07-21,3.3306026458740234
1992-07-22,3.3306026458740234
1992-07-23,3.3306026458740234
1992-07-24,3.3306026458740234
1992-07-27,3.3306026458740234
1992-07-28,3.3306026458740234
1992-07-29,3.3306026458740234
1992-07-30,3.3306026458740234
1992-07-31,3.3306026458740234
1992-08-03,3.3306026458740234
1992-08-04,3.3306026458740234
1992-08-05,3.3306026458740234
1992-08-06,3.3306026458740234
1992-08-07,3.3306026458740234
1992-08-10,3.3306026458740234
1992-08-11,3.3306026458740234
1992-08-12,3.3306026458740234
1992-08-13,3.4171111583709717
1992-08-14,3.4171111583709717
1992-08-17,3.3306026458740234
1992-08-18,3.3306026458740234
1992-08-19,3.373856544494629
1992-08-20,3.373856544494629
1992-08-21,3.4171111583709717
1992-08-24,3.4171111583709717
1992-08-25,3.4171111583709717
1992-08-26,3.4171111583709717
1992-08-27,3.4171111583709717
1992-08-28,3.4171111583709717
1992-08-31,3.4171111583709717
1992-09-01,3.4171111583709717
1992-09-02,3.4171111583709717
1992-09-03,3.4171111583709717
1992-09-04,3.4171111583709717
1992-09-08,3.4171111583709717
1992-09-09,3.135955333709717
1992-09-10,3.135955333709717
1992-09-11,3.135955333709717
1992-09-14,3.135955333709717
1992-09-15,3.135955333709717
1992-09-16,3.135955333709717
1992-09-17,3.135955333709717
1992-09-18,3.135955333709717
1992-09-21,3.135955333709717
1992-09-22,3.135955333709717
1992-09-23,3.135955333709717
1992-09-24,3.4387385845184326
1992-09-25,3.4387385845184326
1992-09-28,3.4387385845184326
1992-09-29,3.4387385845184326
1992-09-30,3.4387385845184326
1992-10-01,3.4387385845184326
1992-10-02,3.4387385845184326
1992-10-05,3.3306026458740234
1992-10-06,3.3306026458740234
1992-10-07,3.3306026458740234
1992-10-08,3.3306026458740234
1992-10-09,3.3306026458740234
1992-10-12,3.3306026458740234
1992-10-13,3.287346363067627
1992-10-14,3.287346363067627
1992-10-15,3.287346363067627
1992-10-16,3.287346363067627
1992-10-19,3.287346363067627
1992-10-20,3.287346363067627
1992-10-21,3.287346363067627
1992-10-22,3.287346363067627
1992-10-23,3.287346363067627
1992-10-26,3.373856544494629
1992-10-27,3.373856544494629
1992-10-28,3.3306026458740234
1992-10-29,3.3306026458740234
1992-10-30,3.3306026458740234
1992-11-02,3.3306026458740234
1992-11-03,3.3306026458740234
1992-11-04,3.3306026458740234
1992-11-05,3.3306026458740234
1992-11-06,3.3306026458740234
1992-11-09,3.3306026458740234
1992-11-10,3.3306026458740234
1992-11-11,3.3306026458740234
1992-11-12,3.3306026458740234
1992-11-13,3.3306026458740234
1992-11-16,3.3306026458740234
1992-11-17,3.4171111583709717
1992-11-18,3.50361967086792
1992-11-19,3.50361967086792
1992-11-20,3.5144333839416504
1992-11-23,3.5144333839416504
1992-11-24,3.5901288986206055
1992-11-25,3.6333837509155273
1992-11-27,3.6333837509155273
1992-11-30,3.6333837509155273
1992-12-01,3.655010938644409
1992-12-02,3.676638126373291
1992-12-03,3.676638126373291
1992-12-04,3.676638126373291
1992-12-07,3.7631454467773438
1992-12-08,3.806401491165161
1992-12-09,3.850153684616089
1992-12-10,3.850153684616089
1992-12-11,3.850153684616089
1992-12-14,3.850153684616089
1992-12-15,3.850153684616089
1992-12-16,3.850153684616089
1992-12-17,3.850153684616089
1992-12-18,3.850153684616089
1992-12-21,3.9376587867736816
1992-12-22,3.9376587867736816
1992-12-23,3.9376587867736816
1992-12-24,3.9376587867736816
1992-12-28,3.9376587867736816
1992-12-29,3.9376587867736816
1992-12-30,3.9376587867736816
1992-12-31,3.9376587867736816
1993-01-04,3.9376587867736816
1993-01-05,3.9376587867736816
1993-01-06,3.9376587867736816
1993-01-07,3.9376587867736816
1993-01-08,3.9376587867736816
1993-01-11,3.9376587867736816
1993-01-12,4.02515983581543
1993-01-13,4.02515983581543
1993-01-14,4.02515983581543
1993-01-15,4.112664222717285
1993-01-18,4.112664222717285
1993-01-19,4.112664222717285
1993-01-20,4.112664222717285
1993-01-21,4.068912029266357
1993-01-22,4.068912029266357
1993-01-25,4.068912029266357
1993-01-26,4.243919372558594
1993-01-27,4.243919372558594
1993-01-28,4.112664222717285
1993-01-29,4.112664222717285
1993-02-01,4.134538173675537
1993-02-02,4.222042083740234
1993-02-03,4.222042083740234
1993-02-04,4.222042083740234
1993-02-05,4.222042083740234
1993-02-08,4.287670612335205
1993-02-09,4.287670612335205
1993-02-10,4.287670612335205
1993-02-11,4.287670612335205
1993-02-12,4.156416416168213
1993-02-16,4.156416416168213
1993-02-17,4.156416416168213
1993-02-18,4.112664222717285
1993-02-19,4.222042083740234
1993-02-22,4.112664222717285
1993-02-23,4.156416416168213
1993-02-24,4.156416416168213
1993-02-25,4.20016622543335
1993-02-26,4.112664222717285
1993-03-01,4.112664222717285
1993-03-02,4.222042083740234
1993-03-03,4.243919372558594
1993-03-04,4.243919372558594
1993-03-05,4.243919372558594
1993-03-08,4.243919372558594
1993-03-09,4.156416416168213
1993-03-10,4.156416416168213
1993-03-11,4.156416416168213
1993-03-12,4.156416416168213
1993-03-15,4.156416416168213
1993-03-16,4.156416416168213
1993-03-17,4.112664222717285
1993-03-18,4.112664222717285
1993-03-19,4.112664222717285
1993-03-22,4.112664222717285
1993-03-23,4.20016622543335
1993-03-24,4.20016622543335
1993-03-25,4.20016622543335
1993-03-26,4.20016622543335
1993-03-29,4.243919372558594
1993-03-30,4.287670612335205
1993-03-31,4.287670612335205
1993-04-01,4.287670612335205
1993-04-02,4.287670612335205
1993-04-05,4.222042083740234
1993-04-06,4.222042083740234
1993-04-07,4.222042083740234
1993-04-08,4.331421375274658
1993-04-12,4.331421375274658
1993-04-13,4.375173568725586
1993-04-14,4.462677478790283
1993-04-15,4.462677478790283
1993-04-16,4.353299140930176
1993-04-19,4.353299140930176
1993-04-20,4.353299140930176
1993-04-21,4.462677478790283
1993-04-22,4.353299140930176
1993-04-23,4.375173568725586
1993-04-26,4.331421375274658
1993-04-27,4.375173568725586
1993-04-28,4.375173568725586
1993-04-29,4.375173568725586
1993-04-30,4.375173568725586
1993-05-03,4.375173568725586
1993-05-04,4.375173568725586
1993-05-05,4.375173568725586
1993-05-06,4.375173568725586
1993-05-07,4.462677478790283
1993-05-10,4.353299140930176
1993-05-11,4.386111259460449
1993-05-12,4.462677478790283
1993-05-13,4.462677478790283
1993-05-14,4.5501813888549805
1993-05-17,4.462677478790283
1993-05-18,4.462677478790283
1993-05-19,4.59393310546875
1993-05-20,4.462677478790283
1993-05-21,4.462677478790283
1993-05-24,4.462677478790283
1993-05-25,4.462677478790283
1993-05-26,4.462677478790283
1993-05-27,4.484553337097168
1993-05-28,4.484553337097168
1993-06-01,4.484553337097168
1993-06-02,4.59393310546875
1993-06-03,4.462677478790283
1993-06-04,4.462677478790283
1993-06-07,4.462677478790283
1993-06-08,4.572056293487549
1993-06-09,4.616231918334961
1993-06-10,4.616231918334961
1993-06-11,4.616231918334961
1993-06-14,4.527881622314453
1993-06-15,4.572057247161865
1993-06-16,4.638318061828613
1993-06-17,4.638318061828613
1993-06-18,4.638318061828613
1993-06-21,4.549971103668213
1993-06-22,4.682493686676025
1993-06-23,4.682493686676025
1993-06-24,4.682493686676025
1993-06-25,4.549971103668213
1993-06-28,4.682493686676025
1993-06-29,4.682493686676025
1993-06-30,4.682493686676025
1993-07-01,4.726667404174805
1993-07-02,4.638318061828613
1993-07-06,4.726667404174805
1993-07-07,4.726667404174805
1993-07-08,4.726667404174805
1993-07-09,4.671448707580566
1993-07-12,4.638318061828613
1993-07-13,4.660406589508057
1993-07-14,4.815016746520996
1993-07-15,4.9475417137146
1993-07-16,4.9475417137146
1993-07-19,4.815016746520996
1993-07-20,4.815016746520996
1993-07-21,4.815016746520996
1993-07-22,4.815016746520996
1993-07-23,4.815016746520996
1993-07-26,4.9475417137146
1993-07-27,4.9475417137146
1993-07-28,4.9475417137146
1993-07-29,4.9475417137146
1993-07-30,4.9475417137146
1993-08-02,4.9475417137146
1993-08-03,4.9475417137146
1993-08-04,4.9475417137146
1993-08-05,4.9475417137146
1993-08-06,4.859190940856934
1993-08-09,4.9033660888671875
1993-08-10,4.9033660888671875
1993-08-11,4.9033660888671875
1993-08-12,4.9033660888671875
1993-08-13,4.9033660888671875
1993-08-16,4.9033660888671875
1993-08-17,4.9033660888671875
1993-08-18,4.925450801849365
1993-08-19,4.925450801849365
1993-08-20,4.859190940856934
1993-08-23,4.859190940856934
1993-08-24,4.859190940856934
1993-08-25,4.991713523864746
1993-08-26,4.9475417137146
1993-08-27,4.991713523864746
1993-08-30,4.991713523864746
1993-08-31,4.991713523864746
1993-09-01,4.991713523864746
1993-09-02,4.991713523864746
1993-09-03,4.991713523864746
1993-09-07,4.991713523864746
1993-09-08,4.991713523864746
1993-09-09,4.991713523864746
1993-09-10,4.991713523864746
1993-09-13,4.991713523864746
1993-09-14,4.991713523864746
1993-09-15,5.146326065063477
1993-09-16,5.146326065063477
1993-09-17,5.080061435699463
1993-09-20,5.080061435699463
1993-09-21,5.146326065063477
1993-09-22,5.146326065063477
1993-09-23,5.146326065063477
1993-09-24,4.991713523864746
1993-09-27,5.146326065063477
1993-09-28,5.146326065063477
1993-09-29,5.146326065063477
1993-09-30,5.146326065063477
1993-10-01,5.146326065063477
1993-10-04,5.146326065063477
1993-10-05,5.035886764526367
1993-10-06,5.035886764526367
1993-10-07,5.035886764526367
1993-10-08,5.035886764526367
1993-10-11,5.035886764526367
1993-10-12,5.124238967895508
1993-10-13,5.212587356567383
1993-10-14,5.212587356567383
1993-10-15,5.212587356567383
1993-10-18,5.212587356567383
1993-10-19,5.212587356567383
1993-10-20,5.190499305725098
1993-10-21,5.190499305725098
1993-10-22,5.190499305725098
1993-10-25,5.212587356567383
1993-10-26,5.3009352684021
1993-10-27,5.477633476257324
1993-10-28,5.477633476257324
1993-10-29,5.389284610748291
1993-11-01,5.565981388092041
1993-11-02,5.565981388092041
1993-11-03,5.565981388092041
1993-11-04,5.565981388092041
1993-11-05,5.654332160949707
1993-11-08,5.654332160949707
1993-11-09,5.654332160949707
1993-11-10,5.654332160949707
1993-11-11,5.654332160949707
1993-11-12,5.654332160949707
1993-11-15,5.654332160949707
1993-11-16,5.654332160949707
1993-11-17,5.654332160949707
1993-11-18,5.654332160949707
1993-11-19,5.654332160949707
1993-11-22,5.654332160949707
1993-11-23,5.654332160949707
1993-11-24,5.654332160949707
1993-11-26,5.654332160949707
1993-11-29,5.654332160949707
1993-11-30,5.654332160949707
1993-12-01,5.654332160949707
1993-12-02,5.654332160949707
1993-12-03,5.654332160949707
1993-12-06,5.654332160949707
1993-12-07,5.74268102645874
1993-12-08,5.74268102645874
1993-12-09,5.74268102645874
1993-12-10,5.74268102645874
1993-12-13,5.74268102645874
1993-12-14,5.74268102645874
1993-12-15,5.790789604187012
1993-12-16,5.5235209465026855
1993-12-17,5.790789604187012
1993-12-20,5.5235209465026855
1993-12-21,5.5235209465026855
1993-12-22,5.790789604187012
1993-12-23,5.790789604187012
1993-12-27,5.790789604187012
1993-12-28,5.790789604187012
1993-12-29,5.5235209465026855
1993-12-30,5.790789604187012
1993-12-31,5.790789604187012
1994-01-03,5.790789604187012
1994-01-04,5.723972797393799
1994-01-05,5.790789604187012
1994-01-06,5.790789604187012
1994-01-07,5.790789604187012
1994-01-10,5.790789604187012
1994-01-11,5.612610340118408
1994-01-12,5.612610340118408
1994-01-13,5.612610340118408
1994-01-14,5.924422264099121
1994-01-17,5.924422264099121
1994-01-18,5.924422264099121
1994-01-19,5.924422264099121
1994-01-20,5.924422264099121
1994-01-21,5.924422264099121
1994-01-24,5.790789604187012
1994-01-25,5.790789604187012
1994-01-26,6.147144317626953
1994-01-27,6.147144317626953
1994-01-28,6.147144317626953
1994-01-31,6.191689968109131
1994-02-01,6.191689968109131
1994-02-02,6.191689968109131
1994-02-03,6.191689968109131
1994-02-04,6.191689968109131
1994-02-07,6.191689968109131
1994-02-08,6.191689968109131
1994-02-09,6.191689968109131
1994-02-10,6.191689968109131
1994-02-11,6.191689968109131
1994-02-14,6.147144317626953
1994-02-15,6.147144317626953
1994-02-16,6.191689968109131
1994-02-17,6.191689968109131
1994-02-18,6.236233234405518
1994-02-22,6.191689968109131
1994-02-23,6.191689968109131
1994-02-24,6.280777931213379
1994-02-25,6.280777931213379
1994-02-28,6.280777931213379
1994-03-01,6.102601528167725
1994-03-02,6.102601528167725
1994-03-03,6.102601528167725
1994-03-04,6.280777931213379
1994-03-07,6.325325012207031
1994-03-08,6.325325012207031
1994-03-09,6.325325012207031
1994-03-10,6.325325012207031
1994-03-11,6.147144317626953
1994-03-14,6.147144317626953
1994-03-15,6.414411544799805
1994-03-16,6.325325012207031
1994-03-17,6.369867324829102
1994-03-18,6.458956241607666
1994-03-21,6.458956241607666
1994-03-22,6.236233234405518
1994-03-23,6.236233234405518
1994-03-24,6.503501892089844
1994-03-25,6.236233234405518
1994-03-28,6.236233234405518
1994-03-29,6.236233234405518
1994-03-30,6.236233234405518
1994-03-31,6.414411544799805
1994-04-04,6.325325012207031
1994-04-05,6.414411544799805
1994-04-06,6.414411544799805
1994-04-07,6.058056831359863
1994-04-08,6.058056831359863
1994-04-11,6.414411544799805
1994-04-12,6.414411544799805
1994-04-13,6.414411544799805
1994-04-14,6.280777931213379
1994-04-15,6.280777931213379
1994-04-18,6.369867324829102
1994-04-19,6.058056831359863
1994-04-20,6.058056831359863
1994-04-21,6.058056831359863
1994-04-22,6.058056831359863
1994-04-25,6.325325012207031
1994-04-26,6.013510704040527
1994-04-28,6.325325012207031
1994-04-29,5.968967437744141
1994-05-02,5.968967437744141
1994-05-03,6.280777931213379
1994-05-04,6.325325012207031
1994-05-05,6.325325012207031
1994-05-06,6.325325012207031
1994-05-09,6.414411544799805
1994-05-10,6.058056831359863
1994-05-11,6.058056831359863
1994-05-12,6.325325012207031
1994-05-13,6.325325012207031
1994-05-16,6.325325012207031
1994-05-17,6.325325012207031
1994-05-18,6.325325012207031
1994-05-19,6.236233234405518
1994-05-20,6.325325012207031
1994-05-23,6.325325012207031
1994-05-24,6.325325012207031
1994-05-25,6.147144317626953
1994-05-26,6.147144317626953
1994-05-27,6.147144317626953
1994-05-31,6.147144317626953
1994-06-01,6.058056831359863
1994-06-02,6.325325012207031
1994-06-03,6.325325012207031
1994-06-06,6.325325012207031
1994-06-07,6.325325012207031
1994-06-08,6.325325012207031
1994-06-09,6.325325012207031
1994-06-10,6.169417858123779
1994-06-13,6.169417858123779
1994-06-14,6.169417858123779
1994-06-15,6.217904567718506
1994-06-16,6.217904567718506
1994-06-17,6.3076934814453125
1994-06-20,6.3076934814453125
1994-06-21,6.375034332275391
1994-06-22,6.375034332275391
1994-06-23,6.10566520690918
1994-06-24,6.10566520690918
1994-06-27,6.10566520690918
1994-06-28,6.10566520690918
1994-06-29,6.10566520690918
1994-06-30,6.375034332275391
1994-07-01,6.375034332275391
1994-07-05,6.10566520690918
1994-07-06,6.375034332275391
1994-07-07,6.375034332275391
1994-07-08,6.375034332275391
1994-07-11,6.150561809539795
1994-07-12,6.330138683319092
1994-07-13,6.195456027984619
1994-07-14,6.285245895385742
1994-07-15,6.464822769165039
1994-07-18,6.285245895385742
1994-07-19,6.285245895385742
1994-07-20,6.285245895385742
1994-07-21,6.195456027984619
1994-07-22,6.240350246429443
1994-07-25,6.240350246429443
1994-07-26,6.240350246429443
1994-07-27,6.240350246429443
1994-07-28,6.195456027984619
1994-07-29,6.195456027984619
1994-08-01,6.195456027984619
1994-08-02,6.195456027984619
1994-08-03,6.195456027984619
1994-08-04,6.195456027984619
1994-08-05,6.195456027984619
1994-08-08,6.195456027984619
1994-08-09,6.352586269378662
1994-08-10,6.352586269378662
1994-08-11,6.352586269378662
1994-08-12,6.352586269378662
1994-08-15,6.195456027984619
1994-08-16,6.195456027984619
1994-08-17,6.352586269378662
1994-08-18,6.240350246429443
1994-08-19,6.240350246429443
1994-08-22,6.240350246429443
1994-08-23,6.240350246429443
1994-08-24,6.240350246429443
1994-08-25,6.240350246429443
1994-08-26,6.0607709884643555
1994-08-29,6.195456027984619
1994-08-30,6.195456027984619
1994-08-31,6.195456027984619
1994-09-01,6.10566520690918
1994-09-02,6.10566520690918
1994-09-06,6.10566520690918
1994-09-07,6.10566520690918
1994-09-08,6.0607709884643555
1994-09-09,6.150561809539795
1994-09-12,6.083220481872559
1994-09-13,6.083220481872559
1994-09-14,6.038326740264893
1994-09-15,6.0607709884643555
1994-09-16,6.285245895385742
1994-09-19,6.083220481872559
1994-09-20,6.015876770019531
1994-09-21,5.993431568145752
1994-09-22,6.0607709884643555
1994-09-23,5.8811936378479
1994-09-26,6.195456027984619
1994-09-27,6.195456027984619
1994-09-28,5.926087379455566
1994-09-29,5.926087379455566
1994-09-30,5.926087379455566
1994-10-03,5.926087379455566
1994-10-04,5.926087379455566
1994-10-05,5.8811936378479
1994-10-06,6.0607709884643555
1994-10-07,6.0607709884643555
1994-10-10,6.10566520690918
1994-10-11,5.8811936378479
1994-10-12,6.10566520690918
1994-10-13,6.10566520690918
1994-10-14,6.10566520690918
1994-10-17,5.836299896240234
1994-10-18,5.836299896240234
1994-10-19,5.836299896240234
1994-10-20,5.836299896240234
1994-10-21,5.836299896240234
1994-10-24,5.836299896240234
1994-10-25,5.746510982513428
1994-10-26,5.746510982513428
1994-10-27,5.746510982513428
1994-10-28,5.746510982513428
1994-10-31,5.746510982513428
1994-11-01,5.566931247711182
1994-11-02,5.566931247711182
1994-11-03,5.566931247711182
1994-11-04,5.566931247711182
1994-11-07,5.746510982513428
1994-11-08,5.746510982513428
1994-11-09,5.566931247711182
1994-11-10,5.679166793823242
1994-11-11,5.679166793823242
1994-11-14,5.679166793823242
1994-11-15,5.679166793823242
1994-11-16,5.387352466583252
1994-11-17,5.566931247711182
1994-11-18,5.566931247711182
1994-11-21,5.566931247711182
1994-11-22,5.566931247711182
1994-11-23,5.566931247711182
1994-11-25,5.566931247711182
1994-11-28,5.387352466583252
1994-11-29,5.387352466583252
1994-11-30,5.387352466583252
1994-12-01,5.387352466583252
1994-12-02,5.387352466583252
1994-12-05,5.387352466583252
1994-12-06,5.387352466583252
1994-12-07,5.656719207763672
1994-12-08,5.656719207763672
1994-12-09,5.387352466583252
1994-12-12,5.656719207763672
1994-12-13,5.656719207763672
1994-12-14,5.707453727722168
1994-12-15,5.707453727722168
1994-12-16,5.435670375823975
1994-12-19,5.435670375823975
1994-12-20,5.435670375823975
1994-12-21,5.7980475425720215
1994-12-22,5.7980475425720215
1994-12-23,5.7980475425720215
1994-12-27,5.7980475425720215
1994-12-28,5.7980475425720215
1994-12-29,5.88864278793335
1994-12-30,5.52626371383667
1995-01-03,5.979238033294678
1995-01-04,5.616858959197998
1995-01-05,5.616858959197998
1995-01-06,5.616858959197998
1995-01-09,5.616858959197998
1995-01-10,5.616858959197998
1995-01-11,5.616858959197998
1995-01-12,5.616858959197998
1995-01-13,5.979238033294678
1995-01-16,5.979238033294678
1995-01-17,5.979238033294678
1995-01-18,5.616858959197998
1995-01-19,5.616858959197998
1995-01-20,5.616858959197998
1995-01-23,5.707453727722168
1995-01-24,5.707453727722168
1995-01-25,5.707453727722168
1995-01-26,5.707453727722168
1995-01-27,5.88864278793335
1995-01-30,5.88864278793335
1995-01-31,5.88864278793335
1995-02-01,5.88864278793335
1995-02-02,5.88864278793335
1995-02-03,5.88864278793335
1995-02-06,5.88864278793335
1995-02-07,5.616858959197998
1995-02-08,5.616858959197998
1995-02-09,5.616858959197998
1995-02-10,5.639507293701172
1995-02-13,5.639507293701172
1995-02-14,5.639507293701172
1995-02-15,5.88864278793335
1995-02-16,5.88864278793335
1995-02-17,5.88864278793335
1995-02-21,5.88864278793335
1995-02-22,5.88864278793335
1995-02-23,5.88864278793335
1995-02-24,5.979238033294678
1995-02-27,5.979238033294678
1995-02-28,5.88864278793335
1995-03-01,5.88864278793335
1995-03-02,5.88864278793335
1995-03-03,5.88864278793335
1995-03-06,5.88864278793335
1995-03-07,5.88864278793335
1995-03-08,5.616858959197998
1995-03-09,5.616858959197998
1995-03-10,5.616858959197998
1995-03-13,5.707453727722168
1995-03-14,5.707453727722168
1995-03-15,5.52626371383667
1995-03-16,5.52626371383667
1995-03-17,5.52626371383667
1995-03-20,5.52626371383667
1995-03-21,5.435670375823975
1995-03-22,5.45831823348999
1995-03-23,5.503615379333496
1995-03-24,5.480966567993164
1995-03-27,5.480966567993164
1995-03-28,5.480966567993164
1995-03-29,5.480966567993164
1995-03-30,5.707453727722168
1995-03-31,5.480966567993164
1995-04-03,5.480966567993164
1995-04-04,5.480966567993164
1995-04-05,5.480966567993164
1995-04-06,5.480966567993164
1995-04-07,5.435670375823975
1995-04-10,5.52626371383667
1995-04-11,5.254482269287109
1995-04-12,5.52626371383667
1995-04-13,5.390374183654785
1995-04-17,5.435670375823975
1995-04-18,5.254482269287109
1995-04-19,5.254482269287109
1995-04-20,5.345074653625488
1995-04-21,5.345074653625488
1995-04-24,5.345074653625488
1995-04-25,5.345074653625488
1995-04-26,5.345074653625488
1995-04-27,5.345074653625488
1995-04-28,5.345074653625488
1995-05-01,5.345074653625488
1995-05-02,5.299780368804932
1995-05-03,5.163885116577148
1995-05-04,5.163885116577148
1995-05-05,5.435670375823975
1995-05-08,5.163885116577148
1995-05-09,5.435670375823975
1995-05-10,5.163885116577148
1995-05-11,5.163885116577148
1995-05-12,5.163885116577148
1995-05-15,5.254482269287109
1995-05-16,5.073294162750244
1995-05-17,5.254482269287109
1995-05-18,5.345074653625488
1995-05-19,5.073294162750244
1995-05-22,5.254482269287109
1995-05-23,5.254482269287109
1995-05-24,5.299780368804932
1995-05-25,5.299780368804932
1995-05-26,5.299780368804932
1995-05-30,5.141238689422607
1995-05-31,5.277132034301758
1995-06-01,5.390374183654785
1995-06-02,5.435670375823975
1995-06-05,5.435670375823975
1995-06-06,5.435670375823975
1995-06-07,5.435670375823975
1995-06-08,5.435670375823975
1995-06-09,5.435670375823975
1995-06-12,5.345074653625488
1995-06-13,5.345074653625488
1995-06-14,5.163885116577148
1995-06-15,5.163885116577148
1995-06-16,5.231832504272461
1995-06-19,5.231832504272461
1995-06-20,5.326957702636719
1995-06-21,5.517202377319336
1995-06-22,5.136708736419678
1995-06-23,5.136708736419678
1995-06-26,5.136708736419678
1995-06-27,5.517202377319336
1995-06-28,5.517202377319336
1995-06-29,5.326957702636719
1995-06-30,5.707453727722168
1995-07-03,5.707453727722168
1995-07-05,5.707453727722168
1995-07-06,5.683671474456787
1995-07-07,5.517202377319336
1995-07-10,5.897701263427734
1995-07-11,5.517202377319336
1995-07-12,5.897701263427734
1995-07-13,5.802577495574951
1995-07-14,5.802577495574951
1995-07-17,5.612329959869385
1995-07-18,5.802577495574951
1995-07-19,5.802577495574951
1995-07-20,5.802577495574951
1995-07-21,5.802577495574951
1995-07-24,5.7550153732299805
1995-07-25,5.7550153732299805
1995-07-26,5.897701263427734
1995-07-27,5.897701263427734
1995-07-28,5.897701263427734
1995-07-31,5.897701263427734
1995-08-01,5.612329959869385
1995-08-02,5.99282693862915
1995-08-03,5.99282693862915
1995-08-04,5.99282693862915
1995-08-07,5.873920440673828
1995-08-08,5.612329959869385
1995-08-09,5.612329959869385
1995-08-10,5.612329959869385
1995-08-11,5.612329959869385
1995-08-14,5.897701263427734
1995-08-15,5.683671474456787
1995-08-16,5.683671474456787
1995-08-17,5.612329959869385
1995-08-18,5.7550153732299805
1995-08-21,5.99282693862915
1995-08-22,5.850139141082764
1995-08-23,5.850139141082764
1995-08-24,5.850139141082764
1995-08-25,5.850139141082764
1995-08-28,5.850139141082764
1995-08-29,5.850139141082764
1995-08-30,5.850139141082764
1995-08-31,5.850139141082764
1995-09-01,5.850139141082764
1995-09-05,5.850139141082764
1995-09-06,5.850139141082764
1995-09-07,5.850139141082764
1995-09-08,5.850139141082764
1995-09-11,5.7550153732299805
1995-09-12,5.7550153732299805
1995-09-13,5.612329959869385
1995-09-14,5.802577495574951
1995-09-15,5.802577495574951
1995-09-18,5.802577495574951
1995-09-19,5.802577495574951
1995-09-20,5.802577495574951
1995-09-21,5.802577495574951
1995-09-22,5.802577495574951
1995-09-25,5.802577495574951
1995-09-26,5.612329959869385
1995-09-27,5.7550153732299805
1995-09-28,5.7550153732299805
1995-09-29,5.897701263427734
1995-10-02,5.897701263427734
1995-10-03,5.612329959869385
1995-10-04,5.612329959869385
1995-10-05,5.612329959869385
1995-10-06,5.802577495574951
1995-10-09,5.802577495574951
1995-10-10,5.802577495574951
1995-10-11,5.624217987060547
1995-10-12,5.612329959869385
1995-10-13,5.897701263427734
1995-10-16,5.802577495574951
1995-10-17,5.612329959869385
1995-10-18,5.802577495574951
1995-10-19,5.707453727722168
1995-10-20,5.707453727722168
1995-10-23,5.707453727722168
1995-10-24,5.707453727722168
1995-10-25,5.99282693862915
1995-10-26,5.99282693862915
1995-10-27,5.99282693862915
1995-10-30,5.99282693862915
1995-10-31,5.99282693862915
1995-11-01,5.99282693862915
1995-11-02,5.802577495574951
1995-11-03,5.802577495574951
1995-11-06,5.802577495574951
1995-11-07,6.0403876304626465
1995-11-08,6.0403876304626465
1995-11-09,5.707453727722168
1995-11-10,6.087950706481934
1995-11-13,5.707453727722168
1995-11-14,6.087950706481934
1995-11-15,6.087950706481934
1995-11-16,6.087950706481934
1995-11-17,6.087950706481934
1995-11-20,6.087950706481934
1995-11-21,6.087950706481934
1995-11-22,6.087950706481934
1995-11-24,6.087950706481934
1995-11-27,5.707453727722168
1995-11-28,5.707453727722168
1995-11-29,5.99282693862915
1995-11-30,5.99282693862915
1995-12-01,5.99282693862915
1995-12-04,5.99282693862915
1995-12-05,6.087950706481934
1995-12-06,6.087950706481934
1995-12-07,6.087950706481934
1995-12-08,6.087950706481934
1995-12-11,6.087950706481934
1995-12-12,6.087950706481934
1995-12-13,6.141690254211426
1995-12-14,6.141690254211426
1995-12-15,6.141690254211426
1995-12-18,5.853797912597656
1995-12-19,5.853797912597656
1995-12-20,5.853797912597656
1995-12-21,5.853797912597656
1995-12-22,5.853797912597656
1995-12-26,5.853797912597656
1995-12-27,5.853797912597656
1995-12-28,6.09370756149292
1995-12-29,6.045727729797363
1996-01-02,6.717470645904541
1996-01-03,6.429582118988037
1996-01-04,6.429582118988037
1996-01-05,6.621508598327637
1996-01-08,6.333619594573975
1996-01-09,6.429582118988037
1996-01-10,6.429582118988037
1996-01-11,6.429582118988037
1996-01-12,6.525547027587891
1996-01-15,6.333619594573975
1996-01-16,6.429582118988037
1996-01-17,6.2616448402404785
1996-01-18,6.2616448402404785
1996-01-19,6.333619594573975
1996-01-22,6.333619594573975
1996-01-23,6.333619594573975
1996-01-24,6.429582118988037
1996-01-25,6.429582118988037
1996-01-26,6.429582118988037
1996-01-29,6.429582118988037
1996-01-30,6.429582118988037
1996-01-31,6.381601333618164
1996-02-01,6.23765230178833
1996-02-02,6.23765230178833
1996-02-05,6.525547027587891
1996-02-06,6.525547027587891
1996-02-07,6.525547027587891
1996-02-08,6.525547027587891
1996-02-09,6.525547027587891
1996-02-12,6.525547027587891
1996-02-13,6.23765230178833
1996-02-14,6.23765230178833
1996-02-15,6.23765230178833
1996-02-16,6.23765230178833
1996-02-20,6.23765230178833
1996-02-21,6.23765230178833
1996-02-22,6.23765230178833
1996-02-23,6.23765230178833
1996-02-26,6.23765230178833
1996-02-27,6.381601333618164
1996-02-28,6.381601333618164
1996-02-29,6.23765230178833
1996-03-01,6.525547027587891
1996-03-04,6.23765230178833
1996-03-05,6.2616448402404785
1996-03-06,6.23765230178833
1996-03-07,6.23765230178833
1996-03-08,6.23765230178833
1996-03-11,6.141690254211426
1996-03-12,6.141690254211426
1996-03-13,6.141690254211426
1996-03-14,6.141690254211426
1996-03-15,6.141690254211426
1996-03-18,6.141690254211426
1996-03-19,6.141690254211426
1996-03-20,6.141690254211426
1996-03-21,6.429582118988037
1996-03-22,6.429582118988037
1996-03-25,6.429582118988037
1996-03-26,6.429582118988037
1996-03-27,6.429582118988037
1996-03-28,6.429582118988037
1996-03-29,6.045727729797363
1996-04-01,6.333619594573975
1996-04-02,6.141690254211426
1996-04-03,6.23765230178833
1996-04-04,6.23765230178833
1996-04-08,6.23765230178833
1996-04-09,6.23765230178833
1996-04-10,6.23765230178833
1996-04-11,6.045727729797363
1996-04-12,5.949761867523193
1996-04-15,5.949761867523193
1996-04-16,6.141690254211426
1996-04-17,6.141690254211426
1996-04-18,6.141690254211426
1996-04-19,5.949761867523193
1996-04-22,5.949761867523193
1996-04-23,5.949761867523193
1996-04-24,5.949761867523193
1996-04-25,5.997744560241699
1996-04-26,5.997744560241699
1996-04-29,5.997744560241699
1996-04-30,6.141690254211426
1996-05-01,6.141690254211426
1996-05-02,6.141690254211426
1996-05-03,6.141690254211426
1996-05-06,6.141690254211426
1996-05-07,6.141690254211426
1996-05-08,6.045727729797363
1996-05-09,5.949761867523193
1996-05-10,5.985748767852783
1996-05-13,5.853797912597656
1996-05-14,5.853797912597656
1996-05-15,5.853797912597656
1996-05-16,5.853797912597656
1996-05-17,5.853797912597656
1996-05-20,6.141690254211426
1996-05-21,6.141690254211426
1996-05-22,6.045727729797363
1996-05-23,6.141690254211426
1996-05-24,5.949761867523193
1996-05-28,5.805815696716309
1996-05-29,5.8448004722595215
1996-05-30,5.853797912597656
1996-05-31,5.853797912597656
1996-06-03,6.045727729797363
1996-06-04,5.901778697967529
1996-06-05,5.901778697967529
1996-06-06,6.045727729797363
1996-06-07,5.853797912597656
1996-06-10,5.853797912597656
1996-06-11,5.853797912597656
1996-06-12,5.853797912597656
1996-06-13,5.853797912597656
1996-06-14,5.844202518463135
1996-06-17,5.844202518463135
1996-06-18,5.844202518463135
1996-06-19,5.844202518463135
1996-06-20,6.247248649597168
1996-06-21,6.247248649597168
1996-06-24,6.247248649597168
1996-06-25,6.1212968826293945
1996-06-26,6.247248649597168
1996-06-27,6.247248649597168
1996-06-28,6.247248649597168
1996-07-01,6.247248649597168
1996-07-02,6.196868896484375
1996-07-03,6.196868896484375
1996-07-05,6.196868896484375
1996-07-08,6.196868896484375
1996-07-09,6.247248649597168
1996-07-10,6.247248649597168
1996-07-11,6.297630786895752
1996-07-12,6.297630786895752
1996-07-15,6.146488666534424
1996-07-16,6.247248649597168
1996-07-17,6.3480119705200195
1996-07-18,6.3480119705200195
1996-07-19,6.3983941078186035
1996-07-22,6.3480119705200195
1996-07-23,6.247248649597168
1996-07-24,6.448773384094238
1996-07-25,6.448773384094238
1996-07-26,6.196868896484375
1996-07-29,6.196868896484375
1996-07-30,6.247248649597168
1996-07-31,6.448773384094238
1996-08-01,6.448773384094238
1996-08-02,6.448773384094238
1996-08-05,6.448773384094238
1996-08-06,6.146488666534424
1996-08-07,6.448773384094238
1996-08-08,6.146488666534424
1996-08-09,6.146488666534424
1996-08-12,6.448773384094238
1996-08-13,6.448773384094238
1996-08-14,6.448773384094238
1996-08-15,6.448773384094238
1996-08-16,6.247248649597168
1996-08-19,6.247248649597168
1996-08-20,6.247248649597168
1996-08-21,6.247248649597168
1996-08-22,6.322822093963623
1996-08-23,6.297630786895752
1996-08-26,6.297630786895752
1996-08-27,6.3480119705200195
1996-08-28,6.146488666534424
1996-08-29,6.146488666534424
1996-08-30,6.146488666534424
1996-09-03,6.549535274505615
1996-09-04,6.549535274505615
1996-09-05,6.549535274505615
1996-09-06,6.625108242034912
1996-09-09,6.549535274505615
1996-09-10,6.549535274505615
1996-09-11,6.3480119705200195
1996-09-12,6.549535274505615
1996-09-13,6.549535274505615
1996-09-16,6.3480119705200195
1996-09-17,6.3480119705200195
1996-09-18,6.3983941078186035
1996-09-19,6.3480119705200195
1996-09-20,6.297630786895752
1996-09-23,6.549535274505615
1996-09-24,6.247248649597168
1996-09-25,6.3480119705200195
1996-09-26,6.3480119705200195
1996-09-27,6.3480119705200195
1996-09-30,6.6503005027771
1996-10-01,6.631404876708984
1996-10-02,6.3983941078186035
1996-10-03,6.6503005027771
1996-10-04,6.6503005027771
1996-10-07,6.6503005027771
1996-10-08,6.549535274505615
1996-10-09,6.700677871704102
1996-10-10,6.700677871704102
1996-10-11,6.700677871704102
1996-10-14,6.700677871704102
1996-10-15,6.751060485839844
1996-10-16,6.9525861740112305
1996-10-17,6.751060485839844
1996-10-18,6.9525861740112305
1996-10-21,6.9525861740112305
1996-10-22,6.902202606201172
1996-10-23,6.927393913269043
1996-10-24,6.927393913269043
1996-10-25,7.053349494934082
1996-10-28,6.751060485839844
1996-10-29,6.751060485839844
1996-10-30,6.751060485839844
1996-10-31,6.751060485839844
1996-11-01,7.053349494934082
1996-11-04,6.751060485839844
1996-11-05,6.751060485839844
1996-11-06,7.053349494934082
1996-11-07,7.053349494934082
1996-11-08,7.053349494934082
1996-11-11,7.053349494934082
1996-11-12,7.154109954833984
1996-11-13,6.851822853088379
1996-11-14,6.851822853088379
1996-11-15,7.154109954833984
1996-11-18,6.851822853088379
1996-11-19,6.851822853088379
1996-11-20,7.053349494934082
1996-11-21,6.851822853088379
1996-11-22,7.053349494934082
1996-11-25,7.053349494934082
1996-11-26,7.053349494934082
1996-11-27,7.053349494934082
1996-11-29,7.053349494934082
1996-12-02,7.053349494934082
1996-12-03,7.053349494934082
1996-12-04,7.053349494934082
1996-12-05,7.053349494934082
1996-12-06,7.053349494934082
1996-12-09,6.927393913269043
1996-12-10,6.927393913269043
1996-12-11,6.927393913269043
1996-12-12,6.927393913269043
1996-12-13,6.998651504516602
1996-12-16,7.125901222229004
1996-12-17,7.329495429992676
1996-12-18,7.329495429992676
1996-12-19,7.329495429992676
1996-12-20,7.329495429992676
1996-12-23,7.227701663970947
1996-12-24,7.227701663970947
1996-12-26,7.227701663970947
1996-12-27,7.5330939292907715
1996-12-30,7.5330939292907715
1996-12-31,7.5330939292907715
1997-01-02,7.227701663970947
1997-01-03,7.431296348571777
1997-01-06,7.431296348571777
1997-01-07,7.431296348571777
1997-01-08,7.431296348571777
1997-01-09,7.5330939292907715
1997-01-10,7.5330939292907715
1997-01-13,7.5330939292907715
1997-01-14,7.431296348571777
1997-01-15,7.5330939292907715
1997-01-16,7.329495429992676
1997-01-17,7.329495429992676
1997-01-20,7.329495429992676
1997-01-21,7.329495429992676
1997-01-22,7.5330939292907715
1997-01-23,7.329495429992676
1997-01-24,7.5330939292907715
1997-01-27,7.634894371032715
1997-01-28,7.329495429992676
1997-01-29,7.329495429992676
1997-01-30,7.329495429992676
1997-01-31,7.329495429992676
1997-02-03,7.329495429992676
1997-02-04,7.329495429992676
1997-02-05,7.329495429992676
1997-02-06,7.329495429992676
1997-02-07,7.329495429992676
1997-02-10,7.329495429992676
1997-02-11,7.329495429992676
1997-02-12,7.634894371032715
1997-02-13,7.634894371032715
1997-02-14,7.634894371032715
1997-02-18,7.329495429992676
1997-02-19,7.329495429992676
1997-02-20,7.329495429992676
1997-02-21,7.609443187713623
1997-02-24,7.609443187713623
1997-02-25,7.609443187713623
1997-02-26,7.609443187713623
1997-02-27,7.609443187713623
1997-02-28,7.5330939292907715
1997-03-03,7.5330939292907715
1997-03-04,7.329495429992676
1997-03-05,7.329495429992676
1997-03-06,7.329495429992676
1997-03-07,7.329495429992676
1997-03-10,7.329495429992676
1997-03-11,7.329495429992676
1997-03-12,7.5330939292907715
1997-03-13,7.431296348571777
1997-03-14,7.5330939292907715
1997-03-17,7.5330939292907715
1997-03-18,7.5330939292907715
1997-03-19,7.125901222229004
1997-03-20,7.329495429992676
1997-03-21,7.125901222229004
1997-03-24,7.125901222229004
1997-03-25,7.125901222229004
1997-03-26,7.329495429992676
1997-03-27,7.176800727844238
1997-03-31,7.176800727844238
1997-04-01,7.176800727844238
1997-04-02,6.820502758026123
1997-04-03,6.820502758026123
1997-04-04,6.973204612731934
1997-04-07,7.125901222229004
1997-04-08,6.998651504516602
1997-04-09,6.998651504516602
1997-04-10,6.998651504516602
1997-04-11,6.998651504516602
1997-04-14,6.998651504516602
1997-04-15,6.973204612731934
1997-04-16,6.973204612731934
1997-04-17,7.024104118347168
1997-04-18,7.024104118347168
1997-04-21,6.769606113433838
1997-04-22,6.871403694152832
1997-04-23,6.718705654144287
1997-04-24,6.718705654144287
1997-04-25,6.718705654144287
1997-04-28,6.769606113433838
1997-04-29,6.922305107116699
1997-04-30,6.896855354309082
1997-05-01,7.075003623962402
1997-05-02,7.075003623962402
1997-05-05,6.922305107116699
1997-05-06,7.075003623962402
1997-05-07,6.922305107116699
1997-05-08,6.922305107116699
1997-05-09,6.922305107116699
1997-05-12,7.024104118347168
1997-05-13,6.896855354309082
1997-05-14,6.820502758026123
1997-05-15,7.024104118347168
1997-05-16,7.024104118347168
1997-05-19,7.024104118347168
1997-05-20,6.922305107116699
1997-05-21,6.922305107116699
1997-05-22,6.922305107116699
1997-05-23,7.024104118347168
1997-05-27,6.922305107116699
1997-05-28,6.922305107116699
1997-05-29,6.922305107116699
1997-05-30,7.125901222229004
1997-06-02,6.998651504516602
1997-06-03,6.998651504516602
1997-06-04,7.075003623962402
1997-06-05,7.024104118347168
1997-06-06,7.125901222229004
1997-06-09,7.125901222229004
1997-06-10,7.125901222229004
1997-06-11,7.024104118347168
1997-06-12,7.125901222229004
1997-06-13,7.197880744934082
1997-06-16,7.249294757843018
1997-06-17,7.249294757843018
1997-06-18,7.249294757843018
1997-06-19,7.249294757843018
1997-06-20,7.069345474243164
1997-06-23,7.069345474243164
1997-06-24,7.069345474243164
1997-06-25,7.095053195953369
1997-06-26,7.3007073402404785
1997-06-27,7.454948902130127
1997-06-30,7.660601615905762
1997-07-01,7.3007073402404785
1997-07-02,7.3007073402404785
1997-07-03,7.60918664932251
1997-07-07,7.660601615905762
1997-07-08,7.917666912078857
1997-07-09,7.763428688049316
1997-07-10,7.506359100341797
1997-07-11,7.634896278381348
1997-07-14,7.660601615905762
1997-07-15,7.917666912078857
1997-07-16,7.866253852844238
1997-07-17,7.814838409423828
1997-07-18,7.814838409423828
1997-07-21,7.71201229095459
1997-07-22,7.866253852844238
1997-07-23,7.866253852844238
1997-07-24,7.866253852844238
1997-07-25,7.71201229095459
1997-07-28,7.71201229095459
1997-07-29,7.763428688049316
1997-07-30,7.943373203277588
1997-07-31,8.123324394226074
1997-08-01,8.123324394226074
1997-08-04,7.71201229095459
1997-08-05,7.866253852844238
1997-08-06,7.866253852844238
1997-08-07,8.123324394226074
1997-08-08,8.123324394226074
1997-08-11,7.71201229095459
1997-08-12,7.71201229095459
1997-08-13,7.814838409423828
1997-08-14,7.866253852844238
1997-08-15,7.71201229095459
1997-08-18,7.71201229095459
1997-08-19,7.660601615905762
1997-08-20,8.02049732208252
1997-08-21,7.917666912078857
1997-08-22,8.123324394226074
1997-08-25,7.943373203277588
1997-08-26,7.943373203277588
1997-08-27,7.943373203277588
1997-08-28,7.943373203277588
1997-08-29,7.814838409423828
1997-09-02,8.123324394226074
1997-09-03,7.814838409423828
1997-09-04,8.071907043457031
1997-09-05,8.02049732208252
1997-09-08,8.123324394226074
1997-09-09,8.123324394226074
1997-09-10,8.123324394226074
1997-09-11,8.123324394226074
1997-09-12,8.123324394226074
1997-09-15,7.917666912078857
1997-09-16,7.814838409423828
1997-09-17,7.814838409423828
1997-09-18,7.814838409423828
1997-09-19,8.02049732208252
1997-09-22,8.02049732208252
1997-09-23,8.328977584838867
1997-09-24,8.328977584838867
1997-09-25,8.328977584838867
1997-09-26,8.328977584838867
1997-09-29,7.814838409423828
1997-09-30,8.174735069274902
1997-10-01,8.174735069274902
1997-10-02,8.174735069274902
1997-10-03,8.226149559020996
1997-10-06,8.27756404876709
1997-10-07,8.27756404876709
1997-10-08,8.02049732208252
1997-10-09,8.02049732208252
1997-10-10,8.226149559020996
1997-10-13,8.02049732208252
1997-10-14,8.226149559020996
1997-10-15,8.226149559020996
1997-10-16,8.226149559020996
1997-10-17,8.071907043457031
1997-10-20,8.071907043457031
1997-10-21,8.174735069274902
1997-10-22,8.45750904083252
1997-10-23,8.45750904083252
1997-10-24,8.483217239379883
1997-10-27,8.226149559020996
1997-10-28,8.483217239379883
1997-10-29,8.53463077545166
1997-10-30,8.53463077545166
1997-10-31,8.508920669555664
1997-11-03,8.53463077545166
1997-11-04,8.637454986572266
1997-11-05,8.45750904083252
1997-11-06,8.611749649047852
1997-11-07,8.406096458435059
1997-11-10,8.47036361694336
1997-11-11,8.47036361694336
1997-11-12,8.47036361694336
1997-11-13,8.328977584838867
1997-11-14,8.354681015014648
1997-11-17,8.431806564331055
1997-11-18,8.53463077545166
1997-11-19,8.483217239379883
1997-11-20,8.53463077545166
1997-11-21,8.53463077545166
1997-11-24,8.53463077545166
1997-11-25,8.431806564331055
1997-11-26,8.714576721191406
1997-11-28,8.843111038208008
1997-12-01,8.855960845947266
1997-12-02,9.151588439941406
1997-12-03,9.177295684814453
1997-12-04,9.885082244873047
1997-12-05,10.27425479888916
1997-12-08,10.793158531188965
1997-12-09,11.623401641845703
1997-12-10,11.519622802734375
1997-12-11,10.845049858093262
1997-12-12,10.793158531188965
1997-12-15,10.481816291809082
1997-12-16,10.494787216186523
1997-12-17,10.689374923706055
1997-12-18,10.689374923706055
1997-12-19,10.896939277648926
1997-12-22,11.20827865600586
1997-12-23,11.26016902923584
1997-12-24,11.20827865600586
1997-12-26,11.415837287902832
1997-12-29,11.415837287902832
1997-12-30,12.220136642456055
1997-12-31,12.557429313659668
1998-01-02,11.934741973876953
1998-01-05,12.038521766662598
1998-01-06,11.72718334197998
1998-01-07,12.068360328674316
1998-01-08,12.041115760803223
1998-01-09,11.9866304397583
1998-01-12,11.387304306030273
1998-01-13,11.55075740814209
1998-01-14,11.332818031311035
1998-01-15,11.55075740814209
1998-01-16,11.55075740814209
1998-01-20,11.823182106018066
1998-01-21,11.877665519714355
1998-01-22,12.041115760803223
1998-01-23,11.959390640258789
1998-01-26,11.877665519714355
1998-01-27,12.041115760803223
1998-01-28,12.313539505004883
1998-01-29,12.25905704498291
1998-01-30,11.9866304397583
1998-02-02,11.9866304397583
1998-02-03,11.768694877624512
1998-02-04,11.9866304397583
1998-02-05,11.768694877624512
1998-02-06,11.9866304397583
1998-02-09,12.095598220825195
1998-02-10,11.823182106018066
1998-02-11,11.932147026062012
1998-02-12,11.932147026062012
1998-02-13,11.605242729187012
1998-02-17,11.877665519714355
1998-02-18,11.823182106018066
1998-02-19,12.204572677612305
1998-02-20,11.9866304397583
1998-02-23,12.122843742370605
1998-02-24,11.795931816101074
1998-02-25,12.095598220825195
1998-02-26,12.05473518371582
1998-02-27,12.05473518371582
1998-03-02,11.795931816101074
1998-03-03,12.095598220825195
1998-03-04,11.6597261428833
1998-03-05,11.469026565551758
1998-03-06,11.482651710510254
1998-03-09,11.332818031311035
1998-03-10,11.27833080291748
1998-03-11,11.577998161315918
1998-03-12,11.577998161315918
1998-03-13,11.414545059204102
1998-03-16,11.44178581237793
1998-03-17,11.55075740814209
1998-03-18,11.768694877624512
1998-03-19,11.564373970031738
1998-03-20,11.823182106018066
1998-03-23,11.55075740814209
1998-03-24,11.387304306030273
1998-03-25,11.768694877624512
1998-03-26,11.768694877624512
1998-03-27,11.768694877624512
1998-03-30,11.768694877624512
1998-03-31,11.768694877624512
1998-04-01,11.55075740814209
1998-04-02,11.768694877624512
1998-04-03,11.6597261428833
1998-04-06,11.55075740814209
1998-04-07,11.387304306030273
1998-04-08,11.332818031311035
1998-04-09,10.706242561340332
1998-04-13,11.223845481872559
1998-04-14,11.223845481872559
1998-04-15,10.896939277648926
1998-04-16,11.060391426086426
1998-04-17,10.896939277648926
1998-04-20,10.896939277648926
1998-04-21,11.060391426086426
1998-04-22,11.114880561828613
1998-04-23,10.896939277648926
1998-04-24,10.624512672424316
1998-04-27,10.27035903930664
1998-04-28,10.624512672424316
1998-04-29,10.624512672424316
1998-04-30,11.332818031311035
1998-05-01,11.114880561828613
1998-05-04,11.16254997253418
1998-05-05,11.114880561828613
1998-05-06,11.060391426086426
1998-05-07,10.896939277648926
1998-05-08,11.114880561828613
1998-05-11,11.114880561828613
1998-05-12,11.08763599395752
1998-05-13,11.00590705871582
1998-05-14,10.924180030822754
1998-05-15,10.951422691345215
1998-05-18,11.019529342651367
1998-05-19,11.768694877624512
1998-05-20,11.060391426086426
1998-05-21,11.114880561828613
1998-05-22,11.114880561828613
1998-05-26,11.142121315002441
1998-05-27,11.039961814880371
1998-05-28,11.114880561828613
1998-05-29,11.196602821350098
1998-06-01,11.196602821350098
1998-06-02,10.896939277648926
1998-06-03,10.896939277648926
1998-06-04,10.842453956604004
1998-06-05,11.00590705871582
1998-06-08,11.101255416870117
1998-06-09,11.01271915435791
1998-06-10,10.896939277648926
1998-06-11,10.815216064453125
1998-06-12,10.903097152709961
1998-06-15,10.683387756347656
1998-06-16,10.765775680541992
1998-06-17,10.834434509277344
1998-06-18,10.765775680541992
1998-06-19,10.765775680541992
1998-06-22,11.205198287963867
1998-06-23,10.875631332397461
1998-06-24,10.985487937927246
1998-06-25,10.985487937927246
1998-06-26,10.875631332397461
1998-06-29,10.65592098236084
1998-06-30,11.067879676818848
1998-07-01,11.067879676818848
1998-07-02,11.205198287963867
1998-07-06,11.095340728759766
1998-07-07,11.150267601013184
1998-07-08,10.985487937927246
1998-07-09,11.095340728759766
1998-07-10,11.095340728759766
1998-07-13,11.205198287963867
1998-07-14,11.150267601013184
1998-07-15,10.985487937927246
1998-07-16,11.033546447753906
1998-07-17,10.971755027770996
1998-07-20,10.903097152709961
1998-07-21,10.820704460144043
1998-07-22,10.944290161132812
1998-07-23,10.820704460144043
1998-07-24,10.958024024963379
1998-07-27,10.600996017456055
1998-07-28,10.573531150817871
1998-07-29,10.573531150817871
1998-07-30,10.216501235961914
1998-07-31,10.271430969238281
1998-08-03,10.271430969238281
1998-08-04,10.3263578414917
1998-08-05,10.106646537780762
1998-08-06,10.134110450744629
1998-08-07,10.216501235961914
1998-08-10,10.3263578414917
1998-08-11,10.106646537780762
1998-08-12,9.832009315490723
1998-08-13,9.804547309875488
1998-08-14,9.722156524658203
1998-08-17,9.612298965454102
1998-08-18,9.749619483947754
1998-08-19,9.749619483947754
1998-08-20,9.63976764678955
1998-08-21,9.777085304260254
1998-08-24,9.777085304260254
1998-08-25,9.722156524658203
1998-08-26,9.502445220947266
1998-08-27,9.584839820861816
1998-08-28,9.584839820861816
1998-08-31,9.502445220947266
1998-09-01,9.227808952331543
1998-09-02,9.337660789489746
1998-09-03,9.337660789489746
1998-09-04,9.337660789489746
1998-09-08,9.358262062072754
1998-09-09,9.337660789489746
1998-09-10,9.227808952331543
1998-09-11,9.145415306091309
1998-09-14,9.117952346801758
1998-09-15,9.200347900390625
1998-09-16,9.337660789489746
1998-09-17,9.337660789489746
1998-09-18,9.447519302368164
1998-09-21,9.447519302368164
1998-09-22,9.42005443572998
1998-09-23,9.543641090393066
1998-09-24,9.63976764678955
1998-09-25,9.63976764678955
1998-09-28,9.612298965454102
1998-09-29,9.502445220947266
1998-09-30,9.516180992126465
1998-10-01,9.063027381896973
1998-10-02,9.008097648620605
1998-10-05,8.953170776367188
1998-10-06,8.92570972442627
1998-10-07,8.733460426330566
1998-10-08,8.733460426330566
1998-10-09,8.541213035583496
1998-10-12,8.678533554077148
1998-10-13,8.678533554077148
1998-10-14,8.7471923828125
1998-10-15,8.568681716918945
1998-10-16,8.733460426330566
1998-10-19,8.733460426330566
1998-10-20,8.89824390411377
1998-10-21,8.678533554077148
1998-10-22,8.92570972442627
1998-10-23,8.733460426330566
1998-10-26,8.857049942016602
1998-10-27,8.568681716918945
1998-10-28,8.89824390411377
1998-10-29,8.89824390411377
1998-10-30,9.392590522766113
1998-11-02,9.461247444152832
1998-11-03,9.557373046875
1998-11-04,9.447519302368164
1998-11-05,9.440655708312988
1998-11-06,9.468117713928223
1998-11-09,9.557373046875
1998-11-10,9.557373046875
1998-11-11,9.447519302368164
1998-11-12,9.447519302368164
1998-11-13,9.502445220947266
1998-11-16,9.571105003356934
1998-11-17,9.557373046875
1998-11-18,9.557373046875
1998-11-19,9.516180992126465
1998-11-20,9.667227745056152
1998-11-23,9.667227745056152
1998-11-24,9.612298965454102
1998-11-25,9.667227745056152
1998-11-27,9.667227745056152
1998-11-30,9.777085304260254
1998-12-01,9.557373046875
1998-12-02,9.832009315490723
1998-12-03,9.886937141418457
1998-12-04,9.929094314575195
1998-12-07,10.15097713470459
1998-12-08,10.15097713470459
1998-12-09,10.15097713470459
1998-12-10,9.984559059143066
1998-12-11,9.984559059143066
1998-12-14,9.984559059143066
1998-12-15,9.984559059143066
1998-12-16,9.984559059143066
1998-12-17,10.178707122802734
1998-12-18,10.428319931030273
1998-12-21,10.428319931030273
1998-12-22,10.428319931030273
1998-12-23,10.483793258666992
1998-12-24,10.372855186462402
1998-12-28,10.31738567352295
1998-12-29,10.31738567352295
1998-12-30,10.566998481750488
1998-12-31,10.95528507232666
1999-01-04,11.343572616577148
1999-01-05,11.426777839660645
1999-01-06,11.426777839660645
1999-01-07,11.426777839660645
1999-01-08,11.093965530395508
1999-01-11,11.093965530395508
1999-01-12,11.010758399963379
1999-01-13,10.983020782470703
1999-01-14,10.87208080291748
1999-01-15,10.87208080291748
1999-01-19,10.87208080291748
1999-01-20,10.87208080291748
1999-01-21,10.983020782470703
1999-01-22,10.983020782470703
1999-01-25,11.093965530395508
1999-01-26,11.066229820251465
1999-01-27,11.066229820251465
1999-01-28,10.87208080291748
1999-01-29,11.066229820251465
1999-02-01,10.87208080291748
1999-02-02,11.010758399963379
1999-02-03,10.87208080291748
1999-02-04,10.927550315856934
1999-02-05,10.87208080291748
1999-02-08,11.03848934173584
1999-02-09,11.03848934173584
1999-02-10,11.066229820251465
1999-02-11,10.927550315856934
1999-02-12,10.927550315856934
1999-02-16,11.010758399963379
1999-02-17,10.84434700012207
1999-02-18,10.84434700012207
1999-02-19,10.983020782470703
1999-02-22,10.87208080291748
1999-02-23,10.87208080291748
1999-02-24,10.788878440856934
1999-02-25,10.87208080291748
1999-02-26,10.622467041015625
1999-03-01,10.650199890136719
1999-03-02,10.650199890136719
1999-03-03,10.31738567352295
1999-03-04,10.31738567352295
1999-03-05,10.178707122802734
1999-03-08,10.178707122802734
1999-03-09,9.929094314575195
1999-03-10,9.818153381347656
1999-03-11,9.845890998840332
1999-03-12,10.026165962219238
1999-03-15,9.845890998840332
1999-03-16,9.845890998840332
1999-03-17,9.651744842529297
1999-03-18,9.457601547241211
1999-03-19,9.318927764892578
1999-03-22,9.235723495483398
1999-03-23,9.277325630187988
1999-03-24,9.263458251953125
1999-03-25,9.180252075195312
1999-03-26,9.09704875946045
1999-03-29,9.54080581665039
1999-03-30,9.87363052368164
1999-03-31,9.235723495483398
1999-04-01,9.984559059143066
1999-04-05,9.235723495483398
1999-04-06,9.235723495483398
1999-04-07,9.152520179748535
1999-04-08,9.762685775756836
1999-04-09,9.06931209564209
1999-04-12,9.415998458862305
1999-04-13,9.54080581665039
1999-04-14,9.762685775756836
1999-04-15,9.596273422241211
1999-04-16,9.554673194885254
1999-04-19,9.54080581665039
1999-04-20,9.707213401794434
1999-04-21,9.87363052368164
1999-04-22,9.54080581665039
1999-04-23,9.09704875946045
1999-04-26,9.09704875946045
1999-04-27,9.318927764892578
1999-04-28,9.09704875946045
1999-04-29,9.01384449005127
1999-04-30,8.93063735961914
1999-05-03,8.743429183959961
1999-05-04,8.708758354187012
1999-05-05,8.653290748596191
1999-05-06,8.597819328308105
1999-05-07,8.514616012573242
1999-05-10,8.87516975402832
1999-05-11,8.847434043884277
1999-05-12,8.653290748596191
1999-05-13,8.653290748596191
1999-05-14,8.597819328308105
1999-05-17,8.597819328308105
1999-05-18,8.542348861694336
1999-05-19,8.542348861694336
1999-05-20,8.542348861694336
1999-05-21,8.653290748596191
1999-05-24,8.625553131103516
1999-05-25,8.375938415527344
1999-05-26,8.375938415527344
1999-05-27,8.375938415527344
1999-05-28,8.320467948913574
1999-06-01,8.320467948913574
1999-06-02,8.29273509979248
1999-06-03,8.077789306640625
1999-06-04,8.237265586853027
1999-06-07,8.209531784057617
1999-06-08,8.29273509979248
1999-06-09,8.126323699951172
1999-06-10,8.265000343322754
1999-06-11,8.2515287399292
1999-06-14,8.321696281433105
1999-06-15,8.335728645324707
1999-06-16,8.588325500488281
1999-06-17,8.46904468536377
1999-06-18,8.476058006286621
1999-06-21,8.71462345123291
1999-06-22,8.812858581542969
1999-06-23,8.812858581542969
1999-06-24,8.560259819030762
1999-06-25,8.532193183898926
1999-06-28,8.644457817077637
1999-06-29,8.50412654876709
1999-06-30,8.490093231201172
1999-07-01,8.518162727355957
1999-07-02,8.588325500488281
1999-07-06,8.532193183898926
1999-07-07,8.447994232177734
1999-07-08,8.440978050231934
1999-07-09,8.391861915588379
1999-07-12,8.223462104797363
1999-07-13,8.2515287399292
1999-07-14,8.391861915588379
1999-07-15,8.307661056518555
1999-07-16,8.307661056518555
1999-07-19,8.419928550720215
1999-07-20,8.2515287399292
1999-07-21,8.36379337310791
1999-07-22,8.476058006286621
1999-07-23,8.419928550720215
1999-07-26,8.532193183898926
1999-07-27,8.532193183898926
1999-07-28,8.532193183898926
1999-07-29,8.307661056518555
1999-07-30,8.2515287399292
1999-08-02,8.532193183898926
1999-08-03,8.26556396484375
1999-08-04,8.2515287399292
1999-08-05,8.2515287399292
1999-08-06,8.2515287399292
1999-08-09,8.367301940917969
1999-08-10,8.391861915588379
1999-08-11,8.476058006286621
1999-08-12,8.391861915588379
1999-08-13,8.532193183898926
1999-08-16,8.307661056518555
1999-08-17,8.419928550720215
1999-08-18,8.307661056518555
1999-08-19,8.307661056518555
1999-08-20,8.195394515991211
1999-08-23,8.139261245727539
1999-08-24,8.223462104797363
1999-08-25,8.2515287399292
1999-08-26,8.195394515991211
1999-08-27,8.16733169555664
1999-08-30,8.195394515991211
1999-08-31,8.307661056518555
1999-09-01,8.195394515991211
1999-09-02,8.195394515991211
1999-09-03,8.195394515991211
1999-09-07,8.195394515991211
1999-09-08,8.083133697509766
1999-09-09,7.9708638191223145
1999-09-10,7.9708638191223145
1999-09-13,8.083133697509766
1999-09-14,7.9708638191223145
1999-09-15,8.223462104797363
1999-09-16,7.9708638191223145
1999-09-17,7.984897613525391
1999-09-20,7.984897613525391
1999-09-21,7.85860013961792
1999-09-22,7.85860013961792
1999-09-23,7.85860013961792
1999-09-24,7.85860013961792
1999-09-27,7.85860013961792
1999-09-28,7.9708638191223145
1999-09-29,8.097166061401367
1999-09-30,8.237496376037598
1999-10-01,8.307661056518555
1999-10-04,8.307661056518555
1999-10-05,8.16733169555664
1999-10-06,8.2515287399292
1999-10-07,8.2515287399292
1999-10-08,8.2515287399292
1999-10-11,8.2515287399292
1999-10-12,8.139261245727539
1999-10-13,8.16733169555664
1999-10-14,8.195394515991211
1999-10-15,7.998930931091309
1999-10-18,7.9708638191223145
1999-10-19,7.830533027648926
1999-10-20,7.746330738067627
1999-10-21,7.830533027648926
1999-10-22,7.8024678230285645
1999-10-25,8.181363105773926
1999-10-26,8.139261245727539
1999-10-27,8.139261245727539
1999-10-28,8.15329360961914
1999-10-29,7.900699138641357
1999-11-01,7.942797660827637
1999-11-02,7.942797660827637
1999-11-03,8.125231742858887
1999-11-04,8.307661056518555
1999-11-05,8.16733169555664
1999-11-08,8.16733169555664
1999-11-09,8.36379337310791
1999-11-10,8.419928550720215
1999-11-11,8.307661056518555
1999-11-12,8.307661056518555
1999-11-15,8.307661056518555
1999-11-16,8.34975814819336
1999-11-17,8.321696281433105
1999-11-18,8.34975814819336
1999-11-19,8.391861915588379
1999-11-22,8.43396282196045
1999-11-23,8.36379337310791
1999-11-24,8.36379337310791
1999-11-26,8.43396282196045
1999-11-29,8.419928550720215
1999-11-30,8.476058006286621
1999-12-01,8.574295043945312
1999-12-02,8.588325500488281
1999-12-03,9.023356437683105
1999-12-06,9.009322166442871
1999-12-07,9.20826530456543
1999-12-08,9.179845809936523
1999-12-09,9.1514253616333
1999-12-10,9.094584465026855
1999-12-13,9.094584465026855
1999-12-14,9.094584465026855
1999-12-15,9.094584465026855
1999-12-16,9.094584465026855
1999-12-17,9.03774356842041
1999-12-20,9.20826530456543
1999-12-21,9.179845809936523
1999-12-22,9.094584465026855
1999-12-23,9.094584465026855
1999-12-27,9.307737350463867
1999-12-28,9.20826530456543
1999-12-29,9.35036849975586
1999-12-30,9.20826530456543
1999-12-31,9.43563175201416
2000-01-03,9.20826530456543
2000-01-04,9.20826530456543
2000-01-05,9.371683120727539
2000-01-06,8.980902671813965
2000-01-07,9.03774356842041
2000-01-10,8.78195858001709
2000-01-11,8.526175498962402
2000-01-12,8.412489891052246
2000-01-13,8.412489891052246
2000-01-14,7.787237644195557
2000-01-18,7.957761764526367
2000-01-19,7.886711120605469
2000-01-20,7.787237644195557
2000-01-21,7.858290672302246
2000-01-24,7.787237644195557
2000-01-25,7.8440775871276855
2000-01-26,7.900920867919922
2000-01-27,7.8440775871276855
2000-01-28,7.8440775871276855
2000-01-31,7.801448345184326
2000-02-01,8.071443557739258
2000-02-02,7.758819103240967
2000-02-03,7.900920867919922
2000-02-04,7.8440775871276855
2000-02-07,8.071443557739258
2000-02-08,7.8440775871276855
2000-02-09,8.014601707458496
2000-02-10,7.8440775871276855
2000-02-11,7.8440775871276855
2000-02-14,7.92933988571167
2000-02-15,7.92933988571167
2000-02-16,7.8440775871276855
2000-02-17,7.98618221282959
2000-02-18,7.98618221282959
2000-02-22,7.957761764526367
2000-02-23,7.957761764526367
2000-02-24,7.900920867919922
2000-02-25,7.915130138397217
2000-02-28,7.829868316650391
2000-02-29,7.787237644195557
2000-03-01,7.971967697143555
2000-03-02,7.815658092498779
2000-03-03,7.815658092498779
2000-03-06,7.787237644195557
2000-03-07,7.730396747589111
2000-03-08,7.787237644195557
2000-03-09,7.730396747589111
2000-03-10,7.730396747589111
2000-03-13,7.730396747589111
2000-03-14,7.673557281494141
2000-03-15,7.616713047027588
2000-03-16,7.92933988571167
2000-03-17,7.900920867919922
2000-03-20,7.673557281494141
2000-03-21,7.673557281494141
2000-03-22,7.673557281494141
2000-03-23,7.673557281494141
2000-03-24,7.673557281494141
2000-03-27,7.677107810974121
2000-03-28,7.616713047027588
2000-03-29,7.559873104095459
2000-03-30,7.545661449432373
2000-03-31,7.886711120605469
2000-04-03,7.559873104095459
2000-04-04,7.886711120605469
2000-04-05,7.730396747589111
2000-04-06,7.474611759185791
2000-04-07,7.616713047027588
2000-04-10,7.474611759185791
2000-04-11,7.474611759185791
2000-04-12,7.503032207489014
2000-04-13,7.559873104095459
2000-04-14,7.49948263168335
2000-04-17,7.730396747589111
2000-04-18,7.730396747589111
2000-04-19,7.503032207489014
2000-04-20,7.503032207489014
2000-04-24,7.503032207489014
2000-04-25,7.616713047027588
2000-04-26,7.446191787719727
2000-04-27,7.616713047027588
2000-04-28,7.559873104095459
2000-05-01,7.446191787719727
2000-05-02,7.389348983764648
2000-05-03,7.389348983764648
2000-05-04,7.503032207489014
2000-05-05,7.503032207489014
2000-05-08,7.446191787719727
2000-05-09,7.37514066696167
2000-05-10,7.332507133483887
2000-05-11,7.446191787719727
2000-05-12,7.332507133483887
2000-05-15,7.503032207489014
2000-05-16,7.389348983764648
2000-05-17,7.332507133483887
2000-05-18,7.332507133483887
2000-05-19,7.360929012298584
2000-05-22,7.4177680015563965
2000-05-23,7.332507133483887
2000-05-24,7.446191787719727
2000-05-25,7.503032207489014
2000-05-26,7.275664806365967
2000-05-30,7.503032207489014
2000-05-31,7.275664806365967
2000-06-01,7.503032207489014
2000-06-02,7.616713047027588
2000-06-05,7.275664806365967
2000-06-06,7.275664806365967
2000-06-07,7.275664806365967
2000-06-08,7.275664806365967
2000-06-09,7.338070392608643
2000-06-12,7.078058242797852
2000-06-13,7.078058242797852
2000-06-14,7.280289649963379
2000-06-15,7.020279884338379
2000-06-16,7.287511825561523
2000-06-19,7.280289649963379
2000-06-20,7.338070392608643
2000-06-21,7.294734954833984
2000-06-22,7.222509384155273
2000-06-23,7.222509384155273
2000-06-26,7.280289649963379
2000-06-27,7.164731025695801
2000-06-28,7.453630447387695
2000-06-29,7.106949806213379
2000-06-30,7.049169540405273
2000-07-03,7.222509384155273
2000-07-05,7.338070392608643
2000-07-06,7.338070392608643
2000-07-07,7.338070392608643
2000-07-10,7.222509384155273
2000-07-11,7.164731025695801
2000-07-12,7.280289649963379
2000-07-13,7.366958141326904
2000-07-14,7.366958141326904
2000-07-17,7.366958141326904
2000-07-18,7.222509384155273
2000-07-19,7.309179782867432
2000-07-20,7.309179782867432
2000-07-21,7.309179782867432
2000-07-24,7.222509384155273
2000-07-25,7.063614368438721
2000-07-26,6.99138879776001
2000-07-27,6.890275001525879
2000-07-28,6.7602691650390625
2000-07-31,6.70249080657959
2000-08-01,6.919163703918457
2000-08-02,6.933609962463379
2000-08-03,6.933609962463379
2000-08-04,7.049169540405273
2000-08-07,7.41029691696167
2000-08-08,7.366958141326904
2000-08-09,7.424741268157959
2000-08-10,7.395849227905273
2000-08-11,7.395849227905273
2000-08-14,7.381406307220459
2000-08-15,7.439185619354248
2000-08-16,7.439185619354248
2000-08-17,7.771419048309326
2000-08-18,7.511410713195801
2000-08-21,7.511410713195801
2000-08-22,7.179175853729248
2000-08-23,7.135838985443115
2000-08-24,7.135838985443115
2000-08-25,7.280289649963379
2000-08-28,7.222509384155273
2000-08-29,7.309179782867432
2000-08-30,7.193620204925537
2000-08-31,7.164731025695801
2000-09-01,7.106949806213379
2000-09-05,7.251399517059326
2000-09-06,7.1250081062316895
2000-09-07,7.1250081062316895
2000-09-08,7.106949806213379
2000-09-11,6.919163703918457
2000-09-12,6.99138879776001
2000-09-13,6.99138879776001
2000-09-14,6.980556488037109
2000-09-15,7.031116485595703
2000-09-18,6.948054313659668
2000-09-19,6.962503910064697
2000-09-20,7.049169540405273
2000-09-21,7.049169540405273
2000-09-22,7.034725666046143
2000-09-25,7.049169540405273
2000-09-26,7.049169540405273
2000-09-27,7.049169540405273
2000-09-28,7.063614368438721
2000-09-29,7.049169540405273
2000-10-02,6.933609962463379
2000-10-03,6.81804895401001
2000-10-04,6.904720783233643
2000-10-05,6.976944923400879
2000-10-06,6.99138879776001
2000-10-09,6.81804895401001
2000-10-10,6.796379566192627
2000-10-11,6.796379566192627
2000-10-12,6.586928367614746
2000-10-13,6.70249080657959
2000-10-16,6.677212238311768
2000-10-17,6.485815048217773
2000-10-18,6.4135894775390625
2000-10-19,6.485815048217773
2000-10-20,6.67360258102417
2000-10-23,6.4135894775390625
2000-10-24,6.572483539581299
2000-10-25,6.529147148132324
2000-10-26,6.4135894775390625
2000-10-27,6.471367835998535
2000-10-30,6.6085968017578125
2000-10-31,6.586928367614746
2000-11-01,6.529147148132324
2000-11-02,6.58331823348999
2000-11-03,6.536371231079102
2000-11-06,6.471367835998535
2000-11-07,6.529147148132324
2000-11-08,6.471367835998535
2000-11-09,6.35581111907959
2000-11-10,6.35581111907959
2000-11-13,6.7602691650390625
2000-11-14,6.81804895401001
2000-11-15,6.8036065101623535
2000-11-16,6.948054313659668
2000-11-17,6.933609962463379
2000-11-20,6.99138879776001
2000-11-21,7.020279884338379
2000-11-22,7.020279884338379
2000-11-24,7.150285243988037
2000-11-27,7.179175853729248
2000-11-28,7.179175853729248
2000-11-29,7.395849227905273
2000-11-30,7.569190502166748
2000-12-01,7.222509384155273
2000-12-04,7.135838985443115
2000-12-05,7.034725666046143
2000-12-06,6.960556507110596
2000-12-07,7.063568592071533
2000-12-08,7.1665778160095215
2000-12-11,7.269588947296143
2000-12-12,7.254871368408203
2000-12-13,7.122429847717285
2000-12-14,7.063568592071533
2000-12-15,6.8281168937683105
2000-12-18,6.842830181121826
2000-12-19,6.901694297790527
2000-12-20,6.960556507110596
2000-12-21,6.975273609161377
2000-12-22,7.122429847717285
2000-12-26,7.181295394897461
2000-12-27,7.446178913116455
2000-12-28,7.755208969116211
2000-12-29,7.51975679397583
2001-01-02,7.181295394897461
2001-01-03,7.2401580810546875
2001-01-04,7.53447151184082
2001-01-05,7.578619003295898
2001-01-08,7.2401580810546875
2001-01-09,7.196008682250977
2001-01-10,7.324773788452148
2001-01-11,7.196008682250977
2001-01-12,7.350525856018066
2001-01-16,7.357882976531982
2001-01-17,7.53447151184082
2001-01-18,7.711060523986816
2001-01-19,7.65219783782959
2001-01-22,7.76992654800415
2001-01-23,7.755208969116211
2001-01-24,7.711060523986816
2001-01-25,7.711060523986816
2001-01-26,7.446178913116455
2001-01-29,7.446178913116455
2001-01-30,7.269588947296143
2001-01-31,7.387315273284912
2001-02-01,7.387315273284912
2001-02-02,7.357882976531982
2001-02-05,7.328451156616211
2001-02-06,7.460892677307129
2001-02-07,7.475607872009277
2001-02-08,7.490324020385742
2001-02-09,7.357882976531982
2001-02-12,7.53447151184082
2001-02-13,7.372596263885498
2001-02-14,7.343167781829834
2001-02-15,7.501362323760986
2001-02-16,7.490324020385742
2001-02-20,7.357882976531982
2001-02-21,7.295340061187744
2001-02-22,7.269588947296143
2001-02-23,7.2401580810546875
2001-02-26,7.387315273284912
2001-02-27,7.387315273284912
2001-02-28,7.460892677307129
2001-03-01,7.416746139526367
2001-03-02,7.446178913116455
2001-03-05,7.475607872009277
2001-03-06,7.62276554107666
2001-03-07,7.76992654800415
2001-03-08,7.56390380859375
2001-03-09,7.53447151184082
2001-03-12,7.416746139526367
2001-03-13,7.475607872009277
2001-03-14,7.65219783782959
2001-03-15,7.475607872009277
2001-03-16,7.65219783782959
2001-03-19,7.76992654800415
2001-03-20,7.755208969116211
2001-03-21,7.681629180908203
2001-03-22,7.76992654800415
2001-03-23,7.593335151672363
2001-03-26,7.62276554107666
2001-03-27,8.005376815795898
2001-03-28,7.975944995880127
2001-03-29,8.343840599060059
2001-03-30,9.418088912963867
2001-04-02,9.315079689025879
2001-04-03,9.094345092773438
2001-04-04,9.123774528503418
2001-04-05,9.32979679107666
2001-04-06,9.285648345947266
2001-04-09,8.843585968017578
2001-04-10,9.130836486816406
2001-04-11,8.594005584716797
2001-04-12,8.626969337463379
2001-04-16,8.601068496704102
2001-04-17,8.586944580078125
2001-04-18,8.400936126708984
2001-04-19,8.65286922454834
2001-04-20,8.542210578918457
2001-04-23,8.523372650146484
2001-04-24,8.473929405212402
2001-04-25,8.452733993530273
2001-04-26,8.699960708618164
2001-04-27,8.47628116607666
2001-04-30,8.829461097717285
2001-05-01,8.88125991821289
2001-05-02,8.789433479309082
2001-05-03,8.690542221069336
2001-05-04,8.749406814575195
2001-05-07,8.843585968017578
2001-05-08,9.403964042663574
2001-05-09,8.871843338012695
2001-05-10,8.947185516357422
2001-05-11,8.947185516357422
2001-05-14,9.35922908782959
2001-05-15,9.427506446838379
2001-05-16,9.300366401672363
2001-05-17,9.418088912963867
2001-05-18,9.524041175842285
2001-05-21,9.476954460144043
2001-05-22,9.446346282958984
2001-05-23,9.418088912963867
2001-05-24,9.418088912963867
2001-05-25,9.425153732299805
2001-05-29,9.418088912963867
2001-05-30,9.192055702209473
2001-05-31,9.064908027648926
2001-06-01,8.982502937316895
2001-06-04,8.973085403442383
2001-06-05,9.35922908782959
2001-06-06,8.973085403442383
2001-06-07,8.973085403442383
2001-06-08,8.9730863571167
2001-06-11,9.104512214660645
2001-06-12,9.544210433959961
2001-06-13,9.55854606628418
2001-06-14,9.104512214660645
2001-06-15,9.345869064331055
2001-06-18,9.36976432800293
2001-06-19,9.436675071716309
2001-06-20,9.55854606628418
2001-06-21,9.816628456115723
2001-06-22,9.749719619750977
2001-06-25,9.82857608795166
2001-06-26,10.036476135253906
2001-06-27,10.275440216064453
2001-06-28,10.514402389526367
2001-06-29,11.503710746765137
2001-07-02,10.753368377685547
2001-07-03,11.052067756652832
2001-07-05,10.8154935836792
2001-07-06,10.868069648742676
2001-07-09,10.569363594055176
2001-07-10,10.41642951965332
2001-07-11,10.514402389526367
2001-07-12,10.562192916870117
2001-07-13,10.765308380126953
2001-07-16,10.70796012878418
2001-07-17,10.858508110046387
2001-07-18,10.543075561523438
2001-07-19,10.633881568908691
2001-07-20,10.805935859680176
2001-07-23,10.521574020385742
2001-07-24,10.497673988342285
2001-07-25,10.545466423034668
2001-07-26,10.805935859680176
2001-07-27,10.93259048461914
2001-07-30,10.992329597473145
2001-07-31,10.40208625793457
2001-08-01,10.215694427490234
2001-08-02,10.127279281616211
2001-08-03,10.282608032226562
2001-08-06,10.45226764678955
2001-08-07,10.485725402832031
2001-08-08,10.241979598999023
2001-08-09,10.547856330871582
2001-08-10,10.583698272705078
2001-08-13,10.696013450622559
2001-08-14,10.397310256958008
2001-08-15,10.1679048538208
2001-08-16,10.308889389038086
2001-08-17,10.155954360961914
2001-08-20,10.144009590148926
2001-08-21,10.036476135253906
2001-08-22,10.232425689697266
2001-08-23,9.983898162841797
2001-08-24,10.225255012512207
2001-08-27,10.251538276672363
2001-08-28,10.084271430969238
2001-08-29,10.227643013000488
2001-08-30,10.222867012023926
2001-08-31,10.387752532958984
2001-09-04,10.053203582763672
2001-09-05,10.268267631530762
2001-09-06,10.05559253692627
2001-09-07,9.988682746887207
2001-09-10,10.084271430969238
2001-09-17,9.845298767089844
2001-09-18,9.749719619750977
2001-09-19,10.017353057861328
2001-09-20,9.79751205444336
2001-09-21,9.548989295959473
2001-09-24,9.439064979553223
2001-09-25,9.23594856262207
2001-09-26,9.520313262939453
2001-09-27,9.247892379760742
2001-09-28,9.539429664611816
2001-10-01,9.55854606628418
2001-10-02,9.55854606628418
2001-10-03,9.747328758239746
2001-10-04,9.55854606628418
2001-10-05,9.498807907104492
2001-10-08,9.295685768127441
2001-10-09,9.42233657836914
2001-10-10,9.295685768127441
2001-10-11,9.372153282165527
2001-10-12,9.372153282165527
2001-10-15,9.41755485534668
2001-10-16,9.379324913024902
2001-10-17,9.3817138671875
2001-10-18,9.331533432006836
2001-10-19,9.439064979553223
2001-10-22,9.55854606628418
2001-10-23,9.40561294555664
2001-10-24,9.295685768127441
2001-10-25,9.678028106689453
2001-10-26,9.563323974609375
2001-10-29,9.204880714416504
2001-10-30,9.226384162902832
2001-10-31,9.367376327514648
2001-11-01,9.419946670532227
2001-11-02,9.274181365966797
2001-11-05,9.678028106689453
2001-11-06,9.783169746398926
2001-11-07,9.592002868652344
2001-11-08,9.642183303833008
2001-11-09,9.666082382202148
2001-11-12,9.905043601989746
2001-11-13,9.842913627624512
2001-11-14,9.916990280151367
2001-11-15,9.914603233337402
2001-11-16,9.857251167297363
2001-11-19,9.802286148071289
2001-11-20,9.678028106689453
2001-11-21,9.618287086486816
2001-11-23,9.730602264404297
2001-11-26,10.029308319091797
2001-11-27,9.618287086486816
2001-11-28,9.933721542358398
2001-11-29,10.155954360961914
2001-11-30,9.852472305297852
2001-12-03,9.916990280151367
2001-12-04,10.215694427490234
2001-12-05,10.610564231872559
2001-12-06,10.707464218139648
2001-12-07,10.683238983154297
2001-12-10,10.610564231872559
2001-12-11,10.520929336547852
2001-12-12,10.537888526916504
2001-12-13,10.574228286743164
2001-12-14,10.62267780303955
2001-12-17,10.683238983154297
2001-12-18,10.659015655517578
2001-12-19,10.683238983154297
2001-12-20,10.574228286743164
2001-12-21,10.792253494262695
2001-12-24,10.75833511352539
2001-12-26,10.741378784179688
2001-12-27,10.811633110046387
2001-12-28,10.809211730957031
2001-12-31,10.62267780303955
2002-01-02,10.491859436035156
2002-01-03,10.487018585205078
2002-01-04,10.4894380569458
2002-01-07,10.586338996887207
2002-01-08,10.586338996887207
2002-01-09,10.586338996887207
2002-01-10,10.574228286743164
2002-01-11,10.477328300476074
2002-01-14,10.513665199279785
2002-01-15,10.45310115814209
2002-01-16,10.455523490905762
2002-01-17,10.610564231872559
2002-01-18,10.654170989990234
2002-01-22,10.407074928283691
2002-01-23,10.520929336547852
2002-01-24,10.416765213012695
2002-01-25,10.416765213012695
2002-01-28,10.634787559509277
2002-01-29,10.380424499511719
2002-01-30,10.668703079223633
2002-01-31,10.683238983154297
2002-02-01,10.591184616088867
2002-02-04,10.356202125549316
2002-02-05,10.358622550964355
2002-02-06,10.356202125549316
2002-02-07,10.356202125549316
2002-02-08,10.416765213012695
2002-02-11,10.533045768737793
2002-02-12,10.416765213012695
2002-02-13,10.513665199279785
2002-02-14,10.392538070678711
2002-02-15,10.397378921508789
2002-02-19,10.344088554382324
2002-02-20,10.586338996887207
2002-02-21,10.416765213012695
2002-02-22,10.64932632446289
2002-02-25,10.64448070526123
2002-02-26,10.64448070526123
2002-02-27,10.64448070526123
2002-02-28,10.615407943725586
2002-03-01,10.755910873413086
2002-03-04,10.731687545776367
2002-03-05,10.722001075744629
2002-03-06,10.792253494262695
2002-03-07,10.559696197509766
2002-03-08,10.712312698364258
2002-03-11,10.700196266174316
2002-03-12,10.663859367370605
2002-03-13,10.659015655517578
2002-03-14,10.695353507995605
2002-03-15,10.654170989990234
2002-03-18,10.569378852844238
2002-03-19,10.765602111816406
2002-03-20,10.804362297058105
2002-03-21,10.804362297058105
2002-03-22,10.690506935119629
2002-03-25,10.864927291870117
2002-03-26,10.780137062072754
2002-03-27,10.780137062072754
2002-03-28,10.557268142700195
2002-04-01,10.70504093170166
2002-04-02,10.60814094543457
2002-04-03,10.707464218139648
2002-04-04,10.714731216430664
2002-04-05,10.719575881958008
2002-04-08,10.751070022583008
2002-04-09,10.864927291870117
2002-04-10,10.901268005371094
2002-04-11,10.780137062072754
2002-04-12,11.38576602935791
2002-04-15,11.33247184753418
2002-04-16,11.686156272888184
2002-04-17,11.628012657165527
2002-04-18,11.628012657165527
2002-04-19,11.579564094543457
2002-04-22,11.538381576538086
2002-04-23,11.494779586791992
2002-04-24,11.38576602935791
2002-04-25,11.383347511291504
2002-04-26,11.269482612609863
2002-04-29,11.281599044799805
2002-04-30,11.494779586791992
2002-05-01,11.628012657165527
2002-05-02,11.73218822479248
2002-05-03,11.753985404968262
2002-05-06,11.664352416992188
2002-05-07,11.80001163482666
2002-05-08,11.688576698303223
2002-05-09,11.550498008728027
2002-05-10,11.228303909301758
2002-05-13,11.38576602935791
2002-05-14,12.005928993225098
2002-05-15,12.112518310546875
2002-05-16,11.652237892150879
2002-05-17,11.688576698303223
2002-05-20,11.652237892150879
2002-05-21,11.482665061950684
2002-05-22,11.623169898986816
2002-05-23,11.635284423828125
2002-05-24,11.409992218017578
2002-05-28,11.366385459899902
2002-05-29,11.143516540527344
2002-05-30,11.378499031066895
2002-05-31,11.26463794708252
2002-06-03,11.26463794708252
2002-06-04,11.104756355285645
2002-06-05,11.061150550842285
2002-06-06,10.552424430847168
2002-06-07,10.50155258178711
2002-06-10,10.690792083740234
2002-06-11,10.710453987121582
2002-06-12,10.936552047729492
2002-06-13,11.243765830993652
2002-06-14,11.216726303100586
2002-06-17,11.870467185974121
2002-06-18,11.587830543518066
2002-06-19,11.627156257629395
2002-06-20,12.017922401428223
2002-06-21,12.175215721130371
2002-06-24,12.165384292602539
2002-06-25,11.877838134765625
2002-06-26,12.216994285583496
2002-06-27,12.285809516906738
2002-06-28,12.63725471496582
2002-07-01,12.34970474243164
2002-07-02,12.221911430358887
2002-07-03,12.219452857971191
2002-07-05,12.219452857971191
2002-07-08,12.28826904296875
2002-07-09,12.091653823852539
2002-07-10,12.175215721130371
2002-07-11,12.091653823852539
2002-07-12,11.799193382263184
2002-07-15,11.346982955932617
2002-07-16,11.258511543273926
2002-07-17,11.425630569458008
2002-07-18,11.280632019042969
2002-07-19,11.135627746582031
2002-07-22,11.403512001037598
2002-07-23,10.948843955993652
2002-07-24,11.275714874267578
2002-07-25,11.359275817871094
2002-07-26,11.440382957458496
2002-07-29,11.612409591674805
2002-07-30,11.550970077514648
2002-07-31,11.305201530456543
2002-08-01,11.260967254638672
2002-08-02,11.452662467956543
2002-08-05,11.30274772644043
2002-08-06,11.450202941894531
2002-08-07,11.627156257629395
2002-08-08,11.794279098510742
2002-08-09,11.801651954650879
2002-08-12,11.91961669921875
2002-08-13,11.578001976013184
2002-08-14,12.180131912231445
2002-08-15,12.042503356933594
2002-08-16,11.958942413330078
2002-08-19,12.28826904296875
2002-08-20,12.226827621459961
2002-08-21,12.263688087463379
2002-08-22,12.091653823852539
2002-08-23,12.162927627563477
2002-08-26,12.266148567199707
2002-08-27,11.9564847946167
2002-08-28,11.82131290435791
2002-08-29,11.99334716796875
2002-08-30,12.047420501708984
2002-09-03,11.826229095458984
2002-09-04,12.524199485778809
2002-09-05,11.922074317932129
2002-09-06,13.023104667663574
2002-09-09,12.902677536010742
2002-09-10,12.656912803649902
2002-09-11,12.28826904296875
2002-09-12,12.46030044555664
2002-09-13,12.420980453491211
2002-09-16,12.300552368164062
2002-09-17,12.34970474243164
2002-09-18,12.52666187286377
2002-09-19,11.899956703186035
2002-09-20,11.902413368225098
2002-09-23,11.703346252441406
2002-09-24,12.413603782653809
2002-09-25,12.470134735107422
2002-09-26,12.531571388244629
2002-09-27,12.197333335876465
2002-09-30,11.907333374023438
2002-10-01,12.477503776550293
2002-10-02,12.307928085327148
2002-10-03,12.28826904296875
2002-10-04,12.165384292602539
2002-10-07,12.162927627563477
2002-10-08,12.285809516906738
2002-10-09,12.047420501708984
2002-10-10,12.091653823852539
2002-10-11,12.408689498901367
2002-10-14,12.590560913085938
2002-10-15,12.425899505615234
2002-10-16,12.450470924377441
2002-10-17,12.58564281463623
2002-10-18,12.765050888061523
2002-10-21,12.548771858215332
2002-10-22,12.28826904296875
2002-10-23,12.742926597595215
2002-10-24,12.408689498901367
2002-10-25,12.760136604309082
2002-10-28,12.75767707824707
2002-10-29,12.939546585083008
2002-10-30,12.698694229125977
2002-10-31,12.435722351074219
2002-11-01,13.192683219909668
2002-11-04,12.870726585388184
2002-11-05,12.878103256225586
2002-11-06,13.084545135498047
2002-11-07,12.97394847869873
2002-11-08,12.784708023071289
2002-11-11,12.72573184967041
2002-11-12,12.789628982543945
2002-11-13,12.674118041992188
2002-11-14,12.632339477539062
2002-11-15,12.506997108459473
2002-11-18,12.177671432495117
2002-11-19,12.28826904296875
2002-11-20,12.622506141662598
2002-11-21,12.755219459533691
2002-11-22,12.77979564666748
2002-11-25,12.622506141662598
2002-11-26,12.769966125488281
2002-11-27,12.902677536010742
2002-11-29,12.902677536010742
2002-12-02,12.570899963378906
2002-12-03,12.502080917358398
2002-12-04,12.53691291809082
2002-12-05,12.663801193237305
2002-12-06,12.395097732543945
2002-12-09,12.255772590637207
2002-12-10,12.258260726928711
2002-12-11,12.240843772888184
2002-12-12,12.128888130187988
2002-12-13,12.101512908935547
2002-12-16,12.17615795135498
2002-12-17,12.20103645324707
2002-12-18,12.091565132141113
2002-12-19,12.17615795135498
2002-12-20,12.25328254699707
2002-12-23,12.52447509765625
2002-12-24,12.367731094360352
2002-12-26,12.245821952819824
2002-12-27,12.345341682434082
2002-12-30,12.230889320373535
2002-12-31,12.099031448364258
2003-01-02,12.265722274780273
2003-01-03,12.096542358398438
2003-01-06,12.136346817016602
2003-01-07,11.944778442382812
2003-01-08,11.66114616394043
2003-01-09,11.793010711669922
2003-01-10,11.812912940979004
2003-01-13,11.718371391296387
2003-01-14,11.817887306213379
2003-01-15,11.949753761291504
2003-01-16,12.178647994995117
2003-01-17,11.974631309509277
2003-01-21,12.05176067352295
2003-01-22,12.089076042175293
2003-01-23,11.97214412689209
2003-01-24,11.73081111907959
2003-01-27,11.718371391296387
2003-01-28,11.79798412322998
2003-01-29,11.725831985473633
2003-01-30,11.668611526489258
2003-01-31,11.939796447753906
2003-02-03,11.907458305358887
2003-02-04,11.765641212463379
2003-02-05,11.646221160888672
2003-02-06,11.710906982421875
2003-02-07,11.623828887939453
2003-02-10,11.79798412322998
2003-02-11,11.623828887939453
2003-02-12,11.623828887939453
2003-02-13,11.626311302185059
2003-02-14,11.641242980957031
2003-02-18,11.713388442993164
2003-02-19,11.705928802490234
2003-02-20,11.77310562133789
2003-02-21,11.735783576965332
2003-02-24,11.718371391296387
2003-02-25,11.807939529418945
2003-02-26,11.735783576965332
2003-02-27,11.705928802490234
2003-02-28,11.705928802490234
2003-03-03,11.658658981323242
2003-03-04,11.656172752380371
2003-03-05,11.676078796386719
2003-03-06,11.656172752380371
2003-03-07,11.631293296813965
2003-03-10,11.631293296813965
2003-03-11,11.877599716186523
2003-03-12,11.937310218811035
2003-03-13,11.942285537719727
2003-03-14,12.001998901367188
2003-03-17,12.128888130187988
2003-03-18,12.111467361450195
2003-03-19,12.116438865661621
2003-03-20,12.128888130187988
2003-03-21,12.08410358428955
2003-03-24,12.021904945373535
2003-03-25,11.992043495178223
2003-03-26,11.718371391296387
2003-03-27,11.875115394592285
2003-03-28,11.763154029846191
2003-03-31,11.7581787109375
2003-04-01,11.720855712890625
2003-04-02,11.949753761291504
2003-04-03,12.036829948425293
2003-04-04,11.820375442504883
2003-04-07,11.745737075805664
2003-04-08,11.927360534667969
2003-04-09,12.006977081298828
2003-04-10,11.885065078735352
2003-04-11,11.743250846862793
2003-04-14,11.977118492126465
2003-04-15,12.064199447631836
2003-04-16,12.074151039123535
2003-04-17,12.191082000732422
2003-04-21,12.315484046936035
2003-04-22,12.437394142150879
2003-04-23,12.365243911743164
2003-04-24,12.024392127990723
2003-04-25,11.979605674743652
2003-04-28,12.377681732177734
2003-04-29,12.377681732177734
2003-04-30,12.768295288085938
2003-05-01,13.054415702819824
2003-05-02,13.375364303588867
2003-05-05,13.37287425994873
2003-05-06,13.360431671142578
2003-05-07,13.171346664428711
2003-05-08,12.850399017333984
2003-05-09,12.939970016479492
2003-05-12,12.855372428894043
2003-05-13,12.850399017333984
2003-05-14,12.745906829833984
2003-05-15,12.763319969177246
2003-05-16,12.85786247253418
2003-05-19,12.85786247253418
2003-05-20,12.95240306854248
2003-05-21,12.887720108032227
2003-05-22,13.049439430236816
2003-05-23,13.18627643585205
2003-05-27,13.310672760009766
2003-05-28,13.435075759887695
2003-05-29,13.45000171661377
2003-05-30,13.65152645111084
2003-06-02,13.760997772216797
2003-06-03,13.858024597167969
2003-06-04,13.895349502563477
2003-06-05,13.997358322143555
2003-06-06,14.303380012512207
2003-06-09,14.09188461303711
2003-06-10,14.225324630737305
2003-06-11,14.270648002624512
2003-06-12,13.759540557861328
2003-06-13,13.724288940429688
2003-06-16,14.270648002624512
2003-06-17,13.621063232421875
2003-06-18,13.784721374511719
2003-06-19,13.663863182067871
2003-06-20,13.487622261047363
2003-06-23,13.512802124023438
2003-06-24,13.172900199890137
2003-06-25,13.432232856750488
2003-06-26,13.464960098266602
2003-06-27,13.537975311279297
2003-06-30,13.318933486938477
2003-07-01,13.847661018371582
2003-07-02,14.406606674194336
2003-07-03,14.411643028259277
2003-07-07,14.124618530273438
2003-07-08,14.560189247131348
2003-07-09,14.615577697753906
2003-07-10,14.663416862487793
2003-07-11,14.602991104125977
2003-07-14,14.66593074798584
2003-07-15,14.728878021240234
2003-07-16,14.942887306213379
2003-07-17,15.073809623718262
2003-07-18,14.650830268859863
2003-07-21,14.056638717651367
2003-07-22,14.696148872375488
2003-07-23,14.494729042053223
2003-07-24,14.83966064453125
2003-07-25,14.542567253112793
2003-07-28,14.829585075378418
2003-07-29,14.837140083312988
2003-07-30,14.844696998596191
2003-07-31,14.83462142944336
2003-08-01,14.494729042053223
2003-08-04,14.331070899963379
2003-08-05,13.860252380371094
2003-08-06,14.119583129882812
2003-08-07,14.044042587280273
2003-08-08,14.04908275604248
2003-08-11,14.039010047912598
2003-08-12,14.242949485778809
2003-08-13,14.099440574645996
2003-08-14,14.361287117004395
2003-08-15,14.600471496582031
2003-08-18,14.716287612915039
2003-08-19,15.101500511169434
2003-08-20,14.902600288391113
2003-08-21,14.227843284606934
2003-08-22,14.056638717651367
2003-08-25,13.862770080566406
2003-08-26,14.023903846740723
2003-08-27,14.917710304260254
2003-08-28,14.376392364501953
2003-08-29,13.865288734436035
2003-09-02,15.10654354095459
2003-09-03,15.353286743164062
2003-09-04,15.219839096069336
2003-09-05,14.608022689819336
2003-09-08,14.94792652130127
2003-09-09,14.887495994567871
2003-09-10,14.540046691894531
2003-09-11,15.197175979614258
2003-09-12,15.67303466796875
2003-09-15,15.610093116760254
2003-09-16,15.975164413452148
2003-09-17,15.909704208374023
2003-09-18,15.735980033874512
2003-09-19,16.045663833618164
2003-09-22,16.23953628540039
2003-09-23,16.189176559448242
2003-09-24,15.861870765686035
2003-09-25,15.63275146484375
2003-09-26,15.39608383178711
2003-09-29,15.461546897888184
2003-09-30,15.239984512329102
2003-10-01,15.56729507446289
2003-10-02,15.245017051696777
2003-10-03,15.21229076385498
2003-10-06,15.10654354095459
2003-10-07,15.194657325744629
2003-10-08,14.917710304260254
2003-10-09,14.955475807189941
2003-10-10,15.093955993652344
2003-10-13,15.202214241027832
2003-10-14,15.295373916625977
2003-10-15,15.038559913635254
2003-10-16,15.202214241027832
2003-10-17,15.10654354095459
2003-10-20,15.151866912841797
2003-10-21,15.257606506347656
2003-10-22,15.10654354095459
2003-10-23,15.10654354095459
2003-10-24,15.10654354095459
2003-10-27,15.005826950073242
2003-10-28,15.1820707321167
2003-10-29,15.20725154876709
2003-10-30,15.051151275634766
2003-10-31,14.85980224609375
2003-11-03,15.232426643371582
2003-11-04,15.20725154876709
2003-11-05,15.156899452209473
2003-11-06,15.03604507446289
2003-11-07,15.172003746032715
2003-11-10,14.935330390930176
2003-11-11,15.156899452209473
2003-11-12,15.151866912841797
2003-11-13,15.156899452209473
2003-11-14,15.156899452209473
2003-11-17,15.141792297363281
2003-11-18,14.864837646484375
2003-11-19,15.10654354095459
2003-11-20,14.980652809143066
2003-11-21,15.066259384155273
2003-11-24,15.121644020080566
2003-11-25,14.96051025390625
2003-11-26,15.156899452209473
2003-11-28,14.99071979522705
2003-12-01,15.031004905700684
2003-12-02,14.895051002502441
2003-12-03,14.782906532287598
2003-12-04,15.165223121643066
2003-12-05,14.665656089782715
2003-12-08,14.997003555297852
2003-12-09,14.961318016052246
2003-12-10,15.0377779006958
2003-12-11,15.0377779006958
2003-12-12,15.0377779006958
2003-12-15,14.935833930969238
2003-12-16,15.068365097045898
2003-12-17,14.986802101135254
2003-12-18,15.53734016418457
2003-12-19,15.353835105895996
2003-12-22,15.516947746276855
2003-12-23,16.057292938232422
2003-12-24,15.792217254638672
2003-12-26,15.904366493225098
2003-12-29,16.052196502685547
2003-12-30,15.853386878967285
2003-12-31,15.292662620544434
2004-01-02,15.348734855651855
2004-01-05,16.047096252441406
2004-01-06,15.991026878356934
2004-01-07,15.904366493225098
2004-01-08,16.052196502685547
2004-01-09,15.996119499206543
2004-01-12,16.00631332397461
2004-01-13,15.883976936340332
2004-01-14,16.001220703125
2004-01-15,16.03180503845215
2004-01-16,15.955340385437012
2004-01-20,16.03180503845215
2004-01-21,16.052196502685547
2004-01-22,15.578123092651367
2004-01-23,16.00631332397461
2004-01-26,15.853386878967285
2004-01-27,15.741250991821289
2004-01-28,15.440494537353516
2004-01-29,15.119339942932129
2004-01-30,15.216191291809082
2004-02-02,14.961318016052246
2004-02-03,15.114239692687988
2004-02-04,14.737027168273926
2004-02-05,14.629979133605957
2004-02-06,14.910343170166016
2004-02-09,14.910343170166016
2004-02-10,15.552629470825195
2004-02-11,15.435394287109375
2004-02-12,15.292662620544434
2004-02-13,15.0377779006958
2004-02-17,15.440494537353516
2004-02-18,15.3130521774292
2004-02-19,15.0377779006958
2004-02-20,15.165223121643066
2004-02-23,14.986802101135254
2004-02-24,15.093852043151855
2004-02-25,15.420093536376953
2004-02-26,15.292662620544434
2004-02-27,15.562827110290527
2004-03-01,15.445584297180176
2004-03-02,14.782906532287598
2004-03-03,14.986802101135254
2004-03-04,15.190705299377441
2004-03-05,15.216191291809082
2004-03-08,15.012289047241211
2004-03-09,15.129535675048828
2004-03-10,15.012289047241211
2004-03-11,14.986802101135254
2004-03-12,15.160124778747559
2004-03-15,14.528029441833496
2004-03-16,14.981707572937012
2004-03-17,15.23658561706543
2004-03-18,14.849173545837402
2004-03-19,14.782906532287598
2004-03-22,14.528029441833496
2004-03-23,14.782906532287598
2004-03-24,14.7523193359375
2004-03-25,14.96641731262207
2004-03-26,14.844076156616211
2004-03-29,15.144828796386719
2004-03-30,15.09895133972168
2004-03-31,14.940926551818848
2004-04-01,15.185612678527832
2004-04-02,15.292662620544434
2004-04-05,15.414997100830078
2004-04-06,15.384411811828613
2004-04-07,15.471076965332031
2004-04-08,15.104043006896973
2004-04-12,15.496559143066406
2004-04-13,15.104043006896973
2004-04-14,15.134636878967285
2004-04-15,15.206000328063965
2004-04-16,15.165223121643066
2004-04-19,15.420093536376953
2004-04-20,14.80329418182373
2004-04-21,14.961318016052246
2004-04-22,15.175408363342285
2004-04-23,15.292662620544434
2004-04-26,15.465981483459473
2004-04-27,15.450677871704102
2004-04-28,15.246781349182129
2004-04-29,15.241683959960938
2004-04-30,15.017389297485352
2004-05-03,14.951122283935547
2004-05-04,15.047974586486816
2004-05-05,14.986802101135254
2004-05-06,14.782906532287598
2004-05-07,14.456658363342285
2004-05-10,14.395490646362305
2004-05-11,14.777803421020508
2004-05-12,14.726826667785645
2004-05-13,14.461760520935059
2004-05-14,14.308829307556152
2004-05-17,14.17629623413086
2004-05-18,14.268054962158203
2004-05-19,14.17629623413086
2004-05-20,14.247659683227539
2004-05-21,14.691141128540039
2004-05-24,14.757414817810059
2004-05-25,14.920536994934082
2004-05-26,14.879755020141602
2004-05-27,14.782906532287598
2004-05-28,14.74721622467041
2004-06-01,14.961318016052246
2004-06-02,14.782906532287598
2004-06-03,14.66055679321289
2004-06-04,14.7523193359375
2004-06-07,15.078564643859863
2004-06-08,14.956223487854004
2004-06-09,15.063273429870605
2004-06-10,15.017389297485352
2004-06-14,14.986398696899414
2004-06-15,15.239522933959961
2004-06-16,15.394500732421875
2004-06-17,15.213692665100098
2004-06-18,15.213692665100098
2004-06-21,15.456491470336914
2004-06-22,15.296353340148926
2004-06-23,15.497827529907227
2004-06-24,16.009254455566406
2004-06-25,16.370866775512695
2004-06-28,16.045412063598633
2004-06-29,16.753154754638672
2004-06-30,16.55167579650879
2004-07-01,16.221057891845703
2004-07-02,16.675662994384766
2004-07-06,15.85427474975586
2004-07-07,16.055747985839844
2004-07-08,15.885269165039062
2004-07-09,15.973090171813965
2004-07-12,15.98858642578125
2004-07-13,16.066078186035156
2004-07-14,15.98342227935791
2004-07-15,16.267541885375977
2004-07-16,15.91109848022461
2004-07-19,15.833613395690918
2004-07-20,16.262380599975586
2004-07-21,15.818113327026367
2004-07-22,15.859444618225098
2004-07-23,15.69412899017334
2004-07-26,15.787118911743164
2004-07-27,16.272716522216797
2004-07-28,16.091903686523438
2004-07-29,16.52067756652832
2004-07-30,16.469018936157227
2004-08-02,16.401865005493164
2004-08-03,16.01957893371582
2004-08-04,15.967924118041992
2004-08-05,15.98858642578125
2004-08-06,15.895600318908691
2004-08-09,15.962761878967285
2004-08-10,16.42769432067871
2004-08-11,16.03508186340332
2004-08-12,15.761286735534668
2004-08-13,15.859444618225098
2004-08-16,16.324371337890625
2004-08-17,16.16939353942871
2004-08-18,16.288211822509766
2004-08-19,15.967924118041992
2004-08-20,16.11256980895996
2004-08-23,15.967924118041992
2004-08-24,16.184898376464844
2004-08-25,16.257217407226562
2004-08-26,15.942094802856445
2004-08-27,16.091903686523438
2004-08-30,15.91109848022461
2004-08-31,16.01441764831543
2004-09-01,16.0609130859375
2004-09-02,16.34503746032715
2004-09-03,16.148731231689453
2004-09-07,16.39153289794922
2004-09-08,16.17456817626953
2004-09-09,16.78414535522461
2004-09-10,16.52067756652832
2004-09-13,17.00111198425293
2004-09-14,16.835798263549805
2004-09-15,16.789310455322266
2004-09-16,16.856464385986328
2004-09-17,16.747987747192383
2004-09-20,16.350200653076172
2004-09-21,16.76348114013672
2004-09-22,16.293376922607422
2004-09-23,16.04024887084961
2004-09-24,15.98342227935791
2004-09-27,15.812945365905762
2004-09-28,16.12289810180664
2004-09-29,16.19523048400879
2004-09-30,16.231386184692383
2004-10-01,16.401865005493164
2004-10-04,16.52584457397461
2004-10-05,16.324371337890625
2004-10-06,16.789310455322266
2004-10-07,16.288211822509766
2004-10-08,15.962761878967285
2004-10-11,16.293376922607422
2004-10-12,16.298551559448242
2004-10-13,16.091903686523438
2004-10-14,15.869765281677246
2004-10-15,16.179723739624023
2004-10-18,16.293376922607422
2004-10-19,16.14356231689453
2004-10-20,16.13323211669922
2004-10-21,16.267541885375977
2004-10-22,15.916268348693848
2004-10-25,16.272716522216797
2004-10-26,16.685991287231445
2004-10-27,17.02178382873535
2004-10-28,16.71698570251465
2004-10-29,16.355365753173828
2004-11-01,16.479354858398438
2004-11-02,16.453519821166992
2004-11-03,16.747987747192383
2004-11-04,16.789310455322266
2004-11-05,16.59817123413086
2004-11-08,16.815139770507812
2004-11-09,16.52584457397461
2004-11-10,17.00111198425293
2004-11-11,17.25941276550293
2004-11-12,17.66752052307129
2004-11-15,17.55386734008789
2004-11-16,17.22841453552246
2004-11-17,17.50737190246582
2004-11-18,17.316240310668945
2004-11-19,16.913293838500977
2004-11-22,17.734676361083984
2004-11-23,17.74500274658203
2004-11-24,18.08079719543457
2004-11-26,18.1324520111084
2004-11-29,18.581890106201172
2004-11-30,18.762693405151367
2004-12-01,19.326831817626953
2004-12-02,19.36339569091797
2004-12-03,18.940296173095703
2004-12-06,18.47018814086914
2004-12-07,17.84337043762207
2004-12-08,18.12021827697754
2004-12-09,18.130659103393555
2004-12-10,18.261245727539062
2004-12-13,18.673900604248047
2004-12-14,18.997756958007812
2004-12-15,19.065656661987305
2004-12-16,18.0157470703125
2004-12-17,18.047086715698242
2004-12-20,17.70233154296875
2004-12-21,18.24557113647461
2004-12-22,18.783594131469727
2004-12-23,18.501516342163086
2004-12-27,18.198562622070312
2004-12-28,18.997756958007812
2004-12-29,19.013423919677734
2004-12-30,18.705242156982422
2004-12-31,18.29780387878418
2005-01-03,17.869483947753906
2005-01-04,18.01052474975586
2005-01-05,17.341915130615234
2005-01-06,17.289676666259766
2005-01-07,16.511388778686523
2005-01-10,16.756887435913086
2005-01-11,16.636743545532227
2005-01-12,16.715097427368164
2005-01-13,16.485265731811523
2005-01-14,16.662864685058594
2005-01-18,16.767332077026367
2005-01-19,16.506160736083984
2005-01-20,16.130075454711914
2005-01-21,16.130075454711914
2005-01-24,15.879340171813965
2005-01-25,15.863676071166992
2005-01-26,16.422588348388672
2005-01-27,16.213642120361328
2005-01-28,15.98381233215332
2005-01-31,16.53227424621582
2005-02-01,16.365131378173828
2005-02-02,16.662864685058594
2005-02-03,16.32855987548828
2005-02-04,16.636743545532227
2005-02-07,16.50093650817871
2005-02-08,16.715097427368164
2005-02-09,16.537498474121094
2005-02-10,16.584510803222656
2005-02-11,16.704652786254883
2005-02-14,16.615854263305664
2005-02-15,16.547948837280273
2005-02-16,16.735992431640625
2005-02-17,16.558395385742188
2005-02-18,16.584510803222656
2005-02-22,16.537498474121094
2005-02-23,16.511388778686523
2005-02-24,16.58973503112793
2005-02-25,16.715097427368164
2005-02-28,16.709875106811523
2005-03-01,16.683759689331055
2005-03-02,16.57929039001465
2005-03-03,16.490488052368164
2005-03-04,16.715097427368164
2005-03-07,16.511388778686523
2005-03-08,16.265880584716797
2005-03-09,16.1927490234375
2005-03-10,16.083053588867188
2005-03-11,16.203201293945312
2005-03-14,15.968146324157715
2005-03-15,15.774872779846191
2005-03-16,15.800992012023926
2005-03-17,15.942023277282715
2005-03-18,15.827112197875977
2005-03-21,15.947246551513672
2005-03-22,15.837554931640625
2005-03-23,15.743536949157715
2005-03-24,15.769649505615234
2005-03-28,15.884566307067871
2005-03-29,15.800992012023926
2005-03-30,15.905457496643066
2005-03-31,15.435352325439453
2005-04-01,14.630937576293945
2005-04-04,14.949565887451172
2005-04-05,15.330883026123047
2005-04-06,15.346549987792969
2005-04-07,15.445796966552734
2005-04-08,14.59437370300293
2005-04-11,13.716828346252441
2005-04-12,14.025008201599121
2005-04-13,13.998895645141602
2005-04-14,13.789957046508789
2005-04-15,13.262383460998535
2005-04-18,13.643697738647461
2005-04-19,13.779510498046875
2005-04-20,13.345962524414062
2005-04-21,13.904870986938477
2005-04-22,13.471325874328613
2005-04-25,13.612360954284668
2005-04-26,13.57579231262207
2005-04-27,13.727272033691406
2005-04-28,13.581015586853027
2005-04-29,13.904870986938477
2005-05-02,14.00412368774414
2005-05-03,14.186938285827637
2005-05-04,14.213055610656738
2005-05-05,14.139933586120605
2005-05-06,14.427225112915039
2005-05-09,14.949565887451172
2005-05-10,14.489901542663574
2005-05-11,14.395878791809082
2005-05-12,14.166049003601074
2005-05-13,13.889201164245605
2005-05-16,14.333198547363281
2005-05-17,14.42199993133545
2005-05-18,14.672720909118652
2005-05-19,14.15560245513916
2005-05-20,14.218280792236328
2005-05-23,14.103367805480957
2005-05-24,14.129485130310059
2005-05-25,14.160823822021484
2005-05-26,14.239173889160156
2005-05-27,14.437664985656738
2005-05-31,14.15560245513916
2005-06-01,14.458558082580566
2005-06-02,14.239173889160156
2005-06-03,14.244397163391113
2005-06-06,14.218280792236328
2005-06-07,14.338419914245605
2005-06-08,14.333198547363281
2005-06-09,14.322747230529785
2005-06-10,14.280967712402344
2005-06-13,14.474231719970703
2005-06-14,14.568256378173828
2005-06-15,14.711337089538574
2005-06-16,14.83852767944336
2005-06-17,14.83852767944336
2005-06-20,14.88092041015625
2005-06-21,14.928625106811523
2005-06-22,14.902121543884277
2005-06-23,14.812027931213379
2005-06-24,14.88092041015625
2005-06-27,14.87562370300293
2005-06-28,15.050506591796875
2005-06-29,15.262484550476074
2005-06-30,15.225387573242188
2005-07-01,15.20418930053711
2005-07-05,15.787137031555176
2005-07-06,15.500960350036621
2005-07-07,15.27308464050293
2005-07-08,15.500960350036621
2005-07-11,16.036209106445312
2005-07-12,15.988511085510254
2005-07-13,16.020309448242188
2005-07-14,15.977912902832031
2005-07-15,15.776529312133789
2005-07-18,15.527458190917969
2005-07-19,15.951416015625
2005-07-20,16.22698974609375
2005-07-21,16.089197158813477
2005-07-22,16.772836685180664
2005-07-25,16.49726104736328
2005-07-26,16.841720581054688
2005-07-27,16.513166427612305
2005-07-28,16.953020095825195
2005-07-29,16.42836570739746
2005-08-01,16.507858276367188
2005-08-02,16.61385154724121
2005-08-03,16.523757934570312
2005-08-04,15.564557075500488
2005-08-05,15.463862419128418
2005-08-08,15.267782211303711
2005-08-09,15.299579620361328
2005-08-10,15.27308464050293
2005-08-11,15.553956985473633
2005-08-12,15.368474960327148
2005-08-15,15.564557075500488
2005-08-16,15.267782211303711
2005-08-17,15.267782211303711
2005-08-18,15.15649700164795
2005-08-19,15.129995346069336
2005-08-22,15.474464416503906
2005-08-23,15.16179370880127
2005-08-24,15.235987663269043
2005-08-25,15.304878234863281
2005-08-26,14.939220428466797
2005-08-29,15.07170295715332
2005-08-30,15.241288185119629
2005-08-31,15.357873916625977
2005-09-01,15.426769256591797
2005-09-02,15.288982391357422
2005-09-06,15.59635066986084
2005-09-07,15.55925464630127
2005-09-08,15.18829345703125
2005-09-09,15.11939811706543
2005-09-12,14.992210388183594
2005-09-13,14.674246788024902
2005-09-14,14.584146499633789
2005-09-15,14.531157493591309
2005-09-16,14.80672836303711
2005-09-19,14.483454704284668
2005-09-20,14.15489387512207
2005-09-21,13.619646072387695
2005-09-22,13.741535186767578
2005-09-23,14.059504508972168
2005-09-26,14.329776763916016
2005-09-27,14.287383079528809
2005-09-28,14.23438549041748
2005-09-29,14.605347633361816
2005-09-30,14.308582305908203
2005-10-03,14.308582305908203
2005-10-04,14.308582305908203
2005-10-05,14.017106056213379
2005-10-06,13.948212623596191
2005-10-07,13.911120414733887
2005-10-10,14.165493965148926
2005-10-11,13.805129051208496
2005-10-12,13.953514099121094
2005-10-13,13.8740234375
2005-10-14,14.086000442504883
2005-10-17,13.858123779296875
2005-10-18,13.646145820617676
2005-10-19,14.086000442504883
2005-10-20,13.672638893127441
2005-10-21,14.022408485412598
2005-10-24,14.54175853729248
2005-10-25,14.308582305908203
2005-10-26,14.414570808410645
2005-10-27,14.128395080566406
2005-10-28,14.504656791687012
2005-10-31,14.57355785369873
2005-11-01,14.504656791687012
2005-11-02,14.759035110473633
2005-11-03,14.658343315124512
2005-11-04,14.456964492797852
2005-11-07,14.631851196289062
2005-11-08,14.451667785644531
2005-11-09,14.536459922790527
2005-11-10,14.727240562438965
2005-11-11,14.753734588623047
2005-11-14,14.54175853729248
2005-11-15,14.324478149414062
2005-11-16,14.229089736938477
2005-11-17,14.5470552444458
2005-11-18,14.626546859741211
2005-11-21,14.785536766052246
2005-11-22,14.83852767944336
2005-11-23,14.796130180358887
2005-11-25,14.7908296585083
2005-11-28,14.46756362915039
2005-11-29,14.472860336303711
2005-11-30,14.736593246459961
2005-12-01,14.962648391723633
2005-12-02,15.081055641174316
2005-12-05,14.881913185119629
2005-12-06,15.016472816467285
2005-12-07,14.957265853881836
2005-12-08,15.124115943908691
2005-12-09,15.167173385620117
2005-12-12,15.124115943908691
2005-12-13,15.086440086364746
2005-12-14,15.226374626159668
2005-12-15,15.091821670532227
2005-12-16,15.032613754272461
2005-12-19,14.801183700561523
2005-12-20,14.833470344543457
2005-12-21,14.811938285827637
2005-12-22,14.89267635345459
2005-12-23,14.628951072692871
2005-12-27,14.532069206237793
2005-12-28,14.59127140045166
2005-12-29,14.505155563354492
2005-12-30,14.532069206237793
2006-01-03,14.618183135986328
2006-01-04,14.532069206237793
2006-01-05,14.698914527893066
2006-01-06,14.75273609161377
2006-01-09,14.828094482421875
2006-01-10,15.043376922607422
2006-01-11,14.881913185119629
2006-01-12,14.585891723632812
2006-01-13,14.801183700561523
2006-01-17,14.698914527893066
2006-01-18,14.871145248413086
2006-01-19,14.935738563537598
2006-01-20,14.6397123336792
2006-01-23,14.935738563537598
2006-01-24,14.908821105957031
2006-01-25,14.908821105957031
2006-01-26,15.188702583312988
2006-01-27,15.151028633117676
2006-01-30,15.081055641174316
2006-01-31,15.070293426513672
2006-02-01,15.194080352783203
2006-02-02,14.924967765808105
2006-02-03,14.865762710571289
2006-02-06,14.725829124450684
2006-02-07,14.774267196655273
2006-02-08,14.935738563537598
2006-02-09,14.75273609161377
2006-02-10,14.758123397827148
2006-02-13,14.75273609161377
2006-02-14,14.951888084411621
2006-02-15,15.242525100708008
2006-02-16,15.522395133972168
2006-02-17,15.447049140930176
2006-02-21,15.075671195983887
2006-02-22,15.490111351013184
2006-02-23,15.280200958251953
2006-02-24,15.473960876464844
2006-02-27,15.651578903198242
2006-02-28,15.447049140930176
2006-03-01,15.538546562194824
2006-03-02,15.511637687683105
2006-03-03,15.441666603088379
2006-03-06,15.301727294921875
2006-03-07,15.360936164855957
2006-03-08,15.441666603088379
2006-03-09,15.161797523498535
2006-03-10,15.473960876464844
2006-03-13,15.646197319030762
2006-03-14,15.775367736816406
2006-03-15,15.737692832946777
2006-03-16,15.818424224853516
2006-03-17,15.743070602416992
2006-03-20,15.721540451049805
2006-03-21,15.54931640625
2006-03-22,15.721540451049805
2006-03-23,15.716161727905273
2006-03-24,15.883007049560547
2006-03-27,15.888395309448242
2006-03-28,15.64080810546875
2006-03-29,16.001420974731445
2006-03-30,15.931451797485352
2006-03-31,16.03909683227539
2006-04-03,16.06601333618164
2006-04-04,16.09830093383789
2006-04-05,16.119827270507812
2006-04-06,16.168272018432617
2006-04-07,15.829190254211426
2006-04-10,15.996034622192383
2006-04-11,15.958362579345703
2006-04-12,16.060630798339844
2006-04-13,16.437381744384766
2006-04-17,16.227476119995117
2006-04-18,16.555789947509766
2006-04-19,16.62575912475586
2006-04-20,16.44277000427246
2006-04-21,16.491207122802734
2006-04-24,16.458913803100586
2006-04-25,16.21671485900879
2006-04-26,16.189802169799805
2006-04-27,16.335124969482422
2006-04-28,16.54502296447754
2006-05-01,15.883007049560547
2006-05-02,16.351268768310547
2006-05-03,16.388938903808594
2006-05-04,16.45352554321289
2006-05-05,16.480443954467773
2006-05-08,16.9110164642334
2006-05-09,17.174747467041016
2006-05-10,16.81414031982422
2006-05-11,15.909918785095215
2006-05-12,15.64080810546875
2006-05-15,16.017568588256836
2006-05-16,16.044477462768555
2006-05-17,16.222095489501953
2006-05-18,16.07138442993164
2006-05-19,16.496585845947266
2006-05-22,16.44814682006836
2006-05-23,15.823808670043945
2006-05-24,15.65695571899414
2006-05-25,15.9906587600708
2006-05-26,16.507352828979492
2006-05-30,16.087535858154297
2006-05-31,16.464296340942383
2006-06-01,16.95407485961914
2006-06-02,16.937931060791016
2006-06-05,16.07138442993164
2006-06-06,15.79151439666748
2006-06-07,15.543926239013672
2006-06-08,15.87224292755127
2006-06-09,15.70539379119873
2006-06-12,15.538546562194824
2006-06-13,15.716161727905273
2006-06-14,15.601484298706055
2006-06-15,16.240394592285156
2006-06-16,15.645169258117676
2006-06-19,15.262910842895508
2006-06-20,15.322978019714355
2006-06-21,15.432196617126465
2006-06-22,15.410357475280762
2006-06-23,15.208307266235352
2006-06-26,15.492269515991211
2006-06-27,15.170087814331055
2006-06-28,14.973493576049805
2006-06-29,16.087495803833008
2006-06-30,16.387834548950195
2006-07-03,16.25132179260254
2006-07-05,16.458833694458008
2006-07-06,16.48613166809082
2006-07-07,16.032888412475586
2006-07-10,16.589889526367188
2006-07-11,16.78101348876953
2006-07-12,16.158479690551758
2006-07-13,15.535954475402832
2006-07-14,15.432196617126465
2006-07-17,15.404900550842285
2006-07-18,15.754387855529785
2006-07-19,16.256776809692383
2006-07-20,15.661554336547852
2006-07-21,15.426741600036621
2006-07-24,15.879988670349121
2006-07-25,16.40422248840332
2006-07-26,16.234939575195312
2006-07-27,15.923670768737793
2006-07-28,16.349611282348633
2006-07-31,16.349611282348633
2006-08-01,16.060192108154297
2006-08-02,16.40968132019043
2006-08-03,16.873849868774414
2006-08-04,16.92299461364746
2006-08-07,16.830162048339844
2006-08-08,16.595352172851562
2006-08-09,16.25132179260254
2006-08-10,16.40422248840332
2006-08-11,16.273160934448242
2006-08-14,16.611730575561523
2006-08-15,16.97760009765625
2006-08-16,17.064977645874023
2006-08-17,17.41446876525879
2006-08-18,17.4417724609375
2006-08-21,17.47453498840332
2006-08-22,17.46361541748047
2006-08-23,17.075895309448242
2006-08-24,17.267026901245117
2006-08-25,17.39809226989746
2006-08-28,17.501842498779297
2006-08-29,18.004226684570312
2006-08-30,17.916860580444336
2006-08-31,18.04245948791504
2006-09-01,18.009689331054688
2006-09-05,17.82402229309082
2006-09-06,17.425386428833008
2006-09-07,17.338024139404297
2006-09-08,17.381704330444336
2006-09-11,17.381704330444336
2006-09-12,18.233585357666016
2006-09-13,18.266347885131836
2006-09-14,18.12982940673828
2006-09-15,18.020620346069336
2006-09-18,17.95509147644043
2006-09-19,17.90048599243164
2006-09-20,18.178979873657227
2006-09-21,17.780345916748047
2006-09-22,17.332555770874023
2006-09-25,17.89501190185547
2006-09-26,17.982393264770508
2006-09-27,18.026077270507812
2006-09-28,18.009689331054688
2006-09-29,17.425386428833008
2006-10-02,17.201496124267578
2006-10-03,17.840408325195312
2006-10-04,18.375564575195312
2006-10-05,18.506629943847656
2006-10-06,18.419252395629883
2006-10-09,18.539392471313477
2006-10-10,18.566694259643555
2006-10-11,18.364648818969727
2006-10-12,18.71959686279297
2006-10-13,19.107309341430664
2006-10-16,19.363971710205078
2006-10-17,19.424041748046875
2006-10-18,18.910724639892578
2006-10-19,18.8615779876709
2006-10-20,18.8397274017334
2006-10-23,18.85611343383789
2006-10-24,18.8397274017334
2006-10-25,18.752363204956055
2006-10-26,18.8397274017334
2006-10-27,18.533931732177734
2006-10-30,18.8397274017334
2006-10-31,18.790592193603516
2006-11-01,17.845870971679688
2006-11-02,17.6274356842041
2006-11-03,17.5236759185791
2006-11-06,17.971464157104492
2006-11-07,17.4199275970459
2006-11-08,17.982393264770508
2006-11-09,17.86225128173828
2006-11-10,18.473865509033203
2006-11-13,18.18443489074707
2006-11-14,18.18443489074707
2006-11-15,18.539392471313477
2006-11-16,18.970800399780273
2006-11-17,18.98717498779297
2006-11-20,19.096391677856445
2006-11-21,19.101850509643555
2006-11-22,18.910724639892578
2006-11-24,18.746906280517578
2006-11-27,17.747573852539062
2006-11-28,18.200824737548828
2006-11-29,18.452014923095703
2006-11-30,18.512088775634766
2006-12-01,18.260887145996094
2006-12-04,19.058170318603516
2006-12-05,18.959871292114258
2006-12-06,19.058170318603516
2006-12-07,19.03632354736328
2006-12-08,19.019943237304688
2006-12-11,18.872499465942383
2006-12-12,18.834280014038086
2006-12-13,19.16605567932129
2006-12-14,19.475723266601562
2006-12-15,19.381711959838867
2006-12-18,18.911691665649414
2006-12-19,18.784507751464844
2006-12-20,18.961458206176758
2006-12-21,19.315364837646484
2006-12-22,19.14946937561035
2006-12-26,19.6747989654541
2006-12-27,19.86280632019043
2006-12-28,19.857276916503906
2006-12-29,19.602909088134766
2007-01-03,19.630558013916016
2007-01-04,19.763269424438477
2007-01-05,18.690500259399414
2007-01-08,18.613082885742188
2007-01-09,18.214942932128906
2007-01-10,17.794687271118164
2007-01-11,18.231534957885742
2007-01-12,18.181766510009766
2007-01-16,18.015872955322266
2007-01-17,17.534788131713867
2007-01-18,16.96522331237793
2007-01-19,17.020517349243164
2007-01-22,16.898866653442383
2007-01-23,17.086877822875977
2007-01-24,17.42972183227539
2007-01-25,17.048166275024414
2007-01-26,17.341243743896484
2007-01-29,17.905277252197266
2007-01-30,18.10987663269043
2007-01-31,18.242595672607422
2007-02-01,18.375307083129883
2007-02-02,18.535669326782227
2007-02-05,18.480375289916992
2007-02-06,18.43613052368164
2007-02-07,18.66285514831543
2007-02-08,18.535669326782227
2007-02-09,18.2923641204834
2007-02-12,18.458255767822266
2007-02-13,18.61861228942871
2007-02-14,18.441659927368164
2007-02-15,18.237060546875
2007-02-16,18.259185791015625
2007-02-20,18.49142837524414
2007-02-21,18.602025985717773
2007-02-22,18.712621688842773
2007-02-23,18.47484016418457
2007-02-26,18.375307083129883
2007-02-27,16.96522331237793
2007-02-28,17.158767700195312
2007-03-01,17.053695678710938
2007-03-02,16.09152603149414
2007-03-05,15.610442161560059
2007-03-06,16.368013381958008
2007-03-07,16.135770797729492
2007-03-08,15.765273094177246
2007-03-09,16.052820205688477
2007-03-12,15.997516632080078
2007-03-13,15.593851089477539
2007-03-14,15.980929374694824
2007-03-15,16.434368133544922
2007-03-16,16.395668029785156
2007-03-19,16.727445602416992
2007-03-20,16.86016082763672
2007-03-21,17.402069091796875
2007-03-22,17.656444549560547
2007-03-23,17.507139205932617
2007-03-26,17.56796646118164
2007-03-27,17.34678077697754
2007-03-28,16.987346649169922
2007-03-29,17.219593048095703
2007-03-30,17.11452293395996
2007-04-02,17.031579971313477
2007-04-03,17.74491310119629
2007-04-04,17.94398307800293
2007-04-05,17.816801071166992
2007-04-09,17.219593048095703
2007-04-10,16.63897132873535
2007-04-11,16.23529815673828
2007-04-12,16.533906936645508
2007-04-13,16.63897132873535
2007-04-16,17.208534240722656
2007-04-17,17.252775192260742
2007-04-18,17.142175674438477
2007-04-19,16.937570571899414
2007-04-20,17.473955154418945
2007-04-23,16.97075653076172
2007-04-24,16.71085548400879
2007-04-25,16.987346649169922
2007-04-26,16.954164505004883
2007-04-27,16.20764923095703
2007-04-30,15.770800590515137
2007-05-01,16.78827476501465
2007-05-02,17.252775192260742
2007-05-03,17.0371150970459
2007-05-04,17.29701042175293
2007-05-07,17.108999252319336
2007-05-08,16.832509994506836
2007-05-09,17.219593048095703
2007-05-10,16.644495010375977
2007-05-11,16.832509994506836
2007-05-14,16.52837371826172
2007-05-15,15.986461639404297
2007-05-16,16.406721115112305
2007-05-17,16.108118057250977
2007-05-18,16.102588653564453
2007-05-21,16.141294479370117
2007-05-22,16.473072052001953
2007-05-23,16.119169235229492
2007-05-24,15.715500831604004
2007-05-25,15.770800590515137
2007-05-29,16.368013381958008
2007-05-30,16.141294479370117
2007-05-31,15.886927604675293
2007-06-01,16.213180541992188
2007-06-04,15.997516632080078
2007-06-05,15.593851089477539
2007-06-06,15.505375862121582
2007-06-07,15.400310516357422
2007-06-08,15.676796913146973
2007-06-11,15.461136817932129
2007-06-12,15.074053764343262
2007-06-13,15.551612854003906
2007-06-14,15.613419532775879
2007-06-15,15.984232902526855
2007-06-18,16.0347957611084
2007-06-19,16.433696746826172
2007-06-20,15.748258590698242
2007-06-21,15.776350021362305
2007-06-22,16.02918243408203
2007-06-25,16.20895767211914
2007-06-26,16.164016723632812
2007-06-27,16.742704391479492
2007-06-28,16.855072021484375
2007-06-29,16.495500564575195
2007-07-02,16.130308151245117
2007-07-03,16.0179386138916
2007-07-05,16.164016723632812
2007-07-06,16.405603408813477
2007-07-09,16.225820541381836
2007-07-10,15.748258590698242
2007-07-11,15.635889053344727
2007-07-12,16.220199584960938
2007-07-13,15.93928050994873
2007-07-16,15.675216674804688
2007-07-17,15.663983345031738
2007-07-18,15.725774765014648
2007-07-19,15.607799530029297
2007-07-20,15.057201385498047
2007-07-23,15.074053764343262
2007-07-24,14.366141319274902
2007-07-25,14.405471801757812
2007-07-26,13.697559356689453
2007-07-27,13.495292663574219
2007-07-30,13.489681243896484
2007-07-31,13.19190502166748
2007-08-01,13.804303169250488
2007-08-02,14.354907989501953
2007-08-03,13.691938400268555
2007-08-06,14.175121307373047
2007-08-07,14.259393692016602
2007-08-08,14.90550422668457
2007-08-09,14.534696578979492
2007-08-10,15.068434715270996
2007-08-13,15.439251899719238
2007-08-14,15.220130920410156
2007-08-15,15.163948059082031
2007-08-16,17.411291122436523
2007-08-17,18.41697883605957
2007-08-20,17.748394012451172
2007-08-21,17.60231590270996
2007-08-22,17.916946411132812
2007-08-23,17.225887298583984
2007-08-24,17.51241683959961
2007-08-27,17.270835876464844
2007-08-28,16.557302474975586
2007-08-29,17.270835876464844
2007-08-30,16.770803451538086
2007-08-31,16.967439651489258
2007-09-04,17.046096801757812
2007-09-05,16.60786247253418
2007-09-06,16.242673873901367
2007-09-07,15.984232902526855
2007-09-10,15.984232902526855
2007-09-11,16.310094833374023
2007-09-12,16.046030044555664
2007-09-13,16.2482967376709
2007-09-14,16.34380531311035
2007-09-17,16.119070053100586
2007-09-18,17.87200164794922
2007-09-19,18.41697883605957
2007-09-20,18.107961654663086
2007-09-21,18.265281677246094
2007-09-24,17.703445434570312
2007-09-25,17.01800537109375
2007-09-26,17.607933044433594
2007-09-27,17.765249252319336
2007-09-28,17.023630142211914
2007-10-01,17.804576873779297
2007-10-02,18.141677856445312
2007-10-03,17.36634063720703
2007-10-04,17.220264434814453
2007-10-05,17.574222564697266
2007-10-08,17.411291122436523
2007-10-09,17.770864486694336
2007-10-10,18.03492546081543
2007-10-11,17.38319969177246
2007-10-12,17.945039749145508
2007-10-15,16.92249870300293
2007-10-16,16.973054885864258
2007-10-17,16.776418685913086
2007-10-18,17.164079666137695
2007-10-19,16.147165298461914
2007-10-22,17.203407287597656
2007-10-23,16.89440155029297
2007-10-24,16.399988174438477
2007-10-25,16.534826278686523
2007-10-26,17.270835876464844
2007-10-29,17.489952087402344
2007-10-30,17.119140625
2007-10-31,17.231508255004883
2007-11-01,15.871858596801758
2007-11-02,15.647128105163574
2007-11-05,15.467336654663086
2007-11-06,15.928049087524414
2007-11-07,15.130239486694336
2007-11-08,16.14154624938965
2007-11-09,16.87755584716797
2007-11-12,17.810195922851562
2007-11-13,17.961889266967773
2007-11-14,17.967506408691406
2007-11-15,17.52927589416504
2007-11-16,17.484329223632812
2007-11-19,17.25959587097168
2007-11-20,16.973054885864258
2007-11-21,17.141611099243164
2007-11-23,17.3607234954834
2007-11-26,16.068504333496094
2007-11-27,16.068504333496094
2007-11-28,17.130373001098633
2007-11-29,16.433696746826172
2007-11-30,15.944908142089844
2007-12-03,15.675216674804688
2007-12-04,15.568467140197754
2007-12-05,15.843765258789062
2007-12-06,16.2482967376709
2007-12-07,16.34380531311035
2007-12-10,16.29323387145996
2007-12-11,15.748258590698242
2007-12-12,15.993701934814453
2007-12-13,16.376129150390625
2007-12-14,15.925202369689941
2007-12-17,15.83958625793457
2007-12-18,17.021137237548828
2007-12-19,17.266576766967773
2007-12-20,17.118167877197266
2007-12-21,17.637596130371094
2007-12-24,18.259756088256836
2007-12-26,18.20267677307129
2007-12-27,17.329368591308594
2007-12-28,16.530248641967773
2007-12-31,16.17635726928711
2008-01-02,15.65693187713623
2008-01-03,15.548480987548828
2008-01-04,15.422906875610352
2008-01-07,15.828170776367188
2008-01-08,15.274502754211426
2008-01-09,16.267681121826172
2008-01-10,16.86701774597168
2008-01-11,15.896666526794434
2008-01-14,15.748258590698242
2008-01-15,15.508516311645508
2008-01-16,16.33617401123047
2008-01-17,15.999406814575195
2008-01-18,15.634099006652832
2008-01-22,16.35330581665039
2008-01-23,17.123878479003906
2008-01-24,16.387544631958008
2008-01-25,16.085033416748047
2008-01-28,16.524539947509766
2008-01-29,16.30192756652832
2008-01-30,15.948033332824707
2008-01-31,16.998300552368164
2008-02-01,17.04395866394043
2008-02-04,16.57590675354004
2008-02-05,16.06219482421875
2008-02-06,15.948033332824707
2008-02-07,16.159229278564453
2008-02-08,15.782500267028809
2008-02-11,15.554183959960938
2008-02-12,15.71971607208252
2008-02-13,16.364715576171875
2008-02-14,15.594141960144043
2008-02-15,15.599855422973633
2008-02-19,15.736845970153809
2008-02-20,16.130693435668945
2008-02-21,15.976581573486328
2008-02-22,15.52564525604248
2008-02-25,15.925202369689941
2008-02-26,16.244855880737305
2008-02-27,15.908085823059082
2008-02-28,15.445734024047852
2008-02-29,14.983393669128418
2008-03-03,14.869230270385742
2008-03-04,15.091839790344238
2008-03-05,14.80644702911377
2008-03-06,14.441134452819824
2008-03-07,14.469679832458496
2008-03-10,14.67516040802002
2008-03-11,16.404674530029297
2008-03-12,16.553077697753906
2008-03-13,17.009716033935547
2008-03-14,16.33617401123047
2008-03-17,16.00511932373047
2008-03-18,17.0953369140625
2008-03-19,17.437816619873047
2008-03-20,18.26546859741211
2008-03-24,18.29972267150879
2008-03-25,18.26546859741211
2008-03-26,18.22551155090332
2008-03-27,18.191267013549805
2008-03-28,18.162729263305664
2008-03-31,17.569095611572266
2008-04-01,18.550865173339844
2008-04-02,18.585115432739258
2008-04-03,18.174137115478516
2008-04-04,17.768875122070312
2008-04-07,17.483476638793945
2008-04-08,17.272287368774414
2008-04-09,16.41609001159668
2008-04-10,16.815645217895508
2008-04-11,16.073612213134766
2008-04-14,16.23343849182129
2008-04-15,16.60445213317871
2008-04-16,18.1170597076416
2008-04-17,18.02002716064453
2008-04-18,18.79060173034668
2008-04-21,18.082815170288086
2008-04-22,17.50630760192871
2008-04-23,16.98688507080078
2008-04-24,17.814529418945312
2008-04-25,18.259756088256836
2008-04-28,18.448123931884766
2008-04-29,18.402462005615234
2008-04-30,18.151315689086914
2008-05-01,18.77918243408203
2008-05-02,17.9515323638916
2008-05-05,17.825950622558594
2008-05-06,18.647897720336914
2008-05-07,17.306533813476562
2008-05-08,17.078214645385742
2008-05-09,17.277992248535156
2008-05-12,18.071399688720703
2008-05-13,17.905864715576172
2008-05-14,17.437816619873047
2008-05-15,17.35219383239746
2008-05-16,17.260866165161133
2008-05-19,17.118167877197266
2008-05-20,16.67294692993164
2008-05-21,16.65582275390625
2008-05-22,17.30082130432129
2008-05-23,16.798521041870117
2008-05-27,17.87161636352539
2008-05-28,17.98577880859375
2008-05-29,18.77347183227539
2008-05-30,18.69356918334961
2008-06-02,17.72321128845215
2008-06-03,17.825950622558594
2008-06-04,18.322546005249023
2008-06-05,18.978961944580078
2008-06-06,18.807729721069336
2008-06-09,18.81343650817871
2008-06-10,18.899051666259766
2008-06-11,18.670726776123047
2008-06-12,19.023662567138672
2008-06-13,19.093095779418945
2008-06-16,19.2724609375
2008-06-17,18.68808364868164
2008-06-18,18.624446868896484
2008-06-19,18.369873046875
2008-06-20,18.184730529785156
2008-06-23,18.12108039855957
2008-06-24,18.364084243774414
2008-06-25,18.693876266479492
2008-06-26,18.456655502319336
2008-06-27,18.306228637695312
2008-06-30,17.71029281616211
2008-07-01,17.941720962524414
2008-07-02,17.38629150390625
2008-07-03,18.433515548706055
2008-07-07,17.71029281616211
2008-07-08,19.365020751953125
2008-07-09,18.011150360107422
2008-07-10,18.902164459228516
2008-07-11,19.58488655090332
2008-07-14,19.446027755737305
2008-07-15,19.428667068481445
2008-07-16,20.608970642089844
2008-07-17,20.632108688354492
2008-07-18,20.094036102294922
2008-07-21,20.68417739868164
2008-07-22,21.737194061279297
2008-07-23,21.46527099609375
2008-07-24,21.523128509521484
2008-07-25,22.095916748046875
2008-07-28,21.899200439453125
2008-07-29,22.622425079345703
2008-07-30,22.570354461669922
2008-07-31,21.61569595336914
2008-08-01,21.702482223510742
2008-08-04,21.523128509521484
2008-08-05,21.685129165649414
2008-08-06,21.644628524780273
2008-08-07,20.915616989135742
2008-08-08,21.81819725036621
2008-08-11,23.629152297973633
2008-08-12,23.582862854003906
2008-08-13,23.721721649169922
2008-08-14,23.721721649169922
2008-08-15,23.924226760864258
2008-08-18,24.068876266479492
2008-08-19,24.109371185302734
2008-08-20,23.825870513916016
2008-08-21,23.472936630249023
2008-08-22,24.271379470825195
2008-08-25,23.253074645996094
2008-08-26,23.773792266845703
2008-08-27,23.999439239501953
2008-08-28,24.60694694519043
2008-08-29,23.999439239501953
2008-09-02,26.608835220336914
2008-09-03,28.523929595947266
2008-09-04,27.204769134521484
2008-09-05,28.194141387939453
2008-09-08,28.448711395263672
2008-09-09,27.256839752197266
2008-09-10,27.19898223876953
2008-09-11,27.29155921936035
2008-09-12,26.869192123413086
2008-09-15,26.2501163482666
2008-09-16,28.170984268188477
2008-09-17,25.10452651977539
2008-09-18,27.656064987182617
2008-09-19,28.286706924438477
2008-09-22,27.713909149169922
2008-09-23,27.470911026000977
2008-09-24,27.38990592956543
2008-09-25,27.609769821166992
2008-09-26,27.673418045043945
2008-09-29,26.336896896362305
2008-09-30,27.181621551513672
2008-10-01,27.598201751708984
2008-10-02,26.163326263427734
2008-10-03,24.664813995361328
2008-10-06,24.676376342773438
2008-10-07,21.980199813842773
2008-10-08,22.240562438964844
2008-10-09,19.98989486694336
2008-10-10,25.06403350830078
2008-10-13,27.146913528442383
2008-10-14,26.041824340820312
2008-10-15,22.431495666503906
2008-10-16,25.457456588745117
2008-10-17,22.998497009277344
2008-10-20,24.12672996520996
2008-10-21,22.738136291503906
2008-10-22,22.009130477905273
2008-10-23,22.338926315307617
2008-10-24,21.528913497924805
2008-10-27,21.20490837097168
2008-10-28,23.553936004638672
2008-10-29,23.426651000976562
2008-10-30,23.1778621673584
2008-10-31,24.462299346923828
2008-11-03,24.33501625061035
2008-11-04,24.87887954711914
2008-11-05,23.675437927246094
2008-11-06,23.1778621673584
2008-11-07,23.143146514892578
2008-11-10,22.171131134033203
2008-11-11,22.200063705444336
2008-11-12,21.320627212524414
2008-11-13,24.04572868347168
2008-11-14,21.309049606323242
2008-11-17,20.770973205566406
2008-11-18,22.142202377319336
2008-11-19,20.302322387695312
2008-11-20,18.514516830444336
2008-11-21,20.279178619384766
2008-11-24,22.83650016784668
2008-11-25,23.449792861938477
2008-11-26,23.530786514282227
2008-11-28,24.103580474853516
2008-12-01,17.941720962524414
2008-12-02,18.433515548706055
2008-12-03,19.116239547729492
2008-12-04,19.677459716796875
2008-12-05,21.667776107788086
2008-12-08,23.218366622924805
2008-12-09,20.62633514404297
2008-12-10,20.70733070373535
2008-12-11,19.166290283203125
2008-12-12,18.890899658203125
2008-12-15,18.263938903808594
2008-12-16,20.244430541992188
2008-12-17,20.26201057434082
2008-12-18,20.39091682434082
2008-12-19,21.60968780517578
2008-12-22,21.469051361083984
2008-12-23,21.926095962524414
2008-12-24,21.949541091918945
2008-12-26,22.043285369873047
2008-12-29,21.726877212524414
2008-12-30,23.29134750366211
2008-12-31,24.017925262451172
2009-01-02,24.117530822753906
2009-01-05,22.699539184570312
2009-01-06,22.834318161010742
2009-01-07,22.236648559570312
2009-01-08,22.582361221313477
2009-01-09,20.76592445373535
2009-01-12,20.601858139038086
2009-01-13,21.53937530517578
2009-01-14,19.488561630249023
2009-01-15,19.863561630249023
2009-01-16,19.740514755249023
2009-01-20,17.4377498626709
2009-01-21,19.640911102294922
2009-01-22,18.10573387145996
2009-01-23,18.263938903808594
2009-01-26,18.890899658203125
2009-01-27,19.53543472290039
2009-01-28,20.56670379638672
2009-01-29,19.763957977294922
2009-01-30,19.424102783203125
2009-02-02,21.656558990478516
2009-02-03,22.090164184570312
2009-02-04,21.551090240478516
2009-02-05,22.330398559570312
2009-02-06,23.07455062866211
2009-02-09,22.869474411010742
2009-02-10,21.26984214782715
2009-02-11,21.60968780517578
2009-02-12,21.680002212524414
2009-02-13,21.205379486083984
2009-02-17,20.244430541992188
2009-02-18,19.857709884643555
2009-02-19,19.08425521850586
2009-02-20,18.984649658203125
2009-02-23,18.25807762145996
2009-02-24,19.347938537597656
2009-02-25,19.14871597290039
2009-02-26,18.949491500854492
2009-02-27,18.984649658203125
2009-03-02,20.010053634643555
2009-03-03,19.336217880249023
2009-03-04,19.541290283203125
2009-03-05,17.49048614501953
2009-03-06,18.562767028808594
2009-03-09,17.824480056762695
2009-03-10,20.14482307434082
2009-03-11,19.517864227294922
2009-03-12,21.949541091918945
2009-03-13,21.398744583129883
2009-03-16,20.888978958129883
2009-03-17,22.54720115661621
2009-03-18,23.086278915405273
2009-03-19,22.73470115661621
2009-03-20,20.707324981689453
2009-03-23,23.953466415405273
2009-03-24,21.33429527282715
2009-03-25,22.16633415222168
2009-03-26,23.54331398010254
2009-03-27,21.62726593017578
2009-03-30,21.04131507873535
2009-03-31,21.621410369873047
2009-04-01,21.738597869873047
2009-04-02,22.969085693359375
2009-04-03,23.344087600708008
2009-04-06,22.260087966918945
2009-04-07,20.965147018432617
2009-04-08,21.463199615478516
2009-04-09,23.408544540405273
2009-04-13,23.99448585510254
2009-04-14,22.265947341918945
2009-04-15,23.408544540405273
2009-04-16,25.002309799194336
2009-04-17,24.92027473449707
2009-04-20,22.301103591918945
2009-04-21,24.211280822753906
2009-04-22,23.455415725708008
2009-04-23,22.377273559570312
2009-04-24,23.859724044799805
2009-04-27,22.201488494873047
2009-04-28,22.441734313964844
2009-04-29,22.523761749267578
2009-04-30,21.738597869873047
2009-05-01,20.982725143432617
2009-05-04,22.19563865661621
2009-05-05,21.129207611083984
2009-05-06,21.387025833129883
2009-05-07,20.408504486083984
2009-05-08,21.510072708129883
2009-05-11,20.484670639038086
2009-05-12,19.998336791992188
2009-05-13,19.277618408203125
2009-05-14,19.82254981994629
2009-05-15,19.36551284790039
2009-05-18,20.46709442138672
2009-05-19,20.285449981689453
2009-05-20,19.594032287597656
2009-05-21,19.359655380249023
2009-05-22,19.318639755249023
2009-05-26,20.707324981689453
2009-05-27,19.55301284790039
2009-05-28,19.35379409790039
2009-05-29,19.717082977294922
2009-06-01,20.490535736083984
2009-06-02,20.513961791992188
2009-06-03,20.35576057434082
2009-06-04,20.537403106689453
2009-06-05,20.150678634643555
2009-06-08,20.08036994934082
2009-06-09,19.734661102294922
2009-06-10,19.28934097290039
2009-06-11,19.55072593688965
2009-06-12,20.061626434326172
2009-06-15,19.66954231262207
2009-06-16,19.467561721801758
2009-06-17,19.972511291503906
2009-06-18,19.913110733032227
2009-06-19,19.65766143798828
2009-06-22,19.271516799926758
2009-06-23,19.223995208740234
2009-06-24,18.82596206665039
2009-06-25,19.06953239440918
2009-06-26,18.885377883911133
2009-06-29,18.71903419494629
2009-06-30,18.760622024536133
2009-07-01,19.152708053588867
2009-07-02,18.71903419494629
2009-07-06,19.33686065673828
2009-07-07,18.647748947143555
2009-07-08,18.707155227661133
2009-07-09,18.564573287963867
2009-07-10,18.7784423828125
2009-07-13,19.455684661865234
2009-07-14,18.992307662963867
2009-07-15,19.455684661865234
2009-07-16,19.44974136352539
2009-07-17,19.360628128051758
2009-07-20,19.372512817382812
2009-07-21,18.897258758544922
2009-07-22,18.998247146606445
2009-07-23,19.455684661865234
2009-07-24,19.455684661865234
2009-07-27,19.515087127685547
2009-07-28,19.59825325012207
2009-07-29,19.360628128051758
2009-07-30,19.627960205078125
2009-07-31,19.301223754882812
2009-08-03,19.50320816040039
2009-08-04,19.604196548461914
2009-08-05,19.194293975830078
2009-08-06,18.707155227661133
2009-08-07,19.40221405029297
2009-08-10,19.41408920288086
2009-08-11,19.21805191040039
2009-08-12,19.913110733032227
2009-08-13,19.59825325012207
2009-08-14,18.843791961669922
2009-08-17,18.8675537109375
2009-08-18,18.820030212402344
2009-08-19,18.820030212402344
2009-08-20,18.82596206665039
2009-08-21,19.455684661865234
2009-08-24,19.051715850830078
2009-08-25,18.968547821044922
2009-08-26,18.87349510192871
2009-08-27,18.968547821044922
2009-08-28,18.398239135742188
2009-08-31,17.922990798950195
2009-09-01,17.210105895996094
2009-09-02,16.972482681274414
2009-09-03,17.358619689941406
2009-09-04,17.602191925048828
2009-09-08,17.328916549682617
2009-09-09,17.305164337158203
2009-09-10,17.614072799682617
2009-09-11,17.25763511657715
2009-09-14,17.49526023864746
2009-09-15,17.732879638671875
2009-09-16,17.804170608520508
2009-09-17,17.75665283203125
2009-09-18,17.875463485717773
2009-09-21,17.827938079833984
2009-09-22,17.691301345825195
2009-09-23,17.471494674682617
2009-09-24,17.524959564208984
2009-09-25,17.679420471191406
2009-09-28,18.410125732421875
2009-09-29,18.4220027923584
2009-09-30,18.20219612121582
2009-10-01,17.59625244140625
2009-10-02,17.352685928344727
2009-10-05,17.322980880737305
2009-10-06,17.519018173217773
2009-10-07,17.418033599853516
2009-10-08,17.281396865844727
2009-10-09,17.63783836364746
2009-10-12,17.536848068237305
2009-10-13,17.44773292541504
2009-10-14,17.620014190673828
2009-10-15,17.311098098754883
2009-10-16,17.085351943969727
2009-10-19,17.352685928344727
2009-10-20,17.014068603515625
2009-10-21,16.5388126373291
2009-10-22,16.818021774291992
2009-10-23,16.5566349029541
2009-10-26,16.425941467285156
2009-10-27,16.2714786529541
2009-10-28,16.568513870239258
2009-10-29,16.669504165649414
2009-10-30,16.47346305847168
2009-11-02,16.544748306274414
2009-11-03,16.57445526123047
2009-11-04,16.05167579650879
2009-11-05,16.883365631103516
2009-11-06,16.63979721069336
2009-11-09,17.008121490478516
2009-11-10,16.44375991821289
2009-11-11,16.3249568939209
2009-11-12,15.980388641357422
2009-11-13,16.176429748535156
2009-11-16,16.6101016998291
2009-11-17,16.865554809570312
2009-11-18,16.818021774291992
2009-11-19,16.39029312133789
2009-11-20,16.6101016998291
2009-11-23,17.655656814575195
2009-11-24,17.73882293701172
2009-11-25,17.364564895629883
2009-11-27,16.65168571472168
2009-11-30,16.996240615844727
2009-12-01,16.87742805480957
2009-12-02,17.328916549682617
2009-12-03,17.180402755737305
2009-12-04,17.839815139770508
2009-12-07,17.970510482788086
2009-12-08,17.911108016967773
2009-12-09,17.893281936645508
2009-12-10,17.697242736816406
2009-12-11,17.89922523498535
2009-12-14,18.018041610717773
2009-12-15,17.88734245300293
2009-12-16,18.047740936279297
2009-12-17,18.113088607788086
2009-12-18,18.724977493286133
2009-12-21,18.410125732421875
2009-12-22,18.267539978027344
2009-12-23,18.707656860351562
2009-12-24,18.68353843688965
2009-12-28,18.556930541992188
2009-12-29,18.57501983642578
2009-12-30,18.840288162231445
2009-12-31,18.400178909301758
2010-01-04,18.701627731323242
2010-01-05,17.905813217163086
2010-01-06,17.429523468017578
2010-01-07,17.314979553222656
2010-01-08,17.351158142089844
2010-01-11,17.568193435668945
2010-01-12,17.26072120666504
2010-01-13,17.206459045410156
2010-01-14,17.483787536621094
2010-01-15,17.4657039642334
2010-01-19,17.785234451293945
2010-01-20,17.28483009338379
2010-01-21,17.73700523376465
2010-01-22,17.308948516845703
2010-01-25,17.47173309326172
2010-01-26,17.067798614501953
2010-01-27,17.712886810302734
2010-01-28,17.357181549072266
2010-01-29,16.63974952697754
2010-02-01,16.633716583251953
2010-02-02,16.669883728027344
2010-02-03,16.669883728027344
2010-02-04,16.27800750732422
2010-02-05,16.549312591552734
2010-02-08,16.428735733032227
2010-02-09,15.675118446350098
2010-02-10,15.753495216369629
2010-02-11,15.898188591003418
2010-02-12,15.970537185668945
2010-02-16,16.08509063720703
2010-02-17,15.946422576904297
2010-02-18,15.92833423614502
2010-02-19,15.92833423614502
2010-02-22,15.994651794433594
2010-02-23,15.934368133544922
2010-02-24,16.241838455200195
2010-02-25,16.115230560302734
2010-02-26,15.843927383422852
2010-03-01,16.109207153320312
2010-03-02,16.452852249145508
2010-03-03,16.3804988861084
2010-03-04,16.549312591552734
2010-03-05,17.146169662475586
2010-03-08,16.96530532836914
2010-03-09,17.007505416870117
2010-03-10,16.959274291992188
2010-03-11,17.158227920532227
2010-03-12,16.91707420349121
2010-03-15,16.856781005859375
2010-03-16,16.88089942932129
2010-03-17,17.158227920532227
2010-03-18,17.0919132232666
2010-03-19,18.00830841064453
2010-03-22,18.38812255859375
2010-03-23,18.339889526367188
2010-03-24,18.02638816833496
2010-03-25,17.92389488220215
2010-03-26,17.815380096435547
2010-03-29,17.730974197387695
2010-03-30,17.911840438842773
2010-03-31,17.45967674255371
2010-04-01,17.556135177612305
2010-04-05,18.056533813476562
2010-04-06,18.243431091308594
2010-04-07,17.74906349182129
2010-04-08,17.881698608398438
2010-04-09,17.628480911254883
2010-04-12,17.658628463745117
2010-04-13,17.357181549072266
2010-04-14,17.83949851989746
2010-04-15,17.803319931030273
2010-04-16,17.447614669799805
2010-04-19,17.45364761352539
2010-04-20,17.393354415893555
2010-04-21,17.755088806152344
2010-04-22,18.062564849853516
2010-04-23,18.17108154296875
2010-04-26,18.056533813476562
2010-04-27,17.809349060058594
2010-04-28,17.791263580322266
2010-04-29,18.345922470092773
2010-04-30,17.574220657348633
2010-05-03,17.640541076660156
2010-05-04,17.538047790527344
2010-05-05,17.122053146362305
2010-05-06,16.706066131591797
2010-05-07,16.392559051513672
2010-05-10,17.47173309326172
2010-05-11,17.905813217163086
2010-05-12,18.587080001831055
2010-05-13,18.623252868652344
2010-05-14,18.38210105895996
2010-05-17,18.6112003326416
2010-05-18,18.23136329650879
2010-05-19,17.996248245239258
2010-05-20,16.98339080810547
2010-05-21,17.140138626098633
2010-05-24,16.814584732055664
2010-05-25,16.892961502075195
2010-05-26,16.59151268005371
2010-05-27,17.236602783203125
2010-05-28,17.0919132232666
2010-06-01,16.579456329345703
2010-06-02,17.08588409423828
2010-06-03,16.96530532836914
2010-06-04,16.103174209594727
2010-06-07,16.07303237915039
2010-06-08,15.904217720031738
2010-06-09,15.723353385925293
2010-06-10,16.27800750732422
2010-06-11,16.462011337280273
2010-06-14,16.406810760498047
2010-06-15,16.787080764770508
2010-06-16,16.762548446655273
2010-06-17,16.713483810424805
2010-06-18,16.725749969482422
2010-06-21,16.406810760498047
2010-06-22,16.20441246032715
2010-06-23,15.952939987182617
2010-06-24,15.854805946350098
2010-06-25,16.70121955871582
2010-06-28,16.560144424438477
2010-06-29,15.928407669067383
2010-06-30,15.830273628234863
2010-07-01,16.087879180908203
2010-07-02,15.867073059082031
2010-07-06,15.603337287902832
2010-07-07,16.296411514282227
2010-07-08,16.247343063354492
2010-07-09,16.449745178222656
2010-07-12,16.394550323486328
2010-07-13,17.099884033203125
2010-07-14,16.897485733032227
2010-07-15,16.547880172729492
2010-07-16,15.578808784484863
2010-07-19,15.683072090148926
2010-07-20,16.03267478942871
2010-07-21,15.523604393005371
2010-07-22,16.633747100830078
2010-07-23,17.130550384521484
2010-07-26,17.388153076171875
2010-07-27,17.271617889404297
2010-07-28,17.480152130126953
2010-07-29,17.780689239501953
2010-07-30,17.400423049926758
2010-08-02,17.946292877197266
2010-08-03,17.774553298950195
2010-08-04,18.032161712646484
2010-08-05,17.780689239501953
2010-08-06,17.29001808166504
2010-08-09,17.799091339111328
2010-08-10,17.400423049926758
2010-08-11,16.541751861572266
2010-08-12,16.394550323486328
2010-08-13,16.161476135253906
2010-08-16,16.320947647094727
2010-08-17,16.83614730834961
2010-08-18,16.92814826965332
2010-08-19,16.320947647094727
2010-08-20,16.62148094177246
2010-08-23,16.554014205932617
2010-08-24,16.480411529541016
2010-08-25,16.885217666625977
2010-08-26,16.670551300048828
2010-08-27,17.302284240722656
2010-08-30,17.191883087158203
2010-08-31,17.627355575561523
2010-09-01,17.946292877197266
2010-09-02,18.026023864746094
2010-09-03,18.326560974121094
2010-09-07,17.75615882873535
2010-09-08,17.95242691040039
2010-09-09,18.06282615661621
2010-09-10,18.19776153564453
2010-09-13,18.657764434814453
2010-09-14,18.39402961730957
2010-09-15,18.375625610351562
2010-09-16,17.768417358398438
2010-09-17,17.48628807067871
2010-09-20,18.295900344848633
2010-09-21,18.06282615661621
2010-09-22,17.64575958251953
2010-09-23,17.234819412231445
2010-09-24,18.20389747619629
2010-09-27,17.6212158203125
2010-09-28,17.964691162109375
2010-09-29,18.038293838500977
2010-09-30,18.093490600585938
2010-10-01,18.081226348876953
2010-10-04,17.713220596313477
2010-10-05,18.51669692993164
2010-10-06,18.387893676757812
2010-10-07,18.23455810546875
2010-10-08,18.430828094482422
2010-10-11,18.449235916137695
2010-10-12,18.461496353149414
2010-10-13,18.98283576965332
2010-10-14,18.92763328552246
2010-10-15,18.706830978393555
2010-10-18,19.11777114868164
2010-10-19,18.725229263305664
2010-10-20,19.031902313232422
2010-10-21,18.896963119506836
2010-10-22,18.762035369873047
2010-10-25,18.42469596862793
2010-10-26,18.3204288482666
2010-10-27,18.050561904907227
2010-10-28,17.829757690429688
2010-10-29,17.92789077758789
2010-11-01,17.682559967041016
2010-11-02,18.351097106933594
2010-11-03,18.51669692993164
2010-11-04,19.577774047851562
2010-11-05,19.356971740722656
2010-11-08,19.36923599243164
2010-11-09,19.105499267578125
2010-11-10,19.590042114257812
2010-11-11,19.350833892822266
2010-11-12,19.038036346435547
2010-11-15,19.289501190185547
2010-11-16,19.031902313232422
2010-11-17,19.05030059814453
2010-11-18,19.20977020263672
2010-11-19,19.074838638305664
2010-11-22,19.160701751708984
2010-11-23,18.915369033813477
2010-11-24,19.301774978637695
2010-11-26,19.191370010375977
2010-11-29,18.878564834594727
2010-11-30,18.48603057861328
2010-12-01,19.148433685302734
2010-12-02,19.5225772857666
2010-12-03,19.682037353515625
2010-12-06,19.74337387084961
2010-12-07,20.06844139099121
2010-12-08,20.393510818481445
2010-12-09,20.792184829711914
2010-12-10,21.295127868652344
2010-12-13,21.23917579650879
2010-12-14,21.60590934753418
2010-12-15,21.543752670288086
2010-12-16,21.83589744567871
2010-12-17,21.910480499267578
2010-12-20,22.15289306640625
2010-12-21,22.650148391723633
2010-12-22,22.556917190551758
2010-12-23,22.283424377441406
2010-12-27,22.662582397460938
2010-12-28,22.569345474243164
2010-12-29,22.53205108642578
2010-12-30,22.177753448486328
2010-12-31,21.84210777282715
2011-01-03,21.755083084106445
2011-01-04,21.319990158081055
2011-01-05,21.406999588012695
2011-01-06,20.797863006591797
2011-01-07,20.070621490478516
2011-01-10,20.14521026611328
2011-01-11,20.30681610107422
2011-01-12,20.5740966796875
2011-01-13,20.325469970703125
2011-01-14,20.58652687072754
2011-01-18,20.2695255279541
2011-01-19,19.417966842651367
2011-01-20,19.293655395507812
2011-01-21,18.92070770263672
2011-01-24,19.013946533203125
2011-01-25,19.22527503967285
2011-01-26,19.79090690612793
2011-01-27,20.033329010009766
2011-01-28,19.554712295532227
2011-01-31,19.59821891784668
2011-02-01,19.536069869995117
2011-02-02,19.200422286987305
2011-02-03,19.045028686523438
2011-02-04,19.231491088867188
2011-02-07,19.399320602416992
2011-02-08,19.592008590698242
2011-02-09,19.473905563354492
2011-02-10,19.461475372314453
2011-02-11,19.95252227783203
2011-02-14,19.95252227783203
2011-02-15,19.772262573242188
2011-02-16,19.958736419677734
2011-02-17,19.88414764404297
2011-02-18,19.940092086791992
2011-02-22,19.616870880126953
2011-02-23,19.542282104492188
2011-02-24,19.75983238220215
2011-02-25,20.02711296081543
2011-02-28,20.14521026611328
2011-03-01,20.02711296081543
2011-03-02,19.772262573242188
2011-03-03,20.070621490478516
2011-03-04,19.635517120361328
2011-03-07,19.330949783325195
2011-03-08,19.95252227783203
2011-03-09,20.02089500427246
2011-03-10,19.318513870239258
2011-03-11,19.343379974365234
2011-03-14,19.24393081665039
2011-03-15,19.18798828125
2011-03-16,18.89584732055664
2011-03-17,19.00151252746582
2011-03-18,18.479389190673828
2011-03-21,19.169340133666992
2011-03-22,19.24393081665039
2011-03-23,19.71632194519043
2011-03-24,19.69767951965332
2011-03-25,19.797128677368164
2011-03-28,19.616870880126953
2011-03-29,19.853073120117188
2011-03-30,20.31925392150879
2011-03-31,20.661115646362305
2011-04-01,21.096220016479492
2011-04-04,21.065139770507812
2011-04-05,21.00919532775879
2011-04-06,21.12108039855957
2011-04-07,20.518152236938477
2011-04-08,20.350326538085938
2011-04-11,20.201154708862305
2011-04-12,19.927658081054688
2011-04-13,19.492555618286133
2011-04-14,19.417966842651367
2011-04-15,19.585796356201172
2011-04-18,19.449047088623047
2011-04-19,19.567142486572266
2011-04-20,19.977384567260742
2011-04-21,20.182504653930664
2011-04-25,19.436614990234375
2011-04-26,20.064409255981445
2011-04-27,20.045761108398438
2011-04-28,20.089265823364258
2011-04-29,19.98981475830078
2011-05-02,19.585796356201172
2011-05-03,19.76604461669922
2011-05-04,19.449047088623047
2011-05-05,19.641735076904297
2011-05-06,19.585796356201172
2011-05-09,19.635517120361328
2011-05-10,19.784704208374023
2011-05-11,19.554712295532227
2011-05-12,19.75983238220215
2011-05-13,19.498775482177734
2011-05-16,19.212846755981445
2011-05-17,19.219064712524414
2011-05-18,19.38066864013672
2011-05-19,19.25636100769043
2011-05-20,19.11961555480957
2011-05-23,18.87098503112793
2011-05-24,19.051244735717773
2011-05-25,19.467695236206055
2011-05-26,19.455263137817383
2011-05-27,19.69767951965332
2011-05-31,20.16385269165039
2011-06-01,19.498775482177734
2011-06-02,19.71632194519043
2011-06-03,19.461475372314453
2011-06-06,19.293655395507812
2011-06-07,19.4241886138916
2011-06-08,19.511205673217773
2011-06-09,19.517419815063477
2011-06-10,19.48012924194336
2011-06-13,19.60003089904785
2011-06-14,20.14271354675293
2011-06-15,19.770401000976562
2011-06-16,19.93447494506836
2011-06-17,20.212125778198242
2011-06-20,20.565513610839844
2011-06-21,21.06403160095215
2011-06-22,20.742204666137695
2011-06-23,20.615991592407227
2011-06-24,20.679096221923828
2011-06-27,21.089271545410156
2011-06-28,21.215473175048828
2011-06-29,21.1776180267334
2011-06-30,20.660167694091797
2011-07-01,21.04509925842285
2011-07-05,21.114511489868164
2011-07-06,21.329059600830078
2011-07-07,21.398481369018555
2011-07-08,21.303821563720703
2011-07-11,20.830543518066406
2011-07-12,20.97568702697754
2011-07-13,21.152372360229492
2011-07-14,20.716962814331055
2011-07-15,20.969377517700195
2011-07-18,20.338335037231445
2011-07-19,20.603370666503906
2011-07-20,20.641231536865234
2011-07-21,21.31644630432129
2011-07-22,21.06403160095215
2011-07-25,20.830543518066406
2011-07-26,20.9504451751709
2011-07-27,20.470853805541992
2011-07-28,20.69171905517578
2011-07-29,20.88102912902832
2011-08-01,21.007238388061523
2011-08-02,20.470853805541992
2011-08-03,20.9315128326416
2011-08-04,20.477163314819336
2011-08-05,20.388818740844727
2011-08-08,18.079221725463867
2011-08-09,20.363584518432617
2011-08-10,18.230667114257812
2011-08-11,19.170921325683594
2011-08-12,18.584054946899414
2011-08-15,19.08257484436035
2011-08-16,18.697647094726562
2011-08-17,18.79229736328125
2011-08-18,18.04767417907715
2011-08-19,17.694293975830078
2011-08-22,17.744773864746094
2011-08-23,18.672399520874023
2011-08-24,19.06995391845703
2011-08-25,18.325328826904297
2011-08-26,18.59667205810547
2011-08-29,19.63788414001465
2011-08-30,19.398094177246094
2011-08-31,19.49905776977539
2011-09-01,18.634536743164062
2011-09-02,17.694293975830078
2011-09-06,17.57439422607422
2011-09-07,18.262218475341797
2011-09-08,17.77001190185547
2011-09-09,17.208393096923828
2011-09-12,17.43556022644043
2011-09-13,17.70060157775879
2011-09-14,18.098154067993164
2011-09-15,18.40736198425293
2011-09-16,18.1423282623291
2011-09-19,17.80156707763672
2011-09-20,17.542837142944336
2011-09-21,16.804529190063477
2011-09-22,17.082181930541992
2011-09-23,17.252561569213867
2011-09-26,17.826801300048828
2011-09-27,17.97825813293457
2011-09-28,17.03801155090332
2011-09-29,17.744773864746094
2011-09-30,17.35984230041504
2011-10-03,16.703561782836914
2011-10-04,18.199119567871094
2011-10-05,18.71026611328125
2011-10-06,19.03209114074707
2011-10-07,18.060291290283203
2011-10-10,18.88064193725586
2011-10-11,18.981603622436523
2011-10-12,19.35391616821289
2011-10-13,19.29712677001953
2011-10-14,19.75147247314453
2011-10-17,19.139368057250977
2011-10-18,19.940786361694336
2011-10-19,19.492748260498047
2011-10-20,19.991262435913086
2011-10-21,20.243680953979492
2011-10-24,20.502412796020508
2011-10-25,19.492748260498047
2011-10-26,20.432994842529297
2011-10-27,21.04509925842285
2011-10-28,21.139760971069336
2011-10-31,20.73588752746582
2011-11-01,19.587404251098633
2011-11-02,20.634925842285156
2011-11-03,21.253341674804688
2011-11-04,21.114511489868164
2011-11-07,21.23441505432129
2011-11-08,21.34168815612793
2011-11-09,20.470853805541992
2011-11-10,20.944128036499023
2011-11-11,21.37323760986328
2011-11-14,21.032485961914062
2011-11-15,21.600418090820312
2011-11-16,20.918895721435547
2011-11-17,20.653858184814453
2011-11-18,20.969377517700195
2011-11-21,20.407747268676758
2011-11-22,20.06068229675293
2011-11-23,19.03209114074707
2011-11-25,18.729188919067383
2011-11-28,19.202468872070312
2011-11-29,19.208778381347656
2011-11-30,21.007238388061523
2011-12-01,20.716962814331055
2011-12-02,20.956750869750977
2011-12-05,21.23441505432129
2011-12-06,21.37323760986328
2011-12-07,21.505756378173828
2011-12-08,20.42037010192871
2011-12-09,21.27227783203125
2011-12-12,20.641231536865234
2011-12-13,20.333927154541016
2011-12-14,20.961349487304688
2011-12-15,21.332685470581055
2011-12-16,20.871721267700195
2011-12-19,20.442764282226562
2011-12-20,21.43513298034668
2011-12-21,21.691225051879883
2011-12-22,21.646408081054688
2011-12-23,21.652809143066406
2011-12-27,21.595184326171875
2011-12-28,21.070192337036133
2011-12-29,21.550378799438477
2011-12-30,21.30707550048828
2012-01-03,21.947317123413086
2012-01-04,21.80006217956543
2012-01-05,22.017744064331055
2012-01-06,21.67202377319336
2012-01-09,21.73603630065918
2012-01-10,21.960126876831055
2012-01-11,21.915311813354492
2012-01-12,22.17780303955078
2012-01-13,21.84488296508789
2012-01-17,21.64000129699707
2012-01-18,21.985734939575195
2012-01-19,21.54396629333496
2012-01-20,21.928110122680664
2012-01-23,21.88969612121582
2012-01-24,21.85128402709961
2012-01-25,21.876893997192383
2012-01-26,21.51835823059082
2012-01-27,21.64000129699707
2012-01-30,22.273839950561523
2012-01-31,22.42109489440918
2012-02-01,22.99090576171875
2012-02-02,23.125354766845703
2012-02-03,23.586328506469727
2012-02-06,22.79883575439453
2012-02-07,22.47231101989746
2012-02-08,22.574750900268555
2012-02-09,22.22902488708496
2012-02-10,21.716838836669922
2012-02-13,21.97933578491211
2012-02-14,21.665613174438477
2012-02-15,21.268672943115234
2012-02-16,21.588781356811523
2012-02-17,21.53757095336914
2012-02-21,21.35830307006836
2012-02-22,20.974157333374023
2012-02-23,21.665613174438477
2012-02-24,21.345495223999023
2012-02-27,21.30068016052246
2012-02-28,20.865318298339844
2012-02-29,20.481178283691406
2012-03-01,20.308313369750977
2012-03-02,19.725696563720703
2012-03-05,19.860149383544922
2012-03-06,19.40557861328125
2012-03-07,19.7128963470459
2012-03-08,19.962583541870117
2012-03-09,20.333927154541016
2012-03-12,20.417146682739258
2012-03-13,21.1982421875
2012-03-14,20.60922622680664
2012-03-15,20.698856353759766
2012-03-16,20.871721267700195
2012-03-19,21.24945831298828
2012-03-20,20.596420288085938
2012-03-21,20.583616256713867
2012-03-22,19.994596481323242
2012-03-23,20.071420669555664
2012-03-26,20.660444259643555
2012-03-27,20.63483238220215
2012-03-28,20.826904296875
2012-03-29,20.46837043762207
2012-03-30,20.3275203704834
2012-04-02,20.63483238220215
2012-04-03,20.231483459472656
2012-04-04,19.975385665893555
2012-04-05,19.83453941345215
2012-04-09,19.219913482666016
2012-04-10,19.11107063293457
2012-04-11,19.399173736572266
2012-04-12,19.770505905151367
2012-04-13,19.25832176208496
2012-04-16,19.61685562133789
2012-04-17,20.001001358032227
2012-04-18,19.60405158996582
2012-04-19,19.34796142578125
2012-04-20,19.879348754882812
2012-04-23,19.45039939880371
2012-04-24,19.674476623535156
2012-04-25,20.052215576171875
2012-04-26,19.591249465942383
2012-04-27,19.732093811035156
2012-04-30,19.207101821899414
2012-05-01,19.200700759887695
2012-05-02,19.149484634399414
2012-05-03,19.303138732910156
2012-05-04,18.995824813842773
2012-05-07,19.219913482666016
2012-05-08,19.303138732910156
2012-05-09,18.944610595703125
2012-05-10,19.18149757385254
2012-05-11,19.0278377532959
2012-05-14,18.707721710205078
2012-05-15,18.739727020263672
2012-05-16,18.6116886138916
2012-05-17,18.374797821044922
2012-05-18,18.099496841430664
2012-05-21,18.374797821044922
2012-05-22,18.03547477722168
2012-05-23,18.317176818847656
2012-05-24,18.669301986694336
2012-05-25,18.317176818847656
2012-05-29,18.189125061035156
2012-05-30,17.798582077026367
2012-05-31,17.958642959594727
2012-06-01,17.344011306762695
2012-06-04,17.587299346923828
2012-06-05,17.734560012817383
2012-06-06,18.265954971313477
2012-06-07,18.11870765686035
2012-06-08,18.15711784362793
2012-06-11,18.169923782348633
2012-06-12,18.490041732788086
2012-06-13,18.11256217956543
2012-06-14,18.12557029724121
2012-06-15,18.197166442871094
2012-06-18,18.158117294311523
2012-06-19,18.450992584228516
2012-06-20,18.65274429321289
2012-06-21,18.301298141479492
2012-06-22,18.561630249023438
2012-06-25,18.040971755981445
2012-06-26,18.09954261779785
2012-06-27,18.698305130004883
2012-06-28,18.483531951904297
2012-06-29,18.874025344848633
2012-07-02,19.23849105834961
2012-07-03,19.6159725189209
2012-07-05,19.440248489379883
2012-07-06,19.349124908447266
2012-07-09,19.121341705322266
2012-07-10,19.205951690673828
2012-07-11,19.41421890258789
2012-07-12,19.544376373291016
2012-07-13,19.772172927856445
2012-07-16,19.53787612915039
2012-07-17,19.284053802490234
2012-07-18,19.32309913635254
2012-07-19,19.0367374420166
2012-07-20,18.965145111083984
2012-07-23,18.874025344848633
2012-07-24,18.67226791381836
2012-07-25,18.49003791809082
2012-07-26,18.385906219482422
2012-07-27,18.965145111083984
2012-07-30,19.017210006713867
2012-07-31,19.297069549560547
2012-08-01,18.639728546142578
2012-08-02,18.919588088989258
2012-08-03,19.485809326171875
2012-08-06,19.459774017333984
2012-08-07,19.602962493896484
2012-08-08,19.668039321899414
2012-08-09,19.596450805664062
2012-08-10,19.401201248168945
2012-08-13,19.53787612915039
2012-08-14,19.64851951599121
2012-08-15,19.713600158691406
2012-08-16,19.84376335144043
2012-08-17,20.17568588256836
2012-08-20,20.221240997314453
2012-08-21,20.18219566345215
2012-08-22,19.7396297454834
2012-08-23,19.570415496826172
2012-08-24,19.746139526367188
2012-08-27,19.960912704467773
2012-08-28,20.143144607543945
2012-08-29,20.097583770751953
2012-08-30,19.759157180786133
2012-08-31,19.830747604370117
2012-09-04,20.078060150146484
2012-09-05,20.09107780456543
2012-09-06,20.44903564453125
2012-09-07,20.227750778198242
2012-09-10,20.19521141052246
2012-09-11,20.35791778564453
2012-09-12,20.46855926513672
2012-09-13,20.878582000732422
2012-09-14,20.79397201538086
2012-09-17,20.572690963745117
2012-09-18,20.761430740356445
2012-09-19,20.826513290405273
2012-09-20,20.715869903564453
2012-09-21,21.04779052734375
2012-09-24,21.43178367614746
2012-09-25,21.01525115966797
2012-09-26,20.68984031677246
2012-09-27,20.644283294677734
2012-09-28,20.3969669342041
2012-10-01,20.29934310913086
2012-10-02,20.598726272583008
2012-10-03,20.514116287231445
2012-10-04,20.833019256591797
2012-10-05,20.94366455078125
2012-10-08,20.89159393310547
2012-10-09,20.429508209228516
2012-10-10,20.618247985839844
2012-10-11,20.787464141845703
2012-10-12,20.364425659179688
2012-10-15,20.071552276611328
2012-10-16,20.084569931030273
2012-10-17,20.09107780456543
2012-10-18,19.609464645385742
2012-10-19,19.349124908447266
2012-10-22,19.492313385009766
2012-10-23,19.58994483947754
2012-10-24,19.635494232177734
2012-10-25,19.85027503967285
2012-10-26,19.856782913208008
2012-10-31,19.908843994140625
2012-11-01,19.9023380279541
2012-11-02,19.576923370361328
2012-11-05,19.355642318725586
2012-11-06,19.56390380859375
2012-11-07,18.756881713867188
2012-11-08,18.639728546142578
2012-11-09,18.639728546142578
2012-11-12,18.626712799072266
2012-11-13,18.503055572509766
2012-11-14,18.26875877380371
2012-11-15,18.470516204833984
2012-11-16,18.568138122558594
2012-11-19,18.74386215209961
2012-11-20,18.67226791381836
2012-11-21,18.67877769470215
2012-11-23,18.698305130004883
2012-11-26,18.834976196289062
2012-11-27,18.698305130004883
2012-11-28,18.581157684326172
2012-11-29,18.86751937866211
2012-11-30,19.524858474731445
2012-12-03,19.31007957458496
2012-12-04,19.394685745239258
2012-12-05,19.316593170166016
2012-12-06,19.245004653930664
2012-12-07,19.433738708496094
2012-12-10,19.25802230834961
2012-12-11,19.3686580657959
2012-12-12,19.295894622802734
2012-12-13,19.269433975219727
2012-12-14,19.209897994995117
2012-12-17,20.016925811767578
2012-12-18,20.651966094970703
2012-12-19,20.28813934326172
2012-12-20,20.506431579589844
2012-12-21,20.2352237701416
2012-12-24,20.155839920043945
2012-12-26,19.964008331298828
2012-12-27,19.91770362854004
2012-12-28,19.653099060058594
2012-12-31,20.00369644165039
2013-01-02,20.612274169921875
2013-01-03,20.685041427612305
2013-01-04,20.52628517150879
2013-01-07,20.010311126708984
2013-01-08,19.792020797729492
2013-01-09,19.838321685791016
2013-01-10,19.964008331298828
2013-01-11,19.977235794067383
2013-01-14,19.739097595214844
2013-01-15,19.792020797729492
2013-01-16,19.606796264648438
2013-01-17,19.52080535888672
2013-01-18,19.507570266723633
2013-01-22,19.62002182006836
2013-01-23,19.461267471313477
2013-01-24,19.500953674316406
2013-01-25,19.342193603515625
2013-01-28,19.540647506713867
2013-01-29,19.58033561706543
2013-01-30,19.388498306274414
2013-01-31,19.957393646240234
2013-02-01,20.12938117980957
2013-02-04,19.686168670654297
2013-02-05,20.208757400512695
2013-02-06,19.930931091308594
2013-02-07,19.739097595214844
2013-02-08,19.825092315673828
2013-02-11,20.00369644165039
2013-02-12,20.04338264465332
2013-02-13,19.752328872680664
2013-02-14,19.871395111083984
2013-02-15,19.798629760742188
2013-02-19,20.063232421875
2013-02-20,19.89785385131836
2013-02-21,19.891239166259766
2013-02-22,20.135995864868164
2013-02-25,19.76555633544922
2013-02-26,20.03676986694336
2013-02-27,20.18229866027832
2013-02-28,20.341062545776367
2013-03-01,20.407209396362305
2013-03-04,20.506431579589844
2013-03-05,20.81072235107422
2013-03-06,20.97610092163086
2013-03-07,20.969484329223633
2013-03-08,20.823949813842773
2013-03-11,20.876876831054688
2013-03-12,20.777652740478516
2013-03-13,20.870258331298828
2013-03-14,20.92979621887207
2013-03-15,20.969484329223633
2013-03-18,21.015785217285156
2013-03-19,20.969484329223633
2013-03-20,20.989322662353516
2013-03-21,20.857030868530273
2013-03-22,21.029016494750977
2013-03-25,21.10178565979004
2013-03-26,21.14808464050293
2013-03-27,21.095165252685547
2013-03-28,20.830570220947266
2013-04-01,20.49982261657715
2013-04-02,20.40059471130371
2013-04-03,20.10292625427246
2013-04-04,20.049999237060547
2013-04-05,19.977235794067383
2013-04-08,20.208757400512695
2013-04-09,19.92431640625
2013-04-10,20.1690673828125
2013-04-11,20.155839920043945
2013-04-12,20.010311126708984
2013-04-15,19.196670532226562
2013-04-16,19.48111343383789
2013-04-17,19.395124435424805
2013-04-18,19.686168670654297
2013-04-19,20.04338264465332
2013-04-22,19.699405670166016
2013-04-23,20.08968734741211
2013-04-24,19.93754768371582
2013-04-25,19.871395111083984
2013-04-26,19.646488189697266
2013-04-29,20.18229866027832
2013-04-30,20.433670043945312
2013-05-01,19.52080535888672
2013-05-02,19.74571418762207
2013-05-03,20.208757400512695
2013-05-06,20.360898971557617
2013-05-07,20.506431579589844
2013-05-08,20.546123504638672
2013-05-09,20.26167869567871
2013-05-10,20.056615829467773
2013-05-13,19.94416046142578
2013-05-14,20.294757843017578
2013-05-15,20.32121467590332
2013-05-16,20.294757843017578
2013-05-17,20.546123504638672
2013-05-20,20.863643646240234
2013-05-21,20.605661392211914
2013-05-22,20.049999237060547
2013-05-23,20.195533752441406
2013-05-24,20.334444046020508
2013-05-28,20.59904670715332
2013-05-29,20.420438766479492
2013-05-30,20.493207931518555
2013-05-31,20.341062545776367
2013-06-03,20.6916561126709
2013-06-04,20.460124969482422
2013-06-05,20.26829719543457
2013-06-06,20.420438766479492
2013-06-07,20.62550163269043
2013-06-10,20.552738189697266
2013-06-11,20.354291915893555
2013-06-12,20.28036880493164
2013-06-13,20.797794342041016
2013-06-14,20.10565757751465
2013-06-17,20.354291915893555
2013-06-18,20.616365432739258
2013-06-19,20.32068634033203
2013-06-20,20.02501678466797
2013-06-21,20.50212287902832
2013-06-24,20.41476821899414
2013-06-25,20.737321853637695
2013-06-26,20.5760440826416
2013-06-27,20.80451774597168
2013-06-28,20.824676513671875
2013-07-01,21.06658935546875
2013-07-02,21.100189208984375
2013-07-03,21.321941375732422
2013-07-05,21.987197875976562
2013-07-08,21.852806091308594
2013-07-09,21.893125534057617
2013-07-10,21.81920623779297
2013-07-11,21.899845123291016
2013-07-12,21.940160751342773
2013-07-15,22.316471099853516
2013-07-16,22.329912185668945
2013-07-17,22.376951217651367
2013-07-18,22.544944763183594
2013-07-19,22.71293830871582
2013-07-22,22.699501037597656
2013-07-23,22.645750045776367
2013-07-24,22.71293830871582
2013-07-25,23.022052764892578
2013-07-26,22.914533615112305
2013-07-29,22.484468460083008
2013-07-30,22.296310424804688
2013-07-31,22.282875061035156
2013-08-01,22.296310424804688
2013-08-02,21.69824981689453
2013-08-05,21.913286209106445
2013-08-06,21.81920623779297
2013-08-07,21.288341522216797
2013-08-08,21.409297943115234
2013-08-09,21.315223693847656
2013-08-12,21.577293395996094
2013-08-13,21.523530960083008
2013-08-14,21.510095596313477
2013-08-15,21.315223693847656
2013-08-16,21.21442413330078
2013-08-19,21.140506744384766
2013-08-20,21.48321533203125
2013-08-21,21.174108505249023
2013-08-22,21.496654510498047
2013-08-23,21.429454803466797
2013-08-26,21.30178451538086
2013-08-27,20.555883407592773
2013-08-28,20.723875045776367
2013-08-29,20.831398010253906
2013-08-30,20.441646575927734
2013-09-03,20.549163818359375
2013-09-04,20.609638214111328
2013-09-05,20.670120239257812
2013-09-06,20.66340446472168
2013-09-09,21.05986976623535
2013-09-10,21.200986862182617
2013-09-11,21.019556045532227
2013-09-12,20.905311584472656
2013-09-13,21.012828826904297
2013-09-16,21.288341522216797
2013-09-17,21.362260818481445
2013-09-18,21.617612838745117
2013-09-19,21.22114372253418
2013-09-20,21.48321533203125
2013-09-23,21.25473976135254
2013-09-24,21.6915340423584
2013-09-25,21.610891342163086
2013-09-26,21.12034797668457
2013-09-27,21.073307037353516
2013-09-30,21.21442413330078
2013-10-01,21.47649383544922
2013-10-02,20.885150909423828
2013-10-03,20.562606811523438
2013-10-04,20.73059844970703
2013-10-07,20.522287368774414
2013-10-08,20.475244522094727
2013-10-09,20.811237335205078
2013-10-10,21.200986862182617
2013-10-11,22.02080726623535
2013-10-14,22.007366180419922
2013-10-15,21.88640785217285
2013-10-16,22.161916732788086
2013-10-17,22.397111892700195
2013-10-18,22.538225173950195
2013-10-21,22.39038848876953
2013-10-22,22.45758819580078
2013-10-23,22.363510131835938
2013-10-24,22.706226348876953
2013-10-25,22.840621948242188
2013-10-28,22.995174407958984
2013-10-29,22.739818572998047
2013-10-30,23.337879180908203
2013-10-31,23.210208892822266
2013-11-01,23.149734497070312
2013-11-04,23.431964874267578
2013-11-05,23.237091064453125
2013-11-06,23.297555923461914
2013-11-07,22.97500991821289
2013-11-08,23.84187126159668
2013-11-11,23.398366928100586
2013-11-12,23.33116912841797
2013-11-13,23.344608306884766
2013-11-14,23.297555923461914
2013-11-15,23.04221534729004
2013-11-18,22.995174407958984
2013-11-19,23.0623722076416
2013-11-20,23.09596824645996
2013-11-21,23.499156951904297
2013-11-22,23.78811264038086
2013-11-25,23.90906524658203
2013-11-26,24.103940963745117
2013-11-27,24.527292251586914
2013-11-29,24.66840171813965
2013-12-02,24.171144485473633
2013-12-03,24.050188064575195
2013-12-04,23.949384689331055
2013-12-05,24.023300170898438
2013-12-06,24.42648696899414
2013-12-09,24.37273597717285
2013-12-10,24.009864807128906
2013-12-11,23.613393783569336
2013-12-12,23.667156219482422
2013-12-13,23.93593978881836
2013-12-16,24.439929962158203
2013-12-17,24.083782196044922
2013-12-18,24.513851165771484
2013-12-19,24.0367431640625
2013-12-20,24.69527816772461
2013-12-23,24.769203186035156
2013-12-24,24.486970901489258
2013-12-26,24.446653366088867
2013-12-27,24.48024559020996
2013-12-30,24.285371780395508
2013-12-31,24.567607879638672
2014-01-02,23.640274047851562
2014-01-03,23.912784576416016
2014-01-06,23.62664794921875
2014-01-07,23.70159149169922
2014-01-08,23.613019943237305
2014-01-09,23.613019943237305
2014-01-10,23.279197692871094
2014-01-13,22.904491424560547
2014-01-14,22.536609649658203
2014-01-15,22.815929412841797
2014-01-16,22.815929412841797
2014-01-17,22.856809616088867
2014-01-21,23.15656852722168
2014-01-22,23.054378509521484
2014-01-23,22.809120178222656
2014-01-24,22.80229949951172
2014-01-27,22.597925186157227
2014-01-28,22.36628532409668
2014-01-29,21.957523345947266
2014-01-30,22.21640968322754
2014-01-31,21.91664695739746
2014-02-03,21.467004776000977
2014-02-04,21.37162208557129
2014-02-05,21.01054573059082
2014-02-06,20.8470458984375
2014-02-07,21.930267333984375
2014-02-10,21.780393600463867
2014-02-11,22.36628532409668
2014-02-12,22.488916397094727
2014-02-13,22.68648910522461
2014-02-14,22.815929412841797
2014-02-18,22.7818660736084
2014-02-19,22.134658813476562
2014-02-20,22.461668014526367
2014-02-21,22.815929412841797
2014-02-24,23.2860107421875
2014-02-25,22.95218276977539
2014-02-26,23.23150062561035
2014-02-27,23.388200759887695
2014-02-28,23.429079055786133
2014-03-03,23.279197692871094
2014-03-04,23.722021102905273
2014-03-05,23.490392684936523
2014-03-06,23.483579635620117
2014-03-07,23.647083282470703
2014-03-10,23.647083282470703
2014-03-11,23.088438034057617
2014-03-12,23.088438034057617
2014-03-13,22.529796600341797
2014-03-14,22.68648910522461
2014-03-17,22.88405418395996
2014-03-18,23.108875274658203
2014-03-19,23.12250518798828
2014-03-20,23.292816162109375
2014-03-21,23.23150062561035
2014-03-24,23.388200759887695
2014-03-25,23.50402069091797
2014-03-26,23.006683349609375
2014-03-27,22.18916130065918
2014-03-28,22.3526668548584
2014-03-31,22.94536781311035
2014-04-01,23.1429443359375
2014-04-02,23.047563552856445
2014-04-03,22.815929412841797
2014-04-04,22.250469207763672
2014-04-07,22.107404708862305
2014-04-08,22.12784194946289
2014-04-09,22.168720245361328
2014-04-10,21.91664695739746
2014-04-11,21.603260040283203
2014-04-14,21.7054500579834
2014-04-15,21.514690399169922
2014-04-16,21.678197860717773
2014-04-17,21.698637008666992
2014-04-21,21.807641983032227
2014-04-22,21.896209716796875
2014-04-23,21.780393600463867
2014-04-24,21.83489227294922
2014-04-25,21.616884231567383
2014-04-28,21.67138671875
2014-04-29,21.65776252746582
2014-04-30,21.807641983032227
2014-05-01,21.794015884399414
2014-05-02,21.868953704833984
2014-05-05,21.65776252746582
2014-05-06,21.4193172454834
2014-05-07,21.72588539123535
2014-05-08,21.65776252746582
2014-05-09,21.97795867919922
2014-05-12,22.36628532409668
2014-05-13,21.75313949584961
2014-05-14,21.33074378967285
2014-05-15,21.37162208557129
2014-05-16,21.535127639770508
2014-05-19,21.780393600463867
2014-05-20,21.43293571472168
2014-05-21,21.37162208557129
2014-05-22,21.405691146850586
2014-05-23,21.52150535583496
2014-05-27,21.83489227294922
2014-05-28,22.09377670288086
2014-05-29,22.025653839111328
2014-05-30,21.896209716796875
2014-06-02,21.91664695739746
2014-06-03,21.719074249267578
2014-06-04,21.43293571472168
2014-06-05,21.90302276611328
2014-06-06,22.21640968322754
2014-06-09,22.529796600341797
2014-06-10,22.46847915649414
2014-06-11,22.46847915649414
2014-06-12,22.406238555908203
2014-06-13,22.233352661132812
2014-06-16,22.11578941345215
2014-06-17,22.357830047607422
2014-06-18,22.731271743774414
2014-06-19,22.29559326171875
2014-06-20,22.57221031188965
2014-06-23,22.37165641784668
2014-06-24,22.343997955322266
2014-06-25,22.634450912475586
2014-06-26,22.641368865966797
2014-06-27,22.47539710998535
2014-06-30,22.26101303100586
2014-07-01,22.745100021362305
2014-07-02,22.876497268676758
2014-07-03,22.987144470214844
2014-07-07,22.191858291625977
2014-07-08,22.03280258178711
2014-07-09,22.247182846069336
2014-07-10,21.85991668701172
2014-07-11,21.949811935424805
2014-07-14,22.03280258178711
2014-07-15,21.749265670776367
2014-07-16,21.458816528320312
2014-07-17,21.424238204956055
2014-07-18,21.908323287963867
2014-07-21,21.659358978271484
2014-07-22,21.631710052490234
2014-07-23,21.493391036987305
2014-07-24,21.534883499145508
2014-07-25,21.37582778930664
2014-07-28,21.18219566345215
2014-07-29,21.24443244934082
2014-07-30,21.389659881591797
2014-07-31,21.202939987182617
2014-08-01,21.140701293945312
2014-08-04,21.327417373657227
2014-08-05,21.38274383544922
2014-08-06,21.610958099365234
2014-08-07,21.534883499145508
2014-08-08,21.749265670776367
2014-08-11,21.929067611694336
2014-08-12,21.825342178344727
2014-08-13,21.873741149902344
2014-08-14,21.970561981201172
2014-08-15,21.617874145507812
2014-08-18,22.00514030456543
2014-08-19,22.018966674804688
2014-08-20,22.012056350708008
2014-08-21,21.790760040283203
2014-08-22,21.894495010375977
2014-08-25,21.998226165771484
2014-08-26,22.09503746032715
2014-08-27,21.963651657104492
2014-08-28,22.143447875976562
2014-08-29,22.350915908813477
2014-09-02,22.56529426574707
2014-09-03,22.31633949279785
2014-09-04,22.42698860168457
2014-09-05,22.58603858947754
2014-09-08,22.79350471496582
2014-09-09,22.648283004760742
2014-09-10,22.876497268676758
2014-09-11,23.042461395263672
2014-09-12,22.77967071533203
2014-09-15,22.68977928161621
2014-09-16,22.765840530395508
2014-09-17,22.745100021362305
2014-09-18,22.952558517456055
2014-09-19,22.31633949279785
2014-09-22,22.157283782958984
2014-09-23,21.942899703979492
2014-09-24,21.929067611694336
2014-09-25,21.77692985534668
2014-09-26,21.763099670410156
2014-09-29,21.5902099609375
2014-09-30,21.403493881225586
2014-10-01,21.43115997314453
2014-10-02,21.465728759765625
2014-10-03,21.67319679260254
2014-10-06,21.666276931762695
2014-10-07,21.597126007080078
2014-10-08,22.039716720581055
2014-10-09,21.555633544921875
2014-10-10,21.43807029724121
2014-10-13,21.81150245666504
2014-10-14,22.053546905517578
2014-10-15,22.0258846282959
2014-10-16,22.09503746032715
2014-10-17,21.790760040283203
2014-10-20,22.00514030456543
2014-10-21,22.11578941345215
2014-10-22,21.915237426757812
2014-10-23,22.150365829467773
2014-10-24,22.302507400512695
2014-10-27,22.219524383544922
2014-10-28,23.1600284576416
2014-10-29,23.229183197021484
2014-10-30,23.52655601501465
2014-10-31,23.982975006103516
2014-11-03,23.830833435058594
2014-11-04,23.63028335571289
2014-11-05,23.692522048950195
2014-11-06,24.16277503967285
2014-11-07,23.99679946899414
2014-11-10,24.280345916748047
2014-11-11,24.266508102416992
2014-11-12,24.494714736938477
2014-11-13,24.252681732177734
2014-11-14,24.010639190673828
2014-11-17,23.782428741455078
2014-11-18,23.84466552734375
2014-11-19,23.222270965576172
2014-11-20,23.291425704956055
2014-11-21,23.408992767333984
2014-11-24,23.581871032714844
2014-11-25,23.79625701904297
2014-11-26,23.623363494873047
2014-11-28,23.14620018005371
2014-12-01,22.78659439086914
2014-12-02,23.18768882751465
2014-12-03,23.312170028686523
2014-12-04,23.229183197021484
2014-12-05,23.491975784301758
2014-12-08,23.29833984375
2014-12-09,23.775514602661133
2014-12-10,23.166946411132812
2014-12-11,23.47814178466797
2014-12-12,23.166946411132812
2014-12-15,22.994056701660156
2014-12-16,23.33292007446289
2014-12-17,23.51963233947754
2014-12-18,23.83774757385254
2014-12-19,24.40481948852539
2014-12-22,24.335664749145508
2014-12-23,24.660694122314453
2014-12-24,24.729848861694336
2014-12-26,24.7091007232666
2014-12-29,24.83358383178711
2014-12-30,24.79900550842285
2014-12-31,24.633031845092773
2015-01-02,24.128202438354492
2015-01-05,24.079792022705078
2015-01-06,23.357330322265625
2015-01-07,23.602827072143555
2015-01-08,23.701025009155273
2015-01-09,23.4134464263916
2015-01-12,23.357330322265625
2015-01-13,23.58879280090332
2015-01-14,23.350317001342773
2015-01-15,23.03467559814453
2015-01-16,23.343297958374023
2015-01-20,23.238082885742188
2015-01-21,23.104812622070312
2015-01-22,23.88339614868164
2015-01-23,23.66596031188965
2015-01-26,23.925474166870117
2015-01-27,23.441497802734375
2015-01-28,22.852304458618164
2015-01-29,23.350317001342773
2015-01-30,22.733064651489258
2015-02-02,23.385385513305664
2015-02-03,24.07979393005371
2015-02-04,24.037708282470703
2015-02-05,24.12888526916504
2015-02-06,24.7110652923584
2015-02-09,24.36737823486328
2015-02-10,24.2060489654541
2015-02-11,23.806230545043945
2015-02-12,24.044721603393555
2015-02-13,24.185007095336914
2015-02-17,24.3743953704834
2015-02-18,24.248132705688477
2015-02-19,24.13590431213379
2015-02-20,24.051734924316406
2015-02-23,23.918460845947266
2015-02-24,24.01666831970215
2015-02-25,23.904434204101562
2015-02-26,23.98158836364746
2015-02-27,23.602827072143555
2015-03-02,23.792200088500977
2015-03-03,23.65192413330078
2015-03-04,23.672964096069336
2015-03-05,23.771167755126953
2015-03-06,23.553730010986328
2015-03-09,23.694011688232422
2015-03-10,23.455528259277344
2015-03-11,23.532686233520508
2015-03-12,24.227096557617188
2015-03-13,24.01666831970215
2015-03-16,24.619888305664062
2015-03-17,24.837324142456055
2015-03-18,25.005666732788086
2015-03-19,24.647939682006836
2015-03-20,25.24414825439453
2015-03-23,25.138938903808594
2015-03-24,25.13192367553711
2015-03-25,24.753158569335938
2015-03-26,24.725099563598633
2015-03-27,24.90045166015625
2015-03-30,25.181028366088867
2015-03-31,25.17400550842285
2015-04-01,25.25116539001465
2015-04-02,25.103870391845703
2015-04-06,25.103870391845703
2015-04-07,24.809268951416016
2015-04-08,24.928510665893555
2015-04-09,24.6339111328125
2015-04-10,24.465576171875
2015-04-13,24.36737823486328
2015-04-14,24.304248809814453
2015-04-15,24.697038650512695
2015-04-16,24.654958724975586
2015-04-17,23.967561721801758
2015-04-20,24.002634048461914
2015-04-21,23.876384735107422
2015-04-22,24.27619171142578
2015-04-23,24.437519073486328
2015-04-24,24.61287498474121
2015-04-27,24.535717010498047
2015-04-28,24.690027236938477
2015-04-29,24.437519073486328
2015-04-30,23.813249588012695
2015-05-01,23.58879280090332
2015-05-04,23.574769973754883
2015-05-05,23.60983657836914
2015-05-06,23.4134464263916
2015-05-07,23.476564407348633
2015-05-08,23.54671287536621
2015-05-11,23.73609161376953
2015-05-12,23.708040237426758
2015-05-13,23.63790512084961
2015-05-14,23.86235237121582
2015-05-15,23.694011688232422
2015-05-18,23.953540802001953
2015-05-19,24.05875587463379
2015-05-20,23.967561721801758
2015-05-21,23.855337142944336
2015-05-22,23.79922103881836
2015-05-26,23.76415252685547
2015-05-27,24.051734924316406
2015-05-28,23.974578857421875
2015-05-29,23.890405654907227
2015-06-01,23.848323822021484
2015-06-02,24.044721603393555
2015-06-03,24.262163162231445
2015-06-04,24.051734924316406
2015-06-05,24.49362564086914
2015-06-08,24.381410598754883
2015-06-09,24.395431518554688
2015-06-10,24.62689971923828
2015-06-11,24.619888305664062
2015-06-12,24.683013916015625
2015-06-15,24.88929557800293
2015-06-16,25.479700088500977
2015-06-17,24.953319549560547
2015-06-18,25.13827133178711
2015-06-19,25.252073287963867
2015-06-22,25.529497146606445
2015-06-23,25.65753173828125
2015-06-24,25.501041412353516
2015-06-25,25.54372215270996
2015-06-26,25.88515853881836
2015-06-29,25.586395263671875
2015-06-30,25.437021255493164
2015-07-01,25.437021255493164
2015-07-02,25.031566619873047
2015-07-06,25.124040603637695
2015-07-07,25.230730056762695
2015-07-08,24.83950424194336
2015-07-09,25.03867530822754
2015-07-10,25.365886688232422
2015-07-13,25.48680877685547
2015-07-14,25.472583770751953
2015-07-15,25.337432861328125
2015-07-16,25.451248168945312
2015-07-17,25.394344329833984
2015-07-20,25.109813690185547
2015-07-21,24.931978225708008
2015-07-22,25.003110885620117
2015-07-23,24.412710189819336
2015-07-24,24.078392028808594
2015-07-27,24.042816162109375
2015-07-28,23.829425811767578
2015-07-29,23.530670166015625
2015-07-30,23.60179901123047
2015-07-31,23.60179901123047
2015-08-03,23.509323120117188
2015-08-04,23.56623077392578
2015-08-05,23.594688415527344
2015-08-06,23.55200958251953
2015-08-07,23.502212524414062
2015-08-10,23.687158584594727
2015-08-11,23.6302547454834
2015-08-12,23.608909606933594
2015-08-13,23.608909606933594
2015-08-14,23.822307586669922
2015-08-17,24.078392028808594
2015-08-18,24.028593063354492
2015-08-19,23.985916137695312
2015-08-20,23.537778854370117
2015-08-21,23.665815353393555
2015-08-24,23.08253288269043
2015-08-25,23.203458786010742
2015-08-26,23.55911636352539
2015-08-27,23.46664810180664
2015-08-28,23.43107795715332
2015-08-31,23.3955135345459
2015-09-01,23.03985023498535
2015-09-02,23.36705780029297
2015-09-03,23.24613380432129
2015-09-04,22.918928146362305
2015-09-08,23.281700134277344
2015-09-09,23.11809730529785
2015-09-10,23.288816452026367
2015-09-11,23.068302154541016
2015-09-14,23.110986709594727
2015-09-15,23.19634437561035
2015-09-16,22.954492568969727
2015-09-17,22.99005699157715
2015-09-18,22.762435913085938
2015-09-21,22.85490608215332
2015-09-22,22.890474319458008
2015-09-23,23.11809730529785
2015-09-24,23.36705780029297
2015-09-25,22.982948303222656
2015-09-28,22.982948303222656
2015-09-29,22.904699325561523
2015-09-30,23.011398315429688
2015-10-01,23.011398315429688
2015-10-02,22.99005699157715
2015-10-05,23.274585723876953
2015-10-06,22.897584915161133
2015-10-07,23.231910705566406
2015-10-08,23.473758697509766
2015-10-09,23.331493377685547
2015-10-12,23.60179901123047
2015-10-13,23.736949920654297
2015-10-14,23.217681884765625
2015-10-15,23.80097007751465
2015-10-16,23.829425811767578
2015-10-19,23.943233489990234
2015-10-20,24.34157943725586
2015-10-21,24.092615127563477
2015-10-22,24.661672592163086
2015-10-23,25.03867530822754
2015-10-26,24.739917755126953
2015-10-27,24.192201614379883
2015-10-28,25.031566619873047
2015-10-29,25.21650505065918
2015-10-30,24.377147674560547
2015-11-02,24.761259078979492
2015-11-03,24.711469650268555
2015-11-04,24.803943634033203
2015-11-05,25.131155014038086
2015-11-06,25.785568237304688
2015-11-09,25.557950973510742
2015-11-10,25.89226531982422
2015-11-11,25.785568237304688
2015-11-12,25.63619041442871
2015-11-13,25.600624084472656
2015-11-16,25.685991287231445
2015-11-17,25.472583770751953
2015-11-18,25.778459548950195
2015-11-19,25.76422691345215
2015-11-20,26.134113311767578
2015-11-23,26.19103240966797
2015-11-24,26.290611267089844
2015-11-25,26.290611267089844
2015-11-27,26.667613983154297
2015-11-30,26.006080627441406
2015-12-01,26.02741813659668
2015-12-02,25.614849090576172
2015-12-03,25.28052520751953
2015-12-04,25.942060470581055
2015-12-07,25.166717529296875
2015-12-08,24.789710998535156
2015-12-09,24.234874725341797
2015-12-10,24.234874725341797
2015-12-11,24.078392028808594
2015-12-14,24.377147674560547
2015-12-15,24.882184982299805
2015-12-16,24.931978225708008
2015-12-17,24.81817054748535
2015-12-18,24.483842849731445
2015-12-21,24.56208610534668
2015-12-22,24.52652359008789
2015-12-23,24.56208610534668
2015-12-24,24.739917755126953
2015-12-28,24.547863006591797
2015-12-29,24.860841751098633
2015-12-30,24.547863006591797
2015-12-31,24.163747787475586
2016-01-04,23.779630661010742
2016-01-05,23.87921905517578
2016-01-06,24.276241302490234
2016-01-07,23.576034545898438
2016-01-08,23.28728485107422
2016-01-11,23.474971771240234
2016-01-12,23.749282836914062
2016-01-13,23.17179298400879
2016-01-14,23.243972778320312
2016-01-15,22.868600845336914
2016-01-19,22.781986236572266
2016-01-20,23.16457176208496
2016-01-21,22.774770736694336
2016-01-22,23.18622398376465
2016-01-25,22.594303131103516
2016-01-26,22.904705047607422
2016-01-27,22.702577590942383
2016-01-28,23.128480911254883
2016-01-29,23.857559204101562
2016-02-01,23.561595916748047
2016-02-02,23.359477996826172
2016-02-03,23.98027992248535
2016-02-04,23.965835571289062
2016-02-05,23.142915725708008
2016-02-08,23.590469360351562
2016-02-09,23.099605560302734
2016-02-10,22.810855865478516
2016-02-11,22.854167938232422
2016-02-12,23.662654876708984
2016-02-16,23.68431854248047
2016-02-17,23.64099884033203
2016-02-18,23.453317642211914
2016-02-19,23.857559204101562
2016-02-22,23.965835571289062
2016-02-23,23.72040367126465
2016-02-24,23.81424903869629
2016-02-25,24.189617156982422
2016-02-26,24.110212326049805
2016-02-29,23.785371780395508
2016-03-01,24.218494415283203
2016-03-02,24.933134078979492
2016-03-03,24.832067489624023
2016-03-04,24.593854904174805
2016-03-07,24.810413360595703
2016-03-08,24.564985275268555
2016-03-09,24.326772689819336
2016-03-10,24.355648040771484
2016-03-11,24.62994956970215
2016-03-14,24.283458709716797
2016-03-15,24.225711822509766
2016-03-16,23.922527313232422
2016-03-17,24.326772689819336
2016-03-18,24.50722885131836
2016-03-21,24.550548553466797
2016-03-22,24.543331146240234
2016-03-23,24.261804580688477
2016-03-24,24.355648040771484
2016-03-28,24.50722885131836
2016-03-29,24.716581344604492
2016-03-30,24.810413360595703
2016-03-31,24.69491958618164
2016-04-01,24.420612335205078
2016-04-04,24.074115753173828
2016-04-05,23.568817138671875
2016-04-06,23.518278121948242
2016-04-07,23.08517074584961
2016-04-08,23.157352447509766
2016-04-11,23.489408493041992
2016-04-12,23.66987419128418
2016-04-13,24.297893524169922
2016-04-14,24.478361129760742
2016-04-15,24.550548553466797
2016-04-18,24.557769775390625
2016-04-19,24.781545639038086
2016-04-20,24.759891510009766
2016-04-21,24.622732162475586
2016-04-22,24.78876304626465
2016-04-25,24.658824920654297
2016-04-26,25.106380462646484
2016-04-27,24.933134078979492
2016-04-28,25.460092544555664
2016-04-29,25.575592041015625
2016-05-02,25.582805633544922
2016-05-03,25.70552635192871
2016-05-04,25.438434600830078
2016-05-05,25.32294464111328
2016-05-06,25.359041213989258
2016-05-09,25.409561157226562
2016-05-10,25.561155319213867
2016-05-11,25.48897361755371
2016-05-12,25.438434600830078
2016-05-13,25.54671859741211
2016-05-16,25.914871215820312
2016-05-17,25.27240753173828
2016-05-18,25.857118606567383
2016-05-19,25.712743759155273
2016-05-20,25.958179473876953
2016-05-23,25.922088623046875
2016-05-24,26.225269317626953
2016-05-25,26.39129638671875
2016-05-26,26.15308380126953
2016-05-27,26.340768814086914
2016-05-31,26.665605545043945
2016-06-01,26.954347610473633
2016-06-02,27.156475067138672
2016-06-03,27.091506958007812
2016-06-06,27.091506958007812
2016-06-07,26.72335433959961
2016-06-08,26.92547035217285
2016-06-09,26.766666412353516
2016-06-10,26.860511779785156
2016-06-13,26.773881912231445
2016-06-14,26.57898712158203
2016-06-15,26.45457649230957
2016-06-16,26.666793823242188
2016-06-17,26.45457649230957
2016-06-20,26.69607162475586
2016-06-21,26.703388214111328
2016-06-22,26.76192855834961
2016-06-23,27.07660675048828
2016-06-24,26.06671905517578
2016-06-27,25.4446964263916
2016-06-28,26.08135223388672
2016-06-29,26.64484977722168
2016-06-30,26.798519134521484
2016-07-01,26.864376068115234
2016-07-05,26.39603042602539
2016-07-06,26.49847984313965
2016-07-07,26.432619094848633
2016-07-08,26.849746704101562
2016-07-11,26.90829086303711
2016-07-12,27.105876922607422
2016-07-13,27.11319351196289
2016-07-14,27.618139266967773
2016-07-15,27.632776260375977
2016-07-18,27.896215438842773
2016-07-19,27.903539657592773
2016-07-20,27.859636306762695
2016-07-21,27.67668342590332
2016-07-22,27.80108642578125
2016-07-25,27.874267578125
2016-07-26,28.41579818725586
2016-07-27,28.34993553161621
2016-07-28,28.03526496887207
2016-07-29,28.02794647216797
2016-08-01,28.03526496887207
2016-08-02,28.52556610107422
2016-08-03,28.540197372436523
2016-08-04,28.34993553161621
2016-08-05,28.840246200561523
2016-08-08,28.781696319580078
2016-08-09,29.396419525146484
2016-08-10,29.337867736816406
2016-08-11,29.630584716796875
2016-08-12,29.71840476989746
2016-08-15,29.659854888916016
2016-08-16,29.4476318359375
2016-08-17,29.418371200561523
2016-08-18,29.82817268371582
2016-08-19,29.608633041381836
2016-08-22,29.630584716796875
2016-08-23,29.68912696838379
2016-08-24,29.79890251159668
2016-08-25,29.996490478515625
2016-08-26,29.85743522644043
2016-08-29,29.286643981933594
2016-08-30,29.70376968383789
2016-08-31,29.915985107421875
2016-09-01,29.81353759765625
2016-09-02,29.974529266357422
2016-09-06,29.725725173950195
2016-09-07,30.237987518310547
2016-09-08,30.172119140625
2016-09-09,30.018447875976562
2016-09-12,30.12088966369629
2016-09-13,29.37446403503418
2016-09-14,29.24273681640625
2016-09-15,29.498863220214844
2016-09-16,29.469593048095703
2016-09-19,29.68912696838379
2016-09-20,29.77694320678711
2016-09-21,29.84280776977539
2016-09-22,30.208703994750977
2016-09-23,29.930625915527344
2016-09-26,29.264686584472656
2016-09-27,29.513498306274414
2016-09-28,29.659854888916016
2016-09-29,29.35982322692871
2016-09-30,29.769628524780273
2016-10-03,29.220788955688477
2016-10-04,29.235416412353516
2016-10-05,29.53544807434082
2016-10-06,29.7476749420166
2016-10-07,29.484230041503906
2016-10-10,29.68912696838379
2016-10-11,29.594003677368164
2016-10-12,29.996490478515625
2016-10-13,29.154922485351562
2016-10-14,29.125642776489258
2016-10-17,29.235416412353516
2016-10-18,29.198827743530273
2016-10-19,29.235416412353516
2016-10-20,29.198827743530273
2016-10-21,29.162235260009766
2016-10-24,29.272001266479492
2016-10-25,29.381772994995117
2016-10-26,30.25993537902832
2016-10-27,29.601320266723633
2016-10-28,29.125642776489258
2016-10-31,29.345190048217773
2016-11-01,29.235416412353516
2016-11-02,28.832918167114258
2016-11-03,29.125642776489258
2016-11-04,28.832918167114258
2016-11-07,29.418371200561523
2016-11-08,29.198827743530273
2016-11-09,30.73561668395996
2016-11-10,31.101505279541016
2016-11-11,31.321054458618164
2016-11-14,32.49192810058594
2016-11-15,32.016258239746094
2016-11-16,32.34556579589844
2016-11-17,32.857826232910156
2016-11-18,33.40666961669922
2016-11-21,33.370079040527344
2016-11-22,33.113956451416016
2016-11-23,34.467777252197266
2016-11-25,34.028709411621094
2016-11-28,33.91892623901367
2016-11-29,34.24824142456055
2016-11-30,33.516441345214844
2016-12-01,33.73597717285156
2016-12-02,33.55303192138672
2016-12-05,34.87028121948242
2016-12-06,34.68732833862305
2016-12-07,34.61414337158203
2016-12-08,35.967979431152344
2016-12-09,36.51682662963867
2016-12-12,36.772953033447266
2016-12-13,36.846134185791016
2016-12-14,36.40705490112305
2016-12-15,37.468170166015625
2016-12-16,37.76089096069336
2016-12-19,37.614532470703125
2016-12-20,38.71223068237305
2016-12-21,38.16337585449219
2016-12-22,38.49269104003906
2016-12-23,38.34633255004883
2016-12-27,38.30974197387695
2016-12-28,38.56586456298828
2016-12-29,38.67564010620117
2016-12-30,38.63904571533203
2017-01-03,38.1999626159668
2017-01-04,38.421627044677734
2017-01-05,37.53497314453125
2017-01-06,38.8280143737793
2017-01-09,37.2763786315918
2017-01-10,37.756629943847656
2017-01-11,37.756629943847656
2017-01-12,36.869991302490234
2017-01-13,37.31331253051758
2017-01-17,36.16804885864258
2017-01-18,36.53749465942383
2017-01-19,35.87250518798828
2017-01-20,36.057220458984375
2017-01-23,36.0202751159668
2017-01-24,36.83304214477539
2017-01-25,37.05470275878906
2017-01-26,37.05470275878906
2017-01-27,36.574432373046875
2017-01-30,35.57695388793945
2017-01-31,35.72472381591797
2017-02-01,35.392234802246094
2017-02-02,34.91196823120117
2017-02-03,35.24445343017578
2017-02-06,34.6902961730957
2017-02-07,34.246971130371094
2017-02-08,33.692806243896484
2017-02-09,34.985843658447266
2017-02-10,34.87501525878906
2017-02-13,35.392234802246094
2017-02-14,35.24445343017578
2017-02-15,35.13362121582031
2017-02-16,34.985843658447266
2017-02-17,34.6902961730957
2017-02-21,34.61640548706055
2017-02-22,34.61640548706055
2017-02-23,34.72724151611328
2017-02-24,34.357791900634766
2017-02-27,34.76417922973633
2017-02-28,34.32086181640625
2017-03-01,35.540000915527344
2017-03-02,35.24445343017578
2017-03-03,35.17056655883789
2017-03-06,35.09667205810547
2017-03-07,35.392234802246094
2017-03-08,34.72724151611328
2017-03-09,34.72724151611328
2017-03-10,34.61640548706055
2017-03-13,34.32086181640625
2017-03-14,34.025306701660156
2017-03-15,34.394744873046875
2017-03-16,34.505577087402344
2017-03-17,35.17056655883789
2017-03-20,35.09667205810547
2017-03-21,34.09919357299805
2017-03-22,33.50809860229492
2017-03-23,34.136138916015625
2017-03-24,34.357791900634766
2017-03-27,34.21003341674805
2017-03-28,34.653350830078125
2017-03-29,34.6902961730957
2017-03-30,35.83555221557617
2017-03-31,35.09667205810547
2017-04-03,34.72724151611328
2017-04-04,34.394744873046875
2017-04-05,33.91447067260742
2017-04-06,34.6902961730957
2017-04-07,34.54253005981445
2017-04-10,33.87752914428711
2017-04-11,34.653350830078125
2017-04-12,34.09919357299805
2017-04-13,33.65586853027344
2017-04-17,34.09919357299805
2017-04-18,34.062252044677734
2017-04-19,34.357791900634766
2017-04-20,35.61389923095703
2017-04-21,35.65084457397461
2017-04-24,36.90693283081055
2017-04-25,36.943870544433594
2017-04-26,37.64579772949219
2017-04-27,36.90693283081055
2017-04-28,36.057220458984375
2017-05-01,36.20499801635742
2017-05-02,35.540000915527344
2017-05-03,35.72472381591797
2017-05-04,35.65084457397461
2017-05-05,35.540000915527344
2017-05-08,35.46612548828125
2017-05-09,35.20751190185547
2017-05-10,35.429176330566406
2017-05-11,34.94890594482422
2017-05-12,34.6902961730957
2017-05-15,35.17056655883789
2017-05-16,35.13362121582031
2017-05-17,33.692806243896484
2017-05-18,33.72977066040039
2017-05-19,33.692806243896484
2017-05-22,33.618934631347656
2017-05-23,34.1730842590332
2017-05-24,34.1730842590332
2017-05-25,34.43169021606445
2017-05-26,34.28391647338867
2017-05-30,33.58198547363281
2017-05-31,33.65586853027344
2017-06-01,34.09919357299805
2017-06-02,34.43169021606445
2017-06-05,34.09919357299805
2017-06-06,34.025306701660156
2017-06-07,34.21003341674805
2017-06-08,35.20751190185547
2017-06-09,36.42665481567383
2017-06-12,36.90693283081055
2017-06-13,36.352783203125
2017-06-14,36.57670974731445
2017-06-15,36.24080276489258
2017-06-16,35.90488815307617
2017-06-19,35.90488815307617
2017-06-20,35.7556037902832
2017-06-21,34.85984420776367
2017-06-22,34.82252502441406
2017-06-23,34.934486389160156
2017-06-26,34.74787139892578
2017-06-27,34.897178649902344
2017-06-28,35.45700454711914
2017-06-29,35.79292297363281
2017-06-30,35.30772399902344
2017-07-03,36.315460205078125
2017-07-05,35.680946350097656
2017-07-06,35.60630798339844
2017-07-07,35.97954559326172
2017-07-10,35.45700454711914
2017-07-11,35.419700622558594
2017-07-12,35.86757278442383
2017-07-13,35.38236618041992
2017-07-14,35.60630798339844
2017-07-17,35.5689811706543
2017-07-18,35.64363479614258
2017-07-19,35.53166198730469
2017-07-20,35.53166198730469
2017-07-21,35.04645538330078
2017-07-24,35.1211051940918
2017-07-25,35.53166198730469
2017-07-26,34.56126403808594
2017-07-27,34.18803024291992
2017-07-28,34.00141143798828
2017-07-31,34.37464141845703
2017-08-01,34.59858322143555
2017-08-02,34.076072692871094
2017-08-03,34.00141143798828
2017-08-04,34.225345611572266
2017-08-07,34.00141143798828
2017-08-08,34.076072692871094
2017-08-09,33.628173828125
2017-08-10,33.06832504272461
2017-08-11,32.620452880859375
2017-08-14,33.7774658203125
2017-08-15,33.06832504272461
2017-08-16,32.99368667602539
2017-08-17,32.508487701416016
2017-08-18,32.545806884765625
2017-08-21,32.32187271118164
2017-08-22,32.545806884765625
2017-08-23,32.13524627685547
2017-08-24,31.948637008666992
2017-08-25,32.881717681884766
2017-08-28,32.508487701416016
2017-08-29,32.32187271118164
2017-08-30,32.172569274902344
2017-08-31,32.396514892578125
2017-09-01,32.583133697509766
2017-09-05,31.650053024291992
2017-09-06,31.76201629638672
2017-09-07,31.239492416381836
2017-09-08,31.836666107177734
2017-09-11,32.359188079833984
2017-09-12,32.695106506347656
2017-09-13,32.732421875
2017-09-14,32.247222900390625
2017-09-15,32.47115707397461
2017-09-18,33.14297866821289
2017-09-19,33.105648040771484
2017-09-20,33.85212326049805
2017-09-21,33.66550064086914
2017-09-22,33.92676544189453
2017-09-25,34.038726806640625
2017-09-26,34.97180938720703
2017-09-27,35.79292297363281
2017-09-28,35.83025360107422
2017-09-29,35.53166198730469
2017-10-02,36.12882995605469
2017-10-03,36.12882995605469
2017-10-04,35.419700622558594
2017-10-05,35.60630798339844
2017-10-06,36.054176330566406
2017-10-09,35.90488815307617
2017-10-10,36.054176330566406
2017-10-11,36.20347595214844
2017-10-12,36.20347595214844
2017-10-13,36.12882995605469
2017-10-16,36.46474075317383
2017-10-17,35.86757278442383
2017-10-18,35.86757278442383
2017-10-19,35.83025360107422
2017-10-20,35.90488815307617
2017-10-23,36.16614532470703
2017-10-24,35.97954559326172
2017-10-25,36.09150695800781
2017-10-26,36.3527717590332
2017-10-27,36.57670974731445
2017-10-30,35.49433517456055
2017-10-31,35.45700454711914
2017-11-01,35.5689811706543
2017-11-02,36.3527717590332
2017-11-03,35.5689811706543
2017-11-06,35.64363479614258
2017-11-07,34.56126403808594
2017-11-08,34.37464141845703
2017-11-09,34.486610412597656
2017-11-10,34.44928741455078
2017-11-13,35.00913619995117
2017-11-14,35.30772399902344
2017-11-15,35.49433517456055
2017-11-16,35.571414947509766
2017-11-17,35.72557067871094
2017-11-20,36.03388595581055
2017-11-21,36.26511764526367
2017-11-22,36.072418212890625
2017-11-24,35.91826629638672
2017-11-27,35.99534606933594
2017-11-28,36.72758102416992
2017-11-29,38.50038528442383
2017-11-30,37.151519775390625
2017-12-01,37.38274383544922
2017-12-04,37.4212760925293
2017-12-05,36.61196517944336
2017-12-06,36.34219741821289
2017-12-07,36.149505615234375
2017-12-08,35.609962463378906
2017-12-11,35.3016471862793
2017-12-12,35.609962463378906
2017-12-13,35.99534606933594
2017-12-14,35.22456741333008
2017-12-15,35.95681381225586
2017-12-18,36.61196517944336
2017-12-19,36.072418212890625
2017-12-20,35.76410675048828
2017-12-21,36.34219741821289
2017-12-22,35.76410675048828
2017-12-26,35.4557991027832
2017-12-27,35.4557991027832
2017-12-28,35.49433898925781
2017-12-29,34.954795837402344
2018-01-02,34.646484375
2018-01-03,34.68502426147461
2018-01-04,35.18603515625
2018-01-05,35.505615234375
2018-01-08,35.037925720214844
2018-01-09,35.193817138671875
2018-01-10,35.505615234375
2018-01-11,36.947669982910156
2018-01-12,37.10355758666992
2018-01-16,37.10355758666992
2018-01-17,37.1815185546875
2018-01-18,36.47996520996094
2018-01-19,37.142539978027344
2018-01-22,37.025611877441406
2018-01-23,36.98664474487305
2018-01-24,36.40202713012695
2018-01-25,36.32406997680664
2018-01-26,36.32406997680664
2018-01-29,35.895355224609375
2018-01-30,36.01228332519531
2018-01-31,36.090232849121094
2018-02-01,36.168182373046875
2018-02-02,35.505615234375
2018-02-05,33.20613479614258
2018-02-06,33.751766204833984
2018-02-07,34.9599723815918
2018-02-08,34.3753547668457
2018-02-09,34.531253814697266
2018-02-12,34.29741668701172
2018-02-13,34.531253814697266
2018-02-14,34.21945571899414
2018-02-15,34.414337158203125
2018-02-16,35.076904296875
2018-02-20,34.06357192993164
2018-02-21,34.765106201171875
2018-02-22,34.02458572387695
2018-02-23,34.414337158203125
2018-02-26,34.88203430175781
2018-02-27,34.25843811035156
2018-02-28,33.43997573852539
2018-03-01,33.47895431518555
2018-03-02,34.02458572387695
2018-03-05,34.21945571899414
2018-03-06,34.3753547668457
2018-03-07,35.15484619140625
2018-03-08,34.843048095703125
2018-03-09,35.42766189575195
2018-03-12,35.505615234375
2018-03-13,35.076904296875
2018-03-14,34.609214782714844
2018-03-15,34.92100143432617
2018-03-16,35.11587142944336
2018-03-19,34.9599723815918
2018-03-20,34.531253814697266
2018-03-21,34.531253814697266
2018-03-22,33.63484573364258
2018-03-23,32.66049575805664
2018-03-26,33.16716003417969
2018-03-27,33.16716003417969
2018-03-28,33.5568962097168
2018-03-29,32.4266471862793
2018-04-02,32.38766860961914
2018-04-03,33.16716003417969
2018-04-04,33.98561477661133
2018-04-05,33.751766204833984
2018-04-06,33.36202621459961
2018-04-09,33.050235748291016
2018-04-10,33.90766906738281
2018-04-11,33.36202621459961
2018-04-12,33.868690490722656
2018-04-13,33.790748596191406
2018-04-16,34.06357192993164
2018-04-17,33.946651458740234
2018-04-18,33.673828125
2018-04-19,34.1025390625
2018-04-20,34.06357192993164
2018-04-23,34.25843811035156
2018-04-24,34.57023239135742
2018-04-25,33.98561477661133
2018-04-26,33.63484573364258
2018-04-27,33.946651458740234
2018-04-30,33.323055267333984
2018-05-01,33.089210510253906
2018-05-02,33.4010009765625
2018-05-03,32.972286224365234
2018-05-04,33.47895431518555
2018-05-07,33.36202621459961
2018-05-08,33.323055267333984
2018-05-09,33.5179328918457
2018-05-10,33.43997573852539
2018-05-11,33.36202621459961
2018-05-14,32.972286224365234
2018-05-15,33.1281852722168
2018-05-16,33.751766204833984
2018-05-17,34.1025390625
2018-05-18,33.946651458740234
2018-05-21,34.1025390625
2018-05-22,34.25843811035156
2018-05-23,34.1025390625
2018-05-24,34.06357192993164
2018-05-25,33.90766906738281
2018-05-29,33.43997573852539
2018-05-30,33.90766906738281
2018-05-31,33.98561477661133
2018-06-01,34.453311920166016
2018-06-04,34.531253814697266
2018-06-05,34.88203430175781
2018-06-06,34.9599723815918
2018-06-07,34.687156677246094
2018-06-08,34.687156677246094
2018-06-11,34.180484771728516
2018-06-12,33.946651458740234
2018-06-13,34.02458572387695
2018-06-14,34.58456802368164
2018-06-15,34.702877044677734
2018-06-18,35.136661529541016
2018-06-19,35.649314880371094
2018-06-20,36.04367446899414
2018-06-21,35.531009674072266
2018-06-22,35.49158477783203
2018-06-25,36.16196823120117
2018-06-26,36.51689147949219
2018-06-27,35.49158477783203
2018-06-28,35.688751220703125
2018-06-29,35.76762008666992
2018-07-02,36.43802261352539
2018-07-03,36.43802261352539
2018-07-05,36.83237075805664
2018-07-06,37.22671890258789
2018-07-09,37.26615524291992
2018-07-10,37.068973541259766
2018-07-11,37.147850036621094
2018-07-12,37.147850036621094
2018-07-13,37.068973541259766
2018-07-16,37.147850036621094
2018-07-17,36.9901123046875
2018-07-18,37.068973541259766
2018-07-19,37.38446807861328
2018-07-20,37.621070861816406
2018-07-23,37.739376068115234
2018-07-24,38.21260070800781
2018-07-25,38.76469421386719
2018-07-26,39.47451400756836
2018-07-27,40.06604766845703
2018-07-30,39.75056838989258
2018-07-31,40.53926086425781
2018-08-01,40.61813735961914
2018-08-02,40.736446380615234
2018-08-03,39.790000915527344
2018-08-06,39.395652770996094
2018-08-07,39.51395034790039
2018-08-08,39.71113204956055
2018-08-09,39.790000915527344
2018-08-10,39.829429626464844
2018-08-13,40.184349060058594
2018-08-14,40.49983596801758
2018-08-15,40.302650451660156
2018-08-16,40.85475158691406
2018-08-17,40.736446380615234
2018-08-20,40.736446380615234
2018-08-21,41.32797622680664
2018-08-22,41.32797622680664
2018-08-23,41.40684127807617
2018-08-24,40.93362045288086
2018-08-27,40.42095947265625
2018-08-28,40.1054801940918
2018-08-29,40.22378921508789
2018-08-30,40.38153076171875
2018-08-31,40.578704833984375
2018-09-04,40.61813735961914
2018-09-05,40.06604766845703
2018-09-06,40.1054801940918
2018-09-07,40.1054801940918
2018-09-10,40.42095947265625
2018-09-11,40.61813735961914
2018-09-12,40.736446380615234
2018-09-13,40.61813735961914
2018-09-14,40.61813735961914
2018-09-17,40.93362045288086
2018-09-18,39.71113204956055
2018-09-19,39.75056838989258
2018-09-20,40.302650451660156
2018-09-21,40.8941764831543
2018-09-24,39.790000915527344
2018-09-25,39.67169189453125
2018-09-26,39.080169677734375
2018-09-27,39.51395034790039
2018-09-28,39.59283447265625
2018-10-01,39.442970275878906
2018-10-02,39.009193420410156
2018-10-03,39.829429626464844
2018-10-04,40.14491271972656
2018-10-05,39.9240837097168
2018-10-08,41.00460433959961
2018-10-09,41.217552185058594
2018-10-10,40.397308349609375
2018-10-11,39.43508529663086
2018-10-12,38.307247161865234
2018-10-15,39.08805465698242
2018-10-16,39.24579620361328
2018-10-17,38.92242431640625
2018-10-18,37.82612991333008
2018-10-19,37.24249267578125
2018-10-22,36.72983932495117
2018-10-23,38.17316818237305
2018-10-24,34.35585403442383
2018-10-25,35.25496292114258
2018-10-26,34.94736862182617
2018-10-29,36.083106994628906
2018-10-30,36.75350570678711
2018-10-31,36.169857025146484
2018-11-01,36.44590377807617
2018-11-02,36.595760345458984
2018-11-05,36.58787155151367
2018-11-06,37.04531478881836
2018-11-07,37.40812683105469
2018-11-08,37.6762809753418
2018-11-09,37.27404022216797
2018-11-12,37.00588607788086
2018-11-13,37.22671890258789
2018-11-14,36.91912841796875
2018-11-15,37.21095275878906
2018-11-16,37.628963470458984
2018-11-19,37.526424407958984
2018-11-20,36.367034912109375
2018-11-21,36.509002685546875
2018-11-23,36.53266525268555
2018-11-26,36.564205169677734
2018-11-27,36.367034912109375
2018-11-28,37.18728256225586
2018-11-29,37.10841751098633
2018-11-30,36.82448196411133
2018-12-03,36.75350570678711
2018-12-04,34.852725982666016
2018-12-06,34.75020217895508
2018-12-07,35.00258255004883
2018-12-10,34.33218765258789
2018-12-11,34.639774322509766
2018-12-12,34.545135498046875
2018-12-13,33.57502365112305
2018-12-14,33.75643539428711
2018-12-17,32.85730743408203
2018-12-18,32.24213409423828
2018-12-19,30.89344596862793
2018-12-20,31.634828567504883
2018-12-21,31.776790618896484
2018-12-24,30.696269989013672
2018-12-26,31.784677505493164
2018-12-27,30.948659896850586
2018-12-28,32.100162506103516
2018-12-31,31.666379928588867
2019-01-02,32.470848083496094
2019-01-03,32.455081939697266
2019-01-04,33.922061920166016
2019-01-07,33.94601058959961
2019-01-08,30.52187156677246
2019-01-09,31.288110733032227
2019-01-10,31.02471923828125
2019-01-11,31.120498657226562
2019-01-14,31.423803329467773
2019-01-15,32.53324508666992
2019-01-16,33.3952751159668
2019-01-17,33.698577880859375
2019-01-18,33.65867233276367
2019-01-22,33.363346099853516
2019-01-23,32.68490219116211
2019-01-24,33.30746841430664
2019-01-25,33.45912170410156
2019-01-28,33.347381591796875
2019-01-29,33.02013397216797
2019-01-30,33.07600021362305
2019-01-31,33.09994125366211
2019-02-01,33.41920852661133
2019-02-04,33.47509002685547
2019-02-05,34.16150665283203
2019-02-06,34.25728988647461
2019-02-07,34.113616943359375
2019-02-08,33.7225227355957
2019-02-11,33.93003463745117
2019-02-12,33.96995162963867
2019-02-13,34.408939361572266
2019-02-14,34.33710479736328
2019-02-15,35.22307205200195
2019-02-19,34.99160385131836
2019-02-20,35.598209381103516
2019-02-21,35.35875701904297
2019-02-22,35.35076904296875
2019-02-25,35.15921401977539
2019-02-26,34.60049819946289
2019-02-27,35.031517028808594
2019-02-28,35.422607421875
2019-03-01,35.43857955932617
2019-03-04,34.83197021484375
2019-03-05,34.776092529296875
2019-03-06,34.097660064697266
2019-03-07,33.82627487182617
2019-03-08,34.24132537841797
2019-03-11,34.94371032714844
2019-03-12,34.91976547241211
2019-03-13,35.23904037475586
2019-03-14,35.422607421875
2019-03-15,35.57426452636719
2019-03-18,35.46251678466797
2019-03-19,34.48078155517578
2019-03-20,33.730491638183594
2019-03-21,33.77839660644531
2019-03-22,32.56517791748047
2019-03-25,32.82059097290039
2019-03-26,33.57086944580078
2019-03-27,33.66664505004883
2019-03-28,33.387298583984375
2019-03-29,33.522979736328125
2019-04-01,34.097660064697266
2019-04-02,33.922061920166016
2019-04-03,33.7225227355957
2019-04-04,33.9539909362793
2019-04-05,33.874168395996094
2019-04-08,33.81829071044922
2019-04-09,33.23563766479492
2019-04-10,33.75444412231445
2019-04-11,33.738487243652344
2019-04-12,34.025814056396484
2019-04-15,33.60279083251953
2019-04-16,33.80232620239258
2019-04-17,33.618751525878906
2019-04-18,33.467098236083984
2019-04-22,32.828575134277344
2019-04-23,33.10792541503906
2019-04-24,33.41920852661133
2019-04-25,32.477378845214844
2019-04-26,33.48306655883789
2019-04-29,33.58682632446289
2019-04-30,32.860496520996094
2019-05-01,32.660953521728516
2019-05-02,32.86848068237305
2019-05-03,33.33141326904297
2019-05-06,33.37929916381836
2019-05-07,32.828575134277344
2019-05-08,32.509307861328125
2019-05-09,32.732784271240234
2019-05-10,32.42948532104492
2019-05-13,31.28013038635254
2019-05-14,31.575450897216797
2019-05-15,31.216272354125977
2019-05-16,31.447744369506836
2019-05-17,31.24022102355957
2019-05-20,31.45572853088379
2019-05-21,31.583438873291016
2019-05-22,31.06462287902832
2019-05-23,30.20260238647461
2019-05-24,30.841135025024414
2019-05-28,30.75333595275879
2019-05-29,30.705453872680664
2019-05-30,30.57773780822754
2019-05-31,30.194623947143555
2019-06-03,30.769304275512695
2019-06-04,31.790950775146484
2019-06-05,31.583438873291016
2019-06-06,31.18435287475586
2019-06-07,30.936912536621094
2019-06-10,31.008745193481445
2019-06-11,30.98480796813965
2019-06-12,31.120498657226562
2019-06-13,31.351959228515625
2019-06-14,31.449031829833984
2019-06-17,31.0364933013916
2019-06-18,31.58653450012207
2019-06-19,31.635066986083984
2019-06-20,31.497562408447266
2019-06-21,31.311513900756836
2019-06-24,31.562274932861328
2019-06-25,31.732141494750977
2019-06-26,31.885822296142578
2019-06-27,32.3873176574707
2019-06-28,32.4843864440918
2019-07-01,32.61382293701172
2019-07-02,32.201290130615234
2019-07-03,32.35496139526367
2019-07-05,32.67852020263672
2019-07-08,32.61382293701172
2019-07-09,32.541011810302734
2019-07-10,32.306434631347656
2019-07-11,32.33879470825195
2019-07-12,32.4843864440918
2019-07-15,32.136573791503906
2019-07-16,32.43585968017578
2019-07-17,32.09613037109375
2019-07-18,32.120399475097656
2019-07-19,31.934358596801758
2019-07-22,31.30343246459961
2019-07-23,32.72705078125
2019-07-24,34.54701614379883
2019-07-25,34.9433708190918
2019-07-26,35.12940979003906
2019-07-29,34.9757194519043
2019-07-30,35.177940368652344
2019-07-31,35.11323165893555
2019-08-01,34.24773025512695
2019-08-02,34.037418365478516
2019-08-05,33.010154724121094
2019-08-06,33.10722732543945
2019-08-07,32.91309356689453
2019-08-08,33.649166107177734
2019-08-09,33.56018829345703
2019-08-12,33.76240539550781
2019-08-13,33.827117919921875
2019-08-14,33.14766311645508
2019-08-15,32.96971130371094
2019-08-16,33.66534423828125
2019-08-19,33.916099548339844
2019-08-20,33.074859619140625
2019-08-21,33.62490463256836
2019-08-22,33.14766311645508
2019-08-23,32.06378173828125
2019-08-26,32.3873176574707
2019-08-27,32.22555160522461
2019-08-28,32.743228912353516
2019-08-29,33.08295440673828
2019-08-30,32.84029006958008
2019-09-03,32.25790786743164
2019-09-04,32.33879470825195
2019-09-05,32.921180725097656
2019-09-06,32.50864791870117
2019-09-09,33.705787658691406
2019-09-10,33.88373565673828
2019-09-11,34.73305892944336
2019-09-12,35.42060470581055
2019-09-13,35.58238220214844
2019-09-16,35.82503890991211
2019-09-17,35.75223922729492
2019-09-18,35.81694793701172
2019-09-19,35.614723205566406
2019-09-20,36.01108169555664
2019-09-23,35.7684211730957
2019-09-24,35.064697265625
2019-09-25,35.8978385925293
2019-09-26,35.29927062988281
2019-09-27,35.29927062988281
2019-09-30,35.161766052246094
2019-10-01,34.41759490966797
2019-10-02,34.166847229003906
2019-10-03,34.037418365478516
2019-10-04,34.38524627685547
2019-10-07,34.05360794067383
2019-10-08,33.75431823730469
2019-10-09,33.89183807373047
2019-10-10,33.86756134033203
2019-10-11,34.27199935913086
2019-10-14,34.21537780761719
2019-10-15,34.46613311767578
2019-10-16,34.18301773071289
2019-10-17,34.6036376953125
2019-10-18,34.587459564208984
2019-10-21,34.967628479003906
2019-10-22,35.07278823852539
2019-10-23,35.30736541748047
2019-10-24,34.92719268798828
2019-10-25,35.0
2019-10-28,34.90291976928711
2019-10-29,35.29927062988281
2019-10-30,35.35588455200195
2019-10-31,35.485321044921875
2019-11-01,36.2052116394043
2019-11-04,36.39934539794922
2019-11-05,36.464054107666016
2019-11-06,36.52875518798828
2019-11-07,36.40742874145508
2019-11-08,36.28609848022461
2019-11-11,36.19712829589844
2019-11-12,36.26991271972656
2019-11-13,36.07579040527344
2019-11-14,35.76033020019531
2019-11-15,35.647090911865234
2019-11-18,35.388248443603516
2019-11-19,35.525753021240234
2019-11-20,35.372066497802734
2019-11-21,35.19411087036133
2019-11-22,35.533843994140625
2019-11-25,35.97064208984375
2019-11-26,35.711795806884766
2019-11-27,35.88166427612305
2019-11-29,35.7684211730957
2019-12-02,35.428688049316406
2019-12-03,35.57428741455078
2019-12-04,35.663272857666016
2019-12-05,35.79267883300781
2019-12-06,35.91401672363281
2019-12-09,35.85739517211914
2019-12-10,35.978729248046875
2019-12-11,36.0515251159668
2019-12-12,36.892757415771484
2019-12-13,36.71480178833008
2019-12-16,37.0059928894043
2019-12-17,37.418514251708984
2019-12-18,37.531761169433594
2019-12-19,37.329551696777344
2019-12-20,37.52367401123047
2019-12-23,37.119239807128906
2019-12-24,37.44279098510742
2019-12-26,36.99790573120117
2019-12-27,37.119239807128906
2019-12-30,36.98981857299805
2019-12-31,36.98173141479492
2020-01-02,36.69862365722656
2020-01-03,36.57728958129883
2020-01-06,36.76333999633789
2020-01-07,36.24784469604492
2020-01-08,36.288753509521484
2020-01-09,35.96964645385742
2020-01-10,35.68326950073242
2020-01-13,36.198753356933594
2020-01-14,36.08420181274414
2020-01-15,35.945098876953125
2020-01-16,36.32148742675781
2020-01-17,36.149654388427734
2020-01-21,35.75690841674805
2020-01-22,35.609619140625
2020-01-23,35.691444396972656
2020-01-24,35.413246154785156
2020-01-27,35.25778579711914
2020-01-28,35.02049255371094
2020-01-29,34.635929107666016
2020-01-30,35.0777702331543
2020-01-31,34.14497756958008
2020-02-03,34.44772720336914
2020-02-04,34.60319137573242
2020-02-05,35.22504806518555
2020-02-06,34.92230224609375
2020-02-07,35.22504806518555
2020-02-10,35.887813568115234
2020-02-11,36.1660270690918
2020-02-12,35.97783279418945
2020-02-13,36.3869514465332
2020-02-14,35.75690841674805
2020-02-18,35.55234146118164
2020-02-19,35.315059661865234
2020-02-20,35.38869857788086
2020-02-21,35.413246154785156
2020-02-24,35.028682708740234
2020-02-25,34.73411560058594
2020-02-26,34.79956817626953
2020-02-27,34.42318344116211
2020-02-28,32.688514709472656
2020-03-02,33.62131118774414
2020-03-03,33.195823669433594
2020-03-04,34.30044174194336
2020-03-05,32.639427185058594
2020-03-06,32.62306213378906
2020-03-09,29.64468002319336
2020-03-10,29.971975326538086
2020-03-11,29.358304977416992
2020-03-12,27.320892333984375
2020-03-13,30.618379592895508
2020-03-16,25.4880428314209
2020-03-17,29.14556121826172
2020-03-18,24.686172485351562
2020-03-19,24.98073959350586
2020-03-20,23.97430992126465
2020-03-23,23.71247100830078
2020-03-24,25.4798641204834
2020-03-25,24.997106552124023
2020-03-26,27.222705841064453
2020-03-27,26.011716842651367
2020-03-30,27.599096298217773
2020-03-31,27.590909957885742
2020-04-01,25.618961334228516
2020-04-02,26.80540657043457
2020-04-03,25.537139892578125
2020-04-06,27.083602905273438
2020-04-07,26.53538703918457
2020-04-08,26.86268424987793
2020-04-09,29.23556900024414
2020-04-13,28.400968551635742
2020-04-14,27.14906120300293
2020-04-15,25.659873962402344
2020-04-16,24.75981903076172
2020-04-17,26.16718101501465
2020-04-20,25.798973083496094
2020-04-21,25.119840621948242
2020-04-22,24.97256088256836
2020-04-23,26.0035343170166
2020-04-24,26.05263328552246
2020-04-27,27.713645935058594
2020-04-28,28.03275489807129
2020-04-29,29.881967544555664
2020-04-30,29.063735961914062
2020-05-01,27.75455665588379
2020-05-04,27.51726722717285
2020-05-05,26.5762939453125
2020-05-06,25.946258544921875
2020-05-07,26.224454879760742
2020-05-08,27.230886459350586
2020-05-11,26.41265106201172
2020-05-12,25.880800247192383
2020-05-13,25.528959274291992
2020-05-14,25.357128143310547
2020-05-15,25.63532829284668
2020-05-18,27.443632125854492
2020-05-19,26.126270294189453
2020-05-20,27.288166046142578
2020-05-21,27.165430068969727
2020-05-22,27.304527282714844
2020-05-26,28.58915901184082
2020-05-27,30.422008514404297
2020-05-28,29.350120544433594
2020-05-29,28.720073699951172
2020-06-01,28.64643096923828
2020-06-02,28.720073699951172
2020-06-03,29.86560821533203
2020-06-04,30.233816146850586
2020-06-05,31.690269470214844
2020-06-08,32.21394348144531
2020-06-09,31.698453903198242
2020-06-10,30.479278564453125
2020-06-11,28.490970611572266
2020-06-12,29.064115524291992
2020-06-15,28.83984375
2020-06-16,29.753543853759766
2020-06-17,28.490970611572266
2020-06-18,28.756772994995117
2020-06-19,29.064115524291992
2020-06-22,29.512653350830078
2020-06-23,29.25516128540039
2020-06-24,28.341449737548828
2020-06-25,29.230236053466797
2020-06-26,29.25516128540039
2020-06-29,30.069189071655273
2020-06-30,30.600793838500977
2020-07-01,28.939516067504883
2020-07-02,28.59895896911621
2020-07-06,28.690330505371094
2020-07-07,27.84307098388672
2020-07-08,27.78492546081543
2020-07-09,26.829689025878906
2020-07-10,27.78492546081543
2020-07-13,28.092267990112305
2020-07-14,28.04241943359375
2020-07-15,29.412975311279297
2020-07-16,29.421281814575195
2020-07-17,28.673717498779297
2020-07-20,28.324840545654297
2020-07-21,29.28007698059082
2020-07-22,28.76508331298828
2020-07-23,29.163793563842773
2020-07-24,28.682022094726562
2020-07-27,28.308231353759766
2020-07-28,28.175323486328125
2020-07-29,28.698625564575195
2020-07-30,28.108877182006836
2020-07-31,27.768314361572266
2020-08-03,27.510812759399414
2020-08-04,27.593875885009766
2020-08-05,28.117176055908203
2020-08-06,28.167024612426758
2020-08-07,29.412975311279297
2020-08-10,29.562488555908203
2020-08-11,29.969514846801758
2020-08-12,29.761856079101562
2020-08-13,29.512653350830078
2020-08-14,29.620641708374023
2020-08-17,29.346538543701172
2020-08-18,28.457740783691406
2020-08-19,28.61557388305664
2020-08-20,28.482662200927734
2020-08-21,28.059032440185547
2020-08-24,29.072420120239258
2020-08-25,29.188705444335938
2020-08-26,28.432823181152344
2020-08-27,28.756772994995117
2020-08-28,28.657094955444336
2020-08-31,28.56572723388672
2020-09-01,28.657094955444336
2020-09-02,28.590641021728516
2020-09-03,28.582340240478516
2020-09-04,28.873065948486328
2020-09-08,27.793237686157227
2020-09-09,27.5855712890625
2020-09-10,27.40283203125
2020-09-11,27.15363883972168
2020-09-14,27.253320693969727
2020-09-15,26.71340560913086
2020-09-16,26.887832641601562
2020-09-17,26.69678497314453
2020-09-18,26.663558959960938
2020-09-21,25.500669479370117
2020-09-22,25.367765426635742
2020-09-23,25.135183334350586
2020-09-24,25.475746154785156
2020-09-25,25.4176025390625
2020-09-28,26.45590591430664
2020-09-29,26.206703186035156
2020-09-30,26.08211326599121
2020-10-01,26.480817794799805
2020-10-02,27.170249938964844
2020-10-05,27.652027130126953
2020-10-06,27.901216506958008
2020-10-07,28.416210174560547
2020-10-08,28.590641021728516
2020-10-09,28.308231353759766
2020-10-12,28.474353790283203
2020-10-13,27.834760665893555
2020-10-14,27.377912521362305
2020-10-15,27.90951919555664
2020-10-16,27.859683990478516
2020-10-19,27.760005950927734
2020-10-20,28.150409698486328
2020-10-21,28.324840545654297
2020-10-22,29.10564613342285
2020-10-23,29.446203231811523
2020-10-26,29.113954544067383
2020-10-27,28.075651168823242
2020-10-28,27.967662811279297
2020-10-29,28.399593353271484
2020-10-30,28.83984375
2020-11-02,29.10564613342285
2020-11-03,29.786773681640625
2020-11-04,28.25008201599121
2020-11-05,28.78999900817871
2020-11-06,28.150409698486328
2020-11-09,30.393131256103516
2020-11-10,31.62248420715332
2020-11-11,30.949668884277344
2020-11-12,30.21870231628418
2020-11-13,29.969514846801758
2020-11-16,31.149017333984375
2020-11-17,31.157323837280273
2020-11-18,31.049348831176758
2020-11-19,31.016122817993164
2020-11-20,31.0078182220459
2020-11-23,31.215469360351562
2020-11-24,32.55280685424805
2020-11-25,32.046112060546875
2020-11-27,31.946435928344727
2020-11-30,31.456348419189453
2020-12-01,31.963054656982422
2020-12-02,32.14578628540039
2020-12-03,32.12916946411133
2020-12-04,32.6275634765625
2020-12-07,32.58602523803711
2020-12-08,32.378360748291016
2020-12-09,32.14578628540039
2020-12-10,31.979660034179688
2020-12-11,31.48128318786621
2020-12-14,31.879985809326172
2020-12-15,32.51127624511719
2020-12-16,32.49465560913086
2020-12-17,32.411590576171875
2020-12-18,32.25377655029297
2020-12-21,32.01288604736328
2020-12-22,31.73876953125
2020-12-23,32.52788162231445
2020-12-24,32.47804641723633
2020-12-28,32.47804641723633
2020-12-29,32.087642669677734
2020-12-30,32.07933807373047
2020-12-31,32.2703857421875
2021-01-04,32.046112060546875
2021-01-05,32.220550537109375
2021-01-06,34.9533576965332
2021-01-07,34.99541091918945
2021-01-08,34.07846450805664
2021-01-11,34.12053298950195
2021-01-12,34.51591491699219
2021-01-13,34.31401443481445
2021-01-14,35.14684295654297
2021-01-15,35.163665771484375
2021-01-19,34.80192947387695
2021-01-20,34.69256591796875
2021-01-21,34.061641693115234
2021-01-22,34.6505012512207
2021-01-25,34.03640365600586
2021-01-26,33.3802375793457
2021-01-27,32.30345916748047
2021-01-28,32.81661605834961
2021-01-29,32.295047760009766
2021-02-01,32.67360305786133
2021-02-02,33.36341857910156
2021-02-03,33.57373046875
2021-02-04,34.894466400146484
2021-02-05,34.970184326171875
2021-02-08,35.550636291503906
2021-02-09,35.281429290771484
2021-02-10,35.51698303222656
2021-02-11,34.9365234375
2021-02-12,35.087955474853516
2021-02-16,35.12160873413086
2021-02-17,35.230960845947266
2021-02-18,34.574798583984375
2021-02-19,35.298255920410156
2021-02-22,36.14790725708008
2021-02-23,36.34981155395508
2021-02-24,36.71154022216797
2021-02-25,36.18997573852539
2021-02-26,35.651580810546875
2021-03-01,36.69470977783203
2021-03-02,36.40028762817383
2021-03-03,37.115333557128906
2021-03-04,36.719947814941406
2021-03-05,38.007041931152344
2021-03-08,39.0417594909668
2021-03-09,38.04909896850586
2021-03-10,38.23417282104492
2021-03-11,38.250999450683594
2021-03-12,38.84828186035156
2021-03-15,37.99021530151367
2021-03-16,38.30988693237305
2021-03-17,37.855621337890625
2021-03-18,37.99862289428711
2021-03-19,38.30147171020508
2021-03-22,37.64530563354492
2021-03-23,36.65265655517578
2021-03-24,36.83771896362305
2021-03-25,37.678955078125
2021-03-26,38.537017822265625
2021-03-29,38.2762336730957
2021-03-30,38.141639709472656
2021-03-31,37.86402893066406
2021-04-01,38.150054931640625
2021-04-05,38.03227996826172
2021-04-06,37.89767837524414
2021-04-07,37.342464447021484
2021-04-08,37.60324478149414
2021-04-09,37.628482818603516
2021-04-12,37.89767837524414
2021-04-13,37.47706604003906
2021-04-14,37.77149200439453
2021-04-15,37.73783874511719
2021-04-16,37.96497344970703
2021-04-19,37.59482955932617
2021-04-20,36.7956657409668
2021-04-21,37.33405685424805
2021-04-22,36.54328918457031
2021-04-23,37.25835037231445
2021-04-26,37.367698669433594
2021-04-27,37.342464447021484
2021-04-28,36.576934814453125
2021-04-29,37.00596618652344
2021-04-30,37.21627426147461
2021-05-03,37.77149200439453
2021-05-04,37.83879089355469
2021-05-05,37.84720230102539
2021-05-06,38.20051956176758
2021-05-07,38.13322448730469
2021-05-10,37.64530563354492
2021-05-11,37.435001373291016
2021-05-12,36.9891471862793
2021-05-13,38.15846252441406
2021-05-14,38.436065673828125
2021-05-17,38.08274459838867
2021-05-18,37.552772521972656
2021-05-19,37.64530563354492
2021-05-20,37.779911041259766
2021-05-21,38.007041931152344
2021-05-24,37.99021530151367
2021-05-25,37.0985107421875
2021-05-26,37.4938850402832
2021-05-27,37.73783874511719
2021-05-28,38.175289154052734
2021-06-01,38.30988693237305
2021-06-02,37.89767837524414
2021-06-03,38.29305648803711
2021-06-04,37.973392486572266
2021-06-07,38.46131134033203
2021-06-08,38.225765228271484
2021-06-09,37.83038330078125
2021-06-10,37.468650817871094
2021-06-11,37.51912307739258
2021-06-14,37.39293670654297
2021-06-15,37.973392486572266
2021-06-16,38.25429153442383
2021-06-17,37.00298309326172
2021-06-18,35.18986511230469
2021-06-21,36.509281158447266
2021-06-22,36.04110336303711
2021-06-23,35.845314025878906
2021-06-24,36.194313049316406
2021-06-25,36.117713928222656
2021-06-28,35.368621826171875
2021-06-29,34.86638641357422
2021-06-30,34.747222900390625
2021-07-01,34.96855545043945
2021-07-02,34.32161331176758
2021-07-06,33.94707489013672
2021-07-07,33.4533576965332
2021-07-08,32.70427703857422
2021-07-09,34.00666046142578
2021-07-12,34.10028839111328
2021-07-13,33.39376449584961
2021-07-14,33.521453857421875
2021-07-15,34.210941314697266
2021-07-16,33.666160583496094
2021-07-19,33.04476547241211
2021-07-20,33.32566833496094
2021-07-21,33.95558547973633
2021-07-22,33.04476547241211
2021-07-23,33.2575798034668
2021-07-26,33.521453857421875
2021-07-27,33.419307708740234
2021-07-28,33.94707489013672
2021-07-29,34.25351333618164
2021-07-30,34.09177780151367
2021-08-02,33.79384994506836
2021-08-03,34.16838836669922
2021-08-04,33.58955764770508
2021-08-05,34.049217224121094
2021-08-06,34.730201721191406
2021-08-09,34.44929504394531
2021-08-10,34.91747283935547
2021-08-11,35.26647186279297
2021-08-12,34.84938049316406
2021-08-13,34.84938049316406
2021-08-16,34.78127670288086
2021-08-17,34.35566329956055
2021-08-18,34.049217224121094
2021-08-19,33.9300422668457
2021-08-20,34.525917053222656
2021-08-23,34.28755569458008
2021-08-24,34.10028839111328
2021-08-25,34.159873962402344
2021-08-26,33.82789611816406
2021-08-27,34.755741119384766
2021-08-30,34.040706634521484
2021-08-31,34.41524887084961
2021-09-01,34.45780563354492
2021-09-02,34.44929504394531
2021-09-03,34.483341217041016
2021-09-07,34.35566329956055
2021-09-08,33.98111343383789
2021-09-09,33.98111343383789
2021-09-10,33.75128936767578
2021-09-13,33.84492111206055
2021-09-14,33.32566833496094
2021-09-15,33.385257720947266
2021-09-16,33.20650100708008
2021-09-17,33.67467498779297
2021-09-20,33.2575798034668
2021-09-21,33.09584426879883
2021-09-22,33.79384994506836
2021-09-23,34.44078063964844
2021-09-24,34.71317672729492
2021-09-27,35.97299575805664
2021-09-28,35.606971740722656
2021-09-29,36.00704574584961
2021-09-30,35.79423522949219
2021-10-01,36.100685119628906
2021-10-04,36.32199478149414
2021-10-05,36.44969177246094
2021-10-06,36.364566802978516
2021-10-07,36.83274841308594
2021-10-08,36.909358978271484
2021-10-11,36.4156379699707
2021-10-12,36.3475341796875
2021-10-13,36.04110336303711
2021-10-14,36.24538803100586
2021-10-15,35.79423522949219
2021-10-18,35.853824615478516
2021-10-19,35.870853424072266
2021-10-20,36.44969177246094
2021-10-21,36.3134880065918
2021-10-22,36.4752197265625
2021-10-25,36.44969177246094
2021-10-26,36.2879524230957
2021-10-27,35.887882232666016
2021-10-28,36.126220703125
2021-10-29,36.4752197265625
2021-11-01,37.190250396728516
2021-11-02,37.11363983154297
2021-11-03,38.245792388916016
2021-11-04,37.70100402832031
2021-11-05,38.43305206298828
2021-11-08,38.50966262817383
2021-11-09,38.34792709350586
2021-11-10,38.38197708129883
2021-11-11,38.36495590209961
2021-11-12,38.04999542236328
2021-11-15,37.79463577270508
2021-11-16,37.82868194580078
2021-11-17,37.88826370239258
2021-11-18,38.135128021240234
2021-11-19,37.89677810668945
2021-11-22,38.55222702026367
2021-11-23,38.38197708129883
2021-11-24,38.30537414550781
2021-11-26,37.28388977050781
2021-11-29,37.258358001708984
2021-11-30,36.99447250366211
2021-12-01,37.207279205322266
2021-12-02,38.058509826660156
2021-12-03,37.76908874511719
2021-12-06,38.203216552734375
2021-12-07,37.845706939697266
2021-12-08,37.82016372680664
2021-12-09,37.55628967285156
2021-12-10,37.837196350097656
2021-12-13,37.71802520751953
2021-12-14,38.092559814453125
2021-12-15,38.10107421875
2021-12-16,38.3904914855957
2021-12-17,38.14363098144531
2021-12-20,37.60736083984375
2021-12-21,38.1947135925293
2021-12-22,38.4500732421875
2021-12-23,38.32239532470703
2021-12-27,38.484134674072266
2021-12-28,38.63734817504883
2021-12-29,38.49263381958008
2021-12-30,38.441566467285156
2021-12-31,38.55222702026367
2022-01-03,38.484134674072266
2022-01-04,38.620330810546875
2022-01-05,38.66288757324219
2022-01-06,39.37071990966797
2022-01-07,39.54335403442383
2022-01-10,38.9736442565918
2022-01-11,39.05996322631836
2022-01-12,38.89595413208008
2022-01-13,39.310298919677734
2022-01-14,39.327552795410156
2022-01-18,39.051326751708984
2022-01-19,38.930477142333984
2022-01-20,38.23991775512695
2022-01-21,38.35213088989258
2022-01-24,39.085853576660156
2022-01-25,39.310298919677734
2022-01-26,39.07722473144531
2022-01-27,38.53340148925781
2022-01-28,38.54203796386719
2022-01-31,38.749202728271484
2022-02-01,38.455718994140625
2022-02-02,37.87737274169922
2022-02-03,38.03274917602539
2022-02-04,38.4298210144043
2022-02-07,38.801002502441406
2022-02-08,38.8873176574707
2022-02-09,38.567935943603516
2022-02-10,39.051326751708984
2022-02-11,39.69873046875
2022-02-14,39.111751556396484
2022-02-15,40.05264663696289
2022-02-16,40.285709381103516
2022-02-17,40.0008544921875
2022-02-18,40.27707290649414
2022-02-22,39.83684158325195
2022-02-23,39.7591552734375
2022-02-24,39.5519905090332
2022-02-25,40.415184020996094
2022-02-28,40.1475944519043
2022-03-01,39.353458404541016
2022-03-02,40.26844787597656
2022-03-03,40.536041259765625
2022-03-04,40.130332946777344
2022-03-07,39.56062316894531
2022-03-08,39.103118896484375
2022-03-09,39.18944549560547
2022-03-10,39.284385681152344
2022-03-11,39.80231475830078
2022-03-14,40.156227111816406
2022-03-15,39.37934494018555
2022-03-16,39.206703186035156
2022-03-17,38.32624435424805
2022-03-18,38.29171371459961
2022-03-21,38.050010681152344
2022-03-22,38.06727981567383
2022-03-23,37.791053771972656
2022-03-24,38.30034255981445
2022-03-25,38.801002502441406
2022-03-28,38.14496994018555
2022-03-29,38.283077239990234
2022-03-30,37.41987228393555
2022-03-31,37.35944747924805
2022-04-01,37.376712799072266
2022-04-04,36.85015106201172
2022-04-05,36.75520324707031
2022-04-06,36.60845947265625
2022-04-07,36.142337799072266
2022-04-08,36.04738235473633
2022-04-11,35.909263610839844
2022-04-12,36.81562805175781
2022-04-13,37.00554275512695
2022-04-14,37.17818069458008
2022-04-18,37.49755859375
2022-04-19,38.136329650878906
2022-04-20,38.61973190307617
2022-04-21,38.71467971801758
2022-04-22,37.88600540161133
2022-04-25,37.24723434448242
2022-04-26,37.25587463378906
2022-04-27,37.29903030395508
2022-04-28,37.62704086303711
2022-04-29,36.78972625732422
2022-05-02,36.97964096069336
2022-05-03,37.30765914916992
2022-05-04,37.98095703125
2022-05-05,37.39398193359375
2022-05-06,37.52345657348633
2022-05-09,37.88600540161133
2022-05-10,36.81562805175781
2022-05-11,37.860103607177734
2022-05-12,37.76515197753906
2022-05-13,36.97964096069336
2022-05-16,37.54935836791992
2022-05-17,37.860103607177734
2022-05-18,37.63566970825195
2022-05-19,37.41987228393555
2022-05-20,37.62704086303711
2022-05-23,37.989585876464844
2022-05-24,38.464351654052734
2022-05-25,38.00685501098633
2022-05-26,38.26581573486328
2022-05-27,38.48162078857422
2022-05-31,38.82689666748047
2022-06-01,38.73193359375
2022-06-02,38.818267822265625
2022-06-03,38.50750732421875
2022-06-06,38.697418212890625
2022-06-07,38.343505859375
2022-06-08,38.37802505493164
2022-06-09,37.83420944213867
2022-06-10,37.644309997558594
2022-06-13,37.5320930480957
2022-06-14,37.92915725708008
2022-06-15,38.29171371459961
2022-06-16,38.6849365234375
2022-06-17,38.31792068481445
2022-06-21,39.24420166015625
2022-06-22,39.59373474121094
2022-06-23,39.078163146972656
2022-06-24,39.63742446899414
2022-06-27,38.82474899291992
2022-06-28,39.2092399597168
2022-06-29,38.885921478271484
2022-06-30,38.885921478271484
2022-07-01,39.42770004272461
2022-07-05,39.18302536010742
2022-07-06,39.32283401489258
2022-07-07,38.6849365234375
2022-07-08,38.763587951660156
2022-07-11,38.79854202270508
2022-07-12,38.59755325317383
2022-07-13,38.116939544677734
2022-07-14,37.68875503540039
2022-07-15,38.3703498840332
2022-07-18,38.46647644042969
2022-07-19,38.9383544921875
2022-07-20,38.99951934814453
2022-07-21,38.982032775878906
2022-07-22,38.9383544921875
2022-07-25,39.59373474121094
2022-07-26,40.633602142333984
2022-07-27,40.92197036743164
2022-07-28,40.607383728027344
2022-07-29,40.82584762573242
2022-08-01,41.166648864746094
2022-08-02,40.3714485168457
2022-08-03,40.773414611816406
2022-08-04,40.179203033447266
2022-08-05,40.3889274597168
2022-08-08,40.54621505737305
2022-08-09,40.78215408325195
2022-08-10,40.8345832824707
2022-08-11,41.122955322265625
2022-08-12,41.673465728759766
2022-08-15,41.98805618286133
2022-08-16,42.2239990234375
2022-08-17,42.486148834228516
2022-08-18,42.61721420288086
2022-08-19,42.80073547363281
2022-08-22,42.15407943725586
2022-08-23,41.245296478271484
2022-08-24,41.30645751953125
2022-08-25,41.41131591796875
2022-08-26,41.26276779174805
2022-08-29,40.95691680908203
2022-08-30,40.81711196899414
2022-08-31,40.633602142333984
2022-09-01,40.45882797241211
2022-09-02,40.24911880493164
2022-09-06,39.943275451660156
2022-09-07,40.284061431884766
2022-09-08,40.1617317199707
2022-09-09,40.476314544677734
2022-09-12,40.54621505737305
2022-09-13,39.99570083618164
2022-09-14,39.97822189331055
2022-09-15,40.196685791015625
2022-09-16,40.5986442565918
2022-09-19,41.48123550415039
2022-09-20,41.41131591796875
2022-09-21,41.29771423339844
2022-09-22,40.80837631225586
2022-09-23,40.29280471801758
2022-09-26,40.34523010253906
2022-09-27,39.98695755004883
2022-09-28,40.06560134887695
2022-09-29,39.95201110839844
2022-09-30,39.488868713378906
2022-10-03,39.943275451660156
2022-10-04,40.7472038269043
2022-10-05,40.76468276977539
2022-10-06,40.502525329589844
2022-10-07,39.88209915161133
2022-10-10,40.10930252075195
2022-10-11,40.196685791015625
2022-10-12,40.231632232666016
2022-10-13,41.88319778442383
2022-10-14,41.49870300292969
2022-10-17,42.258941650390625
2022-10-18,41.690940856933594
2022-10-19,41.93562698364258
2022-10-20,41.11421203613281
2022-10-21,41.55112838745117
2022-10-24,41.88319778442383
2022-10-25,42.416236877441406
2022-10-26,41.41131591796875
2022-10-27,42.04048538208008
2022-10-28,42.713340759277344
2022-10-31,42.3725471496582
2022-11-01,42.407493591308594
2022-11-02,41.83076477050781
2022-11-03,41.47249221801758
2022-11-04,42.24147033691406
2022-11-07,42.14534378051758
2022-11-08,42.049224853515625
2022-11-09,42.232730865478516
2022-11-10,43.23764419555664
2022-11-11,42.26768493652344
2022-11-14,42.05796432495117
2022-11-15,42.250205993652344
2022-11-16,42.09291458129883
2022-11-17,42.06670379638672
2022-11-18,42.19778060913086
2022-11-21,42.634700775146484
2022-11-22,42.61721420288086
2022-11-23,42.451194763183594
2022-11-25,42.634700775146484
2022-11-28,42.005531311035156
2022-11-29,41.90066909790039
2022-11-30,42.005531311035156
2022-12-01,42.2239990234375
2022-12-02,41.87445068359375
2022-12-05,41.05303955078125
2022-12-06,41.03556823730469
2022-12-07,40.8345832824707
2022-12-08,40.52873992919922
2022-12-09,40.51999282836914
2022-12-12,40.362709045410156
2022-12-13,40.511268615722656
2022-12-14,40.24911880493164
2022-12-15,39.62868881225586
2022-12-16,39.785980224609375
2022-12-19,39.75102615356445
2022-12-20,39.34031295776367
2022-12-21,40.08308410644531
2022-12-22,40.31901931762695
2022-12-23,40.52873992919922
2022-12-27,40.29280471801758
2022-12-28,40.187950134277344
2022-12-29,40.24911880493164
2022-12-30,40.26658630371094
2023-01-03,40.187950134277344
2023-01-04,40.039390563964844
2023-01-05,39.870628356933594
2023-01-06,40.545658111572266
2023-01-09,40.34137725830078
2023-01-10,40.705535888671875
2023-01-11,40.23478698730469
2023-01-12,40.705535888671875
2023-01-13,40.88316345214844
2023-01-17,40.49237060546875
2023-01-18,39.692996978759766
2023-01-19,39.7285270690918
2023-01-20,39.657474517822266
2023-01-23,39.32883834838867
2023-01-24,39.195621490478516
2023-01-25,38.360721588134766
2023-01-26,38.360721588134766
2023-01-27,38.68935012817383
2023-01-30,38.6182975769043
2023-01-31,39.89728546142578
2023-02-01,39.453189849853516
2023-02-02,39.95056915283203
2023-02-03,40.2880859375
2023-02-06,39.95056915283203
2023-02-07,40.22591018676758
2023-02-08,39.5064811706543
2023-02-09,39.39101028442383
2023-02-10,39.16008377075195
2023-02-13,39.53312301635742
2023-02-14,39.32883834838867
2023-02-15,39.48871994018555
2023-02-16,39.44430923461914
2023-02-17,39.84398651123047
2023-02-21,39.577537536621094
2023-02-22,39.337730407714844
2023-02-23,39.373252868652344
2023-02-24,39.25779724121094
2023-02-27,39.27555465698242
2023-02-28,39.03574752807617
2023-03-01,39.053504943847656
2023-03-02,38.982444763183594
2023-03-03,38.78704833984375
2023-03-06,38.600528717041016
2023-03-07,38.1031494140625
2023-03-08,38.076507568359375
2023-03-09,36.25572204589844
2023-03-10,35.57182312011719
2023-03-13,34.07078552246094
2023-03-14,34.72804260253906
2023-03-15,35.11885070800781
2023-03-16,35.86491775512695
2023-03-17,34.221778869628906
2023-03-20,34.03526306152344
2023-03-21,34.77245330810547
2023-03-22,33.4046516418457
2023-03-23,32.8451042175293
2023-03-24,34.09742736816406
2023-03-27,34.04414749145508
2023-03-28,33.93755340576172
2023-03-29,33.919795989990234
2023-03-30,33.058250427246094
2023-03-31,33.289180755615234
2023-04-03,32.99608612060547
2023-04-04,32.241127014160156
2023-04-05,32.26776885986328
2023-04-06,31.805917739868164
2023-04-10,31.77927017211914
2023-04-11,31.930259704589844
2023-04-12,31.948026657104492
2023-04-13,31.9924373626709
2023-04-14,31.122018814086914
2023-04-17,31.166418075561523
2023-04-18,30.46475601196289
2023-04-19,31.22859001159668
2023-04-20,30.53580665588379
2023-04-21,30.198301315307617
2023-04-24,30.26047134399414
2023-04-25,29.354520797729492
2023-04-26,30.136125564575195
2023-04-27,30.420345306396484
2023-04-28,30.686798095703125
2023-05-01,30.509159088134766
2023-05-02,29.19464683532715
2023-05-03,29.16800308227539
2023-05-04,28.137704849243164
2023-05-05,29.372285842895508
2023-05-08,28.83049201965332
2023-05-09,28.732791900634766
2023-05-10,28.723913192749023
2023-05-11,28.53739356994629
2023-05-12,28.83049201965332
2023-05-15,29.318992614746094
2023-05-16,29.06142234802246
2023-05-17,30.384815216064453
2023-05-18,30.029544830322266
2023-05-19,29.745325088500977
2023-05-22,30.36705207824707
2023-05-23,30.84667205810547
2023-05-24,30.340408325195312
2023-05-25,30.171653747558594
2023-05-26,30.224937438964844
2023-05-30,29.771974563598633
2023-05-31,28.812728881835938
2023-06-01,29.354520797729492
2023-06-02,30.97101593017578
2023-06-05,30.198301315307617
2023-06-06,31.45063591003418
2023-06-07,32.61416244506836
2023-06-08,32.22336196899414
2023-06-09,31.708213806152344
2023-06-12,31.379589080810547
2023-06-13,32.214481353759766
2023-06-14,31.19306182861328
2023-06-15,31.725278854370117
2023-06-16,30.940486907958984
2023-06-20,30.39023780822754
2023-06-21,29.92116355895996
2023-06-22,29.298748016357422
2023-06-23,28.946949005126953
2023-06-26,29.20854377746582
2023-06-27,29.524263381958008
2023-06-28,29.44308090209961
2023-06-29,29.758798599243164
2023-06-30,29.289731979370117
2023-07-03,29.740755081176758
2023-07-05,29.623491287231445
2023-07-06,29.13637924194336
2023-07-07,29.497203826904297
2023-07-10,29.40699577331543
2023-07-11,29.59642791748047
2023-07-12,30.372190475463867
2023-07-13,30.823223114013672
2023-07-14,30.7239990234375
2023-07-17,31.138944625854492
2023-07-18,32.086097717285156
2023-07-19,32.73558044433594
2023-07-20,32.663421630859375
2023-07-21,32.45595169067383
2023-07-24,33.556453704833984
2023-07-25,33.56547927856445
2023-07-26,34.07963943481445
2023-07-27,34.377323150634766
2023-07-28,34.702064514160156
2023-07-31,34.46752166748047
2023-08-01,34.64794158935547
2023-08-02,34.33221435546875
2023-08-03,34.359283447265625
2023-08-04,34.44046401977539
2023-08-07,35.19819641113281
2023-08-08,34.8103141784668
2023-08-09,34.287109375
2023-08-10,34.26907730102539
2023-08-11,34.23298645019531
2023-08-14,33.926292419433594
2023-08-15,33.22268295288086
2023-08-16,33.00619888305664
2023-08-17,33.421138763427734
2023-08-18,33.52037048339844
2023-08-21,33.03325271606445
2023-08-22,32.32965850830078
2023-08-23,32.69047927856445
2023-08-24,32.83480453491211
2023-08-25,32.510066986083984
2023-08-28,32.94304656982422
2023-08-29,33.06031799316406
2023-08-30,33.087379455566406
2023-08-31,33.12346267700195
2023-09-01,33.81805419921875
2023-09-05,33.249759674072266
2023-09-06,32.64537048339844
2023-09-07,32.41986083984375
2023-09-08,32.72655487060547
2023-09-11,32.64537048339844
2023-09-12,32.961097717285156
2023-09-13,32.84382629394531
2023-09-14,33.5023307800293
2023-09-15,32.47397994995117
2023-09-18,30.922447204589844
2023-09-19,30.69693374633789
2023-09-20,30.733016967773438
2023-09-21,30.55260467529297
2023-09-22,29.993337631225586
2023-09-25,30.2910099029541
2023-09-26,30.2910099029541
2023-09-27,30.42631721496582
2023-09-28,30.58868408203125
2023-09-29,30.49848747253418
2023-10-02,30.58868408203125
2023-10-03,30.128643035888672
2023-10-04,30.191787719726562
2023-10-05,30.561630249023438
2023-10-06,30.33611488342285
2023-10-09,30.507505416870117
2023-10-10,30.49848747253418
2023-10-11,30.633785247802734
2023-10-12,30.254934310913086
2023-10-13,29.839981079101562
2023-10-16,29.993337631225586
2023-10-17,30.543588638305664
2023-10-18,29.867040634155273
2023-10-19,29.650550842285156
2023-10-20,28.71241569519043
2023-10-23,29.01910972595215
2023-10-24,29.361896514892578
2023-10-25,29.54230499267578
2023-10-26,30.381214141845703
2023-10-27,30.00235366821289
2023-10-30,30.68791389465332
2023-10-31,31.039716720581055
2023-11-01,31.0758056640625
2023-11-02,31.653120040893555
2023-11-03,32.21238708496094
2023-11-06,32.203372955322266
2023-11-07,31.932750701904297
2023-11-08,31.977855682373047
2023-11-09,31.716259002685547
2023-11-10,32.23945236206055
2023-11-13,32.1943473815918
2023-11-14,33.62860870361328
2023-11-15,33.39408493041992
2023-11-16,33.64665603637695
2023-11-17,34.30515670776367
2023-11-20,34.17886734008789
2023-11-21,33.664703369140625
2023-11-22,33.86315155029297
2023-11-24,34.449485778808594
2023-11-27,34.06159591674805
2023-11-28,34.12474822998047
2023-11-29,34.602840423583984
2023-11-30,34.50360870361328
2023-12-01,35.88375473022461
2023-12-04,36.24457550048828
2023-12-05,36.028076171875
2023-12-06,35.955909729003906
2023-12-07,36.54225540161133
2023-12-08,36.74070358276367
2023-12-11,36.60540008544922
2023-12-12,36.25358963012695
2023-12-13,38.31930160522461
2023-12-14,38.76131057739258
2023-12-15,38.265174865722656
2023-12-18,38.292232513427734
2023-12-19,39.02290725708008
2023-12-20,39.03193283081055
2023-12-21,39.41078567504883
2023-12-22,39.78964614868164
2023-12-26,40.19558334350586
2023-12-27,40.2857780456543
2023-12-28,39.99712371826172
2023-12-29,39.213401794433594
2024-01-02,39.02202224731445
2024-01-03,38.256534576416016
2024-01-04,38.229190826416016
2024-01-05,38.22007751464844
2024-01-08,38.04693603515625
2024-01-09,37.52749252319336
2024-01-10,37.48192596435547
2024-01-11,37.24498748779297
2024-01-12,37.11740493774414
2024-01-16,36.22432327270508
2024-01-17,36.2698860168457
2024-01-18,36.28812026977539
2024-01-19,36.67997360229492
2024-01-22,37.56393814086914
2024-01-23,37.18119430541992
2024-01-24,37.545711517333984
2024-01-25,38.01048278808594
2024-01-26,38.256534576416016
2024-01-29,38.67573165893555
2024-01-30,38.621055603027344
2024-01-31,35.92359924316406
2024-02-01,35.385929107666016
2024-02-02,34.86648178100586
2024-02-05,34.42905807495117
2024-02-06,33.83671569824219
2024-02-07,33.63623046875
2024-02-08,34.32881164550781
2024-02-09,34.54752731323242
2024-02-12,35.11253356933594
2024-02-13,33.180564880371094
2024-02-14,34.292362213134766
2024-02-15,35.385929107666016
2024-02-16,34.89382553100586
2024-02-20,34.511070251464844
2024-02-21,34.465511322021484
2024-02-22,34.04630661010742
2024-02-23,34.01897048950195
2024-02-26,33.75469207763672
2024-02-27,33.89139175415039
2024-02-28,33.399288177490234
2024-02-29,33.92784118652344
2024-03-01,33.61800003051758
2024-03-04,33.66355895996094
2024-03-05,34.310585021972656
2024-03-06,34.237674713134766
2024-03-07,34.082759857177734
2024-03-08,34.35615158081055
2024-03-11,34.63865661621094
2024-03-12,34.62953567504883
2024-03-13,34.50196075439453
2024-03-14,33.490413665771484
2024-03-15,33.64533615112305
2024-03-18,32.9254035949707
2024-03-19,33.11677551269531
2024-03-20,34.583980560302734
2024-03-21,34.53841018676758
2024-03-22,33.74557876586914
2024-03-25,33.75469207763672
2024-03-26,33.61800003051758
2024-03-27,34.71156692504883
2024-03-28,35.34787368774414
2024-04-01,34.388790130615234
2024-04-02,34.185909271240234
2024-04-03,33.734031677246094
2024-04-04,33.798583984375
2024-04-05,33.80780792236328
2024-04-08,34.195133209228516
2024-04-09,34.04758071899414
2024-04-10,32.54439163208008
2024-04-11,32.8856086730957
2024-04-12,32.98705291748047
2024-04-15,32.89482879638672
2024-04-16,32.461395263671875
2024-04-17,32.276954650878906
2024-04-18,32.48906326293945
2024-04-19,33.761695861816406
2024-04-22,34.01068878173828
2024-04-23,34.31501770019531
2024-04-24,34.342681884765625
2024-04-25,34.066017150878906
2024-04-26,33.992252349853516
2024-04-29,33.78936004638672
2024-04-30,33.57725524902344
2024-05-01,33.58647537231445
2024-05-02,34.59166717529297
2024-05-03,34.72078323364258
2024-05-06,35.144996643066406
2024-05-07,34.7115592956543
2024-05-08,35.07121658325195
2024-05-09,35.550758361816406
2024-05-10,35.41243362426758
2024-05-13,34.98821258544922
2024-05-14,35.54153823852539
2024-05-15,36.03953170776367
2024-05-16,35.919639587402344
2024-05-17,36.122520446777344
2024-05-20,34.70233917236328
2024-05-21,35.486209869384766
2024-05-22,35.51387405395508
2024-05-23,34.25968933105469
2024-05-24,34.4072380065918
2024-05-28,34.2227897644043
2024-05-29,33.35592269897461
2024-05-30,34.139793395996094
2024-05-31,34.15824508666992
2024-06-03,33.78013610839844
2024-06-04,33.337486267089844
2024-06-05,33.58647537231445
2024-06-06,33.56803894042969
2024-06-07,33.32826614379883
2024-06-10,32.75650405883789
2024-06-11,32.645835876464844
2024-06-12,33.438926696777344
2024-06-13,32.867164611816406
2024-06-14,32.406063079833984
2024-06-17,32.77494430541992
2024-06-18,32.848716735839844
2024-06-20,32.59972381591797
2024-06-21,32.12940216064453
2024-06-24,32.59050369262695
2024-06-25,32.415287017822266
2024-06-26,32.85794448852539
2024-06-27,33.0054931640625
2024-06-28,34.01068878173828
2024-07-01,33.935997009277344
2024-07-02,34.598854064941406
2024-07-03,34.09471130371094
2024-07-05,33.254478454589844
2024-07-08,33.8613166809082
2024-07-09,34.42146682739258
2024-07-10,35.55111312866211
2024-07-11,37.01685333251953
2024-07-12,37.959774017333984
2024-07-15,39.38816452026367
2024-07-16,41.84351348876953
2024-07-17,42.095577239990234
2024-07-18,40.70452880859375
2024-07-19,40.620506286621094
2024-07-22,41.28335952758789
2024-07-23,42.58104705810547
2024-07-24,41.31136703491211
2024-07-25,43.07584762573242
2024-07-26,43.2252197265625
2024-07-29,41.92753601074219
2024-07-30,42.3849983215332
2024-07-31,41.974212646484375
2024-08-01,40.39645004272461
2024-08-02,38.97739028930664
2024-08-05,37.5209846496582
2024-08-06,37.77305221557617
2024-08-07,37.67036056518555
2024-08-08,38.1278190612793
2024-08-09,37.86641311645508
2024-08-12,37.96910858154297
2024-08-13,38.61328887939453
2024-08-14,37.89442825317383
2024-08-15,39.033409118652344
2024-08-16,39.62156295776367
2024-08-19,39.93898391723633
2024-08-20,39.38816452026367
2024-08-21,39.15476989746094
2024-08-22,39.17344284057617
2024-08-23,41.79682922363281
2024-08-26,41.722145080566406
2024-08-27,41.21800994873047
2024-08-28,41.36738586425781
2024-08-29,41.59143829345703
2024-08-30,41.731483459472656
2024-09-03,41.38605499267578
2024-09-04,40.80722427368164
2024-09-05,40.256404876708984
2024-09-06,39.49086380004883
2024-09-09,39.55621337890625
2024-09-10,39.96699905395508
2024-09-11,39.57488250732422
2024-09-12,39.78961181640625
2024-09-13,40.80722427368164
2024-09-16,41.498085021972656
2024-09-17,41.88085174560547
2024-09-18,42.3849983215332
2024-09-19,43.37459945678711
2024-09-20,41.24601364135742
2024-09-23,41.46073913574219
2024-09-24,40.928592681884766
2024-09-25,40.21906661987305
2024-09-26,40.42445373535156
2024-09-27,40.29375457763672
2024-09-30,40.93792724609375
2024-10-01,39.664512634277344
2024-10-02,39.17401123046875
2024-10-03,38.834434509277344
2024-10-04,39.31550598144531
2024-10-07,39.37210464477539
2024-10-08,39.15514373779297
2024-10-09,39.485294342041016
2024-10-10,39.362667083740234
2024-10-11,40.60778045654297
2024-10-14,40.956790924072266
2024-10-15,41.673675537109375
2024-10-16,42.35283660888672
2024-10-17,42.32453536987305
2024-10-18,41.41899490356445
2024-10-21,40.117279052734375
2024-10-22,40.43799591064453
2024-10-23,40.192745208740234
2024-10-24,40.12671661376953
2024-10-25,39.73054122924805
2024-10-28,41.022823333740234
2024-10-29,40.66437911987305
2024-10-30,41.14544677734375
2024-10-31,40.522891998291016
2024-11-01,40.66437911987305
2024-11-04,40.54175567626953
2024-11-05,41.437862396240234
2024-11-06,47.380462646484375
2024-11-07,45.7957649230957
2024-11-08,46.12591552734375
2024-11-11,47.191810607910156
2024-11-12,47.050315856933594
2024-11-13,46.673011779785156
2024-11-14,46.92769241333008
2024-11-15,46.342872619628906
2024-11-18,45.74860382080078
2024-11-19,45.64484405517578
2024-11-20,45.45619201660156
2024-11-21,46.144775390625
2024-11-22,47.00315475463867
2024-11-25,47.38990020751953
2024-11-26,46.74847412109375
2024-11-27,46.32400131225586
2024-11-29,46.06932067871094
2024-12-02,46.45606231689453
2024-12-03,46.031585693359375
2024-12-04,47.0125846862793
2024-12-05,46.852230072021484
2024-12-06,46.59754943847656
2024-12-09,46.512657165527344
2024-12-10,47.40876388549805
2024-12-11,47.73890686035156
2024-12-12,46.984291076660156
2024-12-13,46.79563522338867
2024-12-16,47.210670471191406
2024-12-17,45.86179733276367
2024-12-18,43.39043045043945
2024-12-19,43.37156295776367
2024-12-20,43.965824127197266
2024-12-23,44.19221115112305
2024-12-24,44.42802810668945
2024-12-26,44.692142486572266
2024-12-27,43.93753433227539
2024-12-30,43.69227600097656
2024-12-31,43.56965637207031
2025-01-02,43.23007583618164
2025-01-03,43.363616943359375
2025-01-06,42.877140045166016
2025-01-07,42.66727828979492
2025-01-08,42.64820098876953
2025-01-10,41.44630813598633
2025-01-13,42.05679702758789
2025-01-14,43.24915313720703
2025-01-15,44.34611892700195
2025-01-16,44.031333923339844
2025-01-17,44.298423767089844
2025-01-21,45.34769821166992
2025-01-22,44.74674987792969
2025-01-23,44.93752670288086
2025-01-24,45.471702575683594
2025-01-27,46.654518127441406
2025-01-28,45.872337341308594
2025-01-29,45.929569244384766
2025-01-30,45.77695083618164
2025-01-31,45.96772384643555
2025-02-03,45.824642181396484
2025-02-04,47.69425964355469
2025-02-05,49.602027893066406
2025-02-06,49.89773178100586
2025-02-07,49.6211051940918
2025-02-10,49.63064193725586
2025-02-11,51.06147003173828
2025-02-12,49.63064193725586
2025-02-13,49.716487884521484
2025-02-14,49.57341003417969
2025-02-18,49.592491149902344
2025-02-19,49.277706146240234
2025-02-20,49.51617431640625
2025-02-21,47.87549591064453
2025-02-24,48.57182312011719
2025-02-25,48.95338821411133
2025-02-26,48.61952209472656
2025-02-27,48.83891677856445
2025-02-28,49.32539749145508
2025-03-03,49.84049987792969
2025-03-04,48.037654876708984
2025-03-05,47.39855194091797
2025-03-06,47.1410026550293
2025-03-07,46.88345718383789
2025-03-10,46.44466781616211
2025-03-11,46.07265090942383
2025-03-12,46.816688537597656
2025-03-13,46.35881805419922
2025-03-14,47.54163360595703
2025-03-17,47.369937896728516
2025-03-18,47.522560119628906
2025-03-19,48.304744720458984
2025-03-20,47.74195098876953
2025-03-21,47.07423400878906
2025-03-24,48.38105010986328
2025-03-25,47.751487731933594
2025-03-26,47.64656066894531
2025-03-27,47.837337493896484
2025-03-28,46.82622146606445
2025-03-31,46.72129440307617
2025-04-01,46.88515853881836
2025-04-02,47.087581634521484
2025-04-03,43.434322357177734
2025-04-04,42.28725051879883
2025-04-07,42.335445404052734
2025-04-08,41.83421325683594
2025-04-09,43.57890701293945
2025-04-10,41.61250305175781
2025-04-11,41.178741455078125
2025-04-14,41.50647735595703
2025-04-15,42.518592834472656
2025-04-16,42.3161735534668
2025-04-17,42.71138381958008
2025-04-21,42.27761459350586
2025-04-22,44.581390380859375
2025-04-23,46.63454055786133
2025-04-24,46.25861358642578
2025-04-25,45.603145599365234
2025-04-28,47.40567398071289
2025-04-29,48.25393295288086
2025-04-30,47.617740631103516
2025-05-01,47.66593933105469
2025-05-02,48.851558685302734
2025-05-05,48.87084197998047
2025-05-06,48.21537399291992
2025-05-07,48.24428939819336
2025-05-08,49.35280227661133
2025-05-09,48.94794845581055
2025-05-12,50.37455368041992
2025-05-13,51.270999908447266
2025-05-14,51.13605499267578
2025-05-15,51.45415115356445
2025-05-16,51.08785629272461
2025-05-19,51.08785629272461
2025-05-20,50.90471267700195
2025-05-21,49.6901741027832
2025-05-22,49.198570251464844
2025-05-23,48.851558685302734
2025-05-27,50.11429977416992
2025-05-28,49.69981002807617
2025-05-29,50.143218994140625
2025-05-30,49.96970748901367
2025-06-02,49.256404876708984
2025-06-03,49.603416442871094
2025-06-04,48.726253509521484
2025-06-05,48.726253509521484
2025-06-06,49.844398498535156
2025-06-09,50.00826644897461
2025-06-10,50.952911376953125
2025-06-11,50.90471267700195
2025-06-12,50.885433197021484
2025-06-13,49.3720817565918
2025-06-16,48.88047790527344
2025-06-17,48.92866897583008
2025-06-18,48.976871490478516
2025-06-20,49.0925407409668
2025-06-23,50.7697639465332
2025-06-24,50.93362808227539
2025-06-25,50.336002349853516
2025-06-26,52.051780700683594
2025-06-27,52.25420379638672
2025-06-30,52.234928131103516
2025-07-01,53.43181610107422
2025-07-02,54.385433197021484
2025-07-03,55.44609069824219
2025-07-07,54.833045959472656
2025-07-08,55.00820541381836
2025-07-09,55.23200988769531
2025-07-10,55.183353424072266
2025-07-11,54.093509674072266
2025-07-14,56.28293991088867
2025-07-15,53.918357849121094
2025-07-16,54.317317962646484
2025-07-17,54.833045959472656
2025-07-18,54.55085754394531
2025-07-21,54.307586669921875
2025-07-22,55.02766418457031
2025-07-23,54.95954895019531
2025-07-24,53.918357849121094
2025-07-25,53.59723663330078
2025-07-28,54.27839279174805
2025-07-29,53.72373580932617
2025-07-30,52.721466064453125
2025-07-31,52.10842514038086
2025-08-01,51.02830505371094
2025-08-04,51.79704284667969
2025-08-05,51.88461685180664
2025-08-06,51.81650161743164
2025-08-07,51.154808044433594
2025-08-08,51.8748893737793
2025-08-11,51.972190856933594
2025-08-12,54.35624313354492
2025-08-13,55.03739929199219
2025-08-14,54.716278076171875
2025-08-15,53.57777786254883
2025-08-18,54.015663146972656
2025-08-19,53.78212356567383
2025-08-20,54.044857025146484
2025-08-21,53.96700668334961
2025-08-22,56.779212951660156
2025-08-25,56.39970397949219
2025-08-26,56.9932861328125
2025-08-27,57.674442291259766
2025-08-28,57.73283004760742
2025-08-29,57.41170883178711
2025-09-02,57.6452522277832
2025-09-03,57.78148651123047
2025-09-04,58.31667709350586
2025-09-05,57.05167007446289
2025-09-08,57.10032653808594
2025-09-09,56.75001907348633
2025-09-10,56.90570831298828
2025-09-11,57.217098236083984
2025-09-12,56.779212951660156
2025-09-15,56.380245208740234
2025-09-16,55.66017150878906
2025-09-17,56.39970397949219
2025-09-18,58.112327575683594
2025-09-19,56.88624572753906
2025-09-22,56.779212951660156
2025-09-23,56.9251708984375
2025-09-24,56.28293991088867
2025-09-25,56.06886291503906
2025-09-26,56.253746032714844
2025-09-29,55.39743423461914
2025-09-30,54.92062759399414
2025-10-01,54.1939811706543
2025-10-02,53.54589080810547
2025-10-03,53.41823959350586
2025-10-06,53.565528869628906
2025-10-07,52.88798141479492
2025-10-08,52.691593170166016
2025-10-09,52.613040924072266
2025-10-10,51.11064529418945
2025-10-13,52.151519775390625
2025-10-14,53.7030029296875
2025-10-15,52.691593170166016
2025-10-16,50.757144927978516
2025-10-17,50.629493713378906
2025-10-20,53.20220947265625
2025-10-21,53.31022262573242
2025-10-22,53.86011505126953
2025-10-23,53.457515716552734
2025-10-24,54.292179107666016
2025-10-27,53.53607177734375
2025-10-28,55.20539093017578
2025-10-29,52.48538589477539
2025-10-30,53.21202850341797
2025-10-31,52.35772705078125
2025-11-03,52.62285614013672
2025-11-04,52.740692138671875
2025-11-05,54.61621856689453
2025-11-06,54.48856735229492
2025-11-07,55.10719680786133
2025-11-10,55.91239547729492
2025-11-11,55.5687141418457
2025-11-12,56.265899658203125
2025-11-13,55.73564529418945
2025-11-14,55.73564529418945
2025-11-17,53.9681282043457
2025-11-18,54.28235626220703
2025-11-19,54.84206771850586
2025-11-20,54.46892547607422
2025-11-21,56.383731842041016
2025-11-24,56.648860931396484
2025-11-25,58.12179183959961
2025-11-26,57.91558074951172
2025-11-28,57.31658935546875
2025-12-01,58.3967399597168
2025-12-02,58.102149963378906
2025-12-03,59.41796875
2025-12-04,60.085697174072266
2025-12-05,59.329593658447266
2025-12-08,60.05624008178711
2025-12-09,60.714149475097656
2025-12-10,62.99228286743164
2025-12-11,63.02173614501953
2025-12-12,62.982460021972656
2025-12-15,63.83675765991211
2025-12-16,63.532352447509766
2025-12-17,63.1788444519043
2025-12-18,64.38665008544922
2025-12-19,62.8646240234375
2025-12-22,62.137977600097656
2025-12-23,61.264041900634766
2025-12-24,61.43097686767578
2025-12-26,60.900718688964844
2025-12-29,60.49811553955078
2025-12-30,59.77146911621094
2025-12-31,59.329593658447266
2026-01-02,58.99260711669922
2026-01-05,60.34055709838867
2026-01-06,60.37028884887695
2026-01-07,59.864810943603516
2026-01-08,62.0849609375
2026-01-09,61.13346862792969
2026-01-12,60.50904846191406
2026-01-13,60.211708068847656
2026-01-14,61.36143112182617
2026-01-15,62.63999938964844
2026-01-16,62.19398498535156
2026-01-20,61.252403259277344
2026-01-21,65.0484619140625
2026-01-22,64.7808609008789
2026-01-23,62.06513595581055
2026-01-26,62.184078216552734
2026-01-27,62.83823013305664
2026-01-28,61.9263801574707
2026-01-29,63.13557052612305
2026-01-30,64.58263397216797
2026-02-02,65.30615997314453
2026-02-03,66.09907531738281
2026-02-04,67.09021759033203
2026-02-05,67.46685028076172
2026-02-06,67.22897338867188
2026-02-09,66.76313781738281
2026-02-10,65.98014068603516
2026-02-11,65.32598876953125
2026-02-12,65.74226379394531
2026-02-13,66.36668395996094
2026-02-17,67.25871276855469
2026-02-18,66.03960418701172
2026-02-19,65.34580993652344
2026-02-20,66.4360580444336
2026-02-23,63.6608772277832
2026-02-24,64.16635131835938
2026-02-25,65.4052734375
2026-02-26,65.10794067382812
2026-02-27,62.798583984375
2026-03-02,64.22582244873047
2026-03-03,63.650962829589844
2026-03-04,63.87892150878906
2026-03-05,62.322837829589844
2026-03-06,61.232582092285156
2026-03-09,61.35152053833008
2026-03-10,61.31187438964844
2026-03-11,60.489227294921875
2026-03-12,60.945152282714844
2026-03-13,60.43967056274414
2026-03-16,60.9154167175293
2026-03-17,61.03435516357422
2026-03-18,59.80533981323242
2026-03-19,60.42975997924805
2026-03-20,59.95401382446289
2026-03-23,62.05522918701172
2026-03-24,61.817352294921875
2026-03-25,61.966026306152344
2026-03-26,62.29309844970703
2026-03-27,61.38125228881836
2026-03-30,62.0849609375
2026-03-31,62.63999938964844
2026-04-01,63.45000076293945
2026-04-02,63.939998626708984
2026-04-06,64.06999969482422
2026-04-07,64.36000061035156
2026-04-08,66.41999816894531
2026-04-09,67.48999786376953
2026-04-10,66.8499984741211
2026-04-13,66.73999786376953
2026-04-14,66.73999786376953
2026-04-15,66.41999816894531
2026-04-16,65.87999725341797
2026-04-17,67.51000213623047
2026-04-20,67.41000366210938
2026-04-21,65.75
2026-04-22,65.58999633789062
2026-04-23,66.20999908447266
2026-04-24,66.31999969482422
2026-04-27,66.94999694824219
2026-04-28,67.45999908447266
2026-04-29,64.94000244140625
2026-04-30,65.66999816894531
2026-05-01,66.08999633789062
2026-05-04,65.4800033569336
2026-05-05,67.20999908447266
2026-05-06,67.38999938964844
2026-05-07,67.68000030517578
2026-05-08,67.8499984741211
2026-05-11,66.86499786376953
